form_key,form_id,form_version,form_label,type,record_urn,dataelement_urn,source_id,mandatory,repeatable,position,resolution_status
230_9_Physical examination,230,9,Physical examination,dataelement,,urn:osse-11:dataelement:232:1,X_230_0_232,True,False,0,direct_resolved
230_9_Physical examination,230,9,Physical examination,dataelement,,urn:osse-11:dataelement:233:1,X_230_0_233,True,False,1,direct_resolved
230_9_Physical examination,230,9,Physical examination,dataelement,,urn:osse-11:dataelement:349:1,X_230_0_349,False,False,2,direct_resolved
230_9_Physical examination,230,9,Physical examination,dataelement,,urn:osse-11:dataelement:350:1,X_230_0_350,False,False,3,direct_resolved
230_9_Physical examination,230,9,Physical examination,dataelement,,urn:osse-11:dataelement:236:1,X_230_0_236,False,False,4,direct_resolved
230_9_Physical examination,230,9,Physical examination,dataelement,,urn:osse-11:dataelement:237:1,X_230_0_237,False,False,5,direct_resolved
230_9_Physical examination,230,9,Physical examination,dataelement,,urn:osse-11:dataelement:67:1,X_230_0_67,False,False,6,direct_resolved
230_9_Physical examination,230,9,Physical examination,dataelement,,urn:osse-11:dataelement:68:1,X_230_0_68,False,False,7,direct_resolved
230_9_Physical examination,230,9,Physical examination,dataelement,,urn:osse-11:dataelement:69:1,X_230_0_69,False,False,8,direct_resolved
230_9_Physical examination,230,9,Physical examination,dataelement,,urn:osse-11:dataelement:238:1,X_230_0_238,False,False,9,direct_resolved
230_9_Physical examination,230,9,Physical examination,dataelement,,urn:osse-11:dataelement:239:1,X_230_0_239,False,False,10,direct_resolved
230_9_Physical examination,230,9,Physical examination,dataelement,,urn:osse-11:dataelement:240:1,X_230_0_240,False,False,11,direct_resolved
230_9_Physical examination,230,9,Physical examination,dataelement,,urn:osse-11:dataelement:73:1,X_230_0_73,False,False,12,direct_resolved
230_9_Physical examination,230,9,Physical examination,dataelement,,urn:osse-11:dataelement:74:1,X_230_0_74,False,False,13,direct_resolved
230_9_Physical examination,230,9,Physical examination,dataelement,,urn:osse-11:dataelement:75:1,X_230_0_75,False,False,14,direct_resolved
230_9_Physical examination,230,9,Physical examination,dataelement,,urn:osse-11:dataelement:76:1,X_230_0_76,False,False,15,direct_resolved
230_9_Physical examination,230,9,Physical examination,dataelement,,urn:osse-11:dataelement:77:1,X_230_0_77,False,False,16,direct_resolved
230_9_Physical examination,230,9,Physical examination,dataelement,,urn:osse-11:dataelement:78:1,X_230_0_78,False,False,17,direct_resolved
230_9_Physical examination,230,9,Physical examination,dataelement,,urn:osse-11:dataelement:80:1,X_230_0_80,False,False,18,direct_resolved
230_9_Physical examination,230,9,Physical examination,dataelement,,urn:osse-11:dataelement:81:1,X_230_0_81,False,False,19,direct_resolved
230_9_Physical examination,230,9,Physical examination,dataelement,,urn:osse-11:dataelement:82:1,X_230_0_82,False,False,20,direct_resolved
230_9_Physical examination,230,9,Physical examination,dataelement,,urn:osse-11:dataelement:83:1,X_230_0_83,False,False,21,direct_resolved
230_9_Physical examination,230,9,Physical examination,dataelement,,urn:osse-11:dataelement:79:1,X_230_0_79,False,False,22,direct_resolved
230_9_Physical examination,230,9,Physical examination,dataelement,,urn:osse-11:dataelement:84:1,X_230_0_84,False,False,23,direct_resolved
230_9_Physical examination,230,9,Physical examination,dataelement,,urn:osse-11:dataelement:85:1,X_230_0_85,False,False,24,direct_resolved
228_8_Data at visit,228,8,Data at visit,dataelement,,urn:osse-11:dataelement:203:1,X_228_0_203,False,False,2,direct_resolved
228_8_Data at visit,228,8,Data at visit,dataelement,,urn:osse-11:dataelement:109:1,X_228_0_109,False,False,3,direct_resolved
228_8_Data at visit,228,8,Data at visit,dataelement,,urn:osse-11:dataelement:355:1,X_228_0_355,False,False,4,direct_resolved
228_8_Data at visit,228,8,Data at visit,dataelement,,urn:osse-11:dataelement:111:1,X_228_0_111,False,False,5,direct_resolved
228_8_Data at visit,228,8,Data at visit,dataelement,,urn:osse-11:dataelement:374:1,X_228_0_374,False,False,7,direct_resolved
228_8_Data at visit,228,8,Data at visit,dataelement,,urn:osse-11:dataelement:204:1,X_228_0_204,True,False,8,direct_resolved
228_8_Data at visit,228,8,Data at visit,dataelement,,urn:osse-11:dataelement:205:1,X_228_0_205,True,False,9,direct_resolved
228_8_Data at visit,228,8,Data at visit,dataelement,,urn:osse-11:dataelement:206:1,X_228_0_206,True,False,10,direct_resolved
228_8_Data at visit,228,8,Data at visit,dataelement,,urn:osse-11:dataelement:346:1,X_228_0_346,False,False,11,direct_resolved
228_8_Data at visit,228,8,Data at visit,dataelement,,urn:osse-11:dataelement:207:1,X_228_0_207,True,False,12,direct_resolved
228_9_Data at visit,228,9,Data at visit,dataelement,,urn:osse-11:dataelement:203:1,X_228_0_203,False,False,2,direct_resolved
228_9_Data at visit,228,9,Data at visit,dataelement,,urn:osse-11:dataelement:109:1,X_228_0_109,False,False,3,direct_resolved
228_9_Data at visit,228,9,Data at visit,dataelement,,urn:osse-11:dataelement:355:1,X_228_0_355,False,False,4,direct_resolved
228_9_Data at visit,228,9,Data at visit,dataelement,,urn:osse-11:dataelement:111:1,X_228_0_111,False,False,5,direct_resolved
228_9_Data at visit,228,9,Data at visit,dataelement,,urn:osse-11:dataelement:374:1,X_228_0_374,False,False,7,direct_resolved
228_9_Data at visit,228,9,Data at visit,dataelement,,urn:osse-11:dataelement:204:1,X_228_0_204,True,False,8,direct_resolved
228_9_Data at visit,228,9,Data at visit,dataelement,,urn:osse-11:dataelement:205:1,X_228_0_205,True,False,9,direct_resolved
228_9_Data at visit,228,9,Data at visit,dataelement,,urn:osse-11:dataelement:206:1,X_228_0_206,True,False,10,direct_resolved
228_9_Data at visit,228,9,Data at visit,dataelement,,urn:osse-11:dataelement:346:1,X_228_0_346,False,False,11,direct_resolved
228_9_Data at visit,228,9,Data at visit,dataelement,,urn:osse-11:dataelement:207:1,X_228_0_207,True,False,12,direct_resolved
236_2_Status,236,2,Status,dataelement,,urn:osse-11:dataelement:8:1,X_236_0_8,False,False,0,direct_resolved
236_2_Status,236,2,Status,dataelement,,urn:osse-11:dataelement:338:1,X_236_0_338,True,False,1,direct_resolved
236_2_Status,236,2,Status,dataelement,,urn:osse-11:dataelement:339:1,X_236_0_339,False,False,3,direct_resolved
236_2_Status,236,2,Status,dataelement,,urn:osse-11:dataelement:340:1,X_236_0_340,False,False,4,direct_resolved
236_2_Status,236,2,Status,dataelement,,urn:osse-11:dataelement:341:1,X_236_0_341,False,False,5,direct_resolved
236_2_Status,236,2,Status,dataelement,,urn:osse-11:dataelement:342:1,X_236_0_342,False,False,7,direct_resolved
236_2_Status,236,2,Status,dataelement,,urn:osse-11:dataelement:343:1,X_236_0_343,True,False,9,direct_resolved
236_2_Status,236,2,Status,dataelement,,urn:osse-11:dataelement:344:1,X_236_0_344,False,False,10,direct_resolved
231_12_Laboratory data 1,231,12,Laboratory data 1,dataelement,,urn:osse-11:dataelement:241:1,X_231_0_241,True,False,0,direct_resolved
231_12_Laboratory data 1,231,12,Laboratory data 1,dataelement,,urn:osse-11:dataelement:242:1,X_231_0_242,False,False,1,direct_resolved
231_12_Laboratory data 1,231,12,Laboratory data 1,dataelement,,urn:osse-11:dataelement:348:1,X_231_0_348,False,False,4,direct_resolved
231_12_Laboratory data 1,231,12,Laboratory data 1,dataelement,,urn:osse-11:dataelement:244:1,X_231_0_244,False,False,5,direct_resolved
231_12_Laboratory data 1,231,12,Laboratory data 1,dataelement,,urn:osse-11:dataelement:245:1,X_231_0_245,False,False,6,direct_resolved
231_12_Laboratory data 1,231,12,Laboratory data 1,dataelement,,urn:osse-11:dataelement:246:1,X_231_0_246,False,False,7,direct_resolved
231_12_Laboratory data 1,231,12,Laboratory data 1,dataelement,,urn:osse-11:dataelement:247:1,X_231_0_247,False,False,8,direct_resolved
231_12_Laboratory data 1,231,12,Laboratory data 1,dataelement,,urn:osse-11:dataelement:248:1,X_231_0_248,False,False,9,direct_resolved
231_12_Laboratory data 1,231,12,Laboratory data 1,dataelement,,urn:osse-11:dataelement:249:1,X_231_0_249,False,False,10,direct_resolved
231_12_Laboratory data 1,231,12,Laboratory data 1,dataelement,,urn:osse-11:dataelement:250:1,X_231_0_250,False,False,11,direct_resolved
231_12_Laboratory data 1,231,12,Laboratory data 1,dataelement,,urn:osse-11:dataelement:251:1,X_231_0_251,False,False,12,direct_resolved
231_12_Laboratory data 1,231,12,Laboratory data 1,dataelement,,urn:osse-11:dataelement:252:1,X_231_0_252,False,False,13,direct_resolved
231_12_Laboratory data 1,231,12,Laboratory data 1,dataelement,,urn:osse-11:dataelement:253:1,X_231_0_253,False,False,14,direct_resolved
231_12_Laboratory data 1,231,12,Laboratory data 1,dataelement,,urn:osse-11:dataelement:254:1,X_231_0_254,False,False,15,direct_resolved
231_12_Laboratory data 1,231,12,Laboratory data 1,dataelement,,urn:osse-11:dataelement:255:1,X_231_0_255,False,False,16,direct_resolved
231_12_Laboratory data 1,231,12,Laboratory data 1,dataelement,,urn:osse-11:dataelement:256:1,X_231_0_256,False,False,17,direct_resolved
231_12_Laboratory data 1,231,12,Laboratory data 1,dataelement,,urn:osse-11:dataelement:357:1,X_231_0_357,False,False,18,direct_resolved
231_12_Laboratory data 1,231,12,Laboratory data 1,dataelement,,urn:osse-11:dataelement:258:1,X_231_0_258,False,False,19,direct_resolved
231_12_Laboratory data 1,231,12,Laboratory data 1,dataelement,,urn:osse-11:dataelement:347:1,X_231_0_347,False,False,21,direct_resolved
231_12_Laboratory data 1,231,12,Laboratory data 1,dataelement,,urn:osse-11:dataelement:260:1,X_231_0_260,False,False,22,direct_resolved
231_12_Laboratory data 1,231,12,Laboratory data 1,dataelement,,urn:osse-11:dataelement:375:1,X_231_0_375,False,False,23,direct_resolved
231_12_Laboratory data 1,231,12,Laboratory data 1,dataelement,,urn:osse-11:dataelement:262:1,X_231_0_262,False,False,24,direct_resolved
231_12_Laboratory data 1,231,12,Laboratory data 1,dataelement,,urn:osse-11:dataelement:263:1,X_231_0_263,False,False,25,direct_resolved
231_12_Laboratory data 1,231,12,Laboratory data 1,dataelement,,urn:osse-11:dataelement:264:1,X_231_0_264,False,False,26,direct_resolved
231_12_Laboratory data 1,231,12,Laboratory data 1,dataelement,,urn:osse-11:dataelement:265:1,X_231_0_265,False,False,27,direct_resolved
231_12_Laboratory data 1,231,12,Laboratory data 1,dataelement,,urn:osse-11:dataelement:266:1,X_231_0_266,False,False,28,direct_resolved
231_12_Laboratory data 1,231,12,Laboratory data 1,dataelement,,urn:osse-11:dataelement:267:1,X_231_0_267,False,False,29,direct_resolved
231_12_Laboratory data 1,231,12,Laboratory data 1,dataelement,,urn:osse-11:dataelement:268:1,X_231_0_268,False,False,30,direct_resolved
231_12_Laboratory data 1,231,12,Laboratory data 1,dataelement,,urn:osse-11:dataelement:269:1,X_231_0_269,False,False,31,direct_resolved
231_12_Laboratory data 1,231,12,Laboratory data 1,dataelement,,urn:osse-11:dataelement:270:1,X_231_0_270,False,False,32,direct_resolved
231_12_Laboratory data 1,231,12,Laboratory data 1,dataelement,,urn:osse-11:dataelement:271:1,X_231_0_271,False,False,33,direct_resolved
231_12_Laboratory data 1,231,12,Laboratory data 1,dataelement,,urn:osse-11:dataelement:272:1,X_231_0_272,False,False,34,direct_resolved
231_12_Laboratory data 1,231,12,Laboratory data 1,dataelement,,urn:osse-11:dataelement:273:1,X_231_0_273,False,False,35,direct_resolved
231_12_Laboratory data 1,231,12,Laboratory data 1,dataelement,,urn:osse-11:dataelement:274:1,X_231_0_274,False,False,37,direct_resolved
231_12_Laboratory data 1,231,12,Laboratory data 1,dataelement,,urn:osse-11:dataelement:275:1,X_231_0_275,False,False,38,direct_resolved
231_12_Laboratory data 1,231,12,Laboratory data 1,dataelement,,urn:osse-11:dataelement:276:1,X_231_0_276,False,False,40,direct_resolved
231_12_Laboratory data 1,231,12,Laboratory data 1,dataelement,,urn:osse-11:dataelement:277:1,X_231_0_277,False,False,41,direct_resolved
231_12_Laboratory data 1,231,12,Laboratory data 1,dataelement,,urn:osse-11:dataelement:278:1,X_231_0_278,False,False,42,direct_resolved
222_1_Screen visit,222,1,Screen visit,dataelement,,urn:osse-11:dataelement:42:1,X_222_0_42,True,False,1,direct_resolved
222_1_Screen visit,222,1,Screen visit,dataelement,,urn:osse-11:dataelement:46:1,X_222_0_46,True,False,3,direct_resolved
222_1_Screen visit,222,1,Screen visit,dataelement,,urn:osse-11:dataelement:45:1,X_222_0_45,False,False,4,direct_resolved
222_2_Screen visit,222,2,Screen visit,dataelement,,urn:osse-11:dataelement:42:1,X_222_0_42,True,False,1,direct_resolved
222_2_Screen visit,222,2,Screen visit,dataelement,,urn:osse-11:dataelement:46:1,X_222_0_46,True,False,3,direct_resolved
222_2_Screen visit,222,2,Screen visit,dataelement,,urn:osse-11:dataelement:45:1,X_222_0_45,False,False,4,direct_resolved
222_3_Screen data,222,3,Screen data,dataelement,,urn:osse-11:dataelement:42:1,X_222_0_42,True,False,1,direct_resolved
222_3_Screen data,222,3,Screen data,dataelement,,urn:osse-11:dataelement:46:1,X_222_0_46,True,False,3,direct_resolved
222_3_Screen data,222,3,Screen data,dataelement,,urn:osse-11:dataelement:45:1,X_222_0_45,False,False,4,direct_resolved
222_3_Screen data,222,3,Screen data,dataelement,,urn:osse-11:dataelement:47:1,X_222_0_47,True,False,6,direct_resolved
222_3_Screen data,222,3,Screen data,dataelement,,urn:osse-11:dataelement:50:1,X_222_0_50,False,False,9,direct_resolved
224_1_ACLF evaluation,224,1,ACLF evaluation,dataelement,,urn:osse-11:dataelement:62:1,X_224_0_62,False,False,5,direct_resolved
224_1_ACLF evaluation,224,1,ACLF evaluation,dataelement,,urn:osse-11:dataelement:63:1,X_224_0_63,False,False,6,direct_resolved
224_2_ACLF evaluation,224,2,ACLF evaluation,dataelement,,urn:osse-11:dataelement:62:1,X_224_0_62,False,False,5,direct_resolved
224_2_ACLF evaluation,224,2,ACLF evaluation,dataelement,,urn:osse-11:dataelement:63:1,X_224_0_63,False,False,6,direct_resolved
224_2_ACLF evaluation,224,2,ACLF evaluation,dataelement,,urn:osse-11:dataelement:88:1,X_224_0_88,False,False,9,direct_resolved
224_2_ACLF evaluation,224,2,ACLF evaluation,dataelement,,urn:osse-11:dataelement:89:1,X_224_0_89,False,False,10,direct_resolved
224_2_ACLF evaluation,224,2,ACLF evaluation,dataelement,,urn:osse-11:dataelement:90:1,X_224_0_90,False,False,11,direct_resolved
224_2_ACLF evaluation,224,2,ACLF evaluation,dataelement,,urn:osse-11:dataelement:91:1,X_224_0_91,False,False,12,direct_resolved
225_1_Patient’s information and Medical history,225,1,Patient’s information and Medical history,dataelement,,urn:osse-11:dataelement:55:1,X_225_0_55,True,False,1,direct_resolved
225_1_Patient’s information and Medical history,225,1,Patient’s information and Medical history,dataelement,,urn:osse-11:dataelement:92:1,X_225_0_92,True,False,2,direct_resolved
225_1_Patient’s information and Medical history,225,1,Patient’s information and Medical history,dataelement,,urn:osse-11:dataelement:104:1,X_225_0_104,True,False,5,direct_resolved
225_1_Patient’s information and Medical history,225,1,Patient’s information and Medical history,dataelement,,urn:osse-11:dataelement:105:1,X_225_0_105,True,False,6,direct_resolved
226_1_Clinical course,226,1,Clinical course,dataelement,,urn:osse-11:dataelement:112:1,X_226_0_112,True,False,1,direct_resolved
226_1_Clinical course,226,1,Clinical course,dataelement,,urn:osse-11:dataelement:113:1,X_226_0_113,False,False,4,direct_resolved
226_1_Clinical course,226,1,Clinical course,dataelement,,urn:osse-11:dataelement:130:1,X_226_0_130,False,False,10,direct_resolved
226_1_Clinical course,226,1,Clinical course,dataelement,,urn:osse-11:dataelement:131:1,X_226_0_131,False,False,11,direct_resolved
226_1_Clinical course,226,1,Clinical course,dataelement,,urn:osse-11:dataelement:132:1,X_226_0_132,False,False,12,direct_resolved
226_1_Clinical course,226,1,Clinical course,dataelement,,urn:osse-11:dataelement:137:1,X_226_0_137,False,False,14,direct_resolved
226_2_Clinical course,226,2,Clinical course,dataelement,,urn:osse-11:dataelement:112:1,X_226_0_112,True,False,1,direct_resolved
226_2_Clinical course,226,2,Clinical course,dataelement,,urn:osse-11:dataelement:113:1,X_226_0_113,True,False,4,direct_resolved
226_2_Clinical course,226,2,Clinical course,dataelement,,urn:osse-11:dataelement:130:1,X_226_0_130,True,False,10,direct_resolved
226_2_Clinical course,226,2,Clinical course,dataelement,,urn:osse-11:dataelement:131:1,X_226_0_131,True,False,11,direct_resolved
226_2_Clinical course,226,2,Clinical course,dataelement,,urn:osse-11:dataelement:132:1,X_226_0_132,True,False,12,direct_resolved
226_2_Clinical course,226,2,Clinical course,dataelement,,urn:osse-11:dataelement:137:1,X_226_0_137,False,False,14,direct_resolved
227_1_Previous treatments,227,1,Previous treatments,dataelement,,urn:osse-11:dataelement:112:1,X_227_0_112,True,False,1,direct_resolved
227_1_Previous treatments,227,1,Previous treatments,dataelement,,urn:osse-11:dataelement:158:1,X_227_0_158,True,False,8,direct_resolved
227_1_Previous treatments,227,1,Previous treatments,dataelement,,urn:osse-11:dataelement:159:1,X_227_0_159,False,False,9,direct_resolved
227_1_Previous treatments,227,1,Previous treatments,dataelement,,urn:osse-11:dataelement:162:1,X_227_0_162,True,False,12,direct_resolved
227_1_Previous treatments,227,1,Previous treatments,dataelement,,urn:osse-11:dataelement:169:1,X_227_0_169,True,False,16,direct_resolved
227_1_Previous treatments,227,1,Previous treatments,dataelement,,urn:osse-11:dataelement:170:1,X_227_0_170,True,False,17,direct_resolved
227_1_Previous treatments,227,1,Previous treatments,dataelement,,urn:osse-11:dataelement:171:1,X_227_0_171,True,False,18,direct_resolved
227_1_Previous treatments,227,1,Previous treatments,dataelement,,urn:osse-11:dataelement:172:1,X_227_0_172,True,False,19,direct_resolved
227_1_Previous treatments,227,1,Previous treatments,dataelement,,urn:osse-11:dataelement:173:1,X_227_0_173,True,False,20,direct_resolved
227_1_Previous treatments,227,1,Previous treatments,dataelement,,urn:osse-11:dataelement:174:1,X_227_0_174,True,False,21,direct_resolved
227_1_Previous treatments,227,1,Previous treatments,dataelement,,urn:osse-11:dataelement:180:1,X_227_0_180,True,False,24,direct_resolved
227_1_Previous treatments,227,1,Previous treatments,dataelement,,urn:osse-11:dataelement:185:1,X_227_0_185,True,False,27,direct_resolved
227_1_Previous treatments,227,1,Previous treatments,dataelement,,urn:osse-11:dataelement:188:1,X_227_0_188,True,False,29,direct_resolved
227_1_Previous treatments,227,1,Previous treatments,dataelement,,urn:osse-11:dataelement:193:1,X_227_0_193,True,False,33,direct_resolved
227_1_Previous treatments,227,1,Previous treatments,dataelement,,urn:osse-11:dataelement:195:1,X_227_0_195,False,True,34,direct_resolved
227_1_Previous treatments,227,1,Previous treatments,dataelement,,urn:osse-11:dataelement:194:1,X_227_0_194,True,False,36,direct_resolved
227_1_Previous treatments,227,1,Previous treatments,dataelement,,urn:osse-11:dataelement:196:1,X_227_0_196,False,True,37,direct_resolved
227_2_Previous treatments,227,2,Previous treatments,dataelement,,urn:osse-11:dataelement:112:1,X_227_0_112,True,False,1,direct_resolved
227_2_Previous treatments,227,2,Previous treatments,dataelement,,urn:osse-11:dataelement:158:1,X_227_0_158,True,False,8,direct_resolved
227_2_Previous treatments,227,2,Previous treatments,dataelement,,urn:osse-11:dataelement:159:1,X_227_0_159,True,False,9,direct_resolved
227_2_Previous treatments,227,2,Previous treatments,dataelement,,urn:osse-11:dataelement:162:1,X_227_0_162,True,False,12,direct_resolved
227_2_Previous treatments,227,2,Previous treatments,dataelement,,urn:osse-11:dataelement:169:1,X_227_0_169,True,False,16,direct_resolved
227_2_Previous treatments,227,2,Previous treatments,dataelement,,urn:osse-11:dataelement:170:1,X_227_0_170,True,False,17,direct_resolved
227_2_Previous treatments,227,2,Previous treatments,dataelement,,urn:osse-11:dataelement:171:1,X_227_0_171,True,False,18,direct_resolved
227_2_Previous treatments,227,2,Previous treatments,dataelement,,urn:osse-11:dataelement:172:1,X_227_0_172,True,False,19,direct_resolved
227_2_Previous treatments,227,2,Previous treatments,dataelement,,urn:osse-11:dataelement:173:1,X_227_0_173,True,False,20,direct_resolved
227_2_Previous treatments,227,2,Previous treatments,dataelement,,urn:osse-11:dataelement:174:1,X_227_0_174,True,False,21,direct_resolved
227_2_Previous treatments,227,2,Previous treatments,dataelement,,urn:osse-11:dataelement:180:1,X_227_0_180,True,False,24,direct_resolved
227_2_Previous treatments,227,2,Previous treatments,dataelement,,urn:osse-11:dataelement:185:1,X_227_0_185,True,False,27,direct_resolved
227_2_Previous treatments,227,2,Previous treatments,dataelement,,urn:osse-11:dataelement:188:1,X_227_0_188,True,False,29,direct_resolved
227_2_Previous treatments,227,2,Previous treatments,dataelement,,urn:osse-11:dataelement:193:1,X_227_0_193,True,False,33,direct_resolved
227_2_Previous treatments,227,2,Previous treatments,dataelement,,urn:osse-11:dataelement:195:1,X_227_0_195,False,True,34,direct_resolved
227_2_Previous treatments,227,2,Previous treatments,dataelement,,urn:osse-11:dataelement:194:1,X_227_0_194,True,False,36,direct_resolved
227_2_Previous treatments,227,2,Previous treatments,dataelement,,urn:osse-11:dataelement:196:1,X_227_0_196,False,True,37,direct_resolved
228_1_Data at hospital admission/inclusion,228,1,Data at hospital admission/inclusion,dataelement,,urn:osse-11:dataelement:204:1,X_228_0_204,True,False,4,direct_resolved
228_1_Data at hospital admission/inclusion,228,1,Data at hospital admission/inclusion,dataelement,,urn:osse-11:dataelement:205:1,X_228_0_205,True,False,5,direct_resolved
228_1_Data at hospital admission/inclusion,228,1,Data at hospital admission/inclusion,dataelement,,urn:osse-11:dataelement:206:1,X_228_0_206,True,False,6,direct_resolved
228_1_Data at hospital admission/inclusion,228,1,Data at hospital admission/inclusion,dataelement,,urn:osse-11:dataelement:207:1,X_228_0_207,True,False,7,direct_resolved
228_2_Data at hospital admission/inclusion,228,2,Data at hospital admission/inclusion,dataelement,,urn:osse-11:dataelement:204:1,X_228_0_204,True,False,4,direct_resolved
228_2_Data at hospital admission/inclusion,228,2,Data at hospital admission/inclusion,dataelement,,urn:osse-11:dataelement:205:1,X_228_0_205,True,False,5,direct_resolved
228_2_Data at hospital admission/inclusion,228,2,Data at hospital admission/inclusion,dataelement,,urn:osse-11:dataelement:206:1,X_228_0_206,True,False,6,direct_resolved
228_2_Data at hospital admission/inclusion,228,2,Data at hospital admission/inclusion,dataelement,,urn:osse-11:dataelement:207:1,X_228_0_207,True,False,7,direct_resolved
228_3_Data at visit,228,3,Data at visit,dataelement,,urn:osse-11:dataelement:204:1,X_228_0_204,True,False,4,direct_resolved
228_3_Data at visit,228,3,Data at visit,dataelement,,urn:osse-11:dataelement:205:1,X_228_0_205,True,False,5,direct_resolved
228_3_Data at visit,228,3,Data at visit,dataelement,,urn:osse-11:dataelement:206:1,X_228_0_206,True,False,6,direct_resolved
228_3_Data at visit,228,3,Data at visit,dataelement,,urn:osse-11:dataelement:207:1,X_228_0_207,True,False,7,direct_resolved
229_1_Clinical features,229,1,Clinical features,dataelement,,urn:osse-11:dataelement:122:1,X_229_0_122,True,False,4,direct_resolved
229_1_Clinical features,229,1,Clinical features,dataelement,,urn:osse-11:dataelement:219:1,X_229_0_219,True,False,7,direct_resolved
229_1_Clinical features,229,1,Clinical features,dataelement,,urn:osse-11:dataelement:220:1,X_229_0_220,True,False,8,direct_resolved
229_1_Clinical features,229,1,Clinical features,dataelement,,urn:osse-11:dataelement:221:1,X_229_0_221,True,False,9,direct_resolved
229_1_Clinical features,229,1,Clinical features,dataelement,,urn:osse-11:dataelement:222:1,X_229_0_222,False,True,10,direct_resolved
229_1_Clinical features,229,1,Clinical features,dataelement,,urn:osse-11:dataelement:223:1,X_229_0_223,True,False,11,direct_resolved
229_1_Clinical features,229,1,Clinical features,dataelement,,urn:osse-11:dataelement:224:1,X_229_0_224,True,False,12,direct_resolved
229_1_Clinical features,229,1,Clinical features,dataelement,,urn:osse-11:dataelement:225:1,X_229_0_225,True,False,13,direct_resolved
229_1_Clinical features,229,1,Clinical features,dataelement,,urn:osse-11:dataelement:227:1,X_229_0_227,False,False,15,direct_resolved
230_1_Physical examination,230,1,Physical examination,dataelement,,urn:osse-11:dataelement:232:1,X_230_0_232,True,False,1,direct_resolved
230_1_Physical examination,230,1,Physical examination,dataelement,,urn:osse-11:dataelement:233:1,X_230_0_233,True,False,2,direct_resolved
230_1_Physical examination,230,1,Physical examination,dataelement,,urn:osse-11:dataelement:236:1,X_230_0_236,True,False,5,direct_resolved
230_1_Physical examination,230,1,Physical examination,dataelement,,urn:osse-11:dataelement:237:1,X_230_0_237,True,False,6,direct_resolved
230_1_Physical examination,230,1,Physical examination,dataelement,,urn:osse-11:dataelement:67:1,X_230_0_67,True,False,7,direct_resolved
230_1_Physical examination,230,1,Physical examination,dataelement,,urn:osse-11:dataelement:67:1,X_230_0_67,True,False,8,direct_resolved
230_1_Physical examination,230,1,Physical examination,dataelement,,urn:osse-11:dataelement:69:1,X_230_0_69,True,False,9,direct_resolved
230_1_Physical examination,230,1,Physical examination,dataelement,,urn:osse-11:dataelement:238:1,X_230_0_238,True,False,10,direct_resolved
230_1_Physical examination,230,1,Physical examination,dataelement,,urn:osse-11:dataelement:239:1,X_230_0_239,True,False,11,direct_resolved
230_1_Physical examination,230,1,Physical examination,dataelement,,urn:osse-11:dataelement:240:1,X_230_0_240,True,False,12,direct_resolved
230_1_Physical examination,230,1,Physical examination,dataelement,,urn:osse-11:dataelement:73:1,X_230_0_73,True,False,13,direct_resolved
230_1_Physical examination,230,1,Physical examination,dataelement,,urn:osse-11:dataelement:74:1,X_230_0_74,True,False,14,direct_resolved
230_1_Physical examination,230,1,Physical examination,dataelement,,urn:osse-11:dataelement:75:1,X_230_0_75,True,False,15,direct_resolved
230_1_Physical examination,230,1,Physical examination,dataelement,,urn:osse-11:dataelement:76:1,X_230_0_76,False,False,16,direct_resolved
230_1_Physical examination,230,1,Physical examination,dataelement,,urn:osse-11:dataelement:77:1,X_230_0_77,False,False,17,direct_resolved
230_1_Physical examination,230,1,Physical examination,dataelement,,urn:osse-11:dataelement:78:1,X_230_0_78,False,False,18,direct_resolved
230_1_Physical examination,230,1,Physical examination,dataelement,,urn:osse-11:dataelement:80:1,X_230_0_80,False,False,19,direct_resolved
230_1_Physical examination,230,1,Physical examination,dataelement,,urn:osse-11:dataelement:81:1,X_230_0_81,False,False,20,direct_resolved
230_1_Physical examination,230,1,Physical examination,dataelement,,urn:osse-11:dataelement:82:1,X_230_0_82,False,False,21,direct_resolved
230_1_Physical examination,230,1,Physical examination,dataelement,,urn:osse-11:dataelement:83:1,X_230_0_83,False,False,22,direct_resolved
230_1_Physical examination,230,1,Physical examination,dataelement,,urn:osse-11:dataelement:84:1,X_230_0_84,False,False,23,direct_resolved
230_1_Physical examination,230,1,Physical examination,dataelement,,urn:osse-11:dataelement:85:1,X_230_0_85,False,False,24,direct_resolved
230_1_Physical examination,230,1,Physical examination,dataelement,,urn:osse-11:dataelement:79:1,X_230_0_79,False,False,25,direct_resolved
231_1_LABORATORY 1,231,1,LABORATORY 1,dataelement,,urn:osse-11:dataelement:241:1,X_231_0_241,False,False,1,direct_resolved
231_1_LABORATORY 1,231,1,LABORATORY 1,dataelement,,urn:osse-11:dataelement:242:1,X_231_0_242,False,False,2,direct_resolved
231_1_LABORATORY 1,231,1,LABORATORY 1,dataelement,,urn:osse-11:dataelement:244:1,X_231_0_244,False,False,6,direct_resolved
231_1_LABORATORY 1,231,1,LABORATORY 1,dataelement,,urn:osse-11:dataelement:245:1,X_231_0_245,False,False,7,direct_resolved
231_1_LABORATORY 1,231,1,LABORATORY 1,dataelement,,urn:osse-11:dataelement:246:1,X_231_0_246,False,False,8,direct_resolved
231_1_LABORATORY 1,231,1,LABORATORY 1,dataelement,,urn:osse-11:dataelement:247:1,X_231_0_247,False,False,9,direct_resolved
231_1_LABORATORY 1,231,1,LABORATORY 1,dataelement,,urn:osse-11:dataelement:248:1,X_231_0_248,False,False,10,direct_resolved
231_1_LABORATORY 1,231,1,LABORATORY 1,dataelement,,urn:osse-11:dataelement:249:1,X_231_0_249,False,False,11,direct_resolved
231_1_LABORATORY 1,231,1,LABORATORY 1,dataelement,,urn:osse-11:dataelement:250:1,X_231_0_250,False,False,12,direct_resolved
231_1_LABORATORY 1,231,1,LABORATORY 1,dataelement,,urn:osse-11:dataelement:251:1,X_231_0_251,False,False,13,direct_resolved
231_1_LABORATORY 1,231,1,LABORATORY 1,dataelement,,urn:osse-11:dataelement:252:1,X_231_0_252,False,False,14,direct_resolved
231_1_LABORATORY 1,231,1,LABORATORY 1,dataelement,,urn:osse-11:dataelement:253:1,X_231_0_253,False,False,15,direct_resolved
231_1_LABORATORY 1,231,1,LABORATORY 1,dataelement,,urn:osse-11:dataelement:254:1,X_231_0_254,False,False,16,direct_resolved
231_1_LABORATORY 1,231,1,LABORATORY 1,dataelement,,urn:osse-11:dataelement:255:1,X_231_0_255,False,False,17,direct_resolved
231_1_LABORATORY 1,231,1,LABORATORY 1,dataelement,,urn:osse-11:dataelement:256:1,X_231_0_256,False,False,18,direct_resolved
231_1_LABORATORY 1,231,1,LABORATORY 1,dataelement,,urn:osse-11:dataelement:258:1,X_231_0_258,False,False,20,direct_resolved
231_1_LABORATORY 1,231,1,LABORATORY 1,dataelement,,urn:osse-11:dataelement:260:1,X_231_0_260,False,False,23,direct_resolved
231_1_LABORATORY 1,231,1,LABORATORY 1,dataelement,,urn:osse-11:dataelement:262:1,X_231_0_262,False,False,25,direct_resolved
231_1_LABORATORY 1,231,1,LABORATORY 1,dataelement,,urn:osse-11:dataelement:263:1,X_231_0_263,False,False,26,direct_resolved
231_1_LABORATORY 1,231,1,LABORATORY 1,dataelement,,urn:osse-11:dataelement:264:1,X_231_0_264,False,False,27,direct_resolved
231_1_LABORATORY 1,231,1,LABORATORY 1,dataelement,,urn:osse-11:dataelement:265:1,X_231_0_265,False,False,28,direct_resolved
231_1_LABORATORY 1,231,1,LABORATORY 1,dataelement,,urn:osse-11:dataelement:266:1,X_231_0_266,False,False,29,direct_resolved
231_1_LABORATORY 1,231,1,LABORATORY 1,dataelement,,urn:osse-11:dataelement:267:1,X_231_0_267,False,False,30,direct_resolved
231_1_LABORATORY 1,231,1,LABORATORY 1,dataelement,,urn:osse-11:dataelement:268:1,X_231_0_268,False,False,31,direct_resolved
231_1_LABORATORY 1,231,1,LABORATORY 1,dataelement,,urn:osse-11:dataelement:269:1,X_231_0_269,False,False,32,direct_resolved
231_1_LABORATORY 1,231,1,LABORATORY 1,dataelement,,urn:osse-11:dataelement:270:1,X_231_0_270,False,False,33,direct_resolved
231_1_LABORATORY 1,231,1,LABORATORY 1,dataelement,,urn:osse-11:dataelement:271:1,X_231_0_271,False,False,34,direct_resolved
231_1_LABORATORY 1,231,1,LABORATORY 1,dataelement,,urn:osse-11:dataelement:272:1,X_231_0_272,False,False,35,direct_resolved
231_1_LABORATORY 1,231,1,LABORATORY 1,dataelement,,urn:osse-11:dataelement:273:1,X_231_0_273,False,False,36,direct_resolved
231_1_LABORATORY 1,231,1,LABORATORY 1,dataelement,,urn:osse-11:dataelement:274:1,X_231_0_274,False,False,38,direct_resolved
231_1_LABORATORY 1,231,1,LABORATORY 1,dataelement,,urn:osse-11:dataelement:275:1,X_231_0_275,False,False,39,direct_resolved
231_1_LABORATORY 1,231,1,LABORATORY 1,dataelement,,urn:osse-11:dataelement:276:1,X_231_0_276,False,False,41,direct_resolved
231_1_LABORATORY 1,231,1,LABORATORY 1,dataelement,,urn:osse-11:dataelement:277:1,X_231_0_277,False,False,42,direct_resolved
231_1_LABORATORY 1,231,1,LABORATORY 1,dataelement,,urn:osse-11:dataelement:278:1,X_231_0_278,False,False,43,direct_resolved
231_2_LABORATORY 1,231,2,LABORATORY 1,dataelement,,urn:osse-11:dataelement:241:1,X_231_0_241,True,False,1,direct_resolved
231_2_LABORATORY 1,231,2,LABORATORY 1,dataelement,,urn:osse-11:dataelement:242:1,X_231_0_242,False,False,2,direct_resolved
231_2_LABORATORY 1,231,2,LABORATORY 1,dataelement,,urn:osse-11:dataelement:244:1,X_231_0_244,False,False,6,direct_resolved
231_2_LABORATORY 1,231,2,LABORATORY 1,dataelement,,urn:osse-11:dataelement:245:1,X_231_0_245,False,False,7,direct_resolved
231_2_LABORATORY 1,231,2,LABORATORY 1,dataelement,,urn:osse-11:dataelement:246:1,X_231_0_246,False,False,8,direct_resolved
231_2_LABORATORY 1,231,2,LABORATORY 1,dataelement,,urn:osse-11:dataelement:247:1,X_231_0_247,False,False,9,direct_resolved
231_2_LABORATORY 1,231,2,LABORATORY 1,dataelement,,urn:osse-11:dataelement:248:1,X_231_0_248,False,False,10,direct_resolved
231_2_LABORATORY 1,231,2,LABORATORY 1,dataelement,,urn:osse-11:dataelement:249:1,X_231_0_249,False,False,11,direct_resolved
231_2_LABORATORY 1,231,2,LABORATORY 1,dataelement,,urn:osse-11:dataelement:250:1,X_231_0_250,False,False,12,direct_resolved
231_2_LABORATORY 1,231,2,LABORATORY 1,dataelement,,urn:osse-11:dataelement:251:1,X_231_0_251,False,False,13,direct_resolved
231_2_LABORATORY 1,231,2,LABORATORY 1,dataelement,,urn:osse-11:dataelement:252:1,X_231_0_252,False,False,14,direct_resolved
231_2_LABORATORY 1,231,2,LABORATORY 1,dataelement,,urn:osse-11:dataelement:253:1,X_231_0_253,False,False,15,direct_resolved
231_2_LABORATORY 1,231,2,LABORATORY 1,dataelement,,urn:osse-11:dataelement:254:1,X_231_0_254,False,False,16,direct_resolved
231_2_LABORATORY 1,231,2,LABORATORY 1,dataelement,,urn:osse-11:dataelement:255:1,X_231_0_255,False,False,17,direct_resolved
231_2_LABORATORY 1,231,2,LABORATORY 1,dataelement,,urn:osse-11:dataelement:256:1,X_231_0_256,False,False,18,direct_resolved
231_2_LABORATORY 1,231,2,LABORATORY 1,dataelement,,urn:osse-11:dataelement:258:1,X_231_0_258,False,False,20,direct_resolved
231_2_LABORATORY 1,231,2,LABORATORY 1,dataelement,,urn:osse-11:dataelement:260:1,X_231_0_260,False,False,23,direct_resolved
231_2_LABORATORY 1,231,2,LABORATORY 1,dataelement,,urn:osse-11:dataelement:262:1,X_231_0_262,False,False,25,direct_resolved
231_2_LABORATORY 1,231,2,LABORATORY 1,dataelement,,urn:osse-11:dataelement:263:1,X_231_0_263,False,False,26,direct_resolved
231_2_LABORATORY 1,231,2,LABORATORY 1,dataelement,,urn:osse-11:dataelement:264:1,X_231_0_264,False,False,27,direct_resolved
231_2_LABORATORY 1,231,2,LABORATORY 1,dataelement,,urn:osse-11:dataelement:265:1,X_231_0_265,False,False,28,direct_resolved
231_2_LABORATORY 1,231,2,LABORATORY 1,dataelement,,urn:osse-11:dataelement:266:1,X_231_0_266,False,False,29,direct_resolved
231_2_LABORATORY 1,231,2,LABORATORY 1,dataelement,,urn:osse-11:dataelement:267:1,X_231_0_267,False,False,30,direct_resolved
231_2_LABORATORY 1,231,2,LABORATORY 1,dataelement,,urn:osse-11:dataelement:268:1,X_231_0_268,False,False,31,direct_resolved
231_2_LABORATORY 1,231,2,LABORATORY 1,dataelement,,urn:osse-11:dataelement:269:1,X_231_0_269,False,False,32,direct_resolved
231_2_LABORATORY 1,231,2,LABORATORY 1,dataelement,,urn:osse-11:dataelement:270:1,X_231_0_270,False,False,33,direct_resolved
231_2_LABORATORY 1,231,2,LABORATORY 1,dataelement,,urn:osse-11:dataelement:271:1,X_231_0_271,False,False,34,direct_resolved
231_2_LABORATORY 1,231,2,LABORATORY 1,dataelement,,urn:osse-11:dataelement:272:1,X_231_0_272,False,False,35,direct_resolved
231_2_LABORATORY 1,231,2,LABORATORY 1,dataelement,,urn:osse-11:dataelement:273:1,X_231_0_273,False,False,36,direct_resolved
231_2_LABORATORY 1,231,2,LABORATORY 1,dataelement,,urn:osse-11:dataelement:274:1,X_231_0_274,True,False,38,direct_resolved
231_2_LABORATORY 1,231,2,LABORATORY 1,dataelement,,urn:osse-11:dataelement:275:1,X_231_0_275,False,False,39,direct_resolved
231_2_LABORATORY 1,231,2,LABORATORY 1,dataelement,,urn:osse-11:dataelement:276:1,X_231_0_276,False,False,41,direct_resolved
231_2_LABORATORY 1,231,2,LABORATORY 1,dataelement,,urn:osse-11:dataelement:277:1,X_231_0_277,False,False,42,direct_resolved
231_2_LABORATORY 1,231,2,LABORATORY 1,dataelement,,urn:osse-11:dataelement:278:1,X_231_0_278,False,False,43,direct_resolved
231_3_Laboratory data 1,231,3,Laboratory data 1,dataelement,,urn:osse-11:dataelement:241:1,X_231_0_241,True,False,1,direct_resolved
231_3_Laboratory data 1,231,3,Laboratory data 1,dataelement,,urn:osse-11:dataelement:242:1,X_231_0_242,False,False,2,direct_resolved
231_3_Laboratory data 1,231,3,Laboratory data 1,dataelement,,urn:osse-11:dataelement:244:1,X_231_0_244,False,False,6,direct_resolved
231_3_Laboratory data 1,231,3,Laboratory data 1,dataelement,,urn:osse-11:dataelement:245:1,X_231_0_245,False,False,7,direct_resolved
231_3_Laboratory data 1,231,3,Laboratory data 1,dataelement,,urn:osse-11:dataelement:246:1,X_231_0_246,False,False,8,direct_resolved
231_3_Laboratory data 1,231,3,Laboratory data 1,dataelement,,urn:osse-11:dataelement:247:1,X_231_0_247,False,False,9,direct_resolved
231_3_Laboratory data 1,231,3,Laboratory data 1,dataelement,,urn:osse-11:dataelement:248:1,X_231_0_248,False,False,10,direct_resolved
231_3_Laboratory data 1,231,3,Laboratory data 1,dataelement,,urn:osse-11:dataelement:249:1,X_231_0_249,False,False,11,direct_resolved
231_3_Laboratory data 1,231,3,Laboratory data 1,dataelement,,urn:osse-11:dataelement:250:1,X_231_0_250,False,False,12,direct_resolved
231_3_Laboratory data 1,231,3,Laboratory data 1,dataelement,,urn:osse-11:dataelement:251:1,X_231_0_251,False,False,13,direct_resolved
231_3_Laboratory data 1,231,3,Laboratory data 1,dataelement,,urn:osse-11:dataelement:252:1,X_231_0_252,False,False,14,direct_resolved
231_3_Laboratory data 1,231,3,Laboratory data 1,dataelement,,urn:osse-11:dataelement:253:1,X_231_0_253,False,False,15,direct_resolved
231_3_Laboratory data 1,231,3,Laboratory data 1,dataelement,,urn:osse-11:dataelement:254:1,X_231_0_254,False,False,16,direct_resolved
231_3_Laboratory data 1,231,3,Laboratory data 1,dataelement,,urn:osse-11:dataelement:255:1,X_231_0_255,False,False,17,direct_resolved
231_3_Laboratory data 1,231,3,Laboratory data 1,dataelement,,urn:osse-11:dataelement:256:1,X_231_0_256,False,False,18,direct_resolved
231_3_Laboratory data 1,231,3,Laboratory data 1,dataelement,,urn:osse-11:dataelement:258:1,X_231_0_258,False,False,20,direct_resolved
231_3_Laboratory data 1,231,3,Laboratory data 1,dataelement,,urn:osse-11:dataelement:260:1,X_231_0_260,False,False,23,direct_resolved
231_3_Laboratory data 1,231,3,Laboratory data 1,dataelement,,urn:osse-11:dataelement:262:1,X_231_0_262,False,False,25,direct_resolved
231_3_Laboratory data 1,231,3,Laboratory data 1,dataelement,,urn:osse-11:dataelement:263:1,X_231_0_263,False,False,26,direct_resolved
231_3_Laboratory data 1,231,3,Laboratory data 1,dataelement,,urn:osse-11:dataelement:264:1,X_231_0_264,False,False,27,direct_resolved
231_3_Laboratory data 1,231,3,Laboratory data 1,dataelement,,urn:osse-11:dataelement:265:1,X_231_0_265,False,False,28,direct_resolved
231_3_Laboratory data 1,231,3,Laboratory data 1,dataelement,,urn:osse-11:dataelement:266:1,X_231_0_266,False,False,29,direct_resolved
231_3_Laboratory data 1,231,3,Laboratory data 1,dataelement,,urn:osse-11:dataelement:267:1,X_231_0_267,False,False,30,direct_resolved
231_3_Laboratory data 1,231,3,Laboratory data 1,dataelement,,urn:osse-11:dataelement:268:1,X_231_0_268,False,False,31,direct_resolved
231_3_Laboratory data 1,231,3,Laboratory data 1,dataelement,,urn:osse-11:dataelement:269:1,X_231_0_269,False,False,32,direct_resolved
231_3_Laboratory data 1,231,3,Laboratory data 1,dataelement,,urn:osse-11:dataelement:270:1,X_231_0_270,False,False,33,direct_resolved
231_3_Laboratory data 1,231,3,Laboratory data 1,dataelement,,urn:osse-11:dataelement:271:1,X_231_0_271,False,False,34,direct_resolved
231_3_Laboratory data 1,231,3,Laboratory data 1,dataelement,,urn:osse-11:dataelement:272:1,X_231_0_272,False,False,35,direct_resolved
231_3_Laboratory data 1,231,3,Laboratory data 1,dataelement,,urn:osse-11:dataelement:273:1,X_231_0_273,False,False,36,direct_resolved
231_3_Laboratory data 1,231,3,Laboratory data 1,dataelement,,urn:osse-11:dataelement:274:1,X_231_0_274,True,False,38,direct_resolved
231_3_Laboratory data 1,231,3,Laboratory data 1,dataelement,,urn:osse-11:dataelement:275:1,X_231_0_275,False,False,39,direct_resolved
231_3_Laboratory data 1,231,3,Laboratory data 1,dataelement,,urn:osse-11:dataelement:276:1,X_231_0_276,False,False,41,direct_resolved
231_3_Laboratory data 1,231,3,Laboratory data 1,dataelement,,urn:osse-11:dataelement:277:1,X_231_0_277,False,False,42,direct_resolved
231_3_Laboratory data 1,231,3,Laboratory data 1,dataelement,,urn:osse-11:dataelement:278:1,X_231_0_278,False,False,43,direct_resolved
232_1_Laboratory data 2,232,1,Laboratory data 2,dataelement,,urn:osse-11:dataelement:279:1,X_232_0_279,True,False,2,direct_resolved
232_1_Laboratory data 2,232,1,Laboratory data 2,dataelement,,urn:osse-11:dataelement:280:1,X_232_0_280,False,False,3,direct_resolved
232_1_Laboratory data 2,232,1,Laboratory data 2,dataelement,,urn:osse-11:dataelement:281:1,X_232_0_281,False,False,6,direct_resolved
232_1_Laboratory data 2,232,1,Laboratory data 2,dataelement,,urn:osse-11:dataelement:282:1,X_232_0_282,False,False,7,direct_resolved
232_1_Laboratory data 2,232,1,Laboratory data 2,dataelement,,urn:osse-11:dataelement:283:1,X_232_0_283,False,False,8,direct_resolved
232_1_Laboratory data 2,232,1,Laboratory data 2,dataelement,,urn:osse-11:dataelement:286:1,X_232_0_286,False,False,12,direct_resolved
232_1_Laboratory data 2,232,1,Laboratory data 2,dataelement,,urn:osse-11:dataelement:287:1,X_232_0_287,False,False,13,direct_resolved
232_1_Laboratory data 2,232,1,Laboratory data 2,dataelement,,urn:osse-11:dataelement:288:1,X_232_0_288,False,False,14,direct_resolved
232_1_Laboratory data 2,232,1,Laboratory data 2,dataelement,,urn:osse-11:dataelement:289:1,X_232_0_289,False,False,15,direct_resolved
231_4_Laboratory data 1,231,4,Laboratory data 1,dataelement,,urn:osse-11:dataelement:241:1,X_231_0_241,True,False,1,direct_resolved
231_4_Laboratory data 1,231,4,Laboratory data 1,dataelement,,urn:osse-11:dataelement:242:1,X_231_0_242,False,False,2,direct_resolved
231_4_Laboratory data 1,231,4,Laboratory data 1,dataelement,,urn:osse-11:dataelement:244:1,X_231_0_244,False,False,6,direct_resolved
231_4_Laboratory data 1,231,4,Laboratory data 1,dataelement,,urn:osse-11:dataelement:245:1,X_231_0_245,False,False,7,direct_resolved
231_4_Laboratory data 1,231,4,Laboratory data 1,dataelement,,urn:osse-11:dataelement:246:1,X_231_0_246,False,False,8,direct_resolved
231_4_Laboratory data 1,231,4,Laboratory data 1,dataelement,,urn:osse-11:dataelement:247:1,X_231_0_247,False,False,9,direct_resolved
231_4_Laboratory data 1,231,4,Laboratory data 1,dataelement,,urn:osse-11:dataelement:248:1,X_231_0_248,False,False,10,direct_resolved
231_4_Laboratory data 1,231,4,Laboratory data 1,dataelement,,urn:osse-11:dataelement:249:1,X_231_0_249,False,False,11,direct_resolved
231_4_Laboratory data 1,231,4,Laboratory data 1,dataelement,,urn:osse-11:dataelement:250:1,X_231_0_250,False,False,12,direct_resolved
231_4_Laboratory data 1,231,4,Laboratory data 1,dataelement,,urn:osse-11:dataelement:251:1,X_231_0_251,False,False,13,direct_resolved
231_4_Laboratory data 1,231,4,Laboratory data 1,dataelement,,urn:osse-11:dataelement:252:1,X_231_0_252,False,False,14,direct_resolved
231_4_Laboratory data 1,231,4,Laboratory data 1,dataelement,,urn:osse-11:dataelement:253:1,X_231_0_253,False,False,15,direct_resolved
231_4_Laboratory data 1,231,4,Laboratory data 1,dataelement,,urn:osse-11:dataelement:254:1,X_231_0_254,False,False,16,direct_resolved
231_4_Laboratory data 1,231,4,Laboratory data 1,dataelement,,urn:osse-11:dataelement:255:1,X_231_0_255,False,False,17,direct_resolved
231_4_Laboratory data 1,231,4,Laboratory data 1,dataelement,,urn:osse-11:dataelement:256:1,X_231_0_256,False,False,18,direct_resolved
231_4_Laboratory data 1,231,4,Laboratory data 1,dataelement,,urn:osse-11:dataelement:258:1,X_231_0_258,False,False,20,direct_resolved
231_4_Laboratory data 1,231,4,Laboratory data 1,dataelement,,urn:osse-11:dataelement:260:1,X_231_0_260,False,False,23,direct_resolved
231_4_Laboratory data 1,231,4,Laboratory data 1,dataelement,,urn:osse-11:dataelement:262:1,X_231_0_262,False,False,25,direct_resolved
231_4_Laboratory data 1,231,4,Laboratory data 1,dataelement,,urn:osse-11:dataelement:263:1,X_231_0_263,False,False,26,direct_resolved
231_4_Laboratory data 1,231,4,Laboratory data 1,dataelement,,urn:osse-11:dataelement:264:1,X_231_0_264,False,False,27,direct_resolved
231_4_Laboratory data 1,231,4,Laboratory data 1,dataelement,,urn:osse-11:dataelement:265:1,X_231_0_265,False,False,28,direct_resolved
231_4_Laboratory data 1,231,4,Laboratory data 1,dataelement,,urn:osse-11:dataelement:266:1,X_231_0_266,False,False,29,direct_resolved
231_4_Laboratory data 1,231,4,Laboratory data 1,dataelement,,urn:osse-11:dataelement:267:1,X_231_0_267,False,False,30,direct_resolved
231_4_Laboratory data 1,231,4,Laboratory data 1,dataelement,,urn:osse-11:dataelement:268:1,X_231_0_268,False,False,31,direct_resolved
231_4_Laboratory data 1,231,4,Laboratory data 1,dataelement,,urn:osse-11:dataelement:269:1,X_231_0_269,False,False,32,direct_resolved
231_4_Laboratory data 1,231,4,Laboratory data 1,dataelement,,urn:osse-11:dataelement:270:1,X_231_0_270,False,False,33,direct_resolved
231_4_Laboratory data 1,231,4,Laboratory data 1,dataelement,,urn:osse-11:dataelement:271:1,X_231_0_271,False,False,34,direct_resolved
231_4_Laboratory data 1,231,4,Laboratory data 1,dataelement,,urn:osse-11:dataelement:272:1,X_231_0_272,False,False,35,direct_resolved
231_4_Laboratory data 1,231,4,Laboratory data 1,dataelement,,urn:osse-11:dataelement:273:1,X_231_0_273,False,False,36,direct_resolved
231_4_Laboratory data 1,231,4,Laboratory data 1,dataelement,,urn:osse-11:dataelement:274:1,X_231_0_274,True,False,38,direct_resolved
231_4_Laboratory data 1,231,4,Laboratory data 1,dataelement,,urn:osse-11:dataelement:275:1,X_231_0_275,False,False,39,direct_resolved
231_4_Laboratory data 1,231,4,Laboratory data 1,dataelement,,urn:osse-11:dataelement:276:1,X_231_0_276,False,False,41,direct_resolved
231_4_Laboratory data 1,231,4,Laboratory data 1,dataelement,,urn:osse-11:dataelement:277:1,X_231_0_277,False,False,42,direct_resolved
231_4_Laboratory data 1,231,4,Laboratory data 1,dataelement,,urn:osse-11:dataelement:278:1,X_231_0_278,False,False,43,direct_resolved
230_2_Physical examination,230,2,Physical examination,dataelement,,urn:osse-11:dataelement:232:1,X_230_0_232,True,False,1,direct_resolved
230_2_Physical examination,230,2,Physical examination,dataelement,,urn:osse-11:dataelement:233:1,X_230_0_233,True,False,2,direct_resolved
230_2_Physical examination,230,2,Physical examination,dataelement,,urn:osse-11:dataelement:236:1,X_230_0_236,True,False,5,direct_resolved
230_2_Physical examination,230,2,Physical examination,dataelement,,urn:osse-11:dataelement:237:1,X_230_0_237,True,False,6,direct_resolved
230_2_Physical examination,230,2,Physical examination,dataelement,,urn:osse-11:dataelement:67:1,X_230_0_67,True,False,7,direct_resolved
230_2_Physical examination,230,2,Physical examination,dataelement,,urn:osse-11:dataelement:68:1,X_230_0_68,True,False,8,direct_resolved
230_2_Physical examination,230,2,Physical examination,dataelement,,urn:osse-11:dataelement:69:1,X_230_0_69,True,False,9,direct_resolved
230_2_Physical examination,230,2,Physical examination,dataelement,,urn:osse-11:dataelement:238:1,X_230_0_238,True,False,10,direct_resolved
230_2_Physical examination,230,2,Physical examination,dataelement,,urn:osse-11:dataelement:239:1,X_230_0_239,True,False,11,direct_resolved
230_2_Physical examination,230,2,Physical examination,dataelement,,urn:osse-11:dataelement:240:1,X_230_0_240,True,False,12,direct_resolved
230_2_Physical examination,230,2,Physical examination,dataelement,,urn:osse-11:dataelement:73:1,X_230_0_73,True,False,13,direct_resolved
230_2_Physical examination,230,2,Physical examination,dataelement,,urn:osse-11:dataelement:74:1,X_230_0_74,True,False,14,direct_resolved
230_2_Physical examination,230,2,Physical examination,dataelement,,urn:osse-11:dataelement:75:1,X_230_0_75,True,False,15,direct_resolved
230_2_Physical examination,230,2,Physical examination,dataelement,,urn:osse-11:dataelement:76:1,X_230_0_76,False,False,16,direct_resolved
230_2_Physical examination,230,2,Physical examination,dataelement,,urn:osse-11:dataelement:77:1,X_230_0_77,False,False,17,direct_resolved
230_2_Physical examination,230,2,Physical examination,dataelement,,urn:osse-11:dataelement:78:1,X_230_0_78,False,False,18,direct_resolved
230_2_Physical examination,230,2,Physical examination,dataelement,,urn:osse-11:dataelement:80:1,X_230_0_80,False,False,19,direct_resolved
230_2_Physical examination,230,2,Physical examination,dataelement,,urn:osse-11:dataelement:81:1,X_230_0_81,False,False,20,direct_resolved
230_2_Physical examination,230,2,Physical examination,dataelement,,urn:osse-11:dataelement:82:1,X_230_0_82,False,False,21,direct_resolved
230_2_Physical examination,230,2,Physical examination,dataelement,,urn:osse-11:dataelement:83:1,X_230_0_83,False,False,22,direct_resolved
230_2_Physical examination,230,2,Physical examination,dataelement,,urn:osse-11:dataelement:84:1,X_230_0_84,False,False,23,direct_resolved
230_2_Physical examination,230,2,Physical examination,dataelement,,urn:osse-11:dataelement:85:1,X_230_0_85,False,False,24,direct_resolved
230_2_Physical examination,230,2,Physical examination,dataelement,,urn:osse-11:dataelement:79:1,X_230_0_79,False,False,25,direct_resolved
233_1_Treatment,233,1,Treatment,dataelement,,urn:osse-11:dataelement:158:1,X_233_0_158,False,False,7,direct_resolved
233_1_Treatment,233,1,Treatment,dataelement,,urn:osse-11:dataelement:159:1,X_233_0_159,False,False,8,direct_resolved
233_1_Treatment,233,1,Treatment,dataelement,,urn:osse-11:dataelement:162:1,X_233_0_162,True,False,11,direct_resolved
233_1_Treatment,233,1,Treatment,dataelement,,urn:osse-11:dataelement:293:1,X_233_0_293,False,True,15,direct_resolved
233_1_Treatment,233,1,Treatment,dataelement,,urn:osse-11:dataelement:169:1,X_233_0_169,True,False,16,direct_resolved
233_1_Treatment,233,1,Treatment,dataelement,,urn:osse-11:dataelement:294:1,X_233_0_294,False,True,17,direct_resolved
233_1_Treatment,233,1,Treatment,dataelement,,urn:osse-11:dataelement:170:1,X_233_0_170,True,False,18,direct_resolved
233_1_Treatment,233,1,Treatment,dataelement,,urn:osse-11:dataelement:171:1,X_233_0_171,True,False,19,direct_resolved
233_1_Treatment,233,1,Treatment,dataelement,,urn:osse-11:dataelement:172:1,X_233_0_172,True,False,20,direct_resolved
233_1_Treatment,233,1,Treatment,dataelement,,urn:osse-11:dataelement:173:1,X_233_0_173,True,False,21,direct_resolved
233_1_Treatment,233,1,Treatment,dataelement,,urn:osse-11:dataelement:174:1,X_233_0_174,True,False,22,direct_resolved
233_1_Treatment,233,1,Treatment,dataelement,,urn:osse-11:dataelement:180:1,X_233_0_180,True,False,25,direct_resolved
233_1_Treatment,233,1,Treatment,dataelement,,urn:osse-11:dataelement:295:1,X_233_0_295,False,True,26,direct_resolved
233_1_Treatment,233,1,Treatment,dataelement,,urn:osse-11:dataelement:185:1,X_233_0_185,True,False,29,direct_resolved
233_1_Treatment,233,1,Treatment,dataelement,,urn:osse-11:dataelement:188:1,X_233_0_188,True,False,31,direct_resolved
233_1_Treatment,233,1,Treatment,dataelement,,urn:osse-11:dataelement:191:1,X_233_0_191,True,False,34,direct_resolved
233_1_Treatment,233,1,Treatment,dataelement,,urn:osse-11:dataelement:296:1,X_233_0_296,False,False,35,direct_resolved
233_1_Treatment,233,1,Treatment,dataelement,,urn:osse-11:dataelement:193:1,X_233_0_193,True,False,37,direct_resolved
233_1_Treatment,233,1,Treatment,dataelement,,urn:osse-11:dataelement:195:1,X_233_0_195,False,True,38,direct_resolved
233_1_Treatment,233,1,Treatment,dataelement,,urn:osse-11:dataelement:194:1,X_233_0_194,True,False,40,direct_resolved
233_1_Treatment,233,1,Treatment,dataelement,,urn:osse-11:dataelement:196:1,X_233_0_196,False,True,41,direct_resolved
233_2_Treatment,233,2,Treatment,dataelement,,urn:osse-11:dataelement:158:1,X_233_0_158,False,False,7,direct_resolved
233_2_Treatment,233,2,Treatment,dataelement,,urn:osse-11:dataelement:159:1,X_233_0_159,False,False,8,direct_resolved
233_2_Treatment,233,2,Treatment,dataelement,,urn:osse-11:dataelement:162:1,X_233_0_162,True,False,11,direct_resolved
233_2_Treatment,233,2,Treatment,dataelement,,urn:osse-11:dataelement:293:1,X_233_0_293,False,True,15,direct_resolved
233_2_Treatment,233,2,Treatment,dataelement,,urn:osse-11:dataelement:169:1,X_233_0_169,True,False,16,direct_resolved
233_2_Treatment,233,2,Treatment,dataelement,,urn:osse-11:dataelement:294:1,X_233_0_294,False,True,17,direct_resolved
233_2_Treatment,233,2,Treatment,dataelement,,urn:osse-11:dataelement:170:1,X_233_0_170,True,False,18,direct_resolved
233_2_Treatment,233,2,Treatment,dataelement,,urn:osse-11:dataelement:171:1,X_233_0_171,True,False,19,direct_resolved
233_2_Treatment,233,2,Treatment,dataelement,,urn:osse-11:dataelement:172:1,X_233_0_172,True,False,20,direct_resolved
233_2_Treatment,233,2,Treatment,dataelement,,urn:osse-11:dataelement:173:1,X_233_0_173,True,False,21,direct_resolved
233_2_Treatment,233,2,Treatment,dataelement,,urn:osse-11:dataelement:174:1,X_233_0_174,True,False,22,direct_resolved
233_2_Treatment,233,2,Treatment,dataelement,,urn:osse-11:dataelement:180:1,X_233_0_180,True,False,25,direct_resolved
233_2_Treatment,233,2,Treatment,dataelement,,urn:osse-11:dataelement:295:1,X_233_0_295,False,True,26,direct_resolved
233_2_Treatment,233,2,Treatment,dataelement,,urn:osse-11:dataelement:185:1,X_233_0_185,True,False,29,direct_resolved
233_2_Treatment,233,2,Treatment,dataelement,,urn:osse-11:dataelement:188:1,X_233_0_188,True,False,31,direct_resolved
233_2_Treatment,233,2,Treatment,dataelement,,urn:osse-11:dataelement:191:1,X_233_0_191,True,False,34,direct_resolved
233_2_Treatment,233,2,Treatment,dataelement,,urn:osse-11:dataelement:296:1,X_233_0_296,False,False,35,direct_resolved
233_2_Treatment,233,2,Treatment,dataelement,,urn:osse-11:dataelement:193:1,X_233_0_193,True,False,37,direct_resolved
233_2_Treatment,233,2,Treatment,dataelement,,urn:osse-11:dataelement:195:1,X_233_0_195,False,True,38,direct_resolved
233_2_Treatment,233,2,Treatment,dataelement,,urn:osse-11:dataelement:194:1,X_233_0_194,True,False,40,direct_resolved
233_2_Treatment,233,2,Treatment,dataelement,,urn:osse-11:dataelement:196:1,X_233_0_196,False,True,41,direct_resolved
234_1_Electrocardiogram and Echocardiography,234,1,Electrocardiogram and Echocardiography,dataelement,,urn:osse-11:dataelement:297:1,X_234_0_297,True,False,2,direct_resolved
234_1_Electrocardiogram and Echocardiography,234,1,Electrocardiogram and Echocardiography,dataelement,,urn:osse-11:dataelement:298:1,X_234_0_298,False,False,3,direct_resolved
234_1_Electrocardiogram and Echocardiography,234,1,Electrocardiogram and Echocardiography,dataelement,,urn:osse-11:dataelement:299:1,X_234_0_299,False,False,4,direct_resolved
234_1_Electrocardiogram and Echocardiography,234,1,Electrocardiogram and Echocardiography,dataelement,,urn:osse-11:dataelement:300:1,X_234_0_300,True,False,6,direct_resolved
234_1_Electrocardiogram and Echocardiography,234,1,Electrocardiogram and Echocardiography,dataelement,,urn:osse-11:dataelement:301:1,X_234_0_301,False,False,7,direct_resolved
234_1_Electrocardiogram and Echocardiography,234,1,Electrocardiogram and Echocardiography,dataelement,,urn:osse-11:dataelement:302:1,X_234_0_302,False,False,8,direct_resolved
234_1_Electrocardiogram and Echocardiography,234,1,Electrocardiogram and Echocardiography,dataelement,,urn:osse-11:dataelement:303:1,X_234_0_303,False,False,9,direct_resolved
234_1_Electrocardiogram and Echocardiography,234,1,Electrocardiogram and Echocardiography,dataelement,,urn:osse-11:dataelement:305:1,X_234_0_305,False,False,11,direct_resolved
234_1_Electrocardiogram and Echocardiography,234,1,Electrocardiogram and Echocardiography,dataelement,,urn:osse-11:dataelement:306:1,X_234_0_306,False,False,13,direct_resolved
234_1_Electrocardiogram and Echocardiography,234,1,Electrocardiogram and Echocardiography,dataelement,,urn:osse-11:dataelement:307:1,X_234_0_307,False,False,15,direct_resolved
234_1_Electrocardiogram and Echocardiography,234,1,Electrocardiogram and Echocardiography,dataelement,,urn:osse-11:dataelement:308:1,X_234_0_308,False,False,17,direct_resolved
234_1_Electrocardiogram and Echocardiography,234,1,Electrocardiogram and Echocardiography,dataelement,,urn:osse-11:dataelement:309:1,X_234_0_309,False,False,18,direct_resolved
234_1_Electrocardiogram and Echocardiography,234,1,Electrocardiogram and Echocardiography,dataelement,,urn:osse-11:dataelement:310:1,X_234_0_310,False,False,19,direct_resolved
234_1_Electrocardiogram and Echocardiography,234,1,Electrocardiogram and Echocardiography,dataelement,,urn:osse-11:dataelement:311:1,X_234_0_311,False,False,20,direct_resolved
234_1_Electrocardiogram and Echocardiography,234,1,Electrocardiogram and Echocardiography,dataelement,,urn:osse-11:dataelement:312:1,X_234_0_312,False,False,21,direct_resolved
234_1_Electrocardiogram and Echocardiography,234,1,Electrocardiogram and Echocardiography,dataelement,,urn:osse-11:dataelement:313:1,X_234_0_313,False,False,22,direct_resolved
234_1_Electrocardiogram and Echocardiography,234,1,Electrocardiogram and Echocardiography,dataelement,,urn:osse-11:dataelement:314:1,X_234_0_314,False,False,23,direct_resolved
234_1_Electrocardiogram and Echocardiography,234,1,Electrocardiogram and Echocardiography,dataelement,,urn:osse-11:dataelement:315:1,X_234_0_315,False,False,24,direct_resolved
234_1_Electrocardiogram and Echocardiography,234,1,Electrocardiogram and Echocardiography,dataelement,,urn:osse-11:dataelement:316:1,X_234_0_316,False,False,25,direct_resolved
234_1_Electrocardiogram and Echocardiography,234,1,Electrocardiogram and Echocardiography,dataelement,,urn:osse-11:dataelement:317:1,X_234_0_317,False,False,26,direct_resolved
234_1_Electrocardiogram and Echocardiography,234,1,Electrocardiogram and Echocardiography,dataelement,,urn:osse-11:dataelement:318:1,X_234_0_318,False,False,28,direct_resolved
234_1_Electrocardiogram and Echocardiography,234,1,Electrocardiogram and Echocardiography,dataelement,,urn:osse-11:dataelement:319:1,X_234_0_319,False,False,29,direct_resolved
234_2_Electrocardiogram and Echocardiography,234,2,Electrocardiogram and Echocardiography,dataelement,,urn:osse-11:dataelement:297:1,X_234_0_297,True,False,2,direct_resolved
234_2_Electrocardiogram and Echocardiography,234,2,Electrocardiogram and Echocardiography,dataelement,,urn:osse-11:dataelement:298:1,X_234_0_298,False,False,3,direct_resolved
234_2_Electrocardiogram and Echocardiography,234,2,Electrocardiogram and Echocardiography,dataelement,,urn:osse-11:dataelement:299:1,X_234_0_299,False,False,4,direct_resolved
234_2_Electrocardiogram and Echocardiography,234,2,Electrocardiogram and Echocardiography,dataelement,,urn:osse-11:dataelement:300:1,X_234_0_300,True,False,6,direct_resolved
234_2_Electrocardiogram and Echocardiography,234,2,Electrocardiogram and Echocardiography,dataelement,,urn:osse-11:dataelement:301:1,X_234_0_301,False,False,7,direct_resolved
234_2_Electrocardiogram and Echocardiography,234,2,Electrocardiogram and Echocardiography,dataelement,,urn:osse-11:dataelement:302:1,X_234_0_302,False,False,8,direct_resolved
234_2_Electrocardiogram and Echocardiography,234,2,Electrocardiogram and Echocardiography,dataelement,,urn:osse-11:dataelement:303:1,X_234_0_303,False,False,9,direct_resolved
234_2_Electrocardiogram and Echocardiography,234,2,Electrocardiogram and Echocardiography,dataelement,,urn:osse-11:dataelement:305:1,X_234_0_305,False,False,11,direct_resolved
234_2_Electrocardiogram and Echocardiography,234,2,Electrocardiogram and Echocardiography,dataelement,,urn:osse-11:dataelement:306:1,X_234_0_306,False,False,13,direct_resolved
234_2_Electrocardiogram and Echocardiography,234,2,Electrocardiogram and Echocardiography,dataelement,,urn:osse-11:dataelement:307:1,X_234_0_307,False,False,15,direct_resolved
234_2_Electrocardiogram and Echocardiography,234,2,Electrocardiogram and Echocardiography,dataelement,,urn:osse-11:dataelement:308:1,X_234_0_308,False,False,17,direct_resolved
234_2_Electrocardiogram and Echocardiography,234,2,Electrocardiogram and Echocardiography,dataelement,,urn:osse-11:dataelement:309:1,X_234_0_309,False,False,18,direct_resolved
234_2_Electrocardiogram and Echocardiography,234,2,Electrocardiogram and Echocardiography,dataelement,,urn:osse-11:dataelement:310:1,X_234_0_310,False,False,19,direct_resolved
234_2_Electrocardiogram and Echocardiography,234,2,Electrocardiogram and Echocardiography,dataelement,,urn:osse-11:dataelement:311:1,X_234_0_311,False,False,20,direct_resolved
234_2_Electrocardiogram and Echocardiography,234,2,Electrocardiogram and Echocardiography,dataelement,,urn:osse-11:dataelement:312:1,X_234_0_312,False,False,21,direct_resolved
234_2_Electrocardiogram and Echocardiography,234,2,Electrocardiogram and Echocardiography,dataelement,,urn:osse-11:dataelement:313:1,X_234_0_313,False,False,22,direct_resolved
234_2_Electrocardiogram and Echocardiography,234,2,Electrocardiogram and Echocardiography,dataelement,,urn:osse-11:dataelement:314:1,X_234_0_314,False,False,23,direct_resolved
234_2_Electrocardiogram and Echocardiography,234,2,Electrocardiogram and Echocardiography,dataelement,,urn:osse-11:dataelement:315:1,X_234_0_315,False,False,24,direct_resolved
234_2_Electrocardiogram and Echocardiography,234,2,Electrocardiogram and Echocardiography,dataelement,,urn:osse-11:dataelement:316:1,X_234_0_316,False,False,25,direct_resolved
234_2_Electrocardiogram and Echocardiography,234,2,Electrocardiogram and Echocardiography,dataelement,,urn:osse-11:dataelement:317:1,X_234_0_317,False,False,26,direct_resolved
234_2_Electrocardiogram and Echocardiography,234,2,Electrocardiogram and Echocardiography,dataelement,,urn:osse-11:dataelement:318:1,X_234_0_318,False,False,28,direct_resolved
234_2_Electrocardiogram and Echocardiography,234,2,Electrocardiogram and Echocardiography,dataelement,,urn:osse-11:dataelement:319:1,X_234_0_319,False,False,29,direct_resolved
234_3_Electrocardiogram and Echocardiography,234,3,Electrocardiogram and Echocardiography,dataelement,,urn:osse-11:dataelement:297:1,X_234_0_297,True,False,2,direct_resolved
234_3_Electrocardiogram and Echocardiography,234,3,Electrocardiogram and Echocardiography,dataelement,,urn:osse-11:dataelement:298:1,X_234_0_298,False,False,3,direct_resolved
234_3_Electrocardiogram and Echocardiography,234,3,Electrocardiogram and Echocardiography,dataelement,,urn:osse-11:dataelement:299:1,X_234_0_299,False,False,4,direct_resolved
234_3_Electrocardiogram and Echocardiography,234,3,Electrocardiogram and Echocardiography,dataelement,,urn:osse-11:dataelement:300:1,X_234_0_300,True,False,6,direct_resolved
234_3_Electrocardiogram and Echocardiography,234,3,Electrocardiogram and Echocardiography,dataelement,,urn:osse-11:dataelement:301:1,X_234_0_301,False,False,7,direct_resolved
234_3_Electrocardiogram and Echocardiography,234,3,Electrocardiogram and Echocardiography,dataelement,,urn:osse-11:dataelement:302:1,X_234_0_302,False,False,8,direct_resolved
234_3_Electrocardiogram and Echocardiography,234,3,Electrocardiogram and Echocardiography,dataelement,,urn:osse-11:dataelement:303:1,X_234_0_303,False,False,9,direct_resolved
234_3_Electrocardiogram and Echocardiography,234,3,Electrocardiogram and Echocardiography,dataelement,,urn:osse-11:dataelement:305:1,X_234_0_305,False,False,11,direct_resolved
234_3_Electrocardiogram and Echocardiography,234,3,Electrocardiogram and Echocardiography,dataelement,,urn:osse-11:dataelement:306:1,X_234_0_306,False,False,13,direct_resolved
234_3_Electrocardiogram and Echocardiography,234,3,Electrocardiogram and Echocardiography,dataelement,,urn:osse-11:dataelement:307:1,X_234_0_307,False,False,15,direct_resolved
234_3_Electrocardiogram and Echocardiography,234,3,Electrocardiogram and Echocardiography,dataelement,,urn:osse-11:dataelement:308:1,X_234_0_308,False,False,17,direct_resolved
234_3_Electrocardiogram and Echocardiography,234,3,Electrocardiogram and Echocardiography,dataelement,,urn:osse-11:dataelement:309:1,X_234_0_309,False,False,18,direct_resolved
234_3_Electrocardiogram and Echocardiography,234,3,Electrocardiogram and Echocardiography,dataelement,,urn:osse-11:dataelement:310:1,X_234_0_310,False,False,19,direct_resolved
234_3_Electrocardiogram and Echocardiography,234,3,Electrocardiogram and Echocardiography,dataelement,,urn:osse-11:dataelement:311:1,X_234_0_311,False,False,20,direct_resolved
234_3_Electrocardiogram and Echocardiography,234,3,Electrocardiogram and Echocardiography,dataelement,,urn:osse-11:dataelement:312:1,X_234_0_312,False,False,21,direct_resolved
234_3_Electrocardiogram and Echocardiography,234,3,Electrocardiogram and Echocardiography,dataelement,,urn:osse-11:dataelement:313:1,X_234_0_313,False,False,22,direct_resolved
234_3_Electrocardiogram and Echocardiography,234,3,Electrocardiogram and Echocardiography,dataelement,,urn:osse-11:dataelement:314:1,X_234_0_314,False,False,23,direct_resolved
234_3_Electrocardiogram and Echocardiography,234,3,Electrocardiogram and Echocardiography,dataelement,,urn:osse-11:dataelement:315:1,X_234_0_315,False,False,24,direct_resolved
234_3_Electrocardiogram and Echocardiography,234,3,Electrocardiogram and Echocardiography,dataelement,,urn:osse-11:dataelement:316:1,X_234_0_316,False,False,25,direct_resolved
234_3_Electrocardiogram and Echocardiography,234,3,Electrocardiogram and Echocardiography,dataelement,,urn:osse-11:dataelement:317:1,X_234_0_317,False,False,26,direct_resolved
234_3_Electrocardiogram and Echocardiography,234,3,Electrocardiogram and Echocardiography,dataelement,,urn:osse-11:dataelement:318:1,X_234_0_318,False,False,28,direct_resolved
234_3_Electrocardiogram and Echocardiography,234,3,Electrocardiogram and Echocardiography,dataelement,,urn:osse-11:dataelement:319:1,X_234_0_319,False,False,29,direct_resolved
235_1_Scores,235,1,Scores,dataelement,,urn:osse-11:dataelement:320:1,X_235_0_320,True,False,3,direct_resolved
235_1_Scores,235,1,Scores,dataelement,,urn:osse-11:dataelement:321:1,X_235_0_321,True,False,4,direct_resolved
235_1_Scores,235,1,Scores,dataelement,,urn:osse-11:dataelement:322:1,X_235_0_322,True,False,7,direct_resolved
235_1_Scores,235,1,Scores,dataelement,,urn:osse-11:dataelement:324:1,X_235_0_324,False,False,10,direct_resolved
235_1_Scores,235,1,Scores,dataelement,,urn:osse-11:dataelement:328:1,X_235_0_328,True,False,13,direct_resolved
235_1_Scores,235,1,Scores,dataelement,,urn:osse-11:dataelement:329:1,X_235_0_329,True,False,14,direct_resolved
235_1_Scores,235,1,Scores,dataelement,,urn:osse-11:dataelement:56:1,X_235_0_56,False,False,17,direct_resolved
235_1_Scores,235,1,Scores,dataelement,,urn:osse-11:dataelement:336:1,X_235_0_336,False,False,24,direct_resolved
235_1_Scores,235,1,Scores,dataelement,,urn:osse-11:dataelement:88:1,X_235_0_88,False,False,25,direct_resolved
235_1_Scores,235,1,Scores,dataelement,,urn:osse-11:dataelement:91:1,X_235_0_91,False,False,28,direct_resolved
236_1_Status,236,1,Status,dataelement,,urn:osse-11:dataelement:338:1,X_236_0_338,True,False,1,direct_resolved
236_1_Status,236,1,Status,dataelement,,urn:osse-11:dataelement:339:1,X_236_0_339,False,False,3,direct_resolved
236_1_Status,236,1,Status,dataelement,,urn:osse-11:dataelement:340:1,X_236_0_340,False,False,4,direct_resolved
236_1_Status,236,1,Status,dataelement,,urn:osse-11:dataelement:341:1,X_236_0_341,False,False,5,direct_resolved
236_1_Status,236,1,Status,dataelement,,urn:osse-11:dataelement:342:1,X_236_0_342,False,False,7,direct_resolved
236_1_Status,236,1,Status,dataelement,,urn:osse-11:dataelement:343:1,X_236_0_343,True,False,9,direct_resolved
236_1_Status,236,1,Status,dataelement,,urn:osse-11:dataelement:344:1,X_236_0_344,False,False,10,direct_resolved
222_4_Screen data,222,4,Screen data,dataelement,,urn:osse-11:dataelement:42:1,X_222_0_42,True,False,1,direct_resolved
222_4_Screen data,222,4,Screen data,dataelement,,urn:osse-11:dataelement:46:1,X_222_0_46,True,False,3,direct_resolved
222_4_Screen data,222,4,Screen data,dataelement,,urn:osse-11:dataelement:45:1,X_222_0_45,False,False,4,direct_resolved
222_4_Screen data,222,4,Screen data,dataelement,,urn:osse-11:dataelement:47:1,X_222_0_47,True,False,6,direct_resolved
222_4_Screen data,222,4,Screen data,dataelement,,urn:osse-11:dataelement:49:2,X_222_0_49,False,False,8,direct_resolved
222_4_Screen data,222,4,Screen data,dataelement,,urn:osse-11:dataelement:50:1,X_222_0_50,False,False,9,direct_resolved
226_3_Clinical course,226,3,Clinical course,dataelement,,urn:osse-11:dataelement:112:1,X_226_0_112,True,False,1,direct_resolved
226_3_Clinical course,226,3,Clinical course,dataelement,,urn:osse-11:dataelement:113:1,X_226_0_113,True,False,4,direct_resolved
226_3_Clinical course,226,3,Clinical course,dataelement,,urn:osse-11:dataelement:130:1,X_226_0_130,True,False,13,direct_resolved
226_3_Clinical course,226,3,Clinical course,dataelement,,urn:osse-11:dataelement:131:1,X_226_0_131,True,False,14,direct_resolved
226_3_Clinical course,226,3,Clinical course,dataelement,,urn:osse-11:dataelement:132:1,X_226_0_132,True,False,15,direct_resolved
226_3_Clinical course,226,3,Clinical course,dataelement,,urn:osse-11:dataelement:137:1,X_226_0_137,False,False,17,direct_resolved
222_5_Screen data,222,5,Screen data,dataelement,,urn:osse-11:dataelement:42:1,X_222_0_42,True,False,1,direct_resolved
222_5_Screen data,222,5,Screen data,dataelement,,urn:osse-11:dataelement:46:1,X_222_0_46,True,False,3,direct_resolved
222_5_Screen data,222,5,Screen data,dataelement,,urn:osse-11:dataelement:45:1,X_222_0_45,False,False,4,direct_resolved
222_5_Screen data,222,5,Screen data,dataelement,,urn:osse-11:dataelement:47:1,X_222_0_47,True,False,6,direct_resolved
222_5_Screen data,222,5,Screen data,dataelement,,urn:osse-11:dataelement:48:1,X_222_0_48,True,False,7,direct_resolved
222_5_Screen data,222,5,Screen data,dataelement,,urn:osse-11:dataelement:49:2,X_222_0_49,False,False,8,direct_resolved
222_5_Screen data,222,5,Screen data,dataelement,,urn:osse-11:dataelement:50:1,X_222_0_50,False,False,9,direct_resolved
226_4_Previous clinical course,226,4,Previous clinical course,dataelement,,urn:osse-11:dataelement:112:1,X_226_0_112,True,False,1,direct_resolved
226_4_Previous clinical course,226,4,Previous clinical course,dataelement,,urn:osse-11:dataelement:113:1,X_226_0_113,True,False,4,direct_resolved
226_4_Previous clinical course,226,4,Previous clinical course,dataelement,,urn:osse-11:dataelement:130:1,X_226_0_130,True,False,13,direct_resolved
226_4_Previous clinical course,226,4,Previous clinical course,dataelement,,urn:osse-11:dataelement:131:1,X_226_0_131,True,False,14,direct_resolved
226_4_Previous clinical course,226,4,Previous clinical course,dataelement,,urn:osse-11:dataelement:132:1,X_226_0_132,True,False,15,direct_resolved
226_4_Previous clinical course,226,4,Previous clinical course,dataelement,,urn:osse-11:dataelement:137:1,X_226_0_137,False,False,17,direct_resolved
226_5_Previous clinical course,226,5,Previous clinical course,dataelement,,urn:osse-11:dataelement:112:1,X_226_0_112,True,False,1,direct_resolved
226_5_Previous clinical course,226,5,Previous clinical course,dataelement,,urn:osse-11:dataelement:113:1,X_226_0_113,True,False,4,direct_resolved
226_5_Previous clinical course,226,5,Previous clinical course,dataelement,,urn:osse-11:dataelement:130:1,X_226_0_130,True,False,13,direct_resolved
226_5_Previous clinical course,226,5,Previous clinical course,dataelement,,urn:osse-11:dataelement:131:1,X_226_0_131,True,False,14,direct_resolved
226_5_Previous clinical course,226,5,Previous clinical course,dataelement,,urn:osse-11:dataelement:132:1,X_226_0_132,True,False,15,direct_resolved
226_5_Previous clinical course,226,5,Previous clinical course,dataelement,,urn:osse-11:dataelement:137:1,X_226_0_137,False,False,17,direct_resolved
222_6_Screen data,222,6,Screen data,dataelement,,urn:osse-11:dataelement:42:1,X_222_0_42,True,False,1,direct_resolved
222_6_Screen data,222,6,Screen data,dataelement,,urn:osse-11:dataelement:46:1,X_222_0_46,True,False,3,direct_resolved
222_6_Screen data,222,6,Screen data,dataelement,,urn:osse-11:dataelement:45:1,X_222_0_45,False,False,4,direct_resolved
222_6_Screen data,222,6,Screen data,dataelement,,urn:osse-11:dataelement:345:1,X_222_0_345,True,False,6,direct_resolved
222_6_Screen data,222,6,Screen data,dataelement,,urn:osse-11:dataelement:47:1,X_222_0_47,True,False,7,direct_resolved
222_6_Screen data,222,6,Screen data,dataelement,,urn:osse-11:dataelement:48:1,X_222_0_48,True,False,8,direct_resolved
222_6_Screen data,222,6,Screen data,dataelement,,urn:osse-11:dataelement:49:2,X_222_0_49,False,False,9,direct_resolved
222_6_Screen data,222,6,Screen data,dataelement,,urn:osse-11:dataelement:50:1,X_222_0_50,False,False,10,direct_resolved
222_7_Screen data,222,7,Screen data,dataelement,,urn:osse-11:dataelement:42:1,X_222_0_42,True,False,1,direct_resolved
222_7_Screen data,222,7,Screen data,dataelement,,urn:osse-11:dataelement:46:1,X_222_0_46,True,False,3,direct_resolved
222_7_Screen data,222,7,Screen data,dataelement,,urn:osse-11:dataelement:45:1,X_222_0_45,False,False,4,direct_resolved
222_7_Screen data,222,7,Screen data,dataelement,,urn:osse-11:dataelement:345:1,X_222_0_345,True,False,6,direct_resolved
222_7_Screen data,222,7,Screen data,dataelement,,urn:osse-11:dataelement:47:1,X_222_0_47,True,False,7,direct_resolved
222_7_Screen data,222,7,Screen data,dataelement,,urn:osse-11:dataelement:48:1,X_222_0_48,True,False,8,direct_resolved
222_7_Screen data,222,7,Screen data,dataelement,,urn:osse-11:dataelement:49:2,X_222_0_49,False,False,9,direct_resolved
222_7_Screen data,222,7,Screen data,dataelement,,urn:osse-11:dataelement:50:1,X_222_0_50,False,False,10,direct_resolved
222_7_Screen data,222,7,Screen data,dataelement,,urn:osse-11:dataelement:52:2,X_222_0_52,False,False,11,direct_resolved
222_8_Screen data,222,8,Screen data,dataelement,,urn:osse-11:dataelement:42:1,X_222_0_42,True,False,1,direct_resolved
222_8_Screen data,222,8,Screen data,dataelement,,urn:osse-11:dataelement:43:2,X_222_0_43,True,False,2,direct_resolved
222_8_Screen data,222,8,Screen data,dataelement,,urn:osse-11:dataelement:46:1,X_222_0_46,True,False,3,direct_resolved
222_8_Screen data,222,8,Screen data,dataelement,,urn:osse-11:dataelement:45:1,X_222_0_45,False,False,4,direct_resolved
222_8_Screen data,222,8,Screen data,dataelement,,urn:osse-11:dataelement:345:1,X_222_0_345,True,False,6,direct_resolved
222_8_Screen data,222,8,Screen data,dataelement,,urn:osse-11:dataelement:47:1,X_222_0_47,True,False,7,direct_resolved
222_8_Screen data,222,8,Screen data,dataelement,,urn:osse-11:dataelement:48:1,X_222_0_48,True,False,8,direct_resolved
222_8_Screen data,222,8,Screen data,dataelement,,urn:osse-11:dataelement:49:2,X_222_0_49,False,False,9,direct_resolved
222_8_Screen data,222,8,Screen data,dataelement,,urn:osse-11:dataelement:50:1,X_222_0_50,False,False,10,direct_resolved
222_8_Screen data,222,8,Screen data,dataelement,,urn:osse-11:dataelement:52:2,X_222_0_52,False,False,11,direct_resolved
226_6_Previous clinical course,226,6,Previous clinical course,dataelement,,urn:osse-11:dataelement:112:1,X_226_0_112,True,False,1,direct_resolved
226_6_Previous clinical course,226,6,Previous clinical course,dataelement,,urn:osse-11:dataelement:113:1,X_226_0_113,True,False,4,direct_resolved
226_6_Previous clinical course,226,6,Previous clinical course,dataelement,,urn:osse-11:dataelement:130:1,X_226_0_130,False,False,13,direct_resolved
226_6_Previous clinical course,226,6,Previous clinical course,dataelement,,urn:osse-11:dataelement:131:1,X_226_0_131,False,False,14,direct_resolved
226_6_Previous clinical course,226,6,Previous clinical course,dataelement,,urn:osse-11:dataelement:132:1,X_226_0_132,False,False,15,direct_resolved
226_6_Previous clinical course,226,6,Previous clinical course,dataelement,,urn:osse-11:dataelement:137:1,X_226_0_137,False,False,17,direct_resolved
233_3_Treatment,233,3,Treatment,dataelement,,urn:osse-11:dataelement:158:1,X_233_0_158,False,False,7,direct_resolved
233_3_Treatment,233,3,Treatment,dataelement,,urn:osse-11:dataelement:159:1,X_233_0_159,False,False,8,direct_resolved
233_3_Treatment,233,3,Treatment,dataelement,,urn:osse-11:dataelement:162:1,X_233_0_162,False,False,11,direct_resolved
233_3_Treatment,233,3,Treatment,dataelement,,urn:osse-11:dataelement:293:1,X_233_0_293,False,True,15,direct_resolved
233_3_Treatment,233,3,Treatment,dataelement,,urn:osse-11:dataelement:169:1,X_233_0_169,False,False,16,direct_resolved
233_3_Treatment,233,3,Treatment,dataelement,,urn:osse-11:dataelement:294:1,X_233_0_294,False,True,17,direct_resolved
233_3_Treatment,233,3,Treatment,dataelement,,urn:osse-11:dataelement:170:1,X_233_0_170,False,False,18,direct_resolved
233_3_Treatment,233,3,Treatment,dataelement,,urn:osse-11:dataelement:171:1,X_233_0_171,False,False,19,direct_resolved
233_3_Treatment,233,3,Treatment,dataelement,,urn:osse-11:dataelement:172:1,X_233_0_172,False,False,20,direct_resolved
233_3_Treatment,233,3,Treatment,dataelement,,urn:osse-11:dataelement:173:1,X_233_0_173,False,False,21,direct_resolved
233_3_Treatment,233,3,Treatment,dataelement,,urn:osse-11:dataelement:174:1,X_233_0_174,False,False,22,direct_resolved
233_3_Treatment,233,3,Treatment,dataelement,,urn:osse-11:dataelement:180:1,X_233_0_180,False,False,25,direct_resolved
233_3_Treatment,233,3,Treatment,dataelement,,urn:osse-11:dataelement:295:1,X_233_0_295,False,True,26,direct_resolved
233_3_Treatment,233,3,Treatment,dataelement,,urn:osse-11:dataelement:185:1,X_233_0_185,False,False,29,direct_resolved
233_3_Treatment,233,3,Treatment,dataelement,,urn:osse-11:dataelement:188:1,X_233_0_188,False,False,31,direct_resolved
233_3_Treatment,233,3,Treatment,dataelement,,urn:osse-11:dataelement:191:1,X_233_0_191,True,False,34,direct_resolved
233_3_Treatment,233,3,Treatment,dataelement,,urn:osse-11:dataelement:296:1,X_233_0_296,False,False,35,direct_resolved
233_3_Treatment,233,3,Treatment,dataelement,,urn:osse-11:dataelement:193:1,X_233_0_193,False,False,37,direct_resolved
233_3_Treatment,233,3,Treatment,dataelement,,urn:osse-11:dataelement:195:1,X_233_0_195,False,True,38,direct_resolved
233_3_Treatment,233,3,Treatment,dataelement,,urn:osse-11:dataelement:194:1,X_233_0_194,False,False,40,direct_resolved
233_3_Treatment,233,3,Treatment,dataelement,,urn:osse-11:dataelement:196:1,X_233_0_196,False,True,41,direct_resolved
230_3_Physical examination,230,3,Physical examination,dataelement,,urn:osse-11:dataelement:232:1,X_230_0_232,True,False,1,direct_resolved
230_3_Physical examination,230,3,Physical examination,dataelement,,urn:osse-11:dataelement:233:1,X_230_0_233,True,False,2,direct_resolved
230_3_Physical examination,230,3,Physical examination,dataelement,,urn:osse-11:dataelement:236:1,X_230_0_236,True,False,5,direct_resolved
230_3_Physical examination,230,3,Physical examination,dataelement,,urn:osse-11:dataelement:237:1,X_230_0_237,True,False,6,direct_resolved
230_3_Physical examination,230,3,Physical examination,dataelement,,urn:osse-11:dataelement:67:1,X_230_0_67,True,False,7,direct_resolved
230_3_Physical examination,230,3,Physical examination,dataelement,,urn:osse-11:dataelement:68:1,X_230_0_68,True,False,8,direct_resolved
230_3_Physical examination,230,3,Physical examination,dataelement,,urn:osse-11:dataelement:69:1,X_230_0_69,True,False,9,direct_resolved
230_3_Physical examination,230,3,Physical examination,dataelement,,urn:osse-11:dataelement:238:1,X_230_0_238,True,False,10,direct_resolved
230_3_Physical examination,230,3,Physical examination,dataelement,,urn:osse-11:dataelement:239:1,X_230_0_239,True,False,11,direct_resolved
230_3_Physical examination,230,3,Physical examination,dataelement,,urn:osse-11:dataelement:240:1,X_230_0_240,True,False,12,direct_resolved
230_3_Physical examination,230,3,Physical examination,dataelement,,urn:osse-11:dataelement:73:1,X_230_0_73,False,False,13,direct_resolved
230_3_Physical examination,230,3,Physical examination,dataelement,,urn:osse-11:dataelement:74:1,X_230_0_74,True,False,14,direct_resolved
230_3_Physical examination,230,3,Physical examination,dataelement,,urn:osse-11:dataelement:75:1,X_230_0_75,False,False,15,direct_resolved
230_3_Physical examination,230,3,Physical examination,dataelement,,urn:osse-11:dataelement:76:1,X_230_0_76,False,False,16,direct_resolved
230_3_Physical examination,230,3,Physical examination,dataelement,,urn:osse-11:dataelement:77:1,X_230_0_77,False,False,17,direct_resolved
230_3_Physical examination,230,3,Physical examination,dataelement,,urn:osse-11:dataelement:78:1,X_230_0_78,False,False,18,direct_resolved
230_3_Physical examination,230,3,Physical examination,dataelement,,urn:osse-11:dataelement:80:1,X_230_0_80,False,False,19,direct_resolved
230_3_Physical examination,230,3,Physical examination,dataelement,,urn:osse-11:dataelement:81:1,X_230_0_81,False,False,20,direct_resolved
230_3_Physical examination,230,3,Physical examination,dataelement,,urn:osse-11:dataelement:82:1,X_230_0_82,False,False,21,direct_resolved
230_3_Physical examination,230,3,Physical examination,dataelement,,urn:osse-11:dataelement:83:1,X_230_0_83,False,False,22,direct_resolved
230_3_Physical examination,230,3,Physical examination,dataelement,,urn:osse-11:dataelement:84:1,X_230_0_84,False,False,23,direct_resolved
230_3_Physical examination,230,3,Physical examination,dataelement,,urn:osse-11:dataelement:85:1,X_230_0_85,False,False,24,direct_resolved
230_3_Physical examination,230,3,Physical examination,dataelement,,urn:osse-11:dataelement:79:1,X_230_0_79,False,False,25,direct_resolved
229_2_Clinical features,229,2,Clinical features,dataelement,,urn:osse-11:dataelement:122:1,X_229_0_122,True,False,4,direct_resolved
229_2_Clinical features,229,2,Clinical features,dataelement,,urn:osse-11:dataelement:219:1,X_229_0_219,True,False,7,direct_resolved
229_2_Clinical features,229,2,Clinical features,dataelement,,urn:osse-11:dataelement:220:1,X_229_0_220,True,False,8,direct_resolved
229_2_Clinical features,229,2,Clinical features,dataelement,,urn:osse-11:dataelement:221:1,X_229_0_221,True,False,9,direct_resolved
229_2_Clinical features,229,2,Clinical features,dataelement,,urn:osse-11:dataelement:222:1,X_229_0_222,False,True,10,direct_resolved
229_2_Clinical features,229,2,Clinical features,dataelement,,urn:osse-11:dataelement:223:1,X_229_0_223,True,False,11,direct_resolved
229_2_Clinical features,229,2,Clinical features,dataelement,,urn:osse-11:dataelement:224:1,X_229_0_224,True,False,12,direct_resolved
229_2_Clinical features,229,2,Clinical features,dataelement,,urn:osse-11:dataelement:225:1,X_229_0_225,True,False,13,direct_resolved
229_2_Clinical features,229,2,Clinical features,dataelement,,urn:osse-11:dataelement:227:1,X_229_0_227,False,False,15,direct_resolved
228_4_Data at visit,228,4,Data at visit,dataelement,,urn:osse-11:dataelement:204:1,X_228_0_204,True,False,4,direct_resolved
228_4_Data at visit,228,4,Data at visit,dataelement,,urn:osse-11:dataelement:205:1,X_228_0_205,True,False,5,direct_resolved
228_4_Data at visit,228,4,Data at visit,dataelement,,urn:osse-11:dataelement:206:1,X_228_0_206,True,False,6,direct_resolved
228_4_Data at visit,228,4,Data at visit,dataelement,,urn:osse-11:dataelement:346:1,X_228_0_346,False,False,7,direct_resolved
228_4_Data at visit,228,4,Data at visit,dataelement,,urn:osse-11:dataelement:207:1,X_228_0_207,True,False,8,direct_resolved
231_5_Laboratory data 1,231,5,Laboratory data 1,dataelement,,urn:osse-11:dataelement:241:1,X_231_0_241,True,False,1,direct_resolved
231_5_Laboratory data 1,231,5,Laboratory data 1,dataelement,,urn:osse-11:dataelement:242:1,X_231_0_242,False,False,2,direct_resolved
231_5_Laboratory data 1,231,5,Laboratory data 1,dataelement,,urn:osse-11:dataelement:244:1,X_231_0_244,False,False,6,direct_resolved
231_5_Laboratory data 1,231,5,Laboratory data 1,dataelement,,urn:osse-11:dataelement:245:1,X_231_0_245,False,False,7,direct_resolved
231_5_Laboratory data 1,231,5,Laboratory data 1,dataelement,,urn:osse-11:dataelement:246:1,X_231_0_246,False,False,8,direct_resolved
231_5_Laboratory data 1,231,5,Laboratory data 1,dataelement,,urn:osse-11:dataelement:247:1,X_231_0_247,False,False,9,direct_resolved
231_5_Laboratory data 1,231,5,Laboratory data 1,dataelement,,urn:osse-11:dataelement:248:1,X_231_0_248,False,False,10,direct_resolved
231_5_Laboratory data 1,231,5,Laboratory data 1,dataelement,,urn:osse-11:dataelement:249:1,X_231_0_249,False,False,11,direct_resolved
231_5_Laboratory data 1,231,5,Laboratory data 1,dataelement,,urn:osse-11:dataelement:250:1,X_231_0_250,False,False,12,direct_resolved
231_5_Laboratory data 1,231,5,Laboratory data 1,dataelement,,urn:osse-11:dataelement:251:1,X_231_0_251,False,False,13,direct_resolved
231_5_Laboratory data 1,231,5,Laboratory data 1,dataelement,,urn:osse-11:dataelement:252:1,X_231_0_252,False,False,14,direct_resolved
231_5_Laboratory data 1,231,5,Laboratory data 1,dataelement,,urn:osse-11:dataelement:253:1,X_231_0_253,False,False,15,direct_resolved
231_5_Laboratory data 1,231,5,Laboratory data 1,dataelement,,urn:osse-11:dataelement:254:1,X_231_0_254,False,False,16,direct_resolved
231_5_Laboratory data 1,231,5,Laboratory data 1,dataelement,,urn:osse-11:dataelement:255:1,X_231_0_255,False,False,17,direct_resolved
231_5_Laboratory data 1,231,5,Laboratory data 1,dataelement,,urn:osse-11:dataelement:256:1,X_231_0_256,False,False,18,direct_resolved
231_5_Laboratory data 1,231,5,Laboratory data 1,dataelement,,urn:osse-11:dataelement:258:1,X_231_0_258,False,False,20,direct_resolved
231_5_Laboratory data 1,231,5,Laboratory data 1,dataelement,,urn:osse-11:dataelement:347:1,X_231_0_347,False,False,22,direct_resolved
231_5_Laboratory data 1,231,5,Laboratory data 1,dataelement,,urn:osse-11:dataelement:260:1,X_231_0_260,False,False,23,direct_resolved
231_5_Laboratory data 1,231,5,Laboratory data 1,dataelement,,urn:osse-11:dataelement:262:1,X_231_0_262,False,False,25,direct_resolved
231_5_Laboratory data 1,231,5,Laboratory data 1,dataelement,,urn:osse-11:dataelement:263:1,X_231_0_263,False,False,26,direct_resolved
231_5_Laboratory data 1,231,5,Laboratory data 1,dataelement,,urn:osse-11:dataelement:264:1,X_231_0_264,False,False,27,direct_resolved
231_5_Laboratory data 1,231,5,Laboratory data 1,dataelement,,urn:osse-11:dataelement:265:1,X_231_0_265,False,False,28,direct_resolved
231_5_Laboratory data 1,231,5,Laboratory data 1,dataelement,,urn:osse-11:dataelement:266:1,X_231_0_266,False,False,29,direct_resolved
231_5_Laboratory data 1,231,5,Laboratory data 1,dataelement,,urn:osse-11:dataelement:267:1,X_231_0_267,False,False,30,direct_resolved
231_5_Laboratory data 1,231,5,Laboratory data 1,dataelement,,urn:osse-11:dataelement:268:1,X_231_0_268,False,False,31,direct_resolved
231_5_Laboratory data 1,231,5,Laboratory data 1,dataelement,,urn:osse-11:dataelement:269:1,X_231_0_269,False,False,32,direct_resolved
231_5_Laboratory data 1,231,5,Laboratory data 1,dataelement,,urn:osse-11:dataelement:270:1,X_231_0_270,False,False,33,direct_resolved
231_5_Laboratory data 1,231,5,Laboratory data 1,dataelement,,urn:osse-11:dataelement:271:1,X_231_0_271,False,False,34,direct_resolved
231_5_Laboratory data 1,231,5,Laboratory data 1,dataelement,,urn:osse-11:dataelement:272:1,X_231_0_272,False,False,35,direct_resolved
231_5_Laboratory data 1,231,5,Laboratory data 1,dataelement,,urn:osse-11:dataelement:273:1,X_231_0_273,False,False,36,direct_resolved
231_5_Laboratory data 1,231,5,Laboratory data 1,dataelement,,urn:osse-11:dataelement:274:1,X_231_0_274,False,False,38,direct_resolved
231_5_Laboratory data 1,231,5,Laboratory data 1,dataelement,,urn:osse-11:dataelement:275:1,X_231_0_275,True,False,39,direct_resolved
231_5_Laboratory data 1,231,5,Laboratory data 1,dataelement,,urn:osse-11:dataelement:276:1,X_231_0_276,False,False,41,direct_resolved
231_5_Laboratory data 1,231,5,Laboratory data 1,dataelement,,urn:osse-11:dataelement:277:1,X_231_0_277,False,False,42,direct_resolved
231_5_Laboratory data 1,231,5,Laboratory data 1,dataelement,,urn:osse-11:dataelement:278:1,X_231_0_278,False,False,43,direct_resolved
227_3_Previous treatments,227,3,Previous treatments,dataelement,,urn:osse-11:dataelement:112:1,X_227_0_112,True,False,1,direct_resolved
227_3_Previous treatments,227,3,Previous treatments,dataelement,,urn:osse-11:dataelement:158:1,X_227_0_158,False,False,8,direct_resolved
227_3_Previous treatments,227,3,Previous treatments,dataelement,,urn:osse-11:dataelement:159:1,X_227_0_159,False,False,9,direct_resolved
227_3_Previous treatments,227,3,Previous treatments,dataelement,,urn:osse-11:dataelement:162:1,X_227_0_162,False,False,12,direct_resolved
227_3_Previous treatments,227,3,Previous treatments,dataelement,,urn:osse-11:dataelement:169:1,X_227_0_169,False,False,16,direct_resolved
227_3_Previous treatments,227,3,Previous treatments,dataelement,,urn:osse-11:dataelement:170:1,X_227_0_170,False,False,17,direct_resolved
227_3_Previous treatments,227,3,Previous treatments,dataelement,,urn:osse-11:dataelement:171:1,X_227_0_171,False,False,18,direct_resolved
227_3_Previous treatments,227,3,Previous treatments,dataelement,,urn:osse-11:dataelement:172:1,X_227_0_172,False,False,19,direct_resolved
227_3_Previous treatments,227,3,Previous treatments,dataelement,,urn:osse-11:dataelement:173:1,X_227_0_173,False,False,20,direct_resolved
227_3_Previous treatments,227,3,Previous treatments,dataelement,,urn:osse-11:dataelement:174:1,X_227_0_174,False,False,21,direct_resolved
227_3_Previous treatments,227,3,Previous treatments,dataelement,,urn:osse-11:dataelement:180:1,X_227_0_180,False,False,24,direct_resolved
227_3_Previous treatments,227,3,Previous treatments,dataelement,,urn:osse-11:dataelement:185:1,X_227_0_185,False,False,27,direct_resolved
227_3_Previous treatments,227,3,Previous treatments,dataelement,,urn:osse-11:dataelement:188:1,X_227_0_188,False,False,29,direct_resolved
227_3_Previous treatments,227,3,Previous treatments,dataelement,,urn:osse-11:dataelement:193:1,X_227_0_193,False,False,33,direct_resolved
227_3_Previous treatments,227,3,Previous treatments,dataelement,,urn:osse-11:dataelement:195:1,X_227_0_195,False,True,34,direct_resolved
227_3_Previous treatments,227,3,Previous treatments,dataelement,,urn:osse-11:dataelement:194:1,X_227_0_194,False,False,36,direct_resolved
227_3_Previous treatments,227,3,Previous treatments,dataelement,,urn:osse-11:dataelement:196:1,X_227_0_196,False,True,37,direct_resolved
225_2_Patient’s information and Medical history,225,2,Patient’s information and Medical history,dataelement,,urn:osse-11:dataelement:55:1,X_225_0_55,True,False,1,direct_resolved
225_2_Patient’s information and Medical history,225,2,Patient’s information and Medical history,dataelement,,urn:osse-11:dataelement:92:1,X_225_0_92,True,False,2,direct_resolved
225_2_Patient’s information and Medical history,225,2,Patient’s information and Medical history,dataelement,,urn:osse-11:dataelement:104:1,X_225_0_104,True,False,5,direct_resolved
225_2_Patient’s information and Medical history,225,2,Patient’s information and Medical history,dataelement,,urn:osse-11:dataelement:346:1,X_225_0_346,False,False,6,direct_resolved
225_2_Patient’s information and Medical history,225,2,Patient’s information and Medical history,dataelement,,urn:osse-11:dataelement:105:1,X_225_0_105,True,False,7,direct_resolved
229_3_Clinical features,229,3,Clinical features,dataelement,,urn:osse-11:dataelement:122:1,X_229_0_122,True,False,4,direct_resolved
229_3_Clinical features,229,3,Clinical features,dataelement,,urn:osse-11:dataelement:219:1,X_229_0_219,True,False,7,direct_resolved
229_3_Clinical features,229,3,Clinical features,dataelement,,urn:osse-11:dataelement:220:1,X_229_0_220,False,False,8,direct_resolved
229_3_Clinical features,229,3,Clinical features,dataelement,,urn:osse-11:dataelement:221:1,X_229_0_221,False,False,9,direct_resolved
229_3_Clinical features,229,3,Clinical features,dataelement,,urn:osse-11:dataelement:222:1,X_229_0_222,False,True,10,direct_resolved
229_3_Clinical features,229,3,Clinical features,dataelement,,urn:osse-11:dataelement:223:1,X_229_0_223,False,False,11,direct_resolved
229_3_Clinical features,229,3,Clinical features,dataelement,,urn:osse-11:dataelement:224:1,X_229_0_224,False,False,12,direct_resolved
229_3_Clinical features,229,3,Clinical features,dataelement,,urn:osse-11:dataelement:225:1,X_229_0_225,False,False,13,direct_resolved
229_3_Clinical features,229,3,Clinical features,dataelement,,urn:osse-11:dataelement:227:1,X_229_0_227,False,False,15,direct_resolved
231_6_Laboratory data 1,231,6,Laboratory data 1,dataelement,,urn:osse-11:dataelement:241:1,X_231_0_241,True,False,1,direct_resolved
231_6_Laboratory data 1,231,6,Laboratory data 1,dataelement,,urn:osse-11:dataelement:242:1,X_231_0_242,False,False,2,direct_resolved
231_6_Laboratory data 1,231,6,Laboratory data 1,dataelement,,urn:osse-11:dataelement:348:1,X_231_0_348,False,False,5,direct_resolved
231_6_Laboratory data 1,231,6,Laboratory data 1,dataelement,,urn:osse-11:dataelement:244:1,X_231_0_244,False,False,6,direct_resolved
231_6_Laboratory data 1,231,6,Laboratory data 1,dataelement,,urn:osse-11:dataelement:245:1,X_231_0_245,False,False,7,direct_resolved
231_6_Laboratory data 1,231,6,Laboratory data 1,dataelement,,urn:osse-11:dataelement:246:1,X_231_0_246,False,False,8,direct_resolved
231_6_Laboratory data 1,231,6,Laboratory data 1,dataelement,,urn:osse-11:dataelement:247:1,X_231_0_247,False,False,9,direct_resolved
231_6_Laboratory data 1,231,6,Laboratory data 1,dataelement,,urn:osse-11:dataelement:248:1,X_231_0_248,False,False,10,direct_resolved
231_6_Laboratory data 1,231,6,Laboratory data 1,dataelement,,urn:osse-11:dataelement:249:1,X_231_0_249,False,False,11,direct_resolved
231_6_Laboratory data 1,231,6,Laboratory data 1,dataelement,,urn:osse-11:dataelement:250:1,X_231_0_250,False,False,12,direct_resolved
231_6_Laboratory data 1,231,6,Laboratory data 1,dataelement,,urn:osse-11:dataelement:251:1,X_231_0_251,False,False,13,direct_resolved
231_6_Laboratory data 1,231,6,Laboratory data 1,dataelement,,urn:osse-11:dataelement:252:1,X_231_0_252,False,False,14,direct_resolved
231_6_Laboratory data 1,231,6,Laboratory data 1,dataelement,,urn:osse-11:dataelement:253:1,X_231_0_253,False,False,15,direct_resolved
231_6_Laboratory data 1,231,6,Laboratory data 1,dataelement,,urn:osse-11:dataelement:254:1,X_231_0_254,False,False,16,direct_resolved
231_6_Laboratory data 1,231,6,Laboratory data 1,dataelement,,urn:osse-11:dataelement:255:1,X_231_0_255,False,False,17,direct_resolved
231_6_Laboratory data 1,231,6,Laboratory data 1,dataelement,,urn:osse-11:dataelement:256:1,X_231_0_256,False,False,18,direct_resolved
231_6_Laboratory data 1,231,6,Laboratory data 1,dataelement,,urn:osse-11:dataelement:258:1,X_231_0_258,False,False,20,direct_resolved
231_6_Laboratory data 1,231,6,Laboratory data 1,dataelement,,urn:osse-11:dataelement:347:1,X_231_0_347,False,False,22,direct_resolved
231_6_Laboratory data 1,231,6,Laboratory data 1,dataelement,,urn:osse-11:dataelement:260:1,X_231_0_260,False,False,23,direct_resolved
231_6_Laboratory data 1,231,6,Laboratory data 1,dataelement,,urn:osse-11:dataelement:262:1,X_231_0_262,False,False,25,direct_resolved
231_6_Laboratory data 1,231,6,Laboratory data 1,dataelement,,urn:osse-11:dataelement:263:1,X_231_0_263,False,False,26,direct_resolved
231_6_Laboratory data 1,231,6,Laboratory data 1,dataelement,,urn:osse-11:dataelement:264:1,X_231_0_264,False,False,27,direct_resolved
231_6_Laboratory data 1,231,6,Laboratory data 1,dataelement,,urn:osse-11:dataelement:265:1,X_231_0_265,False,False,28,direct_resolved
231_6_Laboratory data 1,231,6,Laboratory data 1,dataelement,,urn:osse-11:dataelement:266:1,X_231_0_266,False,False,29,direct_resolved
231_6_Laboratory data 1,231,6,Laboratory data 1,dataelement,,urn:osse-11:dataelement:267:1,X_231_0_267,False,False,30,direct_resolved
231_6_Laboratory data 1,231,6,Laboratory data 1,dataelement,,urn:osse-11:dataelement:268:1,X_231_0_268,False,False,31,direct_resolved
231_6_Laboratory data 1,231,6,Laboratory data 1,dataelement,,urn:osse-11:dataelement:269:1,X_231_0_269,False,False,32,direct_resolved
231_6_Laboratory data 1,231,6,Laboratory data 1,dataelement,,urn:osse-11:dataelement:270:1,X_231_0_270,False,False,33,direct_resolved
231_6_Laboratory data 1,231,6,Laboratory data 1,dataelement,,urn:osse-11:dataelement:271:1,X_231_0_271,False,False,34,direct_resolved
231_6_Laboratory data 1,231,6,Laboratory data 1,dataelement,,urn:osse-11:dataelement:272:1,X_231_0_272,False,False,35,direct_resolved
231_6_Laboratory data 1,231,6,Laboratory data 1,dataelement,,urn:osse-11:dataelement:273:1,X_231_0_273,False,False,36,direct_resolved
231_6_Laboratory data 1,231,6,Laboratory data 1,dataelement,,urn:osse-11:dataelement:274:1,X_231_0_274,False,False,38,direct_resolved
231_6_Laboratory data 1,231,6,Laboratory data 1,dataelement,,urn:osse-11:dataelement:275:1,X_231_0_275,True,False,39,direct_resolved
231_6_Laboratory data 1,231,6,Laboratory data 1,dataelement,,urn:osse-11:dataelement:276:1,X_231_0_276,False,False,41,direct_resolved
231_6_Laboratory data 1,231,6,Laboratory data 1,dataelement,,urn:osse-11:dataelement:277:1,X_231_0_277,False,False,42,direct_resolved
231_6_Laboratory data 1,231,6,Laboratory data 1,dataelement,,urn:osse-11:dataelement:278:1,X_231_0_278,False,False,43,direct_resolved
235_2_Scores,235,2,Scores,dataelement,,urn:osse-11:dataelement:320:1,X_235_0_320,True,False,3,direct_resolved
235_2_Scores,235,2,Scores,dataelement,,urn:osse-11:dataelement:321:1,X_235_0_321,True,False,4,direct_resolved
235_2_Scores,235,2,Scores,dataelement,,urn:osse-11:dataelement:322:1,X_235_0_322,True,False,7,direct_resolved
235_2_Scores,235,2,Scores,dataelement,,urn:osse-11:dataelement:324:1,X_235_0_324,False,False,10,direct_resolved
235_2_Scores,235,2,Scores,dataelement,,urn:osse-11:dataelement:328:1,X_235_0_328,True,False,13,direct_resolved
235_2_Scores,235,2,Scores,dataelement,,urn:osse-11:dataelement:329:1,X_235_0_329,True,False,14,direct_resolved
235_2_Scores,235,2,Scores,dataelement,,urn:osse-11:dataelement:56:1,X_235_0_56,False,False,17,direct_resolved
235_2_Scores,235,2,Scores,dataelement,,urn:osse-11:dataelement:336:1,X_235_0_336,False,False,24,direct_resolved
235_2_Scores,235,2,Scores,dataelement,,urn:osse-11:dataelement:88:1,X_235_0_88,False,False,25,direct_resolved
235_2_Scores,235,2,Scores,dataelement,,urn:osse-11:dataelement:91:1,X_235_0_91,False,False,28,direct_resolved
230_4_Physical examination,230,4,Physical examination,dataelement,,urn:osse-11:dataelement:232:1,X_230_0_232,True,False,1,direct_resolved
230_4_Physical examination,230,4,Physical examination,dataelement,,urn:osse-11:dataelement:233:1,X_230_0_233,True,False,2,direct_resolved
230_4_Physical examination,230,4,Physical examination,dataelement,,urn:osse-11:dataelement:349:1,X_230_0_349,False,False,3,direct_resolved
230_4_Physical examination,230,4,Physical examination,dataelement,,urn:osse-11:dataelement:236:1,X_230_0_236,True,False,4,direct_resolved
230_4_Physical examination,230,4,Physical examination,dataelement,,urn:osse-11:dataelement:237:1,X_230_0_237,True,False,5,direct_resolved
230_4_Physical examination,230,4,Physical examination,dataelement,,urn:osse-11:dataelement:67:1,X_230_0_67,True,False,6,direct_resolved
230_4_Physical examination,230,4,Physical examination,dataelement,,urn:osse-11:dataelement:68:1,X_230_0_68,True,False,7,direct_resolved
230_4_Physical examination,230,4,Physical examination,dataelement,,urn:osse-11:dataelement:69:1,X_230_0_69,True,False,8,direct_resolved
230_4_Physical examination,230,4,Physical examination,dataelement,,urn:osse-11:dataelement:238:1,X_230_0_238,True,False,9,direct_resolved
230_4_Physical examination,230,4,Physical examination,dataelement,,urn:osse-11:dataelement:239:1,X_230_0_239,True,False,10,direct_resolved
230_4_Physical examination,230,4,Physical examination,dataelement,,urn:osse-11:dataelement:240:1,X_230_0_240,True,False,11,direct_resolved
230_4_Physical examination,230,4,Physical examination,dataelement,,urn:osse-11:dataelement:73:1,X_230_0_73,True,False,12,direct_resolved
230_4_Physical examination,230,4,Physical examination,dataelement,,urn:osse-11:dataelement:74:1,X_230_0_74,False,False,13,direct_resolved
230_4_Physical examination,230,4,Physical examination,dataelement,,urn:osse-11:dataelement:75:1,X_230_0_75,True,False,14,direct_resolved
230_4_Physical examination,230,4,Physical examination,dataelement,,urn:osse-11:dataelement:76:1,X_230_0_76,False,False,15,direct_resolved
230_4_Physical examination,230,4,Physical examination,dataelement,,urn:osse-11:dataelement:77:1,X_230_0_77,False,False,16,direct_resolved
230_4_Physical examination,230,4,Physical examination,dataelement,,urn:osse-11:dataelement:78:1,X_230_0_78,False,False,17,direct_resolved
230_4_Physical examination,230,4,Physical examination,dataelement,,urn:osse-11:dataelement:80:1,X_230_0_80,False,False,18,direct_resolved
230_4_Physical examination,230,4,Physical examination,dataelement,,urn:osse-11:dataelement:81:1,X_230_0_81,False,False,19,direct_resolved
230_4_Physical examination,230,4,Physical examination,dataelement,,urn:osse-11:dataelement:82:1,X_230_0_82,False,False,20,direct_resolved
230_4_Physical examination,230,4,Physical examination,dataelement,,urn:osse-11:dataelement:83:1,X_230_0_83,False,False,21,direct_resolved
230_4_Physical examination,230,4,Physical examination,dataelement,,urn:osse-11:dataelement:84:1,X_230_0_84,False,False,22,direct_resolved
230_4_Physical examination,230,4,Physical examination,dataelement,,urn:osse-11:dataelement:85:1,X_230_0_85,False,False,23,direct_resolved
230_4_Physical examination,230,4,Physical examination,dataelement,,urn:osse-11:dataelement:79:1,X_230_0_79,False,False,24,direct_resolved
230_5_Physical examination,230,5,Physical examination,dataelement,,urn:osse-11:dataelement:232:1,X_230_0_232,True,False,1,direct_resolved
230_5_Physical examination,230,5,Physical examination,dataelement,,urn:osse-11:dataelement:233:1,X_230_0_233,True,False,2,direct_resolved
230_5_Physical examination,230,5,Physical examination,dataelement,,urn:osse-11:dataelement:349:1,X_230_0_349,False,False,3,direct_resolved
230_5_Physical examination,230,5,Physical examination,dataelement,,urn:osse-11:dataelement:236:1,X_230_0_236,True,False,4,direct_resolved
230_5_Physical examination,230,5,Physical examination,dataelement,,urn:osse-11:dataelement:237:1,X_230_0_237,True,False,5,direct_resolved
230_5_Physical examination,230,5,Physical examination,dataelement,,urn:osse-11:dataelement:67:1,X_230_0_67,True,False,6,direct_resolved
230_5_Physical examination,230,5,Physical examination,dataelement,,urn:osse-11:dataelement:68:1,X_230_0_68,True,False,7,direct_resolved
230_5_Physical examination,230,5,Physical examination,dataelement,,urn:osse-11:dataelement:69:1,X_230_0_69,True,False,8,direct_resolved
230_5_Physical examination,230,5,Physical examination,dataelement,,urn:osse-11:dataelement:238:1,X_230_0_238,True,False,9,direct_resolved
230_5_Physical examination,230,5,Physical examination,dataelement,,urn:osse-11:dataelement:239:1,X_230_0_239,True,False,10,direct_resolved
230_5_Physical examination,230,5,Physical examination,dataelement,,urn:osse-11:dataelement:240:1,X_230_0_240,True,False,11,direct_resolved
230_5_Physical examination,230,5,Physical examination,dataelement,,urn:osse-11:dataelement:73:1,X_230_0_73,True,False,12,direct_resolved
230_5_Physical examination,230,5,Physical examination,dataelement,,urn:osse-11:dataelement:74:1,X_230_0_74,False,False,13,direct_resolved
230_5_Physical examination,230,5,Physical examination,dataelement,,urn:osse-11:dataelement:75:1,X_230_0_75,False,False,14,direct_resolved
230_5_Physical examination,230,5,Physical examination,dataelement,,urn:osse-11:dataelement:76:1,X_230_0_76,False,False,15,direct_resolved
230_5_Physical examination,230,5,Physical examination,dataelement,,urn:osse-11:dataelement:77:1,X_230_0_77,False,False,16,direct_resolved
230_5_Physical examination,230,5,Physical examination,dataelement,,urn:osse-11:dataelement:78:1,X_230_0_78,False,False,17,direct_resolved
230_5_Physical examination,230,5,Physical examination,dataelement,,urn:osse-11:dataelement:80:1,X_230_0_80,False,False,18,direct_resolved
230_5_Physical examination,230,5,Physical examination,dataelement,,urn:osse-11:dataelement:81:1,X_230_0_81,False,False,19,direct_resolved
230_5_Physical examination,230,5,Physical examination,dataelement,,urn:osse-11:dataelement:82:1,X_230_0_82,False,False,20,direct_resolved
230_5_Physical examination,230,5,Physical examination,dataelement,,urn:osse-11:dataelement:83:1,X_230_0_83,False,False,21,direct_resolved
230_5_Physical examination,230,5,Physical examination,dataelement,,urn:osse-11:dataelement:84:1,X_230_0_84,False,False,22,direct_resolved
230_5_Physical examination,230,5,Physical examination,dataelement,,urn:osse-11:dataelement:85:1,X_230_0_85,False,False,23,direct_resolved
230_5_Physical examination,230,5,Physical examination,dataelement,,urn:osse-11:dataelement:79:1,X_230_0_79,False,False,24,direct_resolved
224_3_ACLF evaluation,224,3,ACLF evaluation,dataelement,,urn:osse-11:dataelement:62:1,X_224_0_62,False,False,5,direct_resolved
224_3_ACLF evaluation,224,3,ACLF evaluation,dataelement,,urn:osse-11:dataelement:63:1,X_224_0_63,False,False,6,direct_resolved
224_3_ACLF evaluation,224,3,ACLF evaluation,dataelement,,urn:osse-11:dataelement:88:1,X_224_0_88,False,False,9,direct_resolved
224_3_ACLF evaluation,224,3,ACLF evaluation,dataelement,,urn:osse-11:dataelement:89:1,X_224_0_89,False,False,10,direct_resolved
224_3_ACLF evaluation,224,3,ACLF evaluation,dataelement,,urn:osse-11:dataelement:90:1,X_224_0_90,False,False,11,direct_resolved
224_3_ACLF evaluation,224,3,ACLF evaluation,dataelement,,urn:osse-11:dataelement:91:1,X_224_0_91,False,False,12,direct_resolved
233_4_Treatment,233,4,Treatment,dataelement,,urn:osse-11:dataelement:158:1,X_233_0_158,False,False,7,direct_resolved
233_4_Treatment,233,4,Treatment,dataelement,,urn:osse-11:dataelement:159:1,X_233_0_159,False,False,8,direct_resolved
233_4_Treatment,233,4,Treatment,dataelement,,urn:osse-11:dataelement:162:1,X_233_0_162,False,False,12,direct_resolved
233_4_Treatment,233,4,Treatment,dataelement,,urn:osse-11:dataelement:293:1,X_233_0_293,False,True,18,direct_resolved
233_4_Treatment,233,4,Treatment,dataelement,,urn:osse-11:dataelement:169:1,X_233_0_169,False,False,19,direct_resolved
233_4_Treatment,233,4,Treatment,dataelement,,urn:osse-11:dataelement:294:1,X_233_0_294,False,True,20,direct_resolved
233_4_Treatment,233,4,Treatment,dataelement,,urn:osse-11:dataelement:170:1,X_233_0_170,False,False,21,direct_resolved
233_4_Treatment,233,4,Treatment,dataelement,,urn:osse-11:dataelement:171:1,X_233_0_171,False,False,22,direct_resolved
233_4_Treatment,233,4,Treatment,dataelement,,urn:osse-11:dataelement:172:1,X_233_0_172,False,False,24,direct_resolved
233_4_Treatment,233,4,Treatment,dataelement,,urn:osse-11:dataelement:173:1,X_233_0_173,False,False,25,direct_resolved
233_4_Treatment,233,4,Treatment,dataelement,,urn:osse-11:dataelement:174:1,X_233_0_174,False,False,26,direct_resolved
233_4_Treatment,233,4,Treatment,dataelement,,urn:osse-11:dataelement:180:1,X_233_0_180,False,False,30,direct_resolved
233_4_Treatment,233,4,Treatment,dataelement,,urn:osse-11:dataelement:295:1,X_233_0_295,False,True,31,direct_resolved
233_4_Treatment,233,4,Treatment,dataelement,,urn:osse-11:dataelement:185:1,X_233_0_185,False,False,34,direct_resolved
233_4_Treatment,233,4,Treatment,dataelement,,urn:osse-11:dataelement:188:1,X_233_0_188,False,False,36,direct_resolved
233_4_Treatment,233,4,Treatment,dataelement,,urn:osse-11:dataelement:191:1,X_233_0_191,True,False,39,direct_resolved
233_4_Treatment,233,4,Treatment,dataelement,,urn:osse-11:dataelement:296:1,X_233_0_296,False,False,40,direct_resolved
233_4_Treatment,233,4,Treatment,dataelement,,urn:osse-11:dataelement:193:1,X_233_0_193,False,False,42,direct_resolved
233_4_Treatment,233,4,Treatment,dataelement,,urn:osse-11:dataelement:195:1,X_233_0_195,False,True,43,direct_resolved
233_4_Treatment,233,4,Treatment,dataelement,,urn:osse-11:dataelement:194:1,X_233_0_194,False,False,45,direct_resolved
233_4_Treatment,233,4,Treatment,dataelement,,urn:osse-11:dataelement:196:1,X_233_0_196,False,True,46,direct_resolved
233_5_Treatment,233,5,Treatment,dataelement,,urn:osse-11:dataelement:158:1,X_233_0_158,False,False,7,direct_resolved
233_5_Treatment,233,5,Treatment,dataelement,,urn:osse-11:dataelement:159:1,X_233_0_159,False,False,8,direct_resolved
233_5_Treatment,233,5,Treatment,dataelement,,urn:osse-11:dataelement:162:1,X_233_0_162,False,False,12,direct_resolved
233_5_Treatment,233,5,Treatment,dataelement,,urn:osse-11:dataelement:293:1,X_233_0_293,False,True,20,direct_resolved
233_5_Treatment,233,5,Treatment,dataelement,,urn:osse-11:dataelement:169:1,X_233_0_169,False,False,21,direct_resolved
233_5_Treatment,233,5,Treatment,dataelement,,urn:osse-11:dataelement:294:1,X_233_0_294,False,True,22,direct_resolved
233_5_Treatment,233,5,Treatment,dataelement,,urn:osse-11:dataelement:170:1,X_233_0_170,False,False,23,direct_resolved
233_5_Treatment,233,5,Treatment,dataelement,,urn:osse-11:dataelement:171:1,X_233_0_171,False,False,24,direct_resolved
233_5_Treatment,233,5,Treatment,dataelement,,urn:osse-11:dataelement:172:1,X_233_0_172,False,False,27,direct_resolved
233_5_Treatment,233,5,Treatment,dataelement,,urn:osse-11:dataelement:173:1,X_233_0_173,False,False,28,direct_resolved
233_5_Treatment,233,5,Treatment,dataelement,,urn:osse-11:dataelement:174:1,X_233_0_174,False,False,29,direct_resolved
233_5_Treatment,233,5,Treatment,dataelement,,urn:osse-11:dataelement:180:1,X_233_0_180,False,False,34,direct_resolved
233_5_Treatment,233,5,Treatment,dataelement,,urn:osse-11:dataelement:295:1,X_233_0_295,False,True,35,direct_resolved
233_5_Treatment,233,5,Treatment,dataelement,,urn:osse-11:dataelement:185:1,X_233_0_185,False,False,38,direct_resolved
233_5_Treatment,233,5,Treatment,dataelement,,urn:osse-11:dataelement:188:1,X_233_0_188,False,False,40,direct_resolved
233_5_Treatment,233,5,Treatment,dataelement,,urn:osse-11:dataelement:191:1,X_233_0_191,True,False,43,direct_resolved
233_5_Treatment,233,5,Treatment,dataelement,,urn:osse-11:dataelement:296:1,X_233_0_296,False,False,44,direct_resolved
233_5_Treatment,233,5,Treatment,dataelement,,urn:osse-11:dataelement:193:1,X_233_0_193,False,False,46,direct_resolved
233_5_Treatment,233,5,Treatment,dataelement,,urn:osse-11:dataelement:195:1,X_233_0_195,False,True,47,direct_resolved
233_5_Treatment,233,5,Treatment,dataelement,,urn:osse-11:dataelement:194:1,X_233_0_194,False,False,49,direct_resolved
233_5_Treatment,233,5,Treatment,dataelement,,urn:osse-11:dataelement:196:1,X_233_0_196,False,True,50,direct_resolved
233_6_Treatment,233,6,Treatment,dataelement,,urn:osse-11:dataelement:158:1,X_233_0_158,False,False,7,direct_resolved
233_6_Treatment,233,6,Treatment,dataelement,,urn:osse-11:dataelement:159:1,X_233_0_159,False,False,8,direct_resolved
233_6_Treatment,233,6,Treatment,dataelement,,urn:osse-11:dataelement:162:1,X_233_0_162,False,False,12,direct_resolved
233_6_Treatment,233,6,Treatment,dataelement,,urn:osse-11:dataelement:293:1,X_233_0_293,False,True,20,direct_resolved
233_6_Treatment,233,6,Treatment,dataelement,,urn:osse-11:dataelement:169:1,X_233_0_169,False,False,21,direct_resolved
233_6_Treatment,233,6,Treatment,dataelement,,urn:osse-11:dataelement:294:1,X_233_0_294,False,True,22,direct_resolved
233_6_Treatment,233,6,Treatment,dataelement,,urn:osse-11:dataelement:170:1,X_233_0_170,False,False,23,direct_resolved
233_6_Treatment,233,6,Treatment,dataelement,,urn:osse-11:dataelement:171:1,X_233_0_171,False,False,24,direct_resolved
233_6_Treatment,233,6,Treatment,dataelement,,urn:osse-11:dataelement:172:1,X_233_0_172,False,False,27,direct_resolved
233_6_Treatment,233,6,Treatment,dataelement,,urn:osse-11:dataelement:173:1,X_233_0_173,False,False,28,direct_resolved
233_6_Treatment,233,6,Treatment,dataelement,,urn:osse-11:dataelement:174:1,X_233_0_174,False,False,29,direct_resolved
233_6_Treatment,233,6,Treatment,dataelement,,urn:osse-11:dataelement:180:1,X_233_0_180,False,False,34,direct_resolved
233_6_Treatment,233,6,Treatment,dataelement,,urn:osse-11:dataelement:295:1,X_233_0_295,False,True,35,direct_resolved
233_6_Treatment,233,6,Treatment,dataelement,,urn:osse-11:dataelement:185:1,X_233_0_185,False,False,38,direct_resolved
233_6_Treatment,233,6,Treatment,dataelement,,urn:osse-11:dataelement:188:1,X_233_0_188,False,False,40,direct_resolved
233_6_Treatment,233,6,Treatment,dataelement,,urn:osse-11:dataelement:191:1,X_233_0_191,True,False,43,direct_resolved
233_6_Treatment,233,6,Treatment,dataelement,,urn:osse-11:dataelement:296:1,X_233_0_296,False,False,44,direct_resolved
233_6_Treatment,233,6,Treatment,dataelement,,urn:osse-11:dataelement:193:1,X_233_0_193,False,False,46,direct_resolved
233_6_Treatment,233,6,Treatment,dataelement,,urn:osse-11:dataelement:195:1,X_233_0_195,False,True,47,direct_resolved
233_6_Treatment,233,6,Treatment,dataelement,,urn:osse-11:dataelement:194:1,X_233_0_194,False,False,49,direct_resolved
233_6_Treatment,233,6,Treatment,dataelement,,urn:osse-11:dataelement:196:1,X_233_0_196,False,True,50,direct_resolved
233_7_Treatment,233,7,Treatment,dataelement,,urn:osse-11:dataelement:158:1,X_233_0_158,False,False,7,direct_resolved
233_7_Treatment,233,7,Treatment,dataelement,,urn:osse-11:dataelement:159:1,X_233_0_159,False,False,8,direct_resolved
233_7_Treatment,233,7,Treatment,dataelement,,urn:osse-11:dataelement:162:1,X_233_0_162,False,False,13,direct_resolved
233_7_Treatment,233,7,Treatment,dataelement,,urn:osse-11:dataelement:293:1,X_233_0_293,False,True,21,direct_resolved
233_7_Treatment,233,7,Treatment,dataelement,,urn:osse-11:dataelement:169:1,X_233_0_169,False,False,22,direct_resolved
233_7_Treatment,233,7,Treatment,dataelement,,urn:osse-11:dataelement:294:1,X_233_0_294,False,True,23,direct_resolved
233_7_Treatment,233,7,Treatment,dataelement,,urn:osse-11:dataelement:170:1,X_233_0_170,False,False,24,direct_resolved
233_7_Treatment,233,7,Treatment,dataelement,,urn:osse-11:dataelement:171:1,X_233_0_171,False,False,25,direct_resolved
233_7_Treatment,233,7,Treatment,dataelement,,urn:osse-11:dataelement:172:1,X_233_0_172,False,False,28,direct_resolved
233_7_Treatment,233,7,Treatment,dataelement,,urn:osse-11:dataelement:173:1,X_233_0_173,False,False,29,direct_resolved
233_7_Treatment,233,7,Treatment,dataelement,,urn:osse-11:dataelement:174:1,X_233_0_174,False,False,30,direct_resolved
233_7_Treatment,233,7,Treatment,dataelement,,urn:osse-11:dataelement:180:1,X_233_0_180,False,False,35,direct_resolved
233_7_Treatment,233,7,Treatment,dataelement,,urn:osse-11:dataelement:295:1,X_233_0_295,False,True,36,direct_resolved
233_7_Treatment,233,7,Treatment,dataelement,,urn:osse-11:dataelement:185:1,X_233_0_185,False,False,39,direct_resolved
233_7_Treatment,233,7,Treatment,dataelement,,urn:osse-11:dataelement:188:1,X_233_0_188,False,False,41,direct_resolved
233_7_Treatment,233,7,Treatment,dataelement,,urn:osse-11:dataelement:191:1,X_233_0_191,True,False,44,direct_resolved
233_7_Treatment,233,7,Treatment,dataelement,,urn:osse-11:dataelement:296:1,X_233_0_296,False,False,45,direct_resolved
233_7_Treatment,233,7,Treatment,dataelement,,urn:osse-11:dataelement:193:1,X_233_0_193,False,False,47,direct_resolved
233_7_Treatment,233,7,Treatment,dataelement,,urn:osse-11:dataelement:195:1,X_233_0_195,False,True,48,direct_resolved
233_7_Treatment,233,7,Treatment,dataelement,,urn:osse-11:dataelement:194:1,X_233_0_194,False,False,50,direct_resolved
233_7_Treatment,233,7,Treatment,dataelement,,urn:osse-11:dataelement:196:1,X_233_0_196,False,True,51,direct_resolved
232_4_Laboratory data 2,232,4,Laboratory data 2,dataelement,,urn:osse-11:dataelement:279:1,X_232_0_279,True,False,2,direct_resolved
232_4_Laboratory data 2,232,4,Laboratory data 2,dataelement,,urn:osse-11:dataelement:280:1,X_232_0_280,False,False,3,direct_resolved
232_4_Laboratory data 2,232,4,Laboratory data 2,dataelement,,urn:osse-11:dataelement:281:1,X_232_0_281,False,False,6,direct_resolved
232_4_Laboratory data 2,232,4,Laboratory data 2,dataelement,,urn:osse-11:dataelement:282:1,X_232_0_282,False,False,7,direct_resolved
232_4_Laboratory data 2,232,4,Laboratory data 2,dataelement,,urn:osse-11:dataelement:283:1,X_232_0_283,False,False,8,direct_resolved
232_4_Laboratory data 2,232,4,Laboratory data 2,dataelement,,urn:osse-11:dataelement:289:1,X_232_0_289,False,False,9,direct_resolved
232_4_Laboratory data 2,232,4,Laboratory data 2,dataelement,,urn:osse-11:dataelement:356:1,X_232_0_356,False,False,10,direct_resolved
232_4_Laboratory data 2,232,4,Laboratory data 2,dataelement,,urn:osse-11:dataelement:286:1,X_232_0_286,False,False,12,direct_resolved
232_4_Laboratory data 2,232,4,Laboratory data 2,dataelement,,urn:osse-11:dataelement:287:1,X_232_0_287,False,False,13,direct_resolved
232_4_Laboratory data 2,232,4,Laboratory data 2,dataelement,,urn:osse-11:dataelement:288:1,X_232_0_288,False,False,14,direct_resolved
232_4_Laboratory data 2,232,4,Laboratory data 2,dataelement,,urn:osse-11:dataelement:289:1,X_232_0_289,False,False,15,direct_resolved
232_4_Laboratory data 2,232,4,Laboratory data 2,dataelement,,urn:osse-11:dataelement:356:1,X_232_0_356,False,False,16,direct_resolved
232_5_Laboratory data 2,232,5,Laboratory data 2,dataelement,,urn:osse-11:dataelement:279:1,X_232_0_279,True,False,2,direct_resolved
232_5_Laboratory data 2,232,5,Laboratory data 2,dataelement,,urn:osse-11:dataelement:280:1,X_232_0_280,False,False,3,direct_resolved
232_5_Laboratory data 2,232,5,Laboratory data 2,dataelement,,urn:osse-11:dataelement:281:1,X_232_0_281,False,False,6,direct_resolved
232_5_Laboratory data 2,232,5,Laboratory data 2,dataelement,,urn:osse-11:dataelement:282:1,X_232_0_282,False,False,7,direct_resolved
232_5_Laboratory data 2,232,5,Laboratory data 2,dataelement,,urn:osse-11:dataelement:283:1,X_232_0_283,False,False,8,direct_resolved
232_5_Laboratory data 2,232,5,Laboratory data 2,dataelement,,urn:osse-11:dataelement:289:1,X_232_0_289,False,False,9,direct_resolved
232_5_Laboratory data 2,232,5,Laboratory data 2,dataelement,,urn:osse-11:dataelement:356:1,X_232_0_356,False,False,10,direct_resolved
232_5_Laboratory data 2,232,5,Laboratory data 2,dataelement,,urn:osse-11:dataelement:286:1,X_232_0_286,False,False,12,direct_resolved
232_5_Laboratory data 2,232,5,Laboratory data 2,dataelement,,urn:osse-11:dataelement:287:1,X_232_0_287,False,False,13,direct_resolved
232_5_Laboratory data 2,232,5,Laboratory data 2,dataelement,,urn:osse-11:dataelement:288:1,X_232_0_288,False,False,14,direct_resolved
232_5_Laboratory data 2,232,5,Laboratory data 2,dataelement,,urn:osse-11:dataelement:289:1,X_232_0_289,False,False,15,direct_resolved
232_5_Laboratory data 2,232,5,Laboratory data 2,dataelement,,urn:osse-11:dataelement:356:1,X_232_0_356,False,False,16,direct_resolved
231_11_Laboratory data 1,231,11,Laboratory data 1,dataelement,,urn:osse-11:dataelement:241:1,X_231_0_241,True,False,1,direct_resolved
231_11_Laboratory data 1,231,11,Laboratory data 1,dataelement,,urn:osse-11:dataelement:242:1,X_231_0_242,False,False,2,direct_resolved
231_11_Laboratory data 1,231,11,Laboratory data 1,dataelement,,urn:osse-11:dataelement:348:1,X_231_0_348,False,False,5,direct_resolved
231_11_Laboratory data 1,231,11,Laboratory data 1,dataelement,,urn:osse-11:dataelement:244:1,X_231_0_244,False,False,6,direct_resolved
231_11_Laboratory data 1,231,11,Laboratory data 1,dataelement,,urn:osse-11:dataelement:245:1,X_231_0_245,False,False,7,direct_resolved
231_11_Laboratory data 1,231,11,Laboratory data 1,dataelement,,urn:osse-11:dataelement:246:1,X_231_0_246,False,False,8,direct_resolved
231_11_Laboratory data 1,231,11,Laboratory data 1,dataelement,,urn:osse-11:dataelement:247:1,X_231_0_247,False,False,9,direct_resolved
231_11_Laboratory data 1,231,11,Laboratory data 1,dataelement,,urn:osse-11:dataelement:248:1,X_231_0_248,False,False,10,direct_resolved
231_11_Laboratory data 1,231,11,Laboratory data 1,dataelement,,urn:osse-11:dataelement:249:1,X_231_0_249,False,False,11,direct_resolved
231_11_Laboratory data 1,231,11,Laboratory data 1,dataelement,,urn:osse-11:dataelement:250:1,X_231_0_250,False,False,12,direct_resolved
231_11_Laboratory data 1,231,11,Laboratory data 1,dataelement,,urn:osse-11:dataelement:251:1,X_231_0_251,False,False,13,direct_resolved
231_11_Laboratory data 1,231,11,Laboratory data 1,dataelement,,urn:osse-11:dataelement:252:1,X_231_0_252,False,False,14,direct_resolved
231_11_Laboratory data 1,231,11,Laboratory data 1,dataelement,,urn:osse-11:dataelement:253:1,X_231_0_253,False,False,15,direct_resolved
231_11_Laboratory data 1,231,11,Laboratory data 1,dataelement,,urn:osse-11:dataelement:254:1,X_231_0_254,False,False,16,direct_resolved
231_11_Laboratory data 1,231,11,Laboratory data 1,dataelement,,urn:osse-11:dataelement:255:1,X_231_0_255,False,False,17,direct_resolved
231_11_Laboratory data 1,231,11,Laboratory data 1,dataelement,,urn:osse-11:dataelement:256:1,X_231_0_256,False,False,18,direct_resolved
231_11_Laboratory data 1,231,11,Laboratory data 1,dataelement,,urn:osse-11:dataelement:357:1,X_231_0_357,False,False,19,direct_resolved
231_11_Laboratory data 1,231,11,Laboratory data 1,dataelement,,urn:osse-11:dataelement:258:1,X_231_0_258,False,False,20,direct_resolved
231_11_Laboratory data 1,231,11,Laboratory data 1,dataelement,,urn:osse-11:dataelement:347:1,X_231_0_347,False,False,22,direct_resolved
231_11_Laboratory data 1,231,11,Laboratory data 1,dataelement,,urn:osse-11:dataelement:260:1,X_231_0_260,False,False,23,direct_resolved
231_11_Laboratory data 1,231,11,Laboratory data 1,dataelement,,urn:osse-11:dataelement:262:1,X_231_0_262,False,False,25,direct_resolved
231_11_Laboratory data 1,231,11,Laboratory data 1,dataelement,,urn:osse-11:dataelement:263:1,X_231_0_263,False,False,26,direct_resolved
231_11_Laboratory data 1,231,11,Laboratory data 1,dataelement,,urn:osse-11:dataelement:264:1,X_231_0_264,False,False,27,direct_resolved
231_11_Laboratory data 1,231,11,Laboratory data 1,dataelement,,urn:osse-11:dataelement:265:1,X_231_0_265,False,False,28,direct_resolved
231_11_Laboratory data 1,231,11,Laboratory data 1,dataelement,,urn:osse-11:dataelement:266:1,X_231_0_266,False,False,29,direct_resolved
231_11_Laboratory data 1,231,11,Laboratory data 1,dataelement,,urn:osse-11:dataelement:267:1,X_231_0_267,False,False,30,direct_resolved
231_11_Laboratory data 1,231,11,Laboratory data 1,dataelement,,urn:osse-11:dataelement:268:1,X_231_0_268,False,False,31,direct_resolved
231_11_Laboratory data 1,231,11,Laboratory data 1,dataelement,,urn:osse-11:dataelement:269:1,X_231_0_269,False,False,32,direct_resolved
231_11_Laboratory data 1,231,11,Laboratory data 1,dataelement,,urn:osse-11:dataelement:270:1,X_231_0_270,False,False,33,direct_resolved
231_11_Laboratory data 1,231,11,Laboratory data 1,dataelement,,urn:osse-11:dataelement:271:1,X_231_0_271,False,False,34,direct_resolved
231_11_Laboratory data 1,231,11,Laboratory data 1,dataelement,,urn:osse-11:dataelement:272:1,X_231_0_272,False,False,35,direct_resolved
231_11_Laboratory data 1,231,11,Laboratory data 1,dataelement,,urn:osse-11:dataelement:273:1,X_231_0_273,False,False,36,direct_resolved
231_11_Laboratory data 1,231,11,Laboratory data 1,dataelement,,urn:osse-11:dataelement:274:1,X_231_0_274,False,False,38,direct_resolved
231_11_Laboratory data 1,231,11,Laboratory data 1,dataelement,,urn:osse-11:dataelement:275:1,X_231_0_275,False,False,39,direct_resolved
231_11_Laboratory data 1,231,11,Laboratory data 1,dataelement,,urn:osse-11:dataelement:276:1,X_231_0_276,False,False,41,direct_resolved
231_11_Laboratory data 1,231,11,Laboratory data 1,dataelement,,urn:osse-11:dataelement:277:1,X_231_0_277,False,False,42,direct_resolved
231_11_Laboratory data 1,231,11,Laboratory data 1,dataelement,,urn:osse-11:dataelement:278:1,X_231_0_278,False,False,43,direct_resolved
230_6_Physical examination,230,6,Physical examination,dataelement,,urn:osse-11:dataelement:232:1,X_230_0_232,True,False,1,direct_resolved
230_6_Physical examination,230,6,Physical examination,dataelement,,urn:osse-11:dataelement:233:1,X_230_0_233,True,False,2,direct_resolved
230_6_Physical examination,230,6,Physical examination,dataelement,,urn:osse-11:dataelement:349:1,X_230_0_349,False,False,3,direct_resolved
230_6_Physical examination,230,6,Physical examination,dataelement,,urn:osse-11:dataelement:350:1,X_230_0_350,False,False,4,direct_resolved
230_6_Physical examination,230,6,Physical examination,dataelement,,urn:osse-11:dataelement:237:1,X_230_0_237,True,False,5,direct_resolved
230_6_Physical examination,230,6,Physical examination,dataelement,,urn:osse-11:dataelement:67:1,X_230_0_67,True,False,6,direct_resolved
230_6_Physical examination,230,6,Physical examination,dataelement,,urn:osse-11:dataelement:68:1,X_230_0_68,True,False,7,direct_resolved
230_6_Physical examination,230,6,Physical examination,dataelement,,urn:osse-11:dataelement:69:1,X_230_0_69,True,False,8,direct_resolved
230_6_Physical examination,230,6,Physical examination,dataelement,,urn:osse-11:dataelement:238:1,X_230_0_238,True,False,9,direct_resolved
230_6_Physical examination,230,6,Physical examination,dataelement,,urn:osse-11:dataelement:239:1,X_230_0_239,True,False,10,direct_resolved
230_6_Physical examination,230,6,Physical examination,dataelement,,urn:osse-11:dataelement:240:1,X_230_0_240,True,False,11,direct_resolved
230_6_Physical examination,230,6,Physical examination,dataelement,,urn:osse-11:dataelement:73:1,X_230_0_73,True,False,12,direct_resolved
230_6_Physical examination,230,6,Physical examination,dataelement,,urn:osse-11:dataelement:74:1,X_230_0_74,False,False,13,direct_resolved
230_6_Physical examination,230,6,Physical examination,dataelement,,urn:osse-11:dataelement:75:1,X_230_0_75,False,False,14,direct_resolved
230_6_Physical examination,230,6,Physical examination,dataelement,,urn:osse-11:dataelement:76:1,X_230_0_76,False,False,15,direct_resolved
230_6_Physical examination,230,6,Physical examination,dataelement,,urn:osse-11:dataelement:77:1,X_230_0_77,False,False,16,direct_resolved
230_6_Physical examination,230,6,Physical examination,dataelement,,urn:osse-11:dataelement:78:1,X_230_0_78,False,False,17,direct_resolved
230_6_Physical examination,230,6,Physical examination,dataelement,,urn:osse-11:dataelement:80:1,X_230_0_80,False,False,18,direct_resolved
230_6_Physical examination,230,6,Physical examination,dataelement,,urn:osse-11:dataelement:81:1,X_230_0_81,False,False,19,direct_resolved
230_6_Physical examination,230,6,Physical examination,dataelement,,urn:osse-11:dataelement:82:1,X_230_0_82,False,False,20,direct_resolved
230_6_Physical examination,230,6,Physical examination,dataelement,,urn:osse-11:dataelement:83:1,X_230_0_83,False,False,21,direct_resolved
230_6_Physical examination,230,6,Physical examination,dataelement,,urn:osse-11:dataelement:84:1,X_230_0_84,False,False,22,direct_resolved
230_6_Physical examination,230,6,Physical examination,dataelement,,urn:osse-11:dataelement:85:1,X_230_0_85,False,False,23,direct_resolved
230_6_Physical examination,230,6,Physical examination,dataelement,,urn:osse-11:dataelement:79:1,X_230_0_79,False,False,24,direct_resolved
233_8_Treatment,233,8,Treatment,dataelement,,urn:osse-11:dataelement:158:1,X_233_0_158,False,False,7,direct_resolved
233_8_Treatment,233,8,Treatment,dataelement,,urn:osse-11:dataelement:159:1,X_233_0_159,False,False,8,direct_resolved
233_8_Treatment,233,8,Treatment,dataelement,,urn:osse-11:dataelement:162:1,X_233_0_162,False,False,13,direct_resolved
233_8_Treatment,233,8,Treatment,dataelement,,urn:osse-11:dataelement:293:1,X_233_0_293,False,True,21,direct_resolved
233_8_Treatment,233,8,Treatment,dataelement,,urn:osse-11:dataelement:169:1,X_233_0_169,False,False,22,direct_resolved
233_8_Treatment,233,8,Treatment,dataelement,,urn:osse-11:dataelement:294:1,X_233_0_294,False,True,23,direct_resolved
233_8_Treatment,233,8,Treatment,dataelement,,urn:osse-11:dataelement:170:1,X_233_0_170,False,False,24,direct_resolved
233_8_Treatment,233,8,Treatment,dataelement,,urn:osse-11:dataelement:171:1,X_233_0_171,False,False,25,direct_resolved
233_8_Treatment,233,8,Treatment,dataelement,,urn:osse-11:dataelement:172:1,X_233_0_172,False,False,28,direct_resolved
233_8_Treatment,233,8,Treatment,dataelement,,urn:osse-11:dataelement:173:1,X_233_0_173,False,False,29,direct_resolved
233_8_Treatment,233,8,Treatment,dataelement,,urn:osse-11:dataelement:174:1,X_233_0_174,False,False,30,direct_resolved
233_8_Treatment,233,8,Treatment,dataelement,,urn:osse-11:dataelement:180:1,X_233_0_180,False,False,35,direct_resolved
233_8_Treatment,233,8,Treatment,dataelement,,urn:osse-11:dataelement:295:1,X_233_0_295,False,True,36,direct_resolved
233_8_Treatment,233,8,Treatment,dataelement,,urn:osse-11:dataelement:185:1,X_233_0_185,False,False,39,direct_resolved
233_8_Treatment,233,8,Treatment,dataelement,,urn:osse-11:dataelement:188:1,X_233_0_188,False,False,41,direct_resolved
233_8_Treatment,233,8,Treatment,dataelement,,urn:osse-11:dataelement:191:1,X_233_0_191,True,False,44,direct_resolved
233_8_Treatment,233,8,Treatment,dataelement,,urn:osse-11:dataelement:296:1,X_233_0_296,False,False,45,direct_resolved
233_8_Treatment,233,8,Treatment,dataelement,,urn:osse-11:dataelement:193:1,X_233_0_193,False,False,47,direct_resolved
233_8_Treatment,233,8,Treatment,dataelement,,urn:osse-11:dataelement:195:1,X_233_0_195,False,True,48,direct_resolved
233_8_Treatment,233,8,Treatment,dataelement,,urn:osse-11:dataelement:194:1,X_233_0_194,False,False,50,direct_resolved
233_8_Treatment,233,8,Treatment,dataelement,,urn:osse-11:dataelement:196:1,X_233_0_196,False,True,51,direct_resolved
230_7_Physical examination,230,7,Physical examination,dataelement,,urn:osse-11:dataelement:232:1,X_230_0_232,True,False,1,direct_resolved
230_7_Physical examination,230,7,Physical examination,dataelement,,urn:osse-11:dataelement:233:1,X_230_0_233,True,False,2,direct_resolved
230_7_Physical examination,230,7,Physical examination,dataelement,,urn:osse-11:dataelement:349:1,X_230_0_349,False,False,3,direct_resolved
230_7_Physical examination,230,7,Physical examination,dataelement,,urn:osse-11:dataelement:350:1,X_230_0_350,False,False,4,direct_resolved
230_7_Physical examination,230,7,Physical examination,dataelement,,urn:osse-11:dataelement:236:1,X_230_0_236,False,False,5,direct_resolved
230_7_Physical examination,230,7,Physical examination,dataelement,,urn:osse-11:dataelement:67:1,X_230_0_67,True,False,6,direct_resolved
230_7_Physical examination,230,7,Physical examination,dataelement,,urn:osse-11:dataelement:68:1,X_230_0_68,True,False,7,direct_resolved
230_7_Physical examination,230,7,Physical examination,dataelement,,urn:osse-11:dataelement:69:1,X_230_0_69,True,False,8,direct_resolved
230_7_Physical examination,230,7,Physical examination,dataelement,,urn:osse-11:dataelement:238:1,X_230_0_238,True,False,9,direct_resolved
230_7_Physical examination,230,7,Physical examination,dataelement,,urn:osse-11:dataelement:239:1,X_230_0_239,True,False,10,direct_resolved
230_7_Physical examination,230,7,Physical examination,dataelement,,urn:osse-11:dataelement:240:1,X_230_0_240,True,False,11,direct_resolved
230_7_Physical examination,230,7,Physical examination,dataelement,,urn:osse-11:dataelement:73:1,X_230_0_73,True,False,12,direct_resolved
230_7_Physical examination,230,7,Physical examination,dataelement,,urn:osse-11:dataelement:74:1,X_230_0_74,False,False,13,direct_resolved
230_7_Physical examination,230,7,Physical examination,dataelement,,urn:osse-11:dataelement:75:1,X_230_0_75,False,False,14,direct_resolved
230_7_Physical examination,230,7,Physical examination,dataelement,,urn:osse-11:dataelement:76:1,X_230_0_76,False,False,15,direct_resolved
230_7_Physical examination,230,7,Physical examination,dataelement,,urn:osse-11:dataelement:77:1,X_230_0_77,False,False,16,direct_resolved
230_7_Physical examination,230,7,Physical examination,dataelement,,urn:osse-11:dataelement:78:1,X_230_0_78,False,False,17,direct_resolved
230_7_Physical examination,230,7,Physical examination,dataelement,,urn:osse-11:dataelement:80:1,X_230_0_80,False,False,18,direct_resolved
230_7_Physical examination,230,7,Physical examination,dataelement,,urn:osse-11:dataelement:81:1,X_230_0_81,False,False,19,direct_resolved
230_7_Physical examination,230,7,Physical examination,dataelement,,urn:osse-11:dataelement:82:1,X_230_0_82,False,False,20,direct_resolved
230_7_Physical examination,230,7,Physical examination,dataelement,,urn:osse-11:dataelement:83:1,X_230_0_83,False,False,21,direct_resolved
230_7_Physical examination,230,7,Physical examination,dataelement,,urn:osse-11:dataelement:84:1,X_230_0_84,False,False,22,direct_resolved
230_7_Physical examination,230,7,Physical examination,dataelement,,urn:osse-11:dataelement:85:1,X_230_0_85,False,False,23,direct_resolved
230_7_Physical examination,230,7,Physical examination,dataelement,,urn:osse-11:dataelement:79:1,X_230_0_79,False,False,24,direct_resolved
233_9_Treatment,233,9,Treatment,dataelement,,urn:osse-11:dataelement:353:1,X_233_0_353,False,False,4,direct_resolved
233_9_Treatment,233,9,Treatment,dataelement,,urn:osse-11:dataelement:158:1,X_233_0_158,False,False,8,direct_resolved
233_9_Treatment,233,9,Treatment,dataelement,,urn:osse-11:dataelement:159:1,X_233_0_159,False,False,9,direct_resolved
233_9_Treatment,233,9,Treatment,dataelement,,urn:osse-11:dataelement:162:1,X_233_0_162,False,False,14,direct_resolved
233_9_Treatment,233,9,Treatment,dataelement,,urn:osse-11:dataelement:293:1,X_233_0_293,False,True,22,direct_resolved
233_9_Treatment,233,9,Treatment,dataelement,,urn:osse-11:dataelement:169:1,X_233_0_169,False,False,23,direct_resolved
233_9_Treatment,233,9,Treatment,dataelement,,urn:osse-11:dataelement:294:1,X_233_0_294,False,True,24,direct_resolved
233_9_Treatment,233,9,Treatment,dataelement,,urn:osse-11:dataelement:170:1,X_233_0_170,False,False,25,direct_resolved
233_9_Treatment,233,9,Treatment,dataelement,,urn:osse-11:dataelement:171:1,X_233_0_171,False,False,26,direct_resolved
233_9_Treatment,233,9,Treatment,dataelement,,urn:osse-11:dataelement:172:1,X_233_0_172,False,False,29,direct_resolved
233_9_Treatment,233,9,Treatment,dataelement,,urn:osse-11:dataelement:173:1,X_233_0_173,False,False,30,direct_resolved
233_9_Treatment,233,9,Treatment,dataelement,,urn:osse-11:dataelement:174:1,X_233_0_174,False,False,31,direct_resolved
233_9_Treatment,233,9,Treatment,dataelement,,urn:osse-11:dataelement:180:1,X_233_0_180,False,False,36,direct_resolved
233_9_Treatment,233,9,Treatment,dataelement,,urn:osse-11:dataelement:295:1,X_233_0_295,False,True,37,direct_resolved
233_9_Treatment,233,9,Treatment,dataelement,,urn:osse-11:dataelement:185:1,X_233_0_185,False,False,40,direct_resolved
233_9_Treatment,233,9,Treatment,dataelement,,urn:osse-11:dataelement:188:1,X_233_0_188,False,False,42,direct_resolved
233_9_Treatment,233,9,Treatment,dataelement,,urn:osse-11:dataelement:191:1,X_233_0_191,True,False,45,direct_resolved
233_9_Treatment,233,9,Treatment,dataelement,,urn:osse-11:dataelement:296:1,X_233_0_296,False,False,46,direct_resolved
233_9_Treatment,233,9,Treatment,dataelement,,urn:osse-11:dataelement:193:1,X_233_0_193,False,False,48,direct_resolved
233_9_Treatment,233,9,Treatment,dataelement,,urn:osse-11:dataelement:195:1,X_233_0_195,False,True,49,direct_resolved
233_9_Treatment,233,9,Treatment,dataelement,,urn:osse-11:dataelement:194:1,X_233_0_194,False,False,51,direct_resolved
233_9_Treatment,233,9,Treatment,dataelement,,urn:osse-11:dataelement:196:1,X_233_0_196,False,True,52,direct_resolved
231_7_Laboratory data 1,231,7,Laboratory data 1,dataelement,,urn:osse-11:dataelement:241:1,X_231_0_241,True,False,1,direct_resolved
231_7_Laboratory data 1,231,7,Laboratory data 1,dataelement,,urn:osse-11:dataelement:242:1,X_231_0_242,False,False,2,direct_resolved
231_7_Laboratory data 1,231,7,Laboratory data 1,dataelement,,urn:osse-11:dataelement:348:1,X_231_0_348,False,False,5,direct_resolved
231_7_Laboratory data 1,231,7,Laboratory data 1,dataelement,,urn:osse-11:dataelement:244:1,X_231_0_244,False,False,6,direct_resolved
231_7_Laboratory data 1,231,7,Laboratory data 1,dataelement,,urn:osse-11:dataelement:245:1,X_231_0_245,False,False,7,direct_resolved
231_7_Laboratory data 1,231,7,Laboratory data 1,dataelement,,urn:osse-11:dataelement:246:1,X_231_0_246,False,False,8,direct_resolved
231_7_Laboratory data 1,231,7,Laboratory data 1,dataelement,,urn:osse-11:dataelement:247:1,X_231_0_247,False,False,9,direct_resolved
231_7_Laboratory data 1,231,7,Laboratory data 1,dataelement,,urn:osse-11:dataelement:248:1,X_231_0_248,False,False,10,direct_resolved
231_7_Laboratory data 1,231,7,Laboratory data 1,dataelement,,urn:osse-11:dataelement:249:1,X_231_0_249,False,False,11,direct_resolved
231_7_Laboratory data 1,231,7,Laboratory data 1,dataelement,,urn:osse-11:dataelement:250:1,X_231_0_250,False,False,12,direct_resolved
231_7_Laboratory data 1,231,7,Laboratory data 1,dataelement,,urn:osse-11:dataelement:251:1,X_231_0_251,False,False,13,direct_resolved
231_7_Laboratory data 1,231,7,Laboratory data 1,dataelement,,urn:osse-11:dataelement:252:1,X_231_0_252,False,False,14,direct_resolved
231_7_Laboratory data 1,231,7,Laboratory data 1,dataelement,,urn:osse-11:dataelement:253:1,X_231_0_253,False,False,15,direct_resolved
231_7_Laboratory data 1,231,7,Laboratory data 1,dataelement,,urn:osse-11:dataelement:254:1,X_231_0_254,False,False,16,direct_resolved
231_7_Laboratory data 1,231,7,Laboratory data 1,dataelement,,urn:osse-11:dataelement:255:1,X_231_0_255,False,False,17,direct_resolved
231_7_Laboratory data 1,231,7,Laboratory data 1,dataelement,,urn:osse-11:dataelement:256:1,X_231_0_256,False,False,18,direct_resolved
231_7_Laboratory data 1,231,7,Laboratory data 1,dataelement,,urn:osse-11:dataelement:258:1,X_231_0_258,False,False,20,direct_resolved
231_7_Laboratory data 1,231,7,Laboratory data 1,dataelement,,urn:osse-11:dataelement:347:1,X_231_0_347,False,False,22,direct_resolved
231_7_Laboratory data 1,231,7,Laboratory data 1,dataelement,,urn:osse-11:dataelement:260:1,X_231_0_260,False,False,23,direct_resolved
231_7_Laboratory data 1,231,7,Laboratory data 1,dataelement,,urn:osse-11:dataelement:263:1,X_231_0_263,False,False,26,direct_resolved
231_7_Laboratory data 1,231,7,Laboratory data 1,dataelement,,urn:osse-11:dataelement:264:1,X_231_0_264,False,False,27,direct_resolved
231_7_Laboratory data 1,231,7,Laboratory data 1,dataelement,,urn:osse-11:dataelement:265:1,X_231_0_265,False,False,28,direct_resolved
231_7_Laboratory data 1,231,7,Laboratory data 1,dataelement,,urn:osse-11:dataelement:266:1,X_231_0_266,False,False,29,direct_resolved
231_7_Laboratory data 1,231,7,Laboratory data 1,dataelement,,urn:osse-11:dataelement:267:1,X_231_0_267,False,False,30,direct_resolved
231_7_Laboratory data 1,231,7,Laboratory data 1,dataelement,,urn:osse-11:dataelement:268:1,X_231_0_268,False,False,31,direct_resolved
231_7_Laboratory data 1,231,7,Laboratory data 1,dataelement,,urn:osse-11:dataelement:269:1,X_231_0_269,False,False,32,direct_resolved
231_7_Laboratory data 1,231,7,Laboratory data 1,dataelement,,urn:osse-11:dataelement:270:1,X_231_0_270,False,False,33,direct_resolved
231_7_Laboratory data 1,231,7,Laboratory data 1,dataelement,,urn:osse-11:dataelement:271:1,X_231_0_271,False,False,34,direct_resolved
231_7_Laboratory data 1,231,7,Laboratory data 1,dataelement,,urn:osse-11:dataelement:272:1,X_231_0_272,False,False,35,direct_resolved
231_7_Laboratory data 1,231,7,Laboratory data 1,dataelement,,urn:osse-11:dataelement:273:1,X_231_0_273,False,False,36,direct_resolved
231_7_Laboratory data 1,231,7,Laboratory data 1,dataelement,,urn:osse-11:dataelement:274:1,X_231_0_274,False,False,38,direct_resolved
231_7_Laboratory data 1,231,7,Laboratory data 1,dataelement,,urn:osse-11:dataelement:275:1,X_231_0_275,False,False,39,direct_resolved
231_7_Laboratory data 1,231,7,Laboratory data 1,dataelement,,urn:osse-11:dataelement:276:1,X_231_0_276,False,False,41,direct_resolved
231_7_Laboratory data 1,231,7,Laboratory data 1,dataelement,,urn:osse-11:dataelement:277:1,X_231_0_277,False,False,42,direct_resolved
231_7_Laboratory data 1,231,7,Laboratory data 1,dataelement,,urn:osse-11:dataelement:278:1,X_231_0_278,False,False,43,direct_resolved
231_8_Laboratory data 1,231,8,Laboratory data 1,dataelement,,urn:osse-11:dataelement:241:1,X_231_0_241,True,False,1,direct_resolved
231_8_Laboratory data 1,231,8,Laboratory data 1,dataelement,,urn:osse-11:dataelement:242:1,X_231_0_242,False,False,2,direct_resolved
231_8_Laboratory data 1,231,8,Laboratory data 1,dataelement,,urn:osse-11:dataelement:348:1,X_231_0_348,False,False,5,direct_resolved
231_8_Laboratory data 1,231,8,Laboratory data 1,dataelement,,urn:osse-11:dataelement:244:1,X_231_0_244,False,False,6,direct_resolved
231_8_Laboratory data 1,231,8,Laboratory data 1,dataelement,,urn:osse-11:dataelement:245:1,X_231_0_245,False,False,7,direct_resolved
231_8_Laboratory data 1,231,8,Laboratory data 1,dataelement,,urn:osse-11:dataelement:246:1,X_231_0_246,False,False,8,direct_resolved
231_8_Laboratory data 1,231,8,Laboratory data 1,dataelement,,urn:osse-11:dataelement:247:1,X_231_0_247,False,False,9,direct_resolved
231_8_Laboratory data 1,231,8,Laboratory data 1,dataelement,,urn:osse-11:dataelement:248:1,X_231_0_248,False,False,10,direct_resolved
231_8_Laboratory data 1,231,8,Laboratory data 1,dataelement,,urn:osse-11:dataelement:249:1,X_231_0_249,False,False,11,direct_resolved
231_8_Laboratory data 1,231,8,Laboratory data 1,dataelement,,urn:osse-11:dataelement:250:1,X_231_0_250,False,False,12,direct_resolved
231_8_Laboratory data 1,231,8,Laboratory data 1,dataelement,,urn:osse-11:dataelement:251:1,X_231_0_251,False,False,13,direct_resolved
231_8_Laboratory data 1,231,8,Laboratory data 1,dataelement,,urn:osse-11:dataelement:252:1,X_231_0_252,False,False,14,direct_resolved
231_8_Laboratory data 1,231,8,Laboratory data 1,dataelement,,urn:osse-11:dataelement:253:1,X_231_0_253,False,False,15,direct_resolved
231_8_Laboratory data 1,231,8,Laboratory data 1,dataelement,,urn:osse-11:dataelement:254:1,X_231_0_254,False,False,16,direct_resolved
231_8_Laboratory data 1,231,8,Laboratory data 1,dataelement,,urn:osse-11:dataelement:255:1,X_231_0_255,False,False,17,direct_resolved
231_8_Laboratory data 1,231,8,Laboratory data 1,dataelement,,urn:osse-11:dataelement:256:1,X_231_0_256,False,False,18,direct_resolved
231_8_Laboratory data 1,231,8,Laboratory data 1,dataelement,,urn:osse-11:dataelement:258:1,X_231_0_258,False,False,20,direct_resolved
231_8_Laboratory data 1,231,8,Laboratory data 1,dataelement,,urn:osse-11:dataelement:347:1,X_231_0_347,False,False,22,direct_resolved
231_8_Laboratory data 1,231,8,Laboratory data 1,dataelement,,urn:osse-11:dataelement:260:1,X_231_0_260,False,False,23,direct_resolved
231_8_Laboratory data 1,231,8,Laboratory data 1,dataelement,,urn:osse-11:dataelement:263:1,X_231_0_263,False,False,26,direct_resolved
231_8_Laboratory data 1,231,8,Laboratory data 1,dataelement,,urn:osse-11:dataelement:264:1,X_231_0_264,False,False,27,direct_resolved
231_8_Laboratory data 1,231,8,Laboratory data 1,dataelement,,urn:osse-11:dataelement:265:1,X_231_0_265,False,False,28,direct_resolved
231_8_Laboratory data 1,231,8,Laboratory data 1,dataelement,,urn:osse-11:dataelement:266:1,X_231_0_266,False,False,29,direct_resolved
231_8_Laboratory data 1,231,8,Laboratory data 1,dataelement,,urn:osse-11:dataelement:267:1,X_231_0_267,False,False,30,direct_resolved
231_8_Laboratory data 1,231,8,Laboratory data 1,dataelement,,urn:osse-11:dataelement:268:1,X_231_0_268,False,False,31,direct_resolved
231_8_Laboratory data 1,231,8,Laboratory data 1,dataelement,,urn:osse-11:dataelement:269:1,X_231_0_269,False,False,32,direct_resolved
231_8_Laboratory data 1,231,8,Laboratory data 1,dataelement,,urn:osse-11:dataelement:270:1,X_231_0_270,False,False,33,direct_resolved
231_8_Laboratory data 1,231,8,Laboratory data 1,dataelement,,urn:osse-11:dataelement:271:1,X_231_0_271,False,False,34,direct_resolved
231_8_Laboratory data 1,231,8,Laboratory data 1,dataelement,,urn:osse-11:dataelement:272:1,X_231_0_272,False,False,35,direct_resolved
231_8_Laboratory data 1,231,8,Laboratory data 1,dataelement,,urn:osse-11:dataelement:273:1,X_231_0_273,False,False,36,direct_resolved
231_8_Laboratory data 1,231,8,Laboratory data 1,dataelement,,urn:osse-11:dataelement:274:1,X_231_0_274,False,False,38,direct_resolved
231_8_Laboratory data 1,231,8,Laboratory data 1,dataelement,,urn:osse-11:dataelement:275:1,X_231_0_275,False,False,39,direct_resolved
231_8_Laboratory data 1,231,8,Laboratory data 1,dataelement,,urn:osse-11:dataelement:276:1,X_231_0_276,False,False,41,direct_resolved
231_8_Laboratory data 1,231,8,Laboratory data 1,dataelement,,urn:osse-11:dataelement:277:1,X_231_0_277,False,False,42,direct_resolved
231_8_Laboratory data 1,231,8,Laboratory data 1,dataelement,,urn:osse-11:dataelement:278:1,X_231_0_278,False,False,43,direct_resolved
226_7_Previous clinical course,226,7,Previous clinical course,dataelement,,urn:osse-11:dataelement:112:1,X_226_0_112,True,False,1,direct_resolved
226_7_Previous clinical course,226,7,Previous clinical course,dataelement,,urn:osse-11:dataelement:109:1,X_226_0_109,False,False,3,direct_resolved
226_7_Previous clinical course,226,7,Previous clinical course,dataelement,,urn:osse-11:dataelement:111:1,X_226_0_111,False,False,4,direct_resolved
226_7_Previous clinical course,226,7,Previous clinical course,dataelement,,urn:osse-11:dataelement:113:1,X_226_0_113,True,False,6,direct_resolved
226_7_Previous clinical course,226,7,Previous clinical course,dataelement,,urn:osse-11:dataelement:130:1,X_226_0_130,False,False,15,direct_resolved
226_7_Previous clinical course,226,7,Previous clinical course,dataelement,,urn:osse-11:dataelement:131:1,X_226_0_131,False,False,16,direct_resolved
226_7_Previous clinical course,226,7,Previous clinical course,dataelement,,urn:osse-11:dataelement:132:1,X_226_0_132,False,False,17,direct_resolved
226_7_Previous clinical course,226,7,Previous clinical course,dataelement,,urn:osse-11:dataelement:137:1,X_226_0_137,False,False,19,direct_resolved
226_7_Previous clinical course,226,7,Previous clinical course,dataelement,,urn:osse-11:dataelement:111:1,X_226_0_111,False,False,20,direct_resolved
226_8_Previous clinical course,226,8,Previous clinical course,dataelement,,urn:osse-11:dataelement:112:1,X_226_0_112,True,False,1,direct_resolved
226_8_Previous clinical course,226,8,Previous clinical course,dataelement,,urn:osse-11:dataelement:109:1,X_226_0_109,False,False,3,direct_resolved
226_8_Previous clinical course,226,8,Previous clinical course,dataelement,,urn:osse-11:dataelement:111:1,X_226_0_111,False,False,4,direct_resolved
226_8_Previous clinical course,226,8,Previous clinical course,dataelement,,urn:osse-11:dataelement:113:1,X_226_0_113,True,False,6,direct_resolved
226_8_Previous clinical course,226,8,Previous clinical course,dataelement,,urn:osse-11:dataelement:130:1,X_226_0_130,False,False,15,direct_resolved
226_8_Previous clinical course,226,8,Previous clinical course,dataelement,,urn:osse-11:dataelement:131:1,X_226_0_131,False,False,16,direct_resolved
226_8_Previous clinical course,226,8,Previous clinical course,dataelement,,urn:osse-11:dataelement:132:1,X_226_0_132,False,False,17,direct_resolved
226_8_Previous clinical course,226,8,Previous clinical course,dataelement,,urn:osse-11:dataelement:137:1,X_226_0_137,False,False,19,direct_resolved
226_8_Previous clinical course,226,8,Previous clinical course,dataelement,,urn:osse-11:dataelement:111:1,X_226_0_111,False,False,20,direct_resolved
226_9_Previous clinical course,226,9,Previous clinical course,dataelement,,urn:osse-11:dataelement:112:1,X_226_0_112,True,False,1,direct_resolved
226_9_Previous clinical course,226,9,Previous clinical course,dataelement,,urn:osse-11:dataelement:109:1,X_226_0_109,False,False,3,direct_resolved
226_9_Previous clinical course,226,9,Previous clinical course,dataelement,,urn:osse-11:dataelement:355:1,X_226_0_355,False,False,4,direct_resolved
226_9_Previous clinical course,226,9,Previous clinical course,dataelement,,urn:osse-11:dataelement:111:1,X_226_0_111,False,False,5,direct_resolved
226_9_Previous clinical course,226,9,Previous clinical course,dataelement,,urn:osse-11:dataelement:113:1,X_226_0_113,True,False,7,direct_resolved
226_9_Previous clinical course,226,9,Previous clinical course,dataelement,,urn:osse-11:dataelement:130:1,X_226_0_130,False,False,16,direct_resolved
226_9_Previous clinical course,226,9,Previous clinical course,dataelement,,urn:osse-11:dataelement:131:1,X_226_0_131,False,False,17,direct_resolved
226_9_Previous clinical course,226,9,Previous clinical course,dataelement,,urn:osse-11:dataelement:132:1,X_226_0_132,False,False,18,direct_resolved
226_9_Previous clinical course,226,9,Previous clinical course,dataelement,,urn:osse-11:dataelement:137:1,X_226_0_137,False,False,20,direct_resolved
226_9_Previous clinical course,226,9,Previous clinical course,dataelement,,urn:osse-11:dataelement:111:1,X_226_0_111,False,False,21,direct_resolved
231_9_Laboratory data 1,231,9,Laboratory data 1,dataelement,,urn:osse-11:dataelement:241:1,X_231_0_241,True,False,1,direct_resolved
231_9_Laboratory data 1,231,9,Laboratory data 1,dataelement,,urn:osse-11:dataelement:242:1,X_231_0_242,False,False,2,direct_resolved
231_9_Laboratory data 1,231,9,Laboratory data 1,dataelement,,urn:osse-11:dataelement:348:1,X_231_0_348,False,False,5,direct_resolved
231_9_Laboratory data 1,231,9,Laboratory data 1,dataelement,,urn:osse-11:dataelement:244:1,X_231_0_244,False,False,6,direct_resolved
231_9_Laboratory data 1,231,9,Laboratory data 1,dataelement,,urn:osse-11:dataelement:245:1,X_231_0_245,False,False,7,direct_resolved
231_9_Laboratory data 1,231,9,Laboratory data 1,dataelement,,urn:osse-11:dataelement:246:1,X_231_0_246,False,False,8,direct_resolved
231_9_Laboratory data 1,231,9,Laboratory data 1,dataelement,,urn:osse-11:dataelement:247:1,X_231_0_247,False,False,9,direct_resolved
231_9_Laboratory data 1,231,9,Laboratory data 1,dataelement,,urn:osse-11:dataelement:248:1,X_231_0_248,False,False,10,direct_resolved
231_9_Laboratory data 1,231,9,Laboratory data 1,dataelement,,urn:osse-11:dataelement:249:1,X_231_0_249,False,False,11,direct_resolved
231_9_Laboratory data 1,231,9,Laboratory data 1,dataelement,,urn:osse-11:dataelement:250:1,X_231_0_250,False,False,12,direct_resolved
231_9_Laboratory data 1,231,9,Laboratory data 1,dataelement,,urn:osse-11:dataelement:251:1,X_231_0_251,False,False,13,direct_resolved
231_9_Laboratory data 1,231,9,Laboratory data 1,dataelement,,urn:osse-11:dataelement:252:1,X_231_0_252,False,False,14,direct_resolved
231_9_Laboratory data 1,231,9,Laboratory data 1,dataelement,,urn:osse-11:dataelement:253:1,X_231_0_253,False,False,15,direct_resolved
231_9_Laboratory data 1,231,9,Laboratory data 1,dataelement,,urn:osse-11:dataelement:254:1,X_231_0_254,False,False,16,direct_resolved
231_9_Laboratory data 1,231,9,Laboratory data 1,dataelement,,urn:osse-11:dataelement:255:1,X_231_0_255,False,False,17,direct_resolved
231_9_Laboratory data 1,231,9,Laboratory data 1,dataelement,,urn:osse-11:dataelement:256:1,X_231_0_256,False,False,18,direct_resolved
231_9_Laboratory data 1,231,9,Laboratory data 1,dataelement,,urn:osse-11:dataelement:258:1,X_231_0_258,False,False,20,direct_resolved
231_9_Laboratory data 1,231,9,Laboratory data 1,dataelement,,urn:osse-11:dataelement:347:1,X_231_0_347,False,False,22,direct_resolved
231_9_Laboratory data 1,231,9,Laboratory data 1,dataelement,,urn:osse-11:dataelement:260:1,X_231_0_260,False,False,23,direct_resolved
231_9_Laboratory data 1,231,9,Laboratory data 1,dataelement,,urn:osse-11:dataelement:262:1,X_231_0_262,False,False,25,direct_resolved
231_9_Laboratory data 1,231,9,Laboratory data 1,dataelement,,urn:osse-11:dataelement:263:1,X_231_0_263,False,False,26,direct_resolved
231_9_Laboratory data 1,231,9,Laboratory data 1,dataelement,,urn:osse-11:dataelement:264:1,X_231_0_264,False,False,27,direct_resolved
231_9_Laboratory data 1,231,9,Laboratory data 1,dataelement,,urn:osse-11:dataelement:265:1,X_231_0_265,False,False,28,direct_resolved
231_9_Laboratory data 1,231,9,Laboratory data 1,dataelement,,urn:osse-11:dataelement:266:1,X_231_0_266,False,False,29,direct_resolved
231_9_Laboratory data 1,231,9,Laboratory data 1,dataelement,,urn:osse-11:dataelement:267:1,X_231_0_267,False,False,30,direct_resolved
231_9_Laboratory data 1,231,9,Laboratory data 1,dataelement,,urn:osse-11:dataelement:268:1,X_231_0_268,False,False,31,direct_resolved
231_9_Laboratory data 1,231,9,Laboratory data 1,dataelement,,urn:osse-11:dataelement:269:1,X_231_0_269,False,False,32,direct_resolved
231_9_Laboratory data 1,231,9,Laboratory data 1,dataelement,,urn:osse-11:dataelement:270:1,X_231_0_270,False,False,33,direct_resolved
231_9_Laboratory data 1,231,9,Laboratory data 1,dataelement,,urn:osse-11:dataelement:271:1,X_231_0_271,False,False,34,direct_resolved
231_9_Laboratory data 1,231,9,Laboratory data 1,dataelement,,urn:osse-11:dataelement:272:1,X_231_0_272,False,False,35,direct_resolved
231_9_Laboratory data 1,231,9,Laboratory data 1,dataelement,,urn:osse-11:dataelement:273:1,X_231_0_273,False,False,36,direct_resolved
231_9_Laboratory data 1,231,9,Laboratory data 1,dataelement,,urn:osse-11:dataelement:274:1,X_231_0_274,False,False,38,direct_resolved
231_9_Laboratory data 1,231,9,Laboratory data 1,dataelement,,urn:osse-11:dataelement:275:1,X_231_0_275,False,False,39,direct_resolved
231_9_Laboratory data 1,231,9,Laboratory data 1,dataelement,,urn:osse-11:dataelement:276:1,X_231_0_276,False,False,41,direct_resolved
231_9_Laboratory data 1,231,9,Laboratory data 1,dataelement,,urn:osse-11:dataelement:277:1,X_231_0_277,False,False,42,direct_resolved
231_9_Laboratory data 1,231,9,Laboratory data 1,dataelement,,urn:osse-11:dataelement:278:1,X_231_0_278,False,False,43,direct_resolved
231_10_Laboratory data 1,231,10,Laboratory data 1,dataelement,,urn:osse-11:dataelement:241:1,X_231_0_241,True,False,1,direct_resolved
231_10_Laboratory data 1,231,10,Laboratory data 1,dataelement,,urn:osse-11:dataelement:242:1,X_231_0_242,False,False,2,direct_resolved
231_10_Laboratory data 1,231,10,Laboratory data 1,dataelement,,urn:osse-11:dataelement:348:1,X_231_0_348,False,False,5,direct_resolved
231_10_Laboratory data 1,231,10,Laboratory data 1,dataelement,,urn:osse-11:dataelement:244:1,X_231_0_244,False,False,6,direct_resolved
231_10_Laboratory data 1,231,10,Laboratory data 1,dataelement,,urn:osse-11:dataelement:245:1,X_231_0_245,False,False,7,direct_resolved
231_10_Laboratory data 1,231,10,Laboratory data 1,dataelement,,urn:osse-11:dataelement:246:1,X_231_0_246,False,False,8,direct_resolved
231_10_Laboratory data 1,231,10,Laboratory data 1,dataelement,,urn:osse-11:dataelement:247:1,X_231_0_247,False,False,9,direct_resolved
231_10_Laboratory data 1,231,10,Laboratory data 1,dataelement,,urn:osse-11:dataelement:248:1,X_231_0_248,False,False,10,direct_resolved
231_10_Laboratory data 1,231,10,Laboratory data 1,dataelement,,urn:osse-11:dataelement:249:1,X_231_0_249,False,False,11,direct_resolved
231_10_Laboratory data 1,231,10,Laboratory data 1,dataelement,,urn:osse-11:dataelement:250:1,X_231_0_250,False,False,12,direct_resolved
231_10_Laboratory data 1,231,10,Laboratory data 1,dataelement,,urn:osse-11:dataelement:251:1,X_231_0_251,False,False,13,direct_resolved
231_10_Laboratory data 1,231,10,Laboratory data 1,dataelement,,urn:osse-11:dataelement:252:1,X_231_0_252,False,False,14,direct_resolved
231_10_Laboratory data 1,231,10,Laboratory data 1,dataelement,,urn:osse-11:dataelement:253:1,X_231_0_253,False,False,15,direct_resolved
231_10_Laboratory data 1,231,10,Laboratory data 1,dataelement,,urn:osse-11:dataelement:254:1,X_231_0_254,False,False,16,direct_resolved
231_10_Laboratory data 1,231,10,Laboratory data 1,dataelement,,urn:osse-11:dataelement:255:1,X_231_0_255,False,False,17,direct_resolved
231_10_Laboratory data 1,231,10,Laboratory data 1,dataelement,,urn:osse-11:dataelement:256:1,X_231_0_256,False,False,18,direct_resolved
231_10_Laboratory data 1,231,10,Laboratory data 1,dataelement,,urn:osse-11:dataelement:258:1,X_231_0_258,False,False,20,direct_resolved
231_10_Laboratory data 1,231,10,Laboratory data 1,dataelement,,urn:osse-11:dataelement:347:1,X_231_0_347,False,False,22,direct_resolved
231_10_Laboratory data 1,231,10,Laboratory data 1,dataelement,,urn:osse-11:dataelement:260:1,X_231_0_260,False,False,23,direct_resolved
231_10_Laboratory data 1,231,10,Laboratory data 1,dataelement,,urn:osse-11:dataelement:262:1,X_231_0_262,False,False,25,direct_resolved
231_10_Laboratory data 1,231,10,Laboratory data 1,dataelement,,urn:osse-11:dataelement:263:1,X_231_0_263,False,False,26,direct_resolved
231_10_Laboratory data 1,231,10,Laboratory data 1,dataelement,,urn:osse-11:dataelement:264:1,X_231_0_264,False,False,27,direct_resolved
231_10_Laboratory data 1,231,10,Laboratory data 1,dataelement,,urn:osse-11:dataelement:265:1,X_231_0_265,False,False,28,direct_resolved
231_10_Laboratory data 1,231,10,Laboratory data 1,dataelement,,urn:osse-11:dataelement:266:1,X_231_0_266,False,False,29,direct_resolved
231_10_Laboratory data 1,231,10,Laboratory data 1,dataelement,,urn:osse-11:dataelement:267:1,X_231_0_267,False,False,30,direct_resolved
231_10_Laboratory data 1,231,10,Laboratory data 1,dataelement,,urn:osse-11:dataelement:268:1,X_231_0_268,False,False,31,direct_resolved
231_10_Laboratory data 1,231,10,Laboratory data 1,dataelement,,urn:osse-11:dataelement:269:1,X_231_0_269,False,False,32,direct_resolved
231_10_Laboratory data 1,231,10,Laboratory data 1,dataelement,,urn:osse-11:dataelement:270:1,X_231_0_270,False,False,33,direct_resolved
231_10_Laboratory data 1,231,10,Laboratory data 1,dataelement,,urn:osse-11:dataelement:271:1,X_231_0_271,False,False,34,direct_resolved
231_10_Laboratory data 1,231,10,Laboratory data 1,dataelement,,urn:osse-11:dataelement:272:1,X_231_0_272,False,False,35,direct_resolved
231_10_Laboratory data 1,231,10,Laboratory data 1,dataelement,,urn:osse-11:dataelement:273:1,X_231_0_273,False,False,36,direct_resolved
231_10_Laboratory data 1,231,10,Laboratory data 1,dataelement,,urn:osse-11:dataelement:274:1,X_231_0_274,False,False,38,direct_resolved
231_10_Laboratory data 1,231,10,Laboratory data 1,dataelement,,urn:osse-11:dataelement:275:1,X_231_0_275,False,False,39,direct_resolved
231_10_Laboratory data 1,231,10,Laboratory data 1,dataelement,,urn:osse-11:dataelement:276:1,X_231_0_276,False,False,41,direct_resolved
231_10_Laboratory data 1,231,10,Laboratory data 1,dataelement,,urn:osse-11:dataelement:277:1,X_231_0_277,False,False,42,direct_resolved
231_10_Laboratory data 1,231,10,Laboratory data 1,dataelement,,urn:osse-11:dataelement:278:1,X_231_0_278,False,False,43,direct_resolved
228_5_Data at visit,228,5,Data at visit,dataelement,,urn:osse-11:dataelement:355:1,X_228_0_355,False,False,3,direct_resolved
228_5_Data at visit,228,5,Data at visit,dataelement,,urn:osse-11:dataelement:204:1,X_228_0_204,True,False,5,direct_resolved
228_5_Data at visit,228,5,Data at visit,dataelement,,urn:osse-11:dataelement:205:1,X_228_0_205,True,False,6,direct_resolved
228_5_Data at visit,228,5,Data at visit,dataelement,,urn:osse-11:dataelement:206:1,X_228_0_206,True,False,7,direct_resolved
228_5_Data at visit,228,5,Data at visit,dataelement,,urn:osse-11:dataelement:346:1,X_228_0_346,False,False,8,direct_resolved
228_5_Data at visit,228,5,Data at visit,dataelement,,urn:osse-11:dataelement:207:1,X_228_0_207,True,False,9,direct_resolved
228_6_Data at visit,228,6,Data at visit,dataelement,,urn:osse-11:dataelement:203:1,X_228_0_203,False,False,3,direct_resolved
228_6_Data at visit,228,6,Data at visit,dataelement,,urn:osse-11:dataelement:109:1,X_228_0_109,False,False,4,direct_resolved
228_6_Data at visit,228,6,Data at visit,dataelement,,urn:osse-11:dataelement:355:1,X_228_0_355,False,False,5,direct_resolved
228_6_Data at visit,228,6,Data at visit,dataelement,,urn:osse-11:dataelement:111:1,X_228_0_111,False,False,6,direct_resolved
228_6_Data at visit,228,6,Data at visit,dataelement,,urn:osse-11:dataelement:204:1,X_228_0_204,True,False,8,direct_resolved
228_6_Data at visit,228,6,Data at visit,dataelement,,urn:osse-11:dataelement:205:1,X_228_0_205,True,False,9,direct_resolved
228_6_Data at visit,228,6,Data at visit,dataelement,,urn:osse-11:dataelement:206:1,X_228_0_206,True,False,10,direct_resolved
228_6_Data at visit,228,6,Data at visit,dataelement,,urn:osse-11:dataelement:346:1,X_228_0_346,False,False,11,direct_resolved
228_6_Data at visit,228,6,Data at visit,dataelement,,urn:osse-11:dataelement:207:1,X_228_0_207,True,False,12,direct_resolved
228_7_Data at visit,228,7,Data at visit,dataelement,,urn:osse-11:dataelement:203:1,X_228_0_203,False,False,3,direct_resolved
228_7_Data at visit,228,7,Data at visit,dataelement,,urn:osse-11:dataelement:109:1,X_228_0_109,False,False,4,direct_resolved
228_7_Data at visit,228,7,Data at visit,dataelement,,urn:osse-11:dataelement:355:1,X_228_0_355,False,False,5,direct_resolved
228_7_Data at visit,228,7,Data at visit,dataelement,,urn:osse-11:dataelement:111:1,X_228_0_111,False,False,6,direct_resolved
228_7_Data at visit,228,7,Data at visit,dataelement,,urn:osse-11:dataelement:204:1,X_228_0_204,True,False,8,direct_resolved
228_7_Data at visit,228,7,Data at visit,dataelement,,urn:osse-11:dataelement:205:1,X_228_0_205,True,False,9,direct_resolved
228_7_Data at visit,228,7,Data at visit,dataelement,,urn:osse-11:dataelement:206:1,X_228_0_206,True,False,10,direct_resolved
228_7_Data at visit,228,7,Data at visit,dataelement,,urn:osse-11:dataelement:346:1,X_228_0_346,False,False,11,direct_resolved
228_7_Data at visit,228,7,Data at visit,dataelement,,urn:osse-11:dataelement:207:1,X_228_0_207,True,False,12,direct_resolved
230_8_Physical examination,230,8,Physical examination,dataelement,,urn:osse-11:dataelement:232:1,X_230_0_232,True,False,1,direct_resolved
230_8_Physical examination,230,8,Physical examination,dataelement,,urn:osse-11:dataelement:233:1,X_230_0_233,True,False,2,direct_resolved
230_8_Physical examination,230,8,Physical examination,dataelement,,urn:osse-11:dataelement:349:1,X_230_0_349,False,False,3,direct_resolved
230_8_Physical examination,230,8,Physical examination,dataelement,,urn:osse-11:dataelement:350:1,X_230_0_350,False,False,4,direct_resolved
230_8_Physical examination,230,8,Physical examination,dataelement,,urn:osse-11:dataelement:236:1,X_230_0_236,False,False,5,direct_resolved
230_8_Physical examination,230,8,Physical examination,dataelement,,urn:osse-11:dataelement:237:1,X_230_0_237,False,False,6,direct_resolved
230_8_Physical examination,230,8,Physical examination,dataelement,,urn:osse-11:dataelement:67:1,X_230_0_67,False,False,7,direct_resolved
230_8_Physical examination,230,8,Physical examination,dataelement,,urn:osse-11:dataelement:68:1,X_230_0_68,False,False,8,direct_resolved
230_8_Physical examination,230,8,Physical examination,dataelement,,urn:osse-11:dataelement:69:1,X_230_0_69,False,False,9,direct_resolved
230_8_Physical examination,230,8,Physical examination,dataelement,,urn:osse-11:dataelement:238:1,X_230_0_238,False,False,10,direct_resolved
230_8_Physical examination,230,8,Physical examination,dataelement,,urn:osse-11:dataelement:239:1,X_230_0_239,False,False,11,direct_resolved
230_8_Physical examination,230,8,Physical examination,dataelement,,urn:osse-11:dataelement:240:1,X_230_0_240,False,False,12,direct_resolved
230_8_Physical examination,230,8,Physical examination,dataelement,,urn:osse-11:dataelement:73:1,X_230_0_73,False,False,13,direct_resolved
230_8_Physical examination,230,8,Physical examination,dataelement,,urn:osse-11:dataelement:74:1,X_230_0_74,False,False,14,direct_resolved
230_8_Physical examination,230,8,Physical examination,dataelement,,urn:osse-11:dataelement:75:1,X_230_0_75,False,False,15,direct_resolved
230_8_Physical examination,230,8,Physical examination,dataelement,,urn:osse-11:dataelement:76:1,X_230_0_76,False,False,16,direct_resolved
230_8_Physical examination,230,8,Physical examination,dataelement,,urn:osse-11:dataelement:77:1,X_230_0_77,False,False,17,direct_resolved
230_8_Physical examination,230,8,Physical examination,dataelement,,urn:osse-11:dataelement:78:1,X_230_0_78,False,False,18,direct_resolved
230_8_Physical examination,230,8,Physical examination,dataelement,,urn:osse-11:dataelement:80:1,X_230_0_80,False,False,19,direct_resolved
230_8_Physical examination,230,8,Physical examination,dataelement,,urn:osse-11:dataelement:81:1,X_230_0_81,False,False,20,direct_resolved
230_8_Physical examination,230,8,Physical examination,dataelement,,urn:osse-11:dataelement:82:1,X_230_0_82,False,False,21,direct_resolved
230_8_Physical examination,230,8,Physical examination,dataelement,,urn:osse-11:dataelement:83:1,X_230_0_83,False,False,22,direct_resolved
230_8_Physical examination,230,8,Physical examination,dataelement,,urn:osse-11:dataelement:79:1,X_230_0_79,False,False,23,direct_resolved
230_8_Physical examination,230,8,Physical examination,dataelement,,urn:osse-11:dataelement:84:1,X_230_0_84,False,False,24,direct_resolved
230_8_Physical examination,230,8,Physical examination,dataelement,,urn:osse-11:dataelement:85:1,X_230_0_85,False,False,25,direct_resolved
230_8_Physical examination,230,8,Physical examination,dataelement,,urn:osse-11:dataelement:79:1,X_230_0_79,False,False,26,direct_resolved
226_10_Previous clinical course,226,10,Previous clinical course,dataelement,,urn:osse-11:dataelement:112:1,X_226_0_112,True,False,1,direct_resolved
226_10_Previous clinical course,226,10,Previous clinical course,dataelement,,urn:osse-11:dataelement:109:1,X_226_0_109,False,False,3,direct_resolved
226_10_Previous clinical course,226,10,Previous clinical course,dataelement,,urn:osse-11:dataelement:355:1,X_226_0_355,False,False,4,direct_resolved
226_10_Previous clinical course,226,10,Previous clinical course,dataelement,,urn:osse-11:dataelement:111:1,X_226_0_111,False,False,5,direct_resolved
226_10_Previous clinical course,226,10,Previous clinical course,dataelement,,urn:osse-11:dataelement:113:1,X_226_0_113,True,False,7,direct_resolved
226_10_Previous clinical course,226,10,Previous clinical course,dataelement,,urn:osse-11:dataelement:130:1,X_226_0_130,False,False,16,direct_resolved
226_10_Previous clinical course,226,10,Previous clinical course,dataelement,,urn:osse-11:dataelement:131:1,X_226_0_131,False,False,17,direct_resolved
226_10_Previous clinical course,226,10,Previous clinical course,dataelement,,urn:osse-11:dataelement:132:1,X_226_0_132,False,False,18,direct_resolved
226_10_Previous clinical course,226,10,Previous clinical course,dataelement,,urn:osse-11:dataelement:137:1,X_226_0_137,False,False,20,direct_resolved
226_11_Previous clinical course,226,11,Previous clinical course,dataelement,,urn:osse-11:dataelement:112:1,X_226_0_112,True,False,1,direct_resolved
226_11_Previous clinical course,226,11,Previous clinical course,dataelement,,urn:osse-11:dataelement:109:1,X_226_0_109,False,False,3,direct_resolved
226_11_Previous clinical course,226,11,Previous clinical course,dataelement,,urn:osse-11:dataelement:355:1,X_226_0_355,False,False,4,direct_resolved
226_11_Previous clinical course,226,11,Previous clinical course,dataelement,,urn:osse-11:dataelement:111:1,X_226_0_111,False,False,5,direct_resolved
226_11_Previous clinical course,226,11,Previous clinical course,dataelement,,urn:osse-11:dataelement:113:1,X_226_0_113,True,False,7,direct_resolved
226_11_Previous clinical course,226,11,Previous clinical course,dataelement,,urn:osse-11:dataelement:130:1,X_226_0_130,False,False,16,direct_resolved
226_11_Previous clinical course,226,11,Previous clinical course,dataelement,,urn:osse-11:dataelement:131:1,X_226_0_131,False,False,17,direct_resolved
226_11_Previous clinical course,226,11,Previous clinical course,dataelement,,urn:osse-11:dataelement:132:1,X_226_0_132,False,False,18,direct_resolved
226_11_Previous clinical course,226,11,Previous clinical course,dataelement,,urn:osse-11:dataelement:137:1,X_226_0_137,False,False,20,direct_resolved
235_3_Scores,235,3,Scores,dataelement,,urn:osse-11:dataelement:320:1,X_235_0_320,True,False,3,direct_resolved
235_3_Scores,235,3,Scores,dataelement,,urn:osse-11:dataelement:321:1,X_235_0_321,True,False,4,direct_resolved
235_3_Scores,235,3,Scores,dataelement,,urn:osse-11:dataelement:322:1,X_235_0_322,True,False,7,direct_resolved
235_3_Scores,235,3,Scores,dataelement,,urn:osse-11:dataelement:324:1,X_235_0_324,False,False,10,direct_resolved
235_3_Scores,235,3,Scores,dataelement,,urn:osse-11:dataelement:328:1,X_235_0_328,True,False,13,direct_resolved
235_3_Scores,235,3,Scores,dataelement,,urn:osse-11:dataelement:329:1,X_235_0_329,True,False,14,direct_resolved
235_3_Scores,235,3,Scores,dataelement,,urn:osse-11:dataelement:56:1,X_235_0_56,False,False,17,direct_resolved
235_3_Scores,235,3,Scores,dataelement,,urn:osse-11:dataelement:336:1,X_235_0_336,False,False,24,direct_resolved
235_3_Scores,235,3,Scores,dataelement,,urn:osse-11:dataelement:88:1,X_235_0_88,False,False,25,direct_resolved
235_3_Scores,235,3,Scores,dataelement,,urn:osse-11:dataelement:337:1,X_235_68_337,False,False,27,direct_resolved
235_3_Scores,235,3,Scores,dataelement,,urn:osse-11:dataelement:245:1,X_235_60_245,False,False,28,direct_resolved
235_3_Scores,235,3,Scores,dataelement,,urn:osse-11:dataelement:245:1,X_235_68_245,False,False,28,direct_resolved
235_3_Scores,235,3,Scores,dataelement,,urn:osse-11:dataelement:265:1,X_235_56_265,False,False,29,direct_resolved
235_3_Scores,235,3,Scores,dataelement,,urn:osse-11:dataelement:265:1,X_235_62_265,False,False,29,direct_resolved
235_3_Scores,235,3,Scores,dataelement,,urn:osse-11:dataelement:265:1,X_235_68_265,False,False,29,direct_resolved
235_3_Scores,235,3,Scores,dataelement,,urn:osse-11:dataelement:256:1,X_235_56_256,False,False,30,direct_resolved
235_3_Scores,235,3,Scores,dataelement,,urn:osse-11:dataelement:256:1,X_235_69_256,False,False,30,direct_resolved
235_3_Scores,235,3,Scores,dataelement,,urn:osse-11:dataelement:256:1,X_235_65_256,False,False,30,direct_resolved
235_3_Scores,235,3,Scores,dataelement,,urn:osse-11:dataelement:256:1,X_235_68_256,False,False,30,direct_resolved
235_3_Scores,235,3,Scores,dataelement,,urn:osse-11:dataelement:266:1,X_235_56_266,False,False,31,direct_resolved
235_3_Scores,235,3,Scores,dataelement,,urn:osse-11:dataelement:266:1,X_235_68_266,False,False,31,direct_resolved
235_3_Scores,235,3,Scores,dataelement,,urn:osse-11:dataelement:91:1,X_235_0_91,False,False,32,direct_resolved
232_2_Laboratory data 2,232,2,Laboratory data 2,dataelement,,urn:osse-11:dataelement:279:1,X_232_0_279,True,False,2,direct_resolved
232_2_Laboratory data 2,232,2,Laboratory data 2,dataelement,,urn:osse-11:dataelement:280:1,X_232_0_280,False,False,3,direct_resolved
232_2_Laboratory data 2,232,2,Laboratory data 2,dataelement,,urn:osse-11:dataelement:281:1,X_232_0_281,False,False,6,direct_resolved
232_2_Laboratory data 2,232,2,Laboratory data 2,dataelement,,urn:osse-11:dataelement:282:1,X_232_0_282,False,False,7,direct_resolved
232_2_Laboratory data 2,232,2,Laboratory data 2,dataelement,,urn:osse-11:dataelement:283:1,X_232_0_283,False,False,8,direct_resolved
232_2_Laboratory data 2,232,2,Laboratory data 2,dataelement,,urn:osse-11:dataelement:286:1,X_232_0_286,False,False,12,direct_resolved
232_2_Laboratory data 2,232,2,Laboratory data 2,dataelement,,urn:osse-11:dataelement:287:1,X_232_0_287,False,False,13,direct_resolved
232_2_Laboratory data 2,232,2,Laboratory data 2,dataelement,,urn:osse-11:dataelement:288:1,X_232_0_288,False,False,14,direct_resolved
232_2_Laboratory data 2,232,2,Laboratory data 2,dataelement,,urn:osse-11:dataelement:289:1,X_232_0_289,False,False,15,direct_resolved
232_2_Laboratory data 2,232,2,Laboratory data 2,dataelement,,urn:osse-11:dataelement:356:1,X_232_0_356,False,False,16,direct_resolved
235_4_Scores,235,4,Scores,dataelement,,urn:osse-11:dataelement:320:1,X_235_0_320,False,False,3,direct_resolved
235_4_Scores,235,4,Scores,dataelement,,urn:osse-11:dataelement:321:1,X_235_0_321,False,False,4,direct_resolved
235_4_Scores,235,4,Scores,dataelement,,urn:osse-11:dataelement:322:1,X_235_0_322,False,False,7,direct_resolved
235_4_Scores,235,4,Scores,dataelement,,urn:osse-11:dataelement:324:1,X_235_0_324,False,False,10,direct_resolved
235_4_Scores,235,4,Scores,dataelement,,urn:osse-11:dataelement:328:1,X_235_0_328,False,False,13,direct_resolved
235_4_Scores,235,4,Scores,dataelement,,urn:osse-11:dataelement:329:1,X_235_0_329,False,False,14,direct_resolved
235_4_Scores,235,4,Scores,dataelement,,urn:osse-11:dataelement:56:1,X_235_0_56,False,False,17,direct_resolved
235_4_Scores,235,4,Scores,dataelement,,urn:osse-11:dataelement:336:1,X_235_0_336,False,False,24,direct_resolved
235_4_Scores,235,4,Scores,dataelement,,urn:osse-11:dataelement:88:1,X_235_0_88,False,False,25,direct_resolved
235_4_Scores,235,4,Scores,dataelement,,urn:osse-11:dataelement:337:1,X_235_68_337,False,False,27,direct_resolved
235_4_Scores,235,4,Scores,dataelement,,urn:osse-11:dataelement:245:1,X_235_60_245,False,False,28,direct_resolved
235_4_Scores,235,4,Scores,dataelement,,urn:osse-11:dataelement:245:1,X_235_68_245,False,False,28,direct_resolved
235_4_Scores,235,4,Scores,dataelement,,urn:osse-11:dataelement:265:1,X_235_56_265,False,False,29,direct_resolved
235_4_Scores,235,4,Scores,dataelement,,urn:osse-11:dataelement:265:1,X_235_62_265,False,False,29,direct_resolved
235_4_Scores,235,4,Scores,dataelement,,urn:osse-11:dataelement:265:1,X_235_68_265,False,False,29,direct_resolved
235_4_Scores,235,4,Scores,dataelement,,urn:osse-11:dataelement:256:1,X_235_56_256,False,False,30,direct_resolved
235_4_Scores,235,4,Scores,dataelement,,urn:osse-11:dataelement:256:1,X_235_69_256,False,False,30,direct_resolved
235_4_Scores,235,4,Scores,dataelement,,urn:osse-11:dataelement:256:1,X_235_65_256,False,False,30,direct_resolved
235_4_Scores,235,4,Scores,dataelement,,urn:osse-11:dataelement:256:1,X_235_68_256,False,False,30,direct_resolved
235_4_Scores,235,4,Scores,dataelement,,urn:osse-11:dataelement:266:1,X_235_56_266,False,False,31,direct_resolved
235_4_Scores,235,4,Scores,dataelement,,urn:osse-11:dataelement:266:1,X_235_68_266,False,False,31,direct_resolved
235_4_Scores,235,4,Scores,dataelement,,urn:osse-11:dataelement:91:1,X_235_0_91,False,False,32,direct_resolved
235_5_Scores,235,5,Scores,dataelement,,urn:osse-11:dataelement:320:1,X_235_0_320,False,False,3,direct_resolved
235_5_Scores,235,5,Scores,dataelement,,urn:osse-11:dataelement:321:1,X_235_0_321,False,False,4,direct_resolved
235_5_Scores,235,5,Scores,dataelement,,urn:osse-11:dataelement:322:1,X_235_0_322,False,False,7,direct_resolved
235_5_Scores,235,5,Scores,dataelement,,urn:osse-11:dataelement:324:1,X_235_0_324,False,False,10,direct_resolved
235_5_Scores,235,5,Scores,dataelement,,urn:osse-11:dataelement:328:1,X_235_0_328,False,False,13,direct_resolved
235_5_Scores,235,5,Scores,dataelement,,urn:osse-11:dataelement:329:1,X_235_0_329,False,False,14,direct_resolved
235_5_Scores,235,5,Scores,dataelement,,urn:osse-11:dataelement:56:1,X_235_0_56,False,False,17,direct_resolved
235_5_Scores,235,5,Scores,dataelement,,urn:osse-11:dataelement:336:1,X_235_0_336,False,False,24,direct_resolved
235_5_Scores,235,5,Scores,dataelement,,urn:osse-11:dataelement:88:1,X_235_0_88,False,False,25,direct_resolved
235_5_Scores,235,5,Scores,dataelement,,urn:osse-11:dataelement:337:1,X_235_68_337,False,False,27,direct_resolved
235_5_Scores,235,5,Scores,dataelement,,urn:osse-11:dataelement:245:1,X_235_60_245,False,False,28,direct_resolved
235_5_Scores,235,5,Scores,dataelement,,urn:osse-11:dataelement:245:1,X_235_68_245,False,False,28,direct_resolved
235_5_Scores,235,5,Scores,dataelement,,urn:osse-11:dataelement:265:1,X_235_56_265,False,False,29,direct_resolved
235_5_Scores,235,5,Scores,dataelement,,urn:osse-11:dataelement:265:1,X_235_62_265,False,False,29,direct_resolved
235_5_Scores,235,5,Scores,dataelement,,urn:osse-11:dataelement:265:1,X_235_68_265,False,False,29,direct_resolved
235_5_Scores,235,5,Scores,dataelement,,urn:osse-11:dataelement:256:1,X_235_56_256,False,False,30,direct_resolved
235_5_Scores,235,5,Scores,dataelement,,urn:osse-11:dataelement:256:1,X_235_69_256,False,False,30,direct_resolved
235_5_Scores,235,5,Scores,dataelement,,urn:osse-11:dataelement:256:1,X_235_65_256,False,False,30,direct_resolved
235_5_Scores,235,5,Scores,dataelement,,urn:osse-11:dataelement:256:1,X_235_68_256,False,False,30,direct_resolved
235_5_Scores,235,5,Scores,dataelement,,urn:osse-11:dataelement:266:1,X_235_56_266,False,False,31,direct_resolved
235_5_Scores,235,5,Scores,dataelement,,urn:osse-11:dataelement:266:1,X_235_68_266,False,False,31,direct_resolved
235_5_Scores,235,5,Scores,dataelement,,urn:osse-11:dataelement:91:1,X_235_0_91,False,False,32,direct_resolved
235_6_Scores,235,6,Scores,dataelement,,urn:osse-11:dataelement:320:1,X_235_0_320,False,False,3,direct_resolved
235_6_Scores,235,6,Scores,dataelement,,urn:osse-11:dataelement:321:1,X_235_0_321,False,False,4,direct_resolved
235_6_Scores,235,6,Scores,dataelement,,urn:osse-11:dataelement:322:1,X_235_0_322,False,False,7,direct_resolved
235_6_Scores,235,6,Scores,dataelement,,urn:osse-11:dataelement:324:1,X_235_0_324,False,False,10,direct_resolved
235_6_Scores,235,6,Scores,dataelement,,urn:osse-11:dataelement:328:1,X_235_0_328,False,False,13,direct_resolved
235_6_Scores,235,6,Scores,dataelement,,urn:osse-11:dataelement:329:1,X_235_0_329,False,False,14,direct_resolved
235_6_Scores,235,6,Scores,dataelement,,urn:osse-11:dataelement:56:1,X_235_0_56,False,False,17,direct_resolved
235_6_Scores,235,6,Scores,dataelement,,urn:osse-11:dataelement:336:1,X_235_0_336,False,False,24,direct_resolved
235_6_Scores,235,6,Scores,dataelement,,urn:osse-11:dataelement:88:1,X_235_0_88,False,False,25,direct_resolved
235_6_Scores,235,6,Scores,dataelement,,urn:osse-11:dataelement:91:1,X_235_0_91,False,False,28,direct_resolved
232_3_Laboratory data 2,232,3,Laboratory data 2,dataelement,,urn:osse-11:dataelement:279:1,X_232_0_279,True,False,2,direct_resolved
232_3_Laboratory data 2,232,3,Laboratory data 2,dataelement,,urn:osse-11:dataelement:280:1,X_232_0_280,False,False,3,direct_resolved
232_3_Laboratory data 2,232,3,Laboratory data 2,dataelement,,urn:osse-11:dataelement:281:1,X_232_0_281,False,False,6,direct_resolved
232_3_Laboratory data 2,232,3,Laboratory data 2,dataelement,,urn:osse-11:dataelement:282:1,X_232_0_282,False,False,7,direct_resolved
232_3_Laboratory data 2,232,3,Laboratory data 2,dataelement,,urn:osse-11:dataelement:283:1,X_232_0_283,False,False,8,direct_resolved
232_3_Laboratory data 2,232,3,Laboratory data 2,dataelement,,urn:osse-11:dataelement:356:1,X_232_0_356,False,False,10,direct_resolved
232_3_Laboratory data 2,232,3,Laboratory data 2,dataelement,,urn:osse-11:dataelement:286:1,X_232_0_286,False,False,12,direct_resolved
232_3_Laboratory data 2,232,3,Laboratory data 2,dataelement,,urn:osse-11:dataelement:287:1,X_232_0_287,False,False,13,direct_resolved
232_3_Laboratory data 2,232,3,Laboratory data 2,dataelement,,urn:osse-11:dataelement:288:1,X_232_0_288,False,False,14,direct_resolved
232_3_Laboratory data 2,232,3,Laboratory data 2,dataelement,,urn:osse-11:dataelement:289:1,X_232_0_289,False,False,15,direct_resolved
232_3_Laboratory data 2,232,3,Laboratory data 2,dataelement,,urn:osse-11:dataelement:356:1,X_232_0_356,False,False,16,direct_resolved
224_4_ACLF evaluation,224,4,ACLF evaluation,dataelement,,urn:osse-11:dataelement:62:1,X_224_0_62,False,False,5,direct_resolved
224_4_ACLF evaluation,224,4,ACLF evaluation,dataelement,,urn:osse-11:dataelement:63:1,X_224_0_63,False,False,6,direct_resolved
224_4_ACLF evaluation,224,4,ACLF evaluation,dataelement,,urn:osse-11:dataelement:266:1,X_224_0_266,False,False,9,direct_resolved
224_4_ACLF evaluation,224,4,ACLF evaluation,dataelement,,urn:osse-11:dataelement:337:1,X_224_0_337,False,False,10,direct_resolved
224_4_ACLF evaluation,224,4,ACLF evaluation,dataelement,,urn:osse-11:dataelement:245:1,X_224_0_245,False,False,11,direct_resolved
224_4_ACLF evaluation,224,4,ACLF evaluation,dataelement,,urn:osse-11:dataelement:88:1,X_224_0_88,False,False,12,direct_resolved
224_4_ACLF evaluation,224,4,ACLF evaluation,dataelement,,urn:osse-11:dataelement:89:1,X_224_0_89,False,False,13,direct_resolved
224_4_ACLF evaluation,224,4,ACLF evaluation,dataelement,,urn:osse-11:dataelement:90:1,X_224_0_90,False,False,14,direct_resolved
224_4_ACLF evaluation,224,4,ACLF evaluation,dataelement,,urn:osse-11:dataelement:91:1,X_224_0_91,False,False,15,direct_resolved
232_6_Laboratory data 2,232,6,Laboratory data 2,dataelement,,urn:osse-11:dataelement:279:1,X_232_0_279,True,False,2,direct_resolved
232_6_Laboratory data 2,232,6,Laboratory data 2,dataelement,,urn:osse-11:dataelement:280:1,X_232_0_280,False,False,3,direct_resolved
232_6_Laboratory data 2,232,6,Laboratory data 2,dataelement,,urn:osse-11:dataelement:281:1,X_232_0_281,False,False,6,direct_resolved
232_6_Laboratory data 2,232,6,Laboratory data 2,dataelement,,urn:osse-11:dataelement:282:1,X_232_0_282,False,False,7,direct_resolved
232_6_Laboratory data 2,232,6,Laboratory data 2,dataelement,,urn:osse-11:dataelement:283:1,X_232_0_283,False,False,8,direct_resolved
232_6_Laboratory data 2,232,6,Laboratory data 2,dataelement,,urn:osse-11:dataelement:289:1,X_232_0_289,False,False,9,direct_resolved
232_6_Laboratory data 2,232,6,Laboratory data 2,dataelement,,urn:osse-11:dataelement:356:1,X_232_0_356,False,False,10,direct_resolved
232_6_Laboratory data 2,232,6,Laboratory data 2,dataelement,,urn:osse-11:dataelement:286:1,X_232_0_286,False,False,12,direct_resolved
232_6_Laboratory data 2,232,6,Laboratory data 2,dataelement,,urn:osse-11:dataelement:287:1,X_232_0_287,False,False,13,direct_resolved
232_6_Laboratory data 2,232,6,Laboratory data 2,dataelement,,urn:osse-11:dataelement:288:1,X_232_0_288,False,False,14,direct_resolved
232_6_Laboratory data 2,232,6,Laboratory data 2,dataelement,,urn:osse-11:dataelement:358:1,X_232_0_358,False,False,15,direct_resolved
232_6_Laboratory data 2,232,6,Laboratory data 2,dataelement,,urn:osse-11:dataelement:359:1,X_232_0_359,False,False,16,direct_resolved
235_7_Scores,235,7,Scores,dataelement,,urn:osse-11:dataelement:320:1,X_235_0_320,False,False,3,direct_resolved
235_7_Scores,235,7,Scores,dataelement,,urn:osse-11:dataelement:321:1,X_235_0_321,False,False,4,direct_resolved
235_7_Scores,235,7,Scores,dataelement,,urn:osse-11:dataelement:322:1,X_235_0_322,False,False,7,direct_resolved
235_7_Scores,235,7,Scores,dataelement,,urn:osse-11:dataelement:324:1,X_235_0_324,False,False,10,direct_resolved
235_7_Scores,235,7,Scores,dataelement,,urn:osse-11:dataelement:328:1,X_235_0_328,False,False,13,direct_resolved
235_7_Scores,235,7,Scores,dataelement,,urn:osse-11:dataelement:329:1,X_235_0_329,False,False,14,direct_resolved
235_7_Scores,235,7,Scores,dataelement,,urn:osse-11:dataelement:56:1,X_235_0_56,False,False,16,direct_resolved
235_7_Scores,235,7,Scores,dataelement,,urn:osse-11:dataelement:336:1,X_235_0_336,False,False,23,direct_resolved
235_7_Scores,235,7,Scores,dataelement,,urn:osse-11:dataelement:88:1,X_235_0_88,False,False,24,direct_resolved
235_7_Scores,235,7,Scores,dataelement,,urn:osse-11:dataelement:91:1,X_235_0_91,False,False,27,direct_resolved
233_10_Treatment,233,10,Treatment,dataelement,,urn:osse-11:dataelement:353:1,X_233_0_353,False,False,4,direct_resolved
233_10_Treatment,233,10,Treatment,dataelement,,urn:osse-11:dataelement:158:1,X_233_0_158,False,False,8,direct_resolved
233_10_Treatment,233,10,Treatment,dataelement,,urn:osse-11:dataelement:159:1,X_233_0_159,False,False,9,direct_resolved
233_10_Treatment,233,10,Treatment,dataelement,,urn:osse-11:dataelement:360:1,X_233_0_360,False,False,13,direct_resolved
233_10_Treatment,233,10,Treatment,dataelement,,urn:osse-11:dataelement:162:1,X_233_0_162,False,False,14,direct_resolved
233_10_Treatment,233,10,Treatment,dataelement,,urn:osse-11:dataelement:361:1,X_233_0_361,False,False,17,direct_resolved
233_10_Treatment,233,10,Treatment,dataelement,,urn:osse-11:dataelement:362:1,X_233_0_362,False,False,20,direct_resolved
233_10_Treatment,233,10,Treatment,dataelement,,urn:osse-11:dataelement:293:1,X_233_0_293,False,True,22,direct_resolved
233_10_Treatment,233,10,Treatment,dataelement,,urn:osse-11:dataelement:169:1,X_233_0_169,False,False,23,direct_resolved
233_10_Treatment,233,10,Treatment,dataelement,,urn:osse-11:dataelement:294:1,X_233_0_294,False,True,24,direct_resolved
233_10_Treatment,233,10,Treatment,dataelement,,urn:osse-11:dataelement:170:1,X_233_0_170,False,False,25,direct_resolved
233_10_Treatment,233,10,Treatment,dataelement,,urn:osse-11:dataelement:171:1,X_233_0_171,False,False,26,direct_resolved
233_10_Treatment,233,10,Treatment,dataelement,,urn:osse-11:dataelement:363:1,X_233_0_363,False,False,28,direct_resolved
233_10_Treatment,233,10,Treatment,dataelement,,urn:osse-11:dataelement:172:1,X_233_0_172,False,False,29,direct_resolved
233_10_Treatment,233,10,Treatment,dataelement,,urn:osse-11:dataelement:173:1,X_233_0_173,False,False,30,direct_resolved
233_10_Treatment,233,10,Treatment,dataelement,,urn:osse-11:dataelement:174:1,X_233_0_174,False,False,31,direct_resolved
233_10_Treatment,233,10,Treatment,dataelement,,urn:osse-11:dataelement:364:1,X_233_0_364,False,False,33,direct_resolved
233_10_Treatment,233,10,Treatment,dataelement,,urn:osse-11:dataelement:180:1,X_233_0_180,False,False,36,direct_resolved
233_10_Treatment,233,10,Treatment,dataelement,,urn:osse-11:dataelement:295:1,X_233_0_295,False,True,37,direct_resolved
233_10_Treatment,233,10,Treatment,dataelement,,urn:osse-11:dataelement:185:1,X_233_0_185,False,False,40,direct_resolved
233_10_Treatment,233,10,Treatment,dataelement,,urn:osse-11:dataelement:188:1,X_233_0_188,False,False,42,direct_resolved
233_10_Treatment,233,10,Treatment,dataelement,,urn:osse-11:dataelement:191:1,X_233_0_191,True,False,45,direct_resolved
233_10_Treatment,233,10,Treatment,dataelement,,urn:osse-11:dataelement:296:1,X_233_0_296,False,False,46,direct_resolved
233_10_Treatment,233,10,Treatment,dataelement,,urn:osse-11:dataelement:193:1,X_233_0_193,False,False,48,direct_resolved
233_10_Treatment,233,10,Treatment,dataelement,,urn:osse-11:dataelement:195:1,X_233_0_195,False,True,49,direct_resolved
233_10_Treatment,233,10,Treatment,dataelement,,urn:osse-11:dataelement:194:1,X_233_0_194,False,False,51,direct_resolved
233_10_Treatment,233,10,Treatment,dataelement,,urn:osse-11:dataelement:196:1,X_233_0_196,False,True,52,direct_resolved
234_4_Electrocardiogram and Echocardiography,234,4,Electrocardiogram and Echocardiography,dataelement,,urn:osse-11:dataelement:297:1,X_234_0_297,True,False,2,direct_resolved
234_4_Electrocardiogram and Echocardiography,234,4,Electrocardiogram and Echocardiography,dataelement,,urn:osse-11:dataelement:298:1,X_234_0_298,False,False,3,direct_resolved
234_4_Electrocardiogram and Echocardiography,234,4,Electrocardiogram and Echocardiography,dataelement,,urn:osse-11:dataelement:299:1,X_234_0_299,False,False,4,direct_resolved
234_4_Electrocardiogram and Echocardiography,234,4,Electrocardiogram and Echocardiography,dataelement,,urn:osse-11:dataelement:300:1,X_234_0_300,True,False,6,direct_resolved
234_4_Electrocardiogram and Echocardiography,234,4,Electrocardiogram and Echocardiography,dataelement,,urn:osse-11:dataelement:301:1,X_234_0_301,False,False,7,direct_resolved
234_4_Electrocardiogram and Echocardiography,234,4,Electrocardiogram and Echocardiography,dataelement,,urn:osse-11:dataelement:302:1,X_234_0_302,False,False,8,direct_resolved
234_4_Electrocardiogram and Echocardiography,234,4,Electrocardiogram and Echocardiography,dataelement,,urn:osse-11:dataelement:303:1,X_234_0_303,False,False,9,direct_resolved
234_4_Electrocardiogram and Echocardiography,234,4,Electrocardiogram and Echocardiography,dataelement,,urn:osse-11:dataelement:369:2,X_234_0_369,False,False,10,direct_resolved
234_4_Electrocardiogram and Echocardiography,234,4,Electrocardiogram and Echocardiography,dataelement,,urn:osse-11:dataelement:305:1,X_234_0_305,False,False,11,direct_resolved
234_4_Electrocardiogram and Echocardiography,234,4,Electrocardiogram and Echocardiography,dataelement,,urn:osse-11:dataelement:370:1,X_234_0_370,False,False,12,direct_resolved
234_4_Electrocardiogram and Echocardiography,234,4,Electrocardiogram and Echocardiography,dataelement,,urn:osse-11:dataelement:306:1,X_234_0_306,False,False,13,direct_resolved
234_4_Electrocardiogram and Echocardiography,234,4,Electrocardiogram and Echocardiography,dataelement,,urn:osse-11:dataelement:371:1,X_234_0_371,False,False,14,direct_resolved
234_4_Electrocardiogram and Echocardiography,234,4,Electrocardiogram and Echocardiography,dataelement,,urn:osse-11:dataelement:307:1,X_234_0_307,False,False,15,direct_resolved
234_4_Electrocardiogram and Echocardiography,234,4,Electrocardiogram and Echocardiography,dataelement,,urn:osse-11:dataelement:372:1,X_234_0_372,False,False,16,direct_resolved
234_4_Electrocardiogram and Echocardiography,234,4,Electrocardiogram and Echocardiography,dataelement,,urn:osse-11:dataelement:308:1,X_234_0_308,False,False,17,direct_resolved
234_4_Electrocardiogram and Echocardiography,234,4,Electrocardiogram and Echocardiography,dataelement,,urn:osse-11:dataelement:309:1,X_234_0_309,False,False,18,direct_resolved
234_4_Electrocardiogram and Echocardiography,234,4,Electrocardiogram and Echocardiography,dataelement,,urn:osse-11:dataelement:310:1,X_234_0_310,False,False,19,direct_resolved
234_4_Electrocardiogram and Echocardiography,234,4,Electrocardiogram and Echocardiography,dataelement,,urn:osse-11:dataelement:311:1,X_234_0_311,False,False,20,direct_resolved
234_4_Electrocardiogram and Echocardiography,234,4,Electrocardiogram and Echocardiography,dataelement,,urn:osse-11:dataelement:312:1,X_234_0_312,False,False,21,direct_resolved
234_4_Electrocardiogram and Echocardiography,234,4,Electrocardiogram and Echocardiography,dataelement,,urn:osse-11:dataelement:313:1,X_234_0_313,False,False,22,direct_resolved
234_4_Electrocardiogram and Echocardiography,234,4,Electrocardiogram and Echocardiography,dataelement,,urn:osse-11:dataelement:314:1,X_234_0_314,False,False,23,direct_resolved
234_4_Electrocardiogram and Echocardiography,234,4,Electrocardiogram and Echocardiography,dataelement,,urn:osse-11:dataelement:315:1,X_234_0_315,False,False,24,direct_resolved
234_4_Electrocardiogram and Echocardiography,234,4,Electrocardiogram and Echocardiography,dataelement,,urn:osse-11:dataelement:316:1,X_234_0_316,False,False,25,direct_resolved
234_4_Electrocardiogram and Echocardiography,234,4,Electrocardiogram and Echocardiography,dataelement,,urn:osse-11:dataelement:317:1,X_234_0_317,False,False,26,direct_resolved
234_4_Electrocardiogram and Echocardiography,234,4,Electrocardiogram and Echocardiography,dataelement,,urn:osse-11:dataelement:373:1,X_234_0_373,False,False,27,direct_resolved
234_4_Electrocardiogram and Echocardiography,234,4,Electrocardiogram and Echocardiography,dataelement,,urn:osse-11:dataelement:318:1,X_234_0_318,False,False,28,direct_resolved
234_4_Electrocardiogram and Echocardiography,234,4,Electrocardiogram and Echocardiography,dataelement,,urn:osse-11:dataelement:319:1,X_234_0_319,False,False,29,direct_resolved
228_8_Data at visit,228,8,Data at visit,record,urn:osse-11:record:47:1,urn:osse-11:dataelement:197:1,X_228_47_197,False,False,0,record_resolved
228_8_Data at visit,228,8,Data at visit,record,urn:osse-11:record:47:1,urn:osse-11:dataelement:198:1,X_228_47_198,False,False,0,record_resolved
228_8_Data at visit,228,8,Data at visit,record,urn:osse-11:record:47:1,urn:osse-11:dataelement:199:1,X_228_47_199,False,False,0,record_resolved
228_8_Data at visit,228,8,Data at visit,record,urn:osse-11:record:47:1,urn:osse-11:dataelement:200:1,X_228_47_200,False,False,0,record_resolved
228_8_Data at visit,228,8,Data at visit,record,urn:osse-11:record:47:1,urn:osse-11:dataelement:201:1,X_228_47_201,False,False,0,record_resolved
228_8_Data at visit,228,8,Data at visit,record,urn:osse-11:record:47:1,urn:osse-11:dataelement:202:1,X_228_47_202,False,False,0,record_resolved
228_9_Data at visit,228,9,Data at visit,record,urn:osse-11:record:47:1,urn:osse-11:dataelement:197:1,X_228_47_197,False,False,0,record_resolved
228_9_Data at visit,228,9,Data at visit,record,urn:osse-11:record:47:1,urn:osse-11:dataelement:198:1,X_228_47_198,False,False,0,record_resolved
228_9_Data at visit,228,9,Data at visit,record,urn:osse-11:record:47:1,urn:osse-11:dataelement:199:1,X_228_47_199,False,False,0,record_resolved
228_9_Data at visit,228,9,Data at visit,record,urn:osse-11:record:47:1,urn:osse-11:dataelement:200:1,X_228_47_200,False,False,0,record_resolved
228_9_Data at visit,228,9,Data at visit,record,urn:osse-11:record:47:1,urn:osse-11:dataelement:201:1,X_228_47_201,False,False,0,record_resolved
228_9_Data at visit,228,9,Data at visit,record,urn:osse-11:record:47:1,urn:osse-11:dataelement:202:1,X_228_47_202,False,False,0,record_resolved
223_1_Biobank sample collection,223,1,Biobank sample collection,record,urn:osse-11:record:2:2,urn:osse-11:dataelement:13:2,X_223_2_13,False,False,1,record_resolved
223_1_Biobank sample collection,223,1,Biobank sample collection,record,urn:osse-11:record:2:2,urn:osse-11:dataelement:19:1,X_223_2_19,False,False,1,record_resolved
223_1_Biobank sample collection,223,1,Biobank sample collection,record,urn:osse-11:record:2:2,urn:osse-11:dataelement:14:1,X_223_2_14,False,False,1,record_resolved
223_1_Biobank sample collection,223,1,Biobank sample collection,record,urn:osse-11:record:7:1,urn:osse-11:dataelement:28:1,X_223_7_28,False,False,6,record_resolved
223_1_Biobank sample collection,223,1,Biobank sample collection,record,urn:osse-11:record:7:1,urn:osse-11:dataelement:29:1,X_223_7_29,False,False,6,record_resolved
223_1_Biobank sample collection,223,1,Biobank sample collection,record,urn:osse-11:record:7:1,urn:osse-11:dataelement:30:1,X_223_7_30,False,False,6,record_resolved
223_1_Biobank sample collection,223,1,Biobank sample collection,record,urn:osse-11:record:8:1,urn:osse-11:dataelement:31:1,X_223_8_31,False,False,7,record_resolved
223_1_Biobank sample collection,223,1,Biobank sample collection,record,urn:osse-11:record:8:1,urn:osse-11:dataelement:29:1,X_223_8_29,False,False,7,record_resolved
223_1_Biobank sample collection,223,1,Biobank sample collection,record,urn:osse-11:record:9:1,urn:osse-11:dataelement:32:1,X_223_9_32,False,False,8,record_resolved
223_1_Biobank sample collection,223,1,Biobank sample collection,record,urn:osse-11:record:9:1,urn:osse-11:dataelement:29:1,X_223_9_29,False,False,8,record_resolved
223_1_Biobank sample collection,223,1,Biobank sample collection,record,urn:osse-11:record:9:1,urn:osse-11:dataelement:33:1,X_223_9_33,False,False,8,record_resolved
223_1_Biobank sample collection,223,1,Biobank sample collection,record,urn:osse-11:record:9:1,urn:osse-11:dataelement:34:1,X_223_9_34,False,False,8,record_resolved
223_1_Biobank sample collection,223,1,Biobank sample collection,record,urn:osse-11:record:9:1,urn:osse-11:dataelement:35:1,X_223_9_35,False,False,8,record_resolved
223_1_Biobank sample collection,223,1,Biobank sample collection,record,urn:osse-11:record:9:1,urn:osse-11:dataelement:37:1,X_223_9_37,False,False,8,record_resolved
223_1_Biobank sample collection,223,1,Biobank sample collection,record,urn:osse-11:record:9:1,urn:osse-11:dataelement:36:1,X_223_9_36,False,False,8,record_resolved
224_1_ACLF evaluation,224,1,ACLF evaluation,record,urn:osse-11:record:16:1,urn:osse-11:dataelement:57:1,X_224_16_57,False,False,1,record_resolved
224_1_ACLF evaluation,224,1,ACLF evaluation,record,urn:osse-11:record:16:1,urn:osse-11:dataelement:58:1,X_224_16_58,False,False,1,record_resolved
224_1_ACLF evaluation,224,1,ACLF evaluation,record,urn:osse-11:record:17:1,urn:osse-11:dataelement:59:1,X_224_17_59,False,False,2,record_resolved
224_1_ACLF evaluation,224,1,ACLF evaluation,record,urn:osse-11:record:17:1,urn:osse-11:dataelement:60:1,X_224_17_60,False,False,2,record_resolved
224_1_ACLF evaluation,224,1,ACLF evaluation,record,urn:osse-11:record:17:1,urn:osse-11:dataelement:61:1,X_224_17_61,False,False,2,record_resolved
224_1_ACLF evaluation,224,1,ACLF evaluation,record,urn:osse-11:record:18:1,urn:osse-11:dataelement:64:1,X_224_18_64,False,False,3,record_resolved
224_1_ACLF evaluation,224,1,ACLF evaluation,record,urn:osse-11:record:18:1,urn:osse-11:dataelement:65:1,X_224_18_65,False,False,3,record_resolved
224_1_ACLF evaluation,224,1,ACLF evaluation,record,urn:osse-11:record:19:1,urn:osse-11:dataelement:66:1,X_224_19_66,False,False,7,record_resolved
224_1_ACLF evaluation,224,1,ACLF evaluation,record,urn:osse-11:record:19:1,urn:osse-11:dataelement:67:1,X_224_19_67,False,False,7,record_resolved
224_1_ACLF evaluation,224,1,ACLF evaluation,record,urn:osse-11:record:19:1,urn:osse-11:dataelement:68:1,X_224_19_68,False,False,7,record_resolved
224_1_ACLF evaluation,224,1,ACLF evaluation,record,urn:osse-11:record:19:1,urn:osse-11:dataelement:69:1,X_224_19_69,False,False,7,record_resolved
224_1_ACLF evaluation,224,1,ACLF evaluation,record,urn:osse-11:record:19:1,urn:osse-11:dataelement:70:1,X_224_19_70,False,False,7,record_resolved
224_1_ACLF evaluation,224,1,ACLF evaluation,record,urn:osse-11:record:20:1,urn:osse-11:dataelement:71:1,X_224_20_71,False,False,8,record_resolved
224_1_ACLF evaluation,224,1,ACLF evaluation,record,urn:osse-11:record:20:1,urn:osse-11:dataelement:72:1,X_224_20_72,False,False,8,record_resolved
224_1_ACLF evaluation,224,1,ACLF evaluation,record,urn:osse-11:record:20:1,urn:osse-11:dataelement:73:1,X_224_20_73,False,False,8,record_resolved
224_1_ACLF evaluation,224,1,ACLF evaluation,record,urn:osse-11:record:20:1,urn:osse-11:dataelement:74:1,X_224_20_74,False,False,8,record_resolved
224_1_ACLF evaluation,224,1,ACLF evaluation,record,urn:osse-11:record:20:1,urn:osse-11:dataelement:75:1,X_224_20_75,False,False,8,record_resolved
224_1_ACLF evaluation,224,1,ACLF evaluation,record,urn:osse-11:record:20:1,urn:osse-11:dataelement:76:1,X_224_20_76,False,False,8,record_resolved
224_1_ACLF evaluation,224,1,ACLF evaluation,record,urn:osse-11:record:20:1,urn:osse-11:dataelement:77:1,X_224_20_77,False,False,8,record_resolved
224_1_ACLF evaluation,224,1,ACLF evaluation,record,urn:osse-11:record:20:1,urn:osse-11:dataelement:78:1,X_224_20_78,False,False,8,record_resolved
224_1_ACLF evaluation,224,1,ACLF evaluation,record,urn:osse-11:record:20:1,urn:osse-11:dataelement:80:1,X_224_20_80,False,False,8,record_resolved
224_1_ACLF evaluation,224,1,ACLF evaluation,record,urn:osse-11:record:20:1,urn:osse-11:dataelement:81:1,X_224_20_81,False,False,8,record_resolved
224_1_ACLF evaluation,224,1,ACLF evaluation,record,urn:osse-11:record:20:1,urn:osse-11:dataelement:82:1,X_224_20_82,False,False,8,record_resolved
224_1_ACLF evaluation,224,1,ACLF evaluation,record,urn:osse-11:record:20:1,urn:osse-11:dataelement:83:1,X_224_20_83,False,False,8,record_resolved
224_1_ACLF evaluation,224,1,ACLF evaluation,record,urn:osse-11:record:20:1,urn:osse-11:dataelement:84:1,X_224_20_84,False,False,8,record_resolved
224_1_ACLF evaluation,224,1,ACLF evaluation,record,urn:osse-11:record:20:1,urn:osse-11:dataelement:85:1,X_224_20_85,False,False,8,record_resolved
224_1_ACLF evaluation,224,1,ACLF evaluation,record,urn:osse-11:record:20:1,urn:osse-11:dataelement:79:1,X_224_20_79,False,False,8,record_resolved
224_1_ACLF evaluation,224,1,ACLF evaluation,record,urn:osse-11:record:20:1,urn:osse-11:dataelement:86:1,X_224_20_86,False,False,8,record_resolved
224_1_ACLF evaluation,224,1,ACLF evaluation,record,urn:osse-11:record:20:1,urn:osse-11:dataelement:87:1,X_224_20_87,False,False,8,record_resolved
224_2_ACLF evaluation,224,2,ACLF evaluation,record,urn:osse-11:record:16:1,urn:osse-11:dataelement:57:1,X_224_16_57,False,False,1,record_resolved
224_2_ACLF evaluation,224,2,ACLF evaluation,record,urn:osse-11:record:16:1,urn:osse-11:dataelement:58:1,X_224_16_58,False,False,1,record_resolved
224_2_ACLF evaluation,224,2,ACLF evaluation,record,urn:osse-11:record:17:1,urn:osse-11:dataelement:59:1,X_224_17_59,False,False,2,record_resolved
224_2_ACLF evaluation,224,2,ACLF evaluation,record,urn:osse-11:record:17:1,urn:osse-11:dataelement:60:1,X_224_17_60,False,False,2,record_resolved
224_2_ACLF evaluation,224,2,ACLF evaluation,record,urn:osse-11:record:17:1,urn:osse-11:dataelement:61:1,X_224_17_61,False,False,2,record_resolved
224_2_ACLF evaluation,224,2,ACLF evaluation,record,urn:osse-11:record:18:1,urn:osse-11:dataelement:64:1,X_224_18_64,False,False,3,record_resolved
224_2_ACLF evaluation,224,2,ACLF evaluation,record,urn:osse-11:record:18:1,urn:osse-11:dataelement:65:1,X_224_18_65,False,False,3,record_resolved
224_2_ACLF evaluation,224,2,ACLF evaluation,record,urn:osse-11:record:19:1,urn:osse-11:dataelement:66:1,X_224_19_66,False,False,7,record_resolved
224_2_ACLF evaluation,224,2,ACLF evaluation,record,urn:osse-11:record:19:1,urn:osse-11:dataelement:67:1,X_224_19_67,False,False,7,record_resolved
224_2_ACLF evaluation,224,2,ACLF evaluation,record,urn:osse-11:record:19:1,urn:osse-11:dataelement:68:1,X_224_19_68,False,False,7,record_resolved
224_2_ACLF evaluation,224,2,ACLF evaluation,record,urn:osse-11:record:19:1,urn:osse-11:dataelement:69:1,X_224_19_69,False,False,7,record_resolved
224_2_ACLF evaluation,224,2,ACLF evaluation,record,urn:osse-11:record:19:1,urn:osse-11:dataelement:70:1,X_224_19_70,False,False,7,record_resolved
224_2_ACLF evaluation,224,2,ACLF evaluation,record,urn:osse-11:record:20:1,urn:osse-11:dataelement:71:1,X_224_20_71,False,False,8,record_resolved
224_2_ACLF evaluation,224,2,ACLF evaluation,record,urn:osse-11:record:20:1,urn:osse-11:dataelement:72:1,X_224_20_72,False,False,8,record_resolved
224_2_ACLF evaluation,224,2,ACLF evaluation,record,urn:osse-11:record:20:1,urn:osse-11:dataelement:73:1,X_224_20_73,False,False,8,record_resolved
224_2_ACLF evaluation,224,2,ACLF evaluation,record,urn:osse-11:record:20:1,urn:osse-11:dataelement:74:1,X_224_20_74,False,False,8,record_resolved
224_2_ACLF evaluation,224,2,ACLF evaluation,record,urn:osse-11:record:20:1,urn:osse-11:dataelement:75:1,X_224_20_75,False,False,8,record_resolved
224_2_ACLF evaluation,224,2,ACLF evaluation,record,urn:osse-11:record:20:1,urn:osse-11:dataelement:76:1,X_224_20_76,False,False,8,record_resolved
224_2_ACLF evaluation,224,2,ACLF evaluation,record,urn:osse-11:record:20:1,urn:osse-11:dataelement:77:1,X_224_20_77,False,False,8,record_resolved
224_2_ACLF evaluation,224,2,ACLF evaluation,record,urn:osse-11:record:20:1,urn:osse-11:dataelement:78:1,X_224_20_78,False,False,8,record_resolved
224_2_ACLF evaluation,224,2,ACLF evaluation,record,urn:osse-11:record:20:1,urn:osse-11:dataelement:80:1,X_224_20_80,False,False,8,record_resolved
224_2_ACLF evaluation,224,2,ACLF evaluation,record,urn:osse-11:record:20:1,urn:osse-11:dataelement:81:1,X_224_20_81,False,False,8,record_resolved
224_2_ACLF evaluation,224,2,ACLF evaluation,record,urn:osse-11:record:20:1,urn:osse-11:dataelement:82:1,X_224_20_82,False,False,8,record_resolved
224_2_ACLF evaluation,224,2,ACLF evaluation,record,urn:osse-11:record:20:1,urn:osse-11:dataelement:83:1,X_224_20_83,False,False,8,record_resolved
224_2_ACLF evaluation,224,2,ACLF evaluation,record,urn:osse-11:record:20:1,urn:osse-11:dataelement:84:1,X_224_20_84,False,False,8,record_resolved
224_2_ACLF evaluation,224,2,ACLF evaluation,record,urn:osse-11:record:20:1,urn:osse-11:dataelement:85:1,X_224_20_85,False,False,8,record_resolved
224_2_ACLF evaluation,224,2,ACLF evaluation,record,urn:osse-11:record:20:1,urn:osse-11:dataelement:79:1,X_224_20_79,False,False,8,record_resolved
224_2_ACLF evaluation,224,2,ACLF evaluation,record,urn:osse-11:record:20:1,urn:osse-11:dataelement:86:1,X_224_20_86,False,False,8,record_resolved
224_2_ACLF evaluation,224,2,ACLF evaluation,record,urn:osse-11:record:20:1,urn:osse-11:dataelement:87:1,X_224_20_87,False,False,8,record_resolved
225_1_Patient’s information and Medical history,225,1,Patient’s information and Medical history,record,urn:osse-11:record:21:1,urn:osse-11:dataelement:93:1,X_225_21_93,False,False,3,record_resolved
225_1_Patient’s information and Medical history,225,1,Patient’s information and Medical history,record,urn:osse-11:record:21:1,urn:osse-11:dataelement:94:1,X_225_21_94,False,False,3,record_resolved
225_1_Patient’s information and Medical history,225,1,Patient’s information and Medical history,record,urn:osse-11:record:21:1,urn:osse-11:dataelement:96:1,X_225_21_96,False,False,3,record_resolved
225_1_Patient’s information and Medical history,225,1,Patient’s information and Medical history,record,urn:osse-11:record:21:1,urn:osse-11:dataelement:95:1,X_225_21_95,False,False,3,record_resolved
225_1_Patient’s information and Medical history,225,1,Patient’s information and Medical history,record,urn:osse-11:record:22:1,urn:osse-11:dataelement:97:1,X_225_22_97,False,False,4,record_resolved
225_1_Patient’s information and Medical history,225,1,Patient’s information and Medical history,record,urn:osse-11:record:22:1,urn:osse-11:dataelement:98:1,X_225_22_98,False,False,4,record_resolved
225_1_Patient’s information and Medical history,225,1,Patient’s information and Medical history,record,urn:osse-11:record:22:1,urn:osse-11:dataelement:99:1,X_225_22_99,False,False,4,record_resolved
225_1_Patient’s information and Medical history,225,1,Patient’s information and Medical history,record,urn:osse-11:record:22:1,urn:osse-11:dataelement:100:1,X_225_22_100,False,False,4,record_resolved
225_1_Patient’s information and Medical history,225,1,Patient’s information and Medical history,record,urn:osse-11:record:22:1,urn:osse-11:dataelement:101:1,X_225_22_101,False,False,4,record_resolved
225_1_Patient’s information and Medical history,225,1,Patient’s information and Medical history,record,urn:osse-11:record:22:1,urn:osse-11:dataelement:102:1,X_225_22_102,False,False,4,record_resolved
225_1_Patient’s information and Medical history,225,1,Patient’s information and Medical history,record,urn:osse-11:record:22:1,urn:osse-11:dataelement:103:1,X_225_22_103,False,False,4,record_resolved
225_1_Patient’s information and Medical history,225,1,Patient’s information and Medical history,record,urn:osse-11:record:23:1,urn:osse-11:dataelement:106:1,X_225_23_106,False,False,7,record_resolved
225_1_Patient’s information and Medical history,225,1,Patient’s information and Medical history,record,urn:osse-11:record:23:1,urn:osse-11:dataelement:107:1,X_225_23_107,False,False,7,record_resolved
226_1_Clinical course,226,1,Clinical course,record,urn:osse-11:record:25:1,urn:osse-11:dataelement:114:1,X_226_25_114,False,False,5,record_resolved
226_1_Clinical course,226,1,Clinical course,record,urn:osse-11:record:25:1,urn:osse-11:dataelement:116:1,X_226_25_116,False,False,5,record_resolved
226_1_Clinical course,226,1,Clinical course,record,urn:osse-11:record:25:1,urn:osse-11:dataelement:117:1,X_226_25_117,False,False,5,record_resolved
226_1_Clinical course,226,1,Clinical course,record,urn:osse-11:record:26:1,urn:osse-11:dataelement:115:1,X_226_26_115,False,False,6,record_resolved
226_1_Clinical course,226,1,Clinical course,record,urn:osse-11:record:26:1,urn:osse-11:dataelement:118:1,X_226_26_118,False,False,6,record_resolved
226_1_Clinical course,226,1,Clinical course,record,urn:osse-11:record:26:1,urn:osse-11:dataelement:119:1,X_226_26_119,False,False,6,record_resolved
226_1_Clinical course,226,1,Clinical course,record,urn:osse-11:record:26:1,urn:osse-11:dataelement:120:1,X_226_26_120,False,False,6,record_resolved
226_1_Clinical course,226,1,Clinical course,record,urn:osse-11:record:26:1,urn:osse-11:dataelement:121:1,X_226_26_121,False,False,6,record_resolved
226_1_Clinical course,226,1,Clinical course,record,urn:osse-11:record:27:1,urn:osse-11:dataelement:122:1,X_226_27_122,False,False,7,record_resolved
226_1_Clinical course,226,1,Clinical course,record,urn:osse-11:record:27:1,urn:osse-11:dataelement:118:1,X_226_27_118,False,False,7,record_resolved
226_1_Clinical course,226,1,Clinical course,record,urn:osse-11:record:27:1,urn:osse-11:dataelement:123:1,X_226_27_123,False,False,7,record_resolved
226_1_Clinical course,226,1,Clinical course,record,urn:osse-11:record:28:1,urn:osse-11:dataelement:124:1,X_226_28_124,False,False,8,record_resolved
226_1_Clinical course,226,1,Clinical course,record,urn:osse-11:record:28:1,urn:osse-11:dataelement:118:1,X_226_28_118,False,False,8,record_resolved
226_1_Clinical course,226,1,Clinical course,record,urn:osse-11:record:28:1,urn:osse-11:dataelement:125:1,X_226_28_125,False,False,8,record_resolved
226_1_Clinical course,226,1,Clinical course,record,urn:osse-11:record:29:1,urn:osse-11:dataelement:126:1,X_226_29_126,False,False,9,record_resolved
226_1_Clinical course,226,1,Clinical course,record,urn:osse-11:record:29:1,urn:osse-11:dataelement:118:1,X_226_29_118,False,False,9,record_resolved
226_1_Clinical course,226,1,Clinical course,record,urn:osse-11:record:29:1,urn:osse-11:dataelement:127:1,X_226_29_127,False,False,9,record_resolved
226_1_Clinical course,226,1,Clinical course,record,urn:osse-11:record:29:1,urn:osse-11:dataelement:128:1,X_226_29_128,False,False,9,record_resolved
226_1_Clinical course,226,1,Clinical course,record,urn:osse-11:record:29:1,urn:osse-11:dataelement:129:1,X_226_29_129,False,False,9,record_resolved
226_1_Clinical course,226,1,Clinical course,record,urn:osse-11:record:30:1,urn:osse-11:dataelement:133:1,X_226_30_133,False,False,13,record_resolved
226_1_Clinical course,226,1,Clinical course,record,urn:osse-11:record:30:1,urn:osse-11:dataelement:134:1,X_226_30_134,False,False,13,record_resolved
226_1_Clinical course,226,1,Clinical course,record,urn:osse-11:record:30:1,urn:osse-11:dataelement:135:1,X_226_30_135,False,False,13,record_resolved
226_1_Clinical course,226,1,Clinical course,record,urn:osse-11:record:30:1,urn:osse-11:dataelement:136:1,X_226_30_136,False,False,13,record_resolved
226_2_Clinical course,226,2,Clinical course,record,urn:osse-11:record:25:1,urn:osse-11:dataelement:114:1,X_226_25_114,True,False,5,record_resolved
226_2_Clinical course,226,2,Clinical course,record,urn:osse-11:record:25:1,urn:osse-11:dataelement:116:1,X_226_25_116,True,False,5,record_resolved
226_2_Clinical course,226,2,Clinical course,record,urn:osse-11:record:25:1,urn:osse-11:dataelement:117:1,X_226_25_117,True,False,5,record_resolved
226_2_Clinical course,226,2,Clinical course,record,urn:osse-11:record:26:1,urn:osse-11:dataelement:115:1,X_226_26_115,True,False,6,record_resolved
226_2_Clinical course,226,2,Clinical course,record,urn:osse-11:record:26:1,urn:osse-11:dataelement:118:1,X_226_26_118,True,False,6,record_resolved
226_2_Clinical course,226,2,Clinical course,record,urn:osse-11:record:26:1,urn:osse-11:dataelement:119:1,X_226_26_119,True,False,6,record_resolved
226_2_Clinical course,226,2,Clinical course,record,urn:osse-11:record:26:1,urn:osse-11:dataelement:120:1,X_226_26_120,True,False,6,record_resolved
226_2_Clinical course,226,2,Clinical course,record,urn:osse-11:record:26:1,urn:osse-11:dataelement:121:1,X_226_26_121,True,False,6,record_resolved
226_2_Clinical course,226,2,Clinical course,record,urn:osse-11:record:27:1,urn:osse-11:dataelement:122:1,X_226_27_122,True,False,7,record_resolved
226_2_Clinical course,226,2,Clinical course,record,urn:osse-11:record:27:1,urn:osse-11:dataelement:118:1,X_226_27_118,True,False,7,record_resolved
226_2_Clinical course,226,2,Clinical course,record,urn:osse-11:record:27:1,urn:osse-11:dataelement:123:1,X_226_27_123,True,False,7,record_resolved
226_2_Clinical course,226,2,Clinical course,record,urn:osse-11:record:28:1,urn:osse-11:dataelement:124:1,X_226_28_124,True,False,8,record_resolved
226_2_Clinical course,226,2,Clinical course,record,urn:osse-11:record:28:1,urn:osse-11:dataelement:118:1,X_226_28_118,True,False,8,record_resolved
226_2_Clinical course,226,2,Clinical course,record,urn:osse-11:record:28:1,urn:osse-11:dataelement:125:1,X_226_28_125,True,False,8,record_resolved
226_2_Clinical course,226,2,Clinical course,record,urn:osse-11:record:29:1,urn:osse-11:dataelement:126:1,X_226_29_126,True,False,9,record_resolved
226_2_Clinical course,226,2,Clinical course,record,urn:osse-11:record:29:1,urn:osse-11:dataelement:118:1,X_226_29_118,True,False,9,record_resolved
226_2_Clinical course,226,2,Clinical course,record,urn:osse-11:record:29:1,urn:osse-11:dataelement:127:1,X_226_29_127,True,False,9,record_resolved
226_2_Clinical course,226,2,Clinical course,record,urn:osse-11:record:29:1,urn:osse-11:dataelement:128:1,X_226_29_128,True,False,9,record_resolved
226_2_Clinical course,226,2,Clinical course,record,urn:osse-11:record:29:1,urn:osse-11:dataelement:129:1,X_226_29_129,True,False,9,record_resolved
226_2_Clinical course,226,2,Clinical course,record,urn:osse-11:record:30:1,urn:osse-11:dataelement:133:1,X_226_30_133,False,False,13,record_resolved
226_2_Clinical course,226,2,Clinical course,record,urn:osse-11:record:30:1,urn:osse-11:dataelement:134:1,X_226_30_134,False,False,13,record_resolved
226_2_Clinical course,226,2,Clinical course,record,urn:osse-11:record:30:1,urn:osse-11:dataelement:135:1,X_226_30_135,False,False,13,record_resolved
226_2_Clinical course,226,2,Clinical course,record,urn:osse-11:record:30:1,urn:osse-11:dataelement:136:1,X_226_30_136,False,False,13,record_resolved
227_1_Previous treatments,227,1,Previous treatments,record,urn:osse-11:record:31:1,urn:osse-11:dataelement:138:1,X_227_31_138,True,False,3,record_resolved
227_1_Previous treatments,227,1,Previous treatments,record,urn:osse-11:record:31:1,urn:osse-11:dataelement:139:1,X_227_31_139,True,False,3,record_resolved
227_1_Previous treatments,227,1,Previous treatments,record,urn:osse-11:record:31:1,urn:osse-11:dataelement:140:1,X_227_31_140,True,False,3,record_resolved
227_1_Previous treatments,227,1,Previous treatments,record,urn:osse-11:record:32:1,urn:osse-11:dataelement:141:1,X_227_32_141,True,False,4,record_resolved
227_1_Previous treatments,227,1,Previous treatments,record,urn:osse-11:record:32:1,urn:osse-11:dataelement:142:1,X_227_32_142,True,False,4,record_resolved
227_1_Previous treatments,227,1,Previous treatments,record,urn:osse-11:record:32:1,urn:osse-11:dataelement:143:1,X_227_32_143,True,False,4,record_resolved
227_1_Previous treatments,227,1,Previous treatments,record,urn:osse-11:record:32:1,urn:osse-11:dataelement:144:1,X_227_32_144,True,False,4,record_resolved
227_1_Previous treatments,227,1,Previous treatments,record,urn:osse-11:record:32:1,urn:osse-11:dataelement:145:1,X_227_32_145,True,False,4,record_resolved
227_1_Previous treatments,227,1,Previous treatments,record,urn:osse-11:record:33:1,urn:osse-11:dataelement:146:1,X_227_33_146,True,False,5,record_resolved
227_1_Previous treatments,227,1,Previous treatments,record,urn:osse-11:record:33:1,urn:osse-11:dataelement:147:1,X_227_33_147,True,False,5,record_resolved
227_1_Previous treatments,227,1,Previous treatments,record,urn:osse-11:record:33:1,urn:osse-11:dataelement:148:1,X_227_33_148,True,False,5,record_resolved
227_1_Previous treatments,227,1,Previous treatments,record,urn:osse-11:record:33:1,urn:osse-11:dataelement:149:1,X_227_33_149,True,False,5,record_resolved
227_1_Previous treatments,227,1,Previous treatments,record,urn:osse-11:record:34:1,urn:osse-11:dataelement:150:1,X_227_34_150,False,False,6,record_resolved
227_1_Previous treatments,227,1,Previous treatments,record,urn:osse-11:record:34:1,urn:osse-11:dataelement:151:1,X_227_34_151,False,False,6,record_resolved
227_1_Previous treatments,227,1,Previous treatments,record,urn:osse-11:record:34:1,urn:osse-11:dataelement:152:1,X_227_34_152,False,False,6,record_resolved
227_1_Previous treatments,227,1,Previous treatments,record,urn:osse-11:record:34:1,urn:osse-11:dataelement:153:1,X_227_34_153,False,False,6,record_resolved
227_1_Previous treatments,227,1,Previous treatments,record,urn:osse-11:record:35:1,urn:osse-11:dataelement:154:1,X_227_35_154,True,False,7,record_resolved
227_1_Previous treatments,227,1,Previous treatments,record,urn:osse-11:record:35:1,urn:osse-11:dataelement:155:1,X_227_35_155,True,False,7,record_resolved
227_1_Previous treatments,227,1,Previous treatments,record,urn:osse-11:record:35:1,urn:osse-11:dataelement:156:1,X_227_35_156,True,False,7,record_resolved
227_1_Previous treatments,227,1,Previous treatments,record,urn:osse-11:record:35:1,urn:osse-11:dataelement:157:1,X_227_35_157,True,False,7,record_resolved
227_1_Previous treatments,227,1,Previous treatments,record,urn:osse-11:record:36:1,urn:osse-11:dataelement:160:1,X_227_36_160,True,False,11,record_resolved
227_1_Previous treatments,227,1,Previous treatments,record,urn:osse-11:record:36:1,urn:osse-11:dataelement:161:1,X_227_36_161,True,False,11,record_resolved
227_1_Previous treatments,227,1,Previous treatments,record,urn:osse-11:record:37:1,urn:osse-11:dataelement:163:1,X_227_37_163,True,False,13,record_resolved
227_1_Previous treatments,227,1,Previous treatments,record,urn:osse-11:record:37:1,urn:osse-11:dataelement:164:1,X_227_37_164,True,False,13,record_resolved
227_1_Previous treatments,227,1,Previous treatments,record,urn:osse-11:record:38:1,urn:osse-11:dataelement:165:1,X_227_38_165,True,False,14,record_resolved
227_1_Previous treatments,227,1,Previous treatments,record,urn:osse-11:record:38:1,urn:osse-11:dataelement:166:1,X_227_38_166,True,False,14,record_resolved
227_1_Previous treatments,227,1,Previous treatments,record,urn:osse-11:record:39:1,urn:osse-11:dataelement:167:1,X_227_39_167,True,False,15,record_resolved
227_1_Previous treatments,227,1,Previous treatments,record,urn:osse-11:record:39:1,urn:osse-11:dataelement:168:1,X_227_39_168,True,False,15,record_resolved
227_1_Previous treatments,227,1,Previous treatments,record,urn:osse-11:record:40:1,urn:osse-11:dataelement:175:1,X_227_40_175,True,False,22,record_resolved
227_1_Previous treatments,227,1,Previous treatments,record,urn:osse-11:record:40:1,urn:osse-11:dataelement:176:1,X_227_40_176,True,False,22,record_resolved
227_1_Previous treatments,227,1,Previous treatments,record,urn:osse-11:record:40:1,urn:osse-11:dataelement:177:1,X_227_40_177,True,False,22,record_resolved
227_1_Previous treatments,227,1,Previous treatments,record,urn:osse-11:record:41:1,urn:osse-11:dataelement:178:1,X_227_41_178,True,False,23,record_resolved
227_1_Previous treatments,227,1,Previous treatments,record,urn:osse-11:record:41:1,urn:osse-11:dataelement:179:1,X_227_41_179,True,False,23,record_resolved
227_1_Previous treatments,227,1,Previous treatments,record,urn:osse-11:record:42:1,urn:osse-11:dataelement:181:1,X_227_42_181,True,False,25,record_resolved
227_1_Previous treatments,227,1,Previous treatments,record,urn:osse-11:record:42:1,urn:osse-11:dataelement:182:1,X_227_42_182,True,False,25,record_resolved
227_1_Previous treatments,227,1,Previous treatments,record,urn:osse-11:record:43:1,urn:osse-11:dataelement:183:1,X_227_43_183,True,False,26,record_resolved
227_1_Previous treatments,227,1,Previous treatments,record,urn:osse-11:record:43:1,urn:osse-11:dataelement:184:1,X_227_43_184,True,False,26,record_resolved
227_1_Previous treatments,227,1,Previous treatments,record,urn:osse-11:record:44:1,urn:osse-11:dataelement:186:1,X_227_44_186,True,False,28,record_resolved
227_1_Previous treatments,227,1,Previous treatments,record,urn:osse-11:record:44:1,urn:osse-11:dataelement:187:1,X_227_44_187,True,False,28,record_resolved
227_1_Previous treatments,227,1,Previous treatments,record,urn:osse-11:record:45:1,urn:osse-11:dataelement:189:1,X_227_45_189,True,False,30,record_resolved
227_1_Previous treatments,227,1,Previous treatments,record,urn:osse-11:record:45:1,urn:osse-11:dataelement:190:1,X_227_45_190,True,False,30,record_resolved
227_1_Previous treatments,227,1,Previous treatments,record,urn:osse-11:record:46:1,urn:osse-11:dataelement:191:1,X_227_46_191,True,False,31,record_resolved
227_1_Previous treatments,227,1,Previous treatments,record,urn:osse-11:record:46:1,urn:osse-11:dataelement:192:1,X_227_46_192,True,False,31,record_resolved
227_2_Previous treatments,227,2,Previous treatments,record,urn:osse-11:record:31:1,urn:osse-11:dataelement:138:1,X_227_31_138,True,False,3,record_resolved
227_2_Previous treatments,227,2,Previous treatments,record,urn:osse-11:record:31:1,urn:osse-11:dataelement:139:1,X_227_31_139,True,False,3,record_resolved
227_2_Previous treatments,227,2,Previous treatments,record,urn:osse-11:record:31:1,urn:osse-11:dataelement:140:1,X_227_31_140,True,False,3,record_resolved
227_2_Previous treatments,227,2,Previous treatments,record,urn:osse-11:record:32:1,urn:osse-11:dataelement:141:1,X_227_32_141,True,False,4,record_resolved
227_2_Previous treatments,227,2,Previous treatments,record,urn:osse-11:record:32:1,urn:osse-11:dataelement:142:1,X_227_32_142,True,False,4,record_resolved
227_2_Previous treatments,227,2,Previous treatments,record,urn:osse-11:record:32:1,urn:osse-11:dataelement:143:1,X_227_32_143,True,False,4,record_resolved
227_2_Previous treatments,227,2,Previous treatments,record,urn:osse-11:record:32:1,urn:osse-11:dataelement:144:1,X_227_32_144,True,False,4,record_resolved
227_2_Previous treatments,227,2,Previous treatments,record,urn:osse-11:record:32:1,urn:osse-11:dataelement:145:1,X_227_32_145,True,False,4,record_resolved
227_2_Previous treatments,227,2,Previous treatments,record,urn:osse-11:record:33:1,urn:osse-11:dataelement:146:1,X_227_33_146,True,False,5,record_resolved
227_2_Previous treatments,227,2,Previous treatments,record,urn:osse-11:record:33:1,urn:osse-11:dataelement:147:1,X_227_33_147,True,False,5,record_resolved
227_2_Previous treatments,227,2,Previous treatments,record,urn:osse-11:record:33:1,urn:osse-11:dataelement:148:1,X_227_33_148,True,False,5,record_resolved
227_2_Previous treatments,227,2,Previous treatments,record,urn:osse-11:record:33:1,urn:osse-11:dataelement:149:1,X_227_33_149,True,False,5,record_resolved
227_2_Previous treatments,227,2,Previous treatments,record,urn:osse-11:record:34:1,urn:osse-11:dataelement:150:1,X_227_34_150,True,False,6,record_resolved
227_2_Previous treatments,227,2,Previous treatments,record,urn:osse-11:record:34:1,urn:osse-11:dataelement:151:1,X_227_34_151,True,False,6,record_resolved
227_2_Previous treatments,227,2,Previous treatments,record,urn:osse-11:record:34:1,urn:osse-11:dataelement:152:1,X_227_34_152,True,False,6,record_resolved
227_2_Previous treatments,227,2,Previous treatments,record,urn:osse-11:record:34:1,urn:osse-11:dataelement:153:1,X_227_34_153,True,False,6,record_resolved
227_2_Previous treatments,227,2,Previous treatments,record,urn:osse-11:record:35:1,urn:osse-11:dataelement:154:1,X_227_35_154,True,False,7,record_resolved
227_2_Previous treatments,227,2,Previous treatments,record,urn:osse-11:record:35:1,urn:osse-11:dataelement:155:1,X_227_35_155,True,False,7,record_resolved
227_2_Previous treatments,227,2,Previous treatments,record,urn:osse-11:record:35:1,urn:osse-11:dataelement:156:1,X_227_35_156,True,False,7,record_resolved
227_2_Previous treatments,227,2,Previous treatments,record,urn:osse-11:record:35:1,urn:osse-11:dataelement:157:1,X_227_35_157,True,False,7,record_resolved
227_2_Previous treatments,227,2,Previous treatments,record,urn:osse-11:record:36:1,urn:osse-11:dataelement:160:1,X_227_36_160,True,False,11,record_resolved
227_2_Previous treatments,227,2,Previous treatments,record,urn:osse-11:record:36:1,urn:osse-11:dataelement:161:1,X_227_36_161,True,False,11,record_resolved
227_2_Previous treatments,227,2,Previous treatments,record,urn:osse-11:record:37:1,urn:osse-11:dataelement:163:1,X_227_37_163,True,False,13,record_resolved
227_2_Previous treatments,227,2,Previous treatments,record,urn:osse-11:record:37:1,urn:osse-11:dataelement:164:1,X_227_37_164,True,False,13,record_resolved
227_2_Previous treatments,227,2,Previous treatments,record,urn:osse-11:record:38:1,urn:osse-11:dataelement:165:1,X_227_38_165,True,False,14,record_resolved
227_2_Previous treatments,227,2,Previous treatments,record,urn:osse-11:record:38:1,urn:osse-11:dataelement:166:1,X_227_38_166,True,False,14,record_resolved
227_2_Previous treatments,227,2,Previous treatments,record,urn:osse-11:record:39:1,urn:osse-11:dataelement:167:1,X_227_39_167,True,False,15,record_resolved
227_2_Previous treatments,227,2,Previous treatments,record,urn:osse-11:record:39:1,urn:osse-11:dataelement:168:1,X_227_39_168,True,False,15,record_resolved
227_2_Previous treatments,227,2,Previous treatments,record,urn:osse-11:record:40:1,urn:osse-11:dataelement:175:1,X_227_40_175,True,False,22,record_resolved
227_2_Previous treatments,227,2,Previous treatments,record,urn:osse-11:record:40:1,urn:osse-11:dataelement:176:1,X_227_40_176,True,False,22,record_resolved
227_2_Previous treatments,227,2,Previous treatments,record,urn:osse-11:record:40:1,urn:osse-11:dataelement:177:1,X_227_40_177,True,False,22,record_resolved
227_2_Previous treatments,227,2,Previous treatments,record,urn:osse-11:record:41:1,urn:osse-11:dataelement:178:1,X_227_41_178,True,False,23,record_resolved
227_2_Previous treatments,227,2,Previous treatments,record,urn:osse-11:record:41:1,urn:osse-11:dataelement:179:1,X_227_41_179,True,False,23,record_resolved
227_2_Previous treatments,227,2,Previous treatments,record,urn:osse-11:record:42:1,urn:osse-11:dataelement:181:1,X_227_42_181,True,False,25,record_resolved
227_2_Previous treatments,227,2,Previous treatments,record,urn:osse-11:record:42:1,urn:osse-11:dataelement:182:1,X_227_42_182,True,False,25,record_resolved
227_2_Previous treatments,227,2,Previous treatments,record,urn:osse-11:record:43:1,urn:osse-11:dataelement:183:1,X_227_43_183,True,False,26,record_resolved
227_2_Previous treatments,227,2,Previous treatments,record,urn:osse-11:record:43:1,urn:osse-11:dataelement:184:1,X_227_43_184,True,False,26,record_resolved
227_2_Previous treatments,227,2,Previous treatments,record,urn:osse-11:record:44:1,urn:osse-11:dataelement:186:1,X_227_44_186,True,False,28,record_resolved
227_2_Previous treatments,227,2,Previous treatments,record,urn:osse-11:record:44:1,urn:osse-11:dataelement:187:1,X_227_44_187,True,False,28,record_resolved
227_2_Previous treatments,227,2,Previous treatments,record,urn:osse-11:record:45:1,urn:osse-11:dataelement:189:1,X_227_45_189,True,False,30,record_resolved
227_2_Previous treatments,227,2,Previous treatments,record,urn:osse-11:record:45:1,urn:osse-11:dataelement:190:1,X_227_45_190,True,False,30,record_resolved
227_2_Previous treatments,227,2,Previous treatments,record,urn:osse-11:record:46:1,urn:osse-11:dataelement:191:1,X_227_46_191,True,False,31,record_resolved
227_2_Previous treatments,227,2,Previous treatments,record,urn:osse-11:record:46:1,urn:osse-11:dataelement:192:1,X_227_46_192,True,False,31,record_resolved
228_1_Data at hospital admission/inclusion,228,1,Data at hospital admission/inclusion,record,urn:osse-11:record:47:1,urn:osse-11:dataelement:197:1,X_228_47_197,True,False,1,record_resolved
228_1_Data at hospital admission/inclusion,228,1,Data at hospital admission/inclusion,record,urn:osse-11:record:47:1,urn:osse-11:dataelement:198:1,X_228_47_198,True,False,1,record_resolved
228_1_Data at hospital admission/inclusion,228,1,Data at hospital admission/inclusion,record,urn:osse-11:record:47:1,urn:osse-11:dataelement:199:1,X_228_47_199,True,False,1,record_resolved
228_1_Data at hospital admission/inclusion,228,1,Data at hospital admission/inclusion,record,urn:osse-11:record:47:1,urn:osse-11:dataelement:200:1,X_228_47_200,True,False,1,record_resolved
228_1_Data at hospital admission/inclusion,228,1,Data at hospital admission/inclusion,record,urn:osse-11:record:47:1,urn:osse-11:dataelement:201:1,X_228_47_201,True,False,1,record_resolved
228_1_Data at hospital admission/inclusion,228,1,Data at hospital admission/inclusion,record,urn:osse-11:record:47:1,urn:osse-11:dataelement:202:1,X_228_47_202,True,False,1,record_resolved
228_2_Data at hospital admission/inclusion,228,2,Data at hospital admission/inclusion,record,urn:osse-11:record:47:1,urn:osse-11:dataelement:197:1,X_228_47_197,True,False,1,record_resolved
228_2_Data at hospital admission/inclusion,228,2,Data at hospital admission/inclusion,record,urn:osse-11:record:47:1,urn:osse-11:dataelement:198:1,X_228_47_198,True,False,1,record_resolved
228_2_Data at hospital admission/inclusion,228,2,Data at hospital admission/inclusion,record,urn:osse-11:record:47:1,urn:osse-11:dataelement:199:1,X_228_47_199,True,False,1,record_resolved
228_2_Data at hospital admission/inclusion,228,2,Data at hospital admission/inclusion,record,urn:osse-11:record:47:1,urn:osse-11:dataelement:200:1,X_228_47_200,True,False,1,record_resolved
228_2_Data at hospital admission/inclusion,228,2,Data at hospital admission/inclusion,record,urn:osse-11:record:47:1,urn:osse-11:dataelement:201:1,X_228_47_201,True,False,1,record_resolved
228_2_Data at hospital admission/inclusion,228,2,Data at hospital admission/inclusion,record,urn:osse-11:record:47:1,urn:osse-11:dataelement:202:1,X_228_47_202,True,False,1,record_resolved
228_3_Data at visit,228,3,Data at visit,record,urn:osse-11:record:47:1,urn:osse-11:dataelement:197:1,X_228_47_197,True,False,1,record_resolved
228_3_Data at visit,228,3,Data at visit,record,urn:osse-11:record:47:1,urn:osse-11:dataelement:198:1,X_228_47_198,True,False,1,record_resolved
228_3_Data at visit,228,3,Data at visit,record,urn:osse-11:record:47:1,urn:osse-11:dataelement:199:1,X_228_47_199,True,False,1,record_resolved
228_3_Data at visit,228,3,Data at visit,record,urn:osse-11:record:47:1,urn:osse-11:dataelement:200:1,X_228_47_200,True,False,1,record_resolved
228_3_Data at visit,228,3,Data at visit,record,urn:osse-11:record:47:1,urn:osse-11:dataelement:201:1,X_228_47_201,True,False,1,record_resolved
228_3_Data at visit,228,3,Data at visit,record,urn:osse-11:record:47:1,urn:osse-11:dataelement:202:1,X_228_47_202,True,False,1,record_resolved
229_1_Clinical features,229,1,Clinical features,record,urn:osse-11:record:49:1,urn:osse-11:dataelement:114:1,X_229_49_114,True,False,2,record_resolved
229_1_Clinical features,229,1,Clinical features,record,urn:osse-11:record:49:1,urn:osse-11:dataelement:117:1,X_229_49_117,True,False,2,record_resolved
229_1_Clinical features,229,1,Clinical features,record,urn:osse-11:record:50:1,urn:osse-11:dataelement:115:1,X_229_50_115,True,False,3,record_resolved
229_1_Clinical features,229,1,Clinical features,record,urn:osse-11:record:50:1,urn:osse-11:dataelement:63:1,X_229_50_63,True,False,3,record_resolved
229_1_Clinical features,229,1,Clinical features,record,urn:osse-11:record:50:1,urn:osse-11:dataelement:209:1,X_229_50_209,True,False,3,record_resolved
229_1_Clinical features,229,1,Clinical features,record,urn:osse-11:record:51:1,urn:osse-11:dataelement:210:1,X_229_51_210,False,False,5,record_resolved
229_1_Clinical features,229,1,Clinical features,record,urn:osse-11:record:51:1,urn:osse-11:dataelement:211:1,X_229_51_211,False,False,5,record_resolved
229_1_Clinical features,229,1,Clinical features,record,urn:osse-11:record:51:1,urn:osse-11:dataelement:212:1,X_229_51_212,False,False,5,record_resolved
229_1_Clinical features,229,1,Clinical features,record,urn:osse-11:record:51:1,urn:osse-11:dataelement:213:1,X_229_51_213,False,False,5,record_resolved
229_1_Clinical features,229,1,Clinical features,record,urn:osse-11:record:51:1,urn:osse-11:dataelement:214:1,X_229_51_214,False,False,5,record_resolved
229_1_Clinical features,229,1,Clinical features,record,urn:osse-11:record:52:1,urn:osse-11:dataelement:215:1,X_229_52_215,True,False,6,record_resolved
229_1_Clinical features,229,1,Clinical features,record,urn:osse-11:record:52:1,urn:osse-11:dataelement:216:1,X_229_52_216,True,False,6,record_resolved
229_1_Clinical features,229,1,Clinical features,record,urn:osse-11:record:52:1,urn:osse-11:dataelement:217:1,X_229_52_217,True,False,6,record_resolved
229_1_Clinical features,229,1,Clinical features,record,urn:osse-11:record:52:1,urn:osse-11:dataelement:218:1,X_229_52_218,True,False,6,record_resolved
229_1_Clinical features,229,1,Clinical features,record,urn:osse-11:record:53:1,urn:osse-11:dataelement:226:2,X_229_53_226,True,False,14,record_resolved
229_1_Clinical features,229,1,Clinical features,record,urn:osse-11:record:53:1,urn:osse-11:dataelement:134:1,X_229_53_134,True,False,14,record_resolved
229_1_Clinical features,229,1,Clinical features,record,urn:osse-11:record:53:1,urn:osse-11:dataelement:135:1,X_229_53_135,True,False,14,record_resolved
229_1_Clinical features,229,1,Clinical features,record,urn:osse-11:record:53:1,urn:osse-11:dataelement:136:1,X_229_53_136,True,False,14,record_resolved
229_1_Clinical features,229,1,Clinical features,record,urn:osse-11:record:54:1,urn:osse-11:dataelement:228:1,X_229_54_228,True,False,16,record_resolved
229_1_Clinical features,229,1,Clinical features,record,urn:osse-11:record:54:1,urn:osse-11:dataelement:229:1,X_229_54_229,True,False,16,record_resolved
229_1_Clinical features,229,1,Clinical features,record,urn:osse-11:record:54:1,urn:osse-11:dataelement:230:1,X_229_54_230,True,False,16,record_resolved
229_1_Clinical features,229,1,Clinical features,record,urn:osse-11:record:54:1,urn:osse-11:dataelement:231:1,X_229_54_231,True,False,16,record_resolved
233_1_Treatment,233,1,Treatment,record,urn:osse-11:record:31:1,urn:osse-11:dataelement:138:1,X_233_31_138,True,False,2,record_resolved
233_1_Treatment,233,1,Treatment,record,urn:osse-11:record:31:1,urn:osse-11:dataelement:139:1,X_233_31_139,True,False,2,record_resolved
233_1_Treatment,233,1,Treatment,record,urn:osse-11:record:31:1,urn:osse-11:dataelement:140:1,X_233_31_140,True,False,2,record_resolved
233_1_Treatment,233,1,Treatment,record,urn:osse-11:record:32:1,urn:osse-11:dataelement:141:1,X_233_32_141,True,False,3,record_resolved
233_1_Treatment,233,1,Treatment,record,urn:osse-11:record:32:1,urn:osse-11:dataelement:142:1,X_233_32_142,True,False,3,record_resolved
233_1_Treatment,233,1,Treatment,record,urn:osse-11:record:32:1,urn:osse-11:dataelement:143:1,X_233_32_143,True,False,3,record_resolved
233_1_Treatment,233,1,Treatment,record,urn:osse-11:record:32:1,urn:osse-11:dataelement:144:1,X_233_32_144,True,False,3,record_resolved
233_1_Treatment,233,1,Treatment,record,urn:osse-11:record:32:1,urn:osse-11:dataelement:145:1,X_233_32_145,True,False,3,record_resolved
233_1_Treatment,233,1,Treatment,record,urn:osse-11:record:33:1,urn:osse-11:dataelement:146:1,X_233_33_146,False,False,4,record_resolved
233_1_Treatment,233,1,Treatment,record,urn:osse-11:record:33:1,urn:osse-11:dataelement:147:1,X_233_33_147,False,False,4,record_resolved
233_1_Treatment,233,1,Treatment,record,urn:osse-11:record:33:1,urn:osse-11:dataelement:148:1,X_233_33_148,False,False,4,record_resolved
233_1_Treatment,233,1,Treatment,record,urn:osse-11:record:33:1,urn:osse-11:dataelement:149:1,X_233_33_149,False,False,4,record_resolved
233_1_Treatment,233,1,Treatment,record,urn:osse-11:record:34:1,urn:osse-11:dataelement:150:1,X_233_34_150,False,False,5,record_resolved
233_1_Treatment,233,1,Treatment,record,urn:osse-11:record:34:1,urn:osse-11:dataelement:151:1,X_233_34_151,False,False,5,record_resolved
233_1_Treatment,233,1,Treatment,record,urn:osse-11:record:34:1,urn:osse-11:dataelement:152:1,X_233_34_152,False,False,5,record_resolved
233_1_Treatment,233,1,Treatment,record,urn:osse-11:record:34:1,urn:osse-11:dataelement:153:1,X_233_34_153,False,False,5,record_resolved
233_1_Treatment,233,1,Treatment,record,urn:osse-11:record:35:1,urn:osse-11:dataelement:154:1,X_233_35_154,False,False,6,record_resolved
233_1_Treatment,233,1,Treatment,record,urn:osse-11:record:35:1,urn:osse-11:dataelement:155:1,X_233_35_155,False,False,6,record_resolved
233_1_Treatment,233,1,Treatment,record,urn:osse-11:record:35:1,urn:osse-11:dataelement:156:1,X_233_35_156,False,False,6,record_resolved
233_1_Treatment,233,1,Treatment,record,urn:osse-11:record:35:1,urn:osse-11:dataelement:157:1,X_233_35_157,False,False,6,record_resolved
233_1_Treatment,233,1,Treatment,record,urn:osse-11:record:36:1,urn:osse-11:dataelement:160:1,X_233_36_160,True,False,10,record_resolved
233_1_Treatment,233,1,Treatment,record,urn:osse-11:record:36:1,urn:osse-11:dataelement:161:1,X_233_36_161,True,False,10,record_resolved
233_1_Treatment,233,1,Treatment,record,urn:osse-11:record:55:1,urn:osse-11:dataelement:163:1,X_233_55_163,True,False,12,record_resolved
233_1_Treatment,233,1,Treatment,record,urn:osse-11:record:55:1,urn:osse-11:dataelement:164:1,X_233_55_164,True,False,12,record_resolved
233_1_Treatment,233,1,Treatment,record,urn:osse-11:record:55:1,urn:osse-11:dataelement:291:1,X_233_55_291,True,False,12,record_resolved
233_1_Treatment,233,1,Treatment,record,urn:osse-11:record:38:1,urn:osse-11:dataelement:165:1,X_233_38_165,True,False,13,record_resolved
233_1_Treatment,233,1,Treatment,record,urn:osse-11:record:38:1,urn:osse-11:dataelement:166:1,X_233_38_166,True,False,13,record_resolved
233_1_Treatment,233,1,Treatment,record,urn:osse-11:record:39:1,urn:osse-11:dataelement:167:1,X_233_39_167,True,False,14,record_resolved
233_1_Treatment,233,1,Treatment,record,urn:osse-11:record:39:1,urn:osse-11:dataelement:168:1,X_233_39_168,True,False,14,record_resolved
233_1_Treatment,233,1,Treatment,record,urn:osse-11:record:40:1,urn:osse-11:dataelement:175:1,X_233_40_175,True,False,23,record_resolved
233_1_Treatment,233,1,Treatment,record,urn:osse-11:record:40:1,urn:osse-11:dataelement:176:1,X_233_40_176,True,False,23,record_resolved
233_1_Treatment,233,1,Treatment,record,urn:osse-11:record:40:1,urn:osse-11:dataelement:177:1,X_233_40_177,True,False,23,record_resolved
233_1_Treatment,233,1,Treatment,record,urn:osse-11:record:41:1,urn:osse-11:dataelement:178:1,X_233_41_178,True,False,24,record_resolved
233_1_Treatment,233,1,Treatment,record,urn:osse-11:record:41:1,urn:osse-11:dataelement:179:1,X_233_41_179,True,False,24,record_resolved
233_1_Treatment,233,1,Treatment,record,urn:osse-11:record:42:1,urn:osse-11:dataelement:181:1,X_233_42_181,True,False,27,record_resolved
233_1_Treatment,233,1,Treatment,record,urn:osse-11:record:42:1,urn:osse-11:dataelement:182:1,X_233_42_182,True,False,27,record_resolved
233_1_Treatment,233,1,Treatment,record,urn:osse-11:record:43:1,urn:osse-11:dataelement:183:1,X_233_43_183,True,False,28,record_resolved
233_1_Treatment,233,1,Treatment,record,urn:osse-11:record:43:1,urn:osse-11:dataelement:184:1,X_233_43_184,True,False,28,record_resolved
233_1_Treatment,233,1,Treatment,record,urn:osse-11:record:44:1,urn:osse-11:dataelement:186:1,X_233_44_186,True,False,30,record_resolved
233_1_Treatment,233,1,Treatment,record,urn:osse-11:record:44:1,urn:osse-11:dataelement:187:1,X_233_44_187,True,False,30,record_resolved
233_1_Treatment,233,1,Treatment,record,urn:osse-11:record:45:1,urn:osse-11:dataelement:189:1,X_233_45_189,True,False,32,record_resolved
233_1_Treatment,233,1,Treatment,record,urn:osse-11:record:45:1,urn:osse-11:dataelement:190:1,X_233_45_190,True,False,32,record_resolved
233_2_Treatment,233,2,Treatment,record,urn:osse-11:record:31:1,urn:osse-11:dataelement:138:1,X_233_31_138,True,False,2,record_resolved
233_2_Treatment,233,2,Treatment,record,urn:osse-11:record:31:1,urn:osse-11:dataelement:139:1,X_233_31_139,True,False,2,record_resolved
233_2_Treatment,233,2,Treatment,record,urn:osse-11:record:31:1,urn:osse-11:dataelement:140:1,X_233_31_140,True,False,2,record_resolved
233_2_Treatment,233,2,Treatment,record,urn:osse-11:record:32:1,urn:osse-11:dataelement:141:1,X_233_32_141,True,False,3,record_resolved
233_2_Treatment,233,2,Treatment,record,urn:osse-11:record:32:1,urn:osse-11:dataelement:142:1,X_233_32_142,True,False,3,record_resolved
233_2_Treatment,233,2,Treatment,record,urn:osse-11:record:32:1,urn:osse-11:dataelement:143:1,X_233_32_143,True,False,3,record_resolved
233_2_Treatment,233,2,Treatment,record,urn:osse-11:record:32:1,urn:osse-11:dataelement:144:1,X_233_32_144,True,False,3,record_resolved
233_2_Treatment,233,2,Treatment,record,urn:osse-11:record:32:1,urn:osse-11:dataelement:145:1,X_233_32_145,True,False,3,record_resolved
233_2_Treatment,233,2,Treatment,record,urn:osse-11:record:33:1,urn:osse-11:dataelement:146:1,X_233_33_146,False,False,4,record_resolved
233_2_Treatment,233,2,Treatment,record,urn:osse-11:record:33:1,urn:osse-11:dataelement:147:1,X_233_33_147,False,False,4,record_resolved
233_2_Treatment,233,2,Treatment,record,urn:osse-11:record:33:1,urn:osse-11:dataelement:148:1,X_233_33_148,False,False,4,record_resolved
233_2_Treatment,233,2,Treatment,record,urn:osse-11:record:33:1,urn:osse-11:dataelement:149:1,X_233_33_149,False,False,4,record_resolved
233_2_Treatment,233,2,Treatment,record,urn:osse-11:record:34:1,urn:osse-11:dataelement:150:1,X_233_34_150,False,False,5,record_resolved
233_2_Treatment,233,2,Treatment,record,urn:osse-11:record:34:1,urn:osse-11:dataelement:151:1,X_233_34_151,False,False,5,record_resolved
233_2_Treatment,233,2,Treatment,record,urn:osse-11:record:34:1,urn:osse-11:dataelement:152:1,X_233_34_152,False,False,5,record_resolved
233_2_Treatment,233,2,Treatment,record,urn:osse-11:record:34:1,urn:osse-11:dataelement:153:1,X_233_34_153,False,False,5,record_resolved
233_2_Treatment,233,2,Treatment,record,urn:osse-11:record:35:1,urn:osse-11:dataelement:154:1,X_233_35_154,False,False,6,record_resolved
233_2_Treatment,233,2,Treatment,record,urn:osse-11:record:35:1,urn:osse-11:dataelement:155:1,X_233_35_155,False,False,6,record_resolved
233_2_Treatment,233,2,Treatment,record,urn:osse-11:record:35:1,urn:osse-11:dataelement:156:1,X_233_35_156,False,False,6,record_resolved
233_2_Treatment,233,2,Treatment,record,urn:osse-11:record:35:1,urn:osse-11:dataelement:157:1,X_233_35_157,False,False,6,record_resolved
233_2_Treatment,233,2,Treatment,record,urn:osse-11:record:36:1,urn:osse-11:dataelement:160:1,X_233_36_160,True,False,10,record_resolved
233_2_Treatment,233,2,Treatment,record,urn:osse-11:record:36:1,urn:osse-11:dataelement:161:1,X_233_36_161,True,False,10,record_resolved
233_2_Treatment,233,2,Treatment,record,urn:osse-11:record:55:1,urn:osse-11:dataelement:163:1,X_233_55_163,True,False,12,record_resolved
233_2_Treatment,233,2,Treatment,record,urn:osse-11:record:55:1,urn:osse-11:dataelement:164:1,X_233_55_164,True,False,12,record_resolved
233_2_Treatment,233,2,Treatment,record,urn:osse-11:record:55:1,urn:osse-11:dataelement:291:1,X_233_55_291,True,False,12,record_resolved
233_2_Treatment,233,2,Treatment,record,urn:osse-11:record:38:1,urn:osse-11:dataelement:165:1,X_233_38_165,True,False,13,record_resolved
233_2_Treatment,233,2,Treatment,record,urn:osse-11:record:38:1,urn:osse-11:dataelement:166:1,X_233_38_166,True,False,13,record_resolved
233_2_Treatment,233,2,Treatment,record,urn:osse-11:record:39:1,urn:osse-11:dataelement:167:1,X_233_39_167,True,False,14,record_resolved
233_2_Treatment,233,2,Treatment,record,urn:osse-11:record:39:1,urn:osse-11:dataelement:168:1,X_233_39_168,True,False,14,record_resolved
233_2_Treatment,233,2,Treatment,record,urn:osse-11:record:40:1,urn:osse-11:dataelement:175:1,X_233_40_175,True,False,23,record_resolved
233_2_Treatment,233,2,Treatment,record,urn:osse-11:record:40:1,urn:osse-11:dataelement:176:1,X_233_40_176,True,False,23,record_resolved
233_2_Treatment,233,2,Treatment,record,urn:osse-11:record:40:1,urn:osse-11:dataelement:177:1,X_233_40_177,True,False,23,record_resolved
233_2_Treatment,233,2,Treatment,record,urn:osse-11:record:41:1,urn:osse-11:dataelement:178:1,X_233_41_178,True,False,24,record_resolved
233_2_Treatment,233,2,Treatment,record,urn:osse-11:record:41:1,urn:osse-11:dataelement:179:1,X_233_41_179,True,False,24,record_resolved
233_2_Treatment,233,2,Treatment,record,urn:osse-11:record:42:1,urn:osse-11:dataelement:181:1,X_233_42_181,True,False,27,record_resolved
233_2_Treatment,233,2,Treatment,record,urn:osse-11:record:42:1,urn:osse-11:dataelement:182:1,X_233_42_182,True,False,27,record_resolved
233_2_Treatment,233,2,Treatment,record,urn:osse-11:record:43:1,urn:osse-11:dataelement:183:1,X_233_43_183,True,False,28,record_resolved
233_2_Treatment,233,2,Treatment,record,urn:osse-11:record:43:1,urn:osse-11:dataelement:184:1,X_233_43_184,True,False,28,record_resolved
233_2_Treatment,233,2,Treatment,record,urn:osse-11:record:44:1,urn:osse-11:dataelement:186:1,X_233_44_186,True,False,30,record_resolved
233_2_Treatment,233,2,Treatment,record,urn:osse-11:record:44:1,urn:osse-11:dataelement:187:1,X_233_44_187,True,False,30,record_resolved
233_2_Treatment,233,2,Treatment,record,urn:osse-11:record:45:1,urn:osse-11:dataelement:189:1,X_233_45_189,True,False,32,record_resolved
233_2_Treatment,233,2,Treatment,record,urn:osse-11:record:45:1,urn:osse-11:dataelement:190:1,X_233_45_190,True,False,32,record_resolved
235_1_Scores,235,1,Scores,record,urn:osse-11:record:56:1,urn:osse-11:dataelement:256:1,X_235_56_256,True,False,2,record_resolved
235_1_Scores,235,1,Scores,record,urn:osse-11:record:56:1,urn:osse-11:dataelement:264:1,X_235_56_264,True,False,2,record_resolved
235_1_Scores,235,1,Scores,record,urn:osse-11:record:56:1,urn:osse-11:dataelement:265:1,X_235_56_265,True,False,2,record_resolved
235_1_Scores,235,1,Scores,record,urn:osse-11:record:56:1,urn:osse-11:dataelement:266:1,X_235_56_266,True,False,2,record_resolved
235_1_Scores,235,1,Scores,record,urn:osse-11:record:59:1,urn:osse-11:dataelement:254:1,X_235_59_254,False,False,9,record_resolved
235_1_Scores,235,1,Scores,record,urn:osse-11:record:59:1,urn:osse-11:dataelement:325:1,X_235_59_325,False,False,9,record_resolved
235_1_Scores,235,1,Scores,record,urn:osse-11:record:59:1,urn:osse-11:dataelement:264:1,X_235_59_264,False,False,9,record_resolved
235_1_Scores,235,1,Scores,record,urn:osse-11:record:60:1,urn:osse-11:dataelement:239:1,X_235_60_239,True,False,12,record_resolved
235_1_Scores,235,1,Scores,record,urn:osse-11:record:60:1,urn:osse-11:dataelement:238:1,X_235_60_238,True,False,12,record_resolved
235_1_Scores,235,1,Scores,record,urn:osse-11:record:60:1,urn:osse-11:dataelement:240:1,X_235_60_240,True,False,12,record_resolved
235_1_Scores,235,1,Scores,record,urn:osse-11:record:60:1,urn:osse-11:dataelement:283:1,X_235_60_283,True,False,12,record_resolved
235_1_Scores,235,1,Scores,record,urn:osse-11:record:60:1,urn:osse-11:dataelement:326:1,X_235_60_326,True,False,12,record_resolved
235_1_Scores,235,1,Scores,record,urn:osse-11:record:60:1,urn:osse-11:dataelement:245:1,X_235_60_245,True,False,12,record_resolved
235_1_Scores,235,1,Scores,record,urn:osse-11:record:60:1,urn:osse-11:dataelement:252:1,X_235_60_252,True,False,12,record_resolved
235_1_Scores,235,1,Scores,record,urn:osse-11:record:61:1,urn:osse-11:dataelement:264:1,X_235_61_264,False,False,18,record_resolved
235_1_Scores,235,1,Scores,record,urn:osse-11:record:61:1,urn:osse-11:dataelement:330:1,X_235_61_330,False,False,18,record_resolved
235_1_Scores,235,1,Scores,record,urn:osse-11:record:61:1,urn:osse-11:dataelement:57:1,X_235_61_57,False,False,18,record_resolved
235_1_Scores,235,1,Scores,record,urn:osse-11:record:62:1,urn:osse-11:dataelement:265:1,X_235_62_265,False,False,19,record_resolved
235_1_Scores,235,1,Scores,record,urn:osse-11:record:62:1,urn:osse-11:dataelement:61:1,X_235_62_61,False,False,19,record_resolved
235_1_Scores,235,1,Scores,record,urn:osse-11:record:62:1,urn:osse-11:dataelement:331:1,X_235_62_331,False,False,19,record_resolved
235_1_Scores,235,1,Scores,record,urn:osse-11:record:62:1,urn:osse-11:dataelement:59:1,X_235_62_59,False,False,19,record_resolved
235_1_Scores,235,1,Scores,record,urn:osse-11:record:63:1,urn:osse-11:dataelement:323:1,X_235_63_323,False,False,20,record_resolved
235_1_Scores,235,1,Scores,record,urn:osse-11:record:63:1,urn:osse-11:dataelement:332:1,X_235_63_332,False,False,20,record_resolved
235_1_Scores,235,1,Scores,record,urn:osse-11:record:63:1,urn:osse-11:dataelement:62:1,X_235_63_62,False,False,20,record_resolved
235_1_Scores,235,1,Scores,record,urn:osse-11:record:65:1,urn:osse-11:dataelement:256:1,X_235_65_256,False,False,21,record_resolved
235_1_Scores,235,1,Scores,record,urn:osse-11:record:65:1,urn:osse-11:dataelement:333:1,X_235_65_333,False,False,21,record_resolved
235_1_Scores,235,1,Scores,record,urn:osse-11:record:65:1,urn:osse-11:dataelement:64:1,X_235_65_64,False,False,21,record_resolved
235_1_Scores,235,1,Scores,record,urn:osse-11:record:64:1,urn:osse-11:dataelement:67:1,X_235_64_67,False,False,22,record_resolved
235_1_Scores,235,1,Scores,record,urn:osse-11:record:64:1,urn:osse-11:dataelement:68:1,X_235_64_68,False,False,22,record_resolved
235_1_Scores,235,1,Scores,record,urn:osse-11:record:64:1,urn:osse-11:dataelement:69:1,X_235_64_69,False,False,22,record_resolved
235_1_Scores,235,1,Scores,record,urn:osse-11:record:64:1,urn:osse-11:dataelement:167:1,X_235_64_167,False,False,22,record_resolved
235_1_Scores,235,1,Scores,record,urn:osse-11:record:64:1,urn:osse-11:dataelement:334:1,X_235_64_334,False,False,22,record_resolved
235_1_Scores,235,1,Scores,record,urn:osse-11:record:64:1,urn:osse-11:dataelement:66:1,X_235_64_66,False,False,22,record_resolved
235_1_Scores,235,1,Scores,record,urn:osse-11:record:66:1,urn:osse-11:dataelement:282:1,X_235_66_282,False,False,23,record_resolved
235_1_Scores,235,1,Scores,record,urn:osse-11:record:66:1,urn:osse-11:dataelement:73:1,X_235_66_73,False,False,23,record_resolved
235_1_Scores,235,1,Scores,record,urn:osse-11:record:66:1,urn:osse-11:dataelement:326:1,X_235_66_326,False,False,23,record_resolved
235_1_Scores,235,1,Scores,record,urn:osse-11:record:66:1,urn:osse-11:dataelement:335:1,X_235_66_335,False,False,23,record_resolved
235_1_Scores,235,1,Scores,record,urn:osse-11:record:66:1,urn:osse-11:dataelement:71:1,X_235_66_71,False,False,23,record_resolved
226_3_Clinical course,226,3,Clinical course,record,urn:osse-11:record:25:1,urn:osse-11:dataelement:114:1,X_226_25_114,True,False,5,record_resolved
226_3_Clinical course,226,3,Clinical course,record,urn:osse-11:record:25:1,urn:osse-11:dataelement:116:1,X_226_25_116,True,False,5,record_resolved
226_3_Clinical course,226,3,Clinical course,record,urn:osse-11:record:25:1,urn:osse-11:dataelement:117:1,X_226_25_117,True,False,5,record_resolved
226_3_Clinical course,226,3,Clinical course,record,urn:osse-11:record:26:1,urn:osse-11:dataelement:115:1,X_226_26_115,True,False,6,record_resolved
226_3_Clinical course,226,3,Clinical course,record,urn:osse-11:record:26:1,urn:osse-11:dataelement:118:1,X_226_26_118,True,False,6,record_resolved
226_3_Clinical course,226,3,Clinical course,record,urn:osse-11:record:26:1,urn:osse-11:dataelement:119:1,X_226_26_119,True,False,6,record_resolved
226_3_Clinical course,226,3,Clinical course,record,urn:osse-11:record:26:1,urn:osse-11:dataelement:120:1,X_226_26_120,True,False,6,record_resolved
226_3_Clinical course,226,3,Clinical course,record,urn:osse-11:record:26:1,urn:osse-11:dataelement:121:1,X_226_26_121,True,False,6,record_resolved
226_3_Clinical course,226,3,Clinical course,record,urn:osse-11:record:27:1,urn:osse-11:dataelement:122:1,X_226_27_122,True,False,7,record_resolved
226_3_Clinical course,226,3,Clinical course,record,urn:osse-11:record:27:1,urn:osse-11:dataelement:118:1,X_226_27_118,True,False,7,record_resolved
226_3_Clinical course,226,3,Clinical course,record,urn:osse-11:record:27:1,urn:osse-11:dataelement:123:1,X_226_27_123,True,False,7,record_resolved
226_3_Clinical course,226,3,Clinical course,record,urn:osse-11:record:28:1,urn:osse-11:dataelement:124:1,X_226_28_124,True,False,9,record_resolved
226_3_Clinical course,226,3,Clinical course,record,urn:osse-11:record:28:1,urn:osse-11:dataelement:118:1,X_226_28_118,True,False,9,record_resolved
226_3_Clinical course,226,3,Clinical course,record,urn:osse-11:record:28:1,urn:osse-11:dataelement:125:1,X_226_28_125,True,False,9,record_resolved
226_3_Clinical course,226,3,Clinical course,record,urn:osse-11:record:29:1,urn:osse-11:dataelement:126:1,X_226_29_126,True,False,11,record_resolved
226_3_Clinical course,226,3,Clinical course,record,urn:osse-11:record:29:1,urn:osse-11:dataelement:118:1,X_226_29_118,True,False,11,record_resolved
226_3_Clinical course,226,3,Clinical course,record,urn:osse-11:record:29:1,urn:osse-11:dataelement:127:1,X_226_29_127,True,False,11,record_resolved
226_3_Clinical course,226,3,Clinical course,record,urn:osse-11:record:29:1,urn:osse-11:dataelement:128:1,X_226_29_128,True,False,11,record_resolved
226_3_Clinical course,226,3,Clinical course,record,urn:osse-11:record:29:1,urn:osse-11:dataelement:129:1,X_226_29_129,True,False,11,record_resolved
226_3_Clinical course,226,3,Clinical course,record,urn:osse-11:record:30:1,urn:osse-11:dataelement:133:1,X_226_30_133,False,False,16,record_resolved
226_3_Clinical course,226,3,Clinical course,record,urn:osse-11:record:30:1,urn:osse-11:dataelement:134:1,X_226_30_134,False,False,16,record_resolved
226_3_Clinical course,226,3,Clinical course,record,urn:osse-11:record:30:1,urn:osse-11:dataelement:135:1,X_226_30_135,False,False,16,record_resolved
226_3_Clinical course,226,3,Clinical course,record,urn:osse-11:record:30:1,urn:osse-11:dataelement:136:1,X_226_30_136,False,False,16,record_resolved
226_4_Previous clinical course,226,4,Previous clinical course,record,urn:osse-11:record:25:1,urn:osse-11:dataelement:114:1,X_226_25_114,True,False,5,record_resolved
226_4_Previous clinical course,226,4,Previous clinical course,record,urn:osse-11:record:25:1,urn:osse-11:dataelement:116:1,X_226_25_116,True,False,5,record_resolved
226_4_Previous clinical course,226,4,Previous clinical course,record,urn:osse-11:record:25:1,urn:osse-11:dataelement:117:1,X_226_25_117,True,False,5,record_resolved
226_4_Previous clinical course,226,4,Previous clinical course,record,urn:osse-11:record:26:1,urn:osse-11:dataelement:115:1,X_226_26_115,True,False,6,record_resolved
226_4_Previous clinical course,226,4,Previous clinical course,record,urn:osse-11:record:26:1,urn:osse-11:dataelement:118:1,X_226_26_118,True,False,6,record_resolved
226_4_Previous clinical course,226,4,Previous clinical course,record,urn:osse-11:record:26:1,urn:osse-11:dataelement:119:1,X_226_26_119,True,False,6,record_resolved
226_4_Previous clinical course,226,4,Previous clinical course,record,urn:osse-11:record:26:1,urn:osse-11:dataelement:120:1,X_226_26_120,True,False,6,record_resolved
226_4_Previous clinical course,226,4,Previous clinical course,record,urn:osse-11:record:26:1,urn:osse-11:dataelement:121:1,X_226_26_121,True,False,6,record_resolved
226_4_Previous clinical course,226,4,Previous clinical course,record,urn:osse-11:record:27:1,urn:osse-11:dataelement:122:1,X_226_27_122,True,False,7,record_resolved
226_4_Previous clinical course,226,4,Previous clinical course,record,urn:osse-11:record:27:1,urn:osse-11:dataelement:118:1,X_226_27_118,True,False,7,record_resolved
226_4_Previous clinical course,226,4,Previous clinical course,record,urn:osse-11:record:27:1,urn:osse-11:dataelement:123:1,X_226_27_123,True,False,7,record_resolved
226_4_Previous clinical course,226,4,Previous clinical course,record,urn:osse-11:record:28:1,urn:osse-11:dataelement:124:1,X_226_28_124,True,False,9,record_resolved
226_4_Previous clinical course,226,4,Previous clinical course,record,urn:osse-11:record:28:1,urn:osse-11:dataelement:118:1,X_226_28_118,True,False,9,record_resolved
226_4_Previous clinical course,226,4,Previous clinical course,record,urn:osse-11:record:28:1,urn:osse-11:dataelement:125:1,X_226_28_125,True,False,9,record_resolved
226_4_Previous clinical course,226,4,Previous clinical course,record,urn:osse-11:record:29:1,urn:osse-11:dataelement:126:1,X_226_29_126,True,False,11,record_resolved
226_4_Previous clinical course,226,4,Previous clinical course,record,urn:osse-11:record:29:1,urn:osse-11:dataelement:118:1,X_226_29_118,True,False,11,record_resolved
226_4_Previous clinical course,226,4,Previous clinical course,record,urn:osse-11:record:29:1,urn:osse-11:dataelement:127:1,X_226_29_127,True,False,11,record_resolved
226_4_Previous clinical course,226,4,Previous clinical course,record,urn:osse-11:record:29:1,urn:osse-11:dataelement:128:1,X_226_29_128,True,False,11,record_resolved
226_4_Previous clinical course,226,4,Previous clinical course,record,urn:osse-11:record:29:1,urn:osse-11:dataelement:129:1,X_226_29_129,True,False,11,record_resolved
226_4_Previous clinical course,226,4,Previous clinical course,record,urn:osse-11:record:30:1,urn:osse-11:dataelement:133:1,X_226_30_133,False,False,16,record_resolved
226_4_Previous clinical course,226,4,Previous clinical course,record,urn:osse-11:record:30:1,urn:osse-11:dataelement:134:1,X_226_30_134,False,False,16,record_resolved
226_4_Previous clinical course,226,4,Previous clinical course,record,urn:osse-11:record:30:1,urn:osse-11:dataelement:135:1,X_226_30_135,False,False,16,record_resolved
226_4_Previous clinical course,226,4,Previous clinical course,record,urn:osse-11:record:30:1,urn:osse-11:dataelement:136:1,X_226_30_136,False,False,16,record_resolved
226_5_Previous clinical course,226,5,Previous clinical course,record,urn:osse-11:record:25:1,urn:osse-11:dataelement:114:1,X_226_25_114,True,False,5,record_resolved
226_5_Previous clinical course,226,5,Previous clinical course,record,urn:osse-11:record:25:1,urn:osse-11:dataelement:116:1,X_226_25_116,True,False,5,record_resolved
226_5_Previous clinical course,226,5,Previous clinical course,record,urn:osse-11:record:25:1,urn:osse-11:dataelement:117:1,X_226_25_117,True,False,5,record_resolved
226_5_Previous clinical course,226,5,Previous clinical course,record,urn:osse-11:record:26:1,urn:osse-11:dataelement:115:1,X_226_26_115,True,False,6,record_resolved
226_5_Previous clinical course,226,5,Previous clinical course,record,urn:osse-11:record:26:1,urn:osse-11:dataelement:118:1,X_226_26_118,True,False,6,record_resolved
226_5_Previous clinical course,226,5,Previous clinical course,record,urn:osse-11:record:26:1,urn:osse-11:dataelement:119:1,X_226_26_119,True,False,6,record_resolved
226_5_Previous clinical course,226,5,Previous clinical course,record,urn:osse-11:record:26:1,urn:osse-11:dataelement:120:1,X_226_26_120,True,False,6,record_resolved
226_5_Previous clinical course,226,5,Previous clinical course,record,urn:osse-11:record:26:1,urn:osse-11:dataelement:121:1,X_226_26_121,True,False,6,record_resolved
226_5_Previous clinical course,226,5,Previous clinical course,record,urn:osse-11:record:27:1,urn:osse-11:dataelement:122:1,X_226_27_122,True,False,7,record_resolved
226_5_Previous clinical course,226,5,Previous clinical course,record,urn:osse-11:record:27:1,urn:osse-11:dataelement:118:1,X_226_27_118,True,False,7,record_resolved
226_5_Previous clinical course,226,5,Previous clinical course,record,urn:osse-11:record:27:1,urn:osse-11:dataelement:123:1,X_226_27_123,True,False,7,record_resolved
226_5_Previous clinical course,226,5,Previous clinical course,record,urn:osse-11:record:28:1,urn:osse-11:dataelement:124:1,X_226_28_124,True,False,9,record_resolved
226_5_Previous clinical course,226,5,Previous clinical course,record,urn:osse-11:record:28:1,urn:osse-11:dataelement:118:1,X_226_28_118,True,False,9,record_resolved
226_5_Previous clinical course,226,5,Previous clinical course,record,urn:osse-11:record:28:1,urn:osse-11:dataelement:125:1,X_226_28_125,True,False,9,record_resolved
226_5_Previous clinical course,226,5,Previous clinical course,record,urn:osse-11:record:29:1,urn:osse-11:dataelement:126:1,X_226_29_126,True,False,11,record_resolved
226_5_Previous clinical course,226,5,Previous clinical course,record,urn:osse-11:record:29:1,urn:osse-11:dataelement:118:1,X_226_29_118,True,False,11,record_resolved
226_5_Previous clinical course,226,5,Previous clinical course,record,urn:osse-11:record:29:1,urn:osse-11:dataelement:127:1,X_226_29_127,True,False,11,record_resolved
226_5_Previous clinical course,226,5,Previous clinical course,record,urn:osse-11:record:29:1,urn:osse-11:dataelement:128:1,X_226_29_128,True,False,11,record_resolved
226_5_Previous clinical course,226,5,Previous clinical course,record,urn:osse-11:record:29:1,urn:osse-11:dataelement:129:1,X_226_29_129,True,False,11,record_resolved
226_5_Previous clinical course,226,5,Previous clinical course,record,urn:osse-11:record:30:1,urn:osse-11:dataelement:133:1,X_226_30_133,False,False,16,record_resolved
226_5_Previous clinical course,226,5,Previous clinical course,record,urn:osse-11:record:30:1,urn:osse-11:dataelement:134:1,X_226_30_134,False,False,16,record_resolved
226_5_Previous clinical course,226,5,Previous clinical course,record,urn:osse-11:record:30:1,urn:osse-11:dataelement:135:1,X_226_30_135,False,False,16,record_resolved
226_5_Previous clinical course,226,5,Previous clinical course,record,urn:osse-11:record:30:1,urn:osse-11:dataelement:136:1,X_226_30_136,False,False,16,record_resolved
226_6_Previous clinical course,226,6,Previous clinical course,record,urn:osse-11:record:25:1,urn:osse-11:dataelement:114:1,X_226_25_114,False,False,5,record_resolved
226_6_Previous clinical course,226,6,Previous clinical course,record,urn:osse-11:record:25:1,urn:osse-11:dataelement:116:1,X_226_25_116,False,False,5,record_resolved
226_6_Previous clinical course,226,6,Previous clinical course,record,urn:osse-11:record:25:1,urn:osse-11:dataelement:117:1,X_226_25_117,False,False,5,record_resolved
226_6_Previous clinical course,226,6,Previous clinical course,record,urn:osse-11:record:26:1,urn:osse-11:dataelement:115:1,X_226_26_115,False,False,6,record_resolved
226_6_Previous clinical course,226,6,Previous clinical course,record,urn:osse-11:record:26:1,urn:osse-11:dataelement:118:1,X_226_26_118,False,False,6,record_resolved
226_6_Previous clinical course,226,6,Previous clinical course,record,urn:osse-11:record:26:1,urn:osse-11:dataelement:119:1,X_226_26_119,False,False,6,record_resolved
226_6_Previous clinical course,226,6,Previous clinical course,record,urn:osse-11:record:26:1,urn:osse-11:dataelement:120:1,X_226_26_120,False,False,6,record_resolved
226_6_Previous clinical course,226,6,Previous clinical course,record,urn:osse-11:record:26:1,urn:osse-11:dataelement:121:1,X_226_26_121,False,False,6,record_resolved
226_6_Previous clinical course,226,6,Previous clinical course,record,urn:osse-11:record:27:1,urn:osse-11:dataelement:122:1,X_226_27_122,False,False,7,record_resolved
226_6_Previous clinical course,226,6,Previous clinical course,record,urn:osse-11:record:27:1,urn:osse-11:dataelement:118:1,X_226_27_118,False,False,7,record_resolved
226_6_Previous clinical course,226,6,Previous clinical course,record,urn:osse-11:record:27:1,urn:osse-11:dataelement:123:1,X_226_27_123,False,False,7,record_resolved
226_6_Previous clinical course,226,6,Previous clinical course,record,urn:osse-11:record:28:1,urn:osse-11:dataelement:124:1,X_226_28_124,False,False,9,record_resolved
226_6_Previous clinical course,226,6,Previous clinical course,record,urn:osse-11:record:28:1,urn:osse-11:dataelement:118:1,X_226_28_118,False,False,9,record_resolved
226_6_Previous clinical course,226,6,Previous clinical course,record,urn:osse-11:record:28:1,urn:osse-11:dataelement:125:1,X_226_28_125,False,False,9,record_resolved
226_6_Previous clinical course,226,6,Previous clinical course,record,urn:osse-11:record:29:1,urn:osse-11:dataelement:126:1,X_226_29_126,False,False,11,record_resolved
226_6_Previous clinical course,226,6,Previous clinical course,record,urn:osse-11:record:29:1,urn:osse-11:dataelement:118:1,X_226_29_118,False,False,11,record_resolved
226_6_Previous clinical course,226,6,Previous clinical course,record,urn:osse-11:record:29:1,urn:osse-11:dataelement:127:1,X_226_29_127,False,False,11,record_resolved
226_6_Previous clinical course,226,6,Previous clinical course,record,urn:osse-11:record:29:1,urn:osse-11:dataelement:128:1,X_226_29_128,False,False,11,record_resolved
226_6_Previous clinical course,226,6,Previous clinical course,record,urn:osse-11:record:29:1,urn:osse-11:dataelement:129:1,X_226_29_129,False,False,11,record_resolved
226_6_Previous clinical course,226,6,Previous clinical course,record,urn:osse-11:record:30:1,urn:osse-11:dataelement:133:1,X_226_30_133,False,False,16,record_resolved
226_6_Previous clinical course,226,6,Previous clinical course,record,urn:osse-11:record:30:1,urn:osse-11:dataelement:134:1,X_226_30_134,False,False,16,record_resolved
226_6_Previous clinical course,226,6,Previous clinical course,record,urn:osse-11:record:30:1,urn:osse-11:dataelement:135:1,X_226_30_135,False,False,16,record_resolved
226_6_Previous clinical course,226,6,Previous clinical course,record,urn:osse-11:record:30:1,urn:osse-11:dataelement:136:1,X_226_30_136,False,False,16,record_resolved
233_3_Treatment,233,3,Treatment,record,urn:osse-11:record:31:1,urn:osse-11:dataelement:138:1,X_233_31_138,False,False,2,record_resolved
233_3_Treatment,233,3,Treatment,record,urn:osse-11:record:31:1,urn:osse-11:dataelement:139:1,X_233_31_139,False,False,2,record_resolved
233_3_Treatment,233,3,Treatment,record,urn:osse-11:record:31:1,urn:osse-11:dataelement:140:1,X_233_31_140,False,False,2,record_resolved
233_3_Treatment,233,3,Treatment,record,urn:osse-11:record:32:1,urn:osse-11:dataelement:141:1,X_233_32_141,False,False,3,record_resolved
233_3_Treatment,233,3,Treatment,record,urn:osse-11:record:32:1,urn:osse-11:dataelement:142:1,X_233_32_142,False,False,3,record_resolved
233_3_Treatment,233,3,Treatment,record,urn:osse-11:record:32:1,urn:osse-11:dataelement:143:1,X_233_32_143,False,False,3,record_resolved
233_3_Treatment,233,3,Treatment,record,urn:osse-11:record:32:1,urn:osse-11:dataelement:144:1,X_233_32_144,False,False,3,record_resolved
233_3_Treatment,233,3,Treatment,record,urn:osse-11:record:32:1,urn:osse-11:dataelement:145:1,X_233_32_145,False,False,3,record_resolved
233_3_Treatment,233,3,Treatment,record,urn:osse-11:record:33:1,urn:osse-11:dataelement:146:1,X_233_33_146,False,False,4,record_resolved
233_3_Treatment,233,3,Treatment,record,urn:osse-11:record:33:1,urn:osse-11:dataelement:147:1,X_233_33_147,False,False,4,record_resolved
233_3_Treatment,233,3,Treatment,record,urn:osse-11:record:33:1,urn:osse-11:dataelement:148:1,X_233_33_148,False,False,4,record_resolved
233_3_Treatment,233,3,Treatment,record,urn:osse-11:record:33:1,urn:osse-11:dataelement:149:1,X_233_33_149,False,False,4,record_resolved
233_3_Treatment,233,3,Treatment,record,urn:osse-11:record:34:1,urn:osse-11:dataelement:150:1,X_233_34_150,False,False,5,record_resolved
233_3_Treatment,233,3,Treatment,record,urn:osse-11:record:34:1,urn:osse-11:dataelement:151:1,X_233_34_151,False,False,5,record_resolved
233_3_Treatment,233,3,Treatment,record,urn:osse-11:record:34:1,urn:osse-11:dataelement:152:1,X_233_34_152,False,False,5,record_resolved
233_3_Treatment,233,3,Treatment,record,urn:osse-11:record:34:1,urn:osse-11:dataelement:153:1,X_233_34_153,False,False,5,record_resolved
233_3_Treatment,233,3,Treatment,record,urn:osse-11:record:35:1,urn:osse-11:dataelement:154:1,X_233_35_154,False,False,6,record_resolved
233_3_Treatment,233,3,Treatment,record,urn:osse-11:record:35:1,urn:osse-11:dataelement:155:1,X_233_35_155,False,False,6,record_resolved
233_3_Treatment,233,3,Treatment,record,urn:osse-11:record:35:1,urn:osse-11:dataelement:156:1,X_233_35_156,False,False,6,record_resolved
233_3_Treatment,233,3,Treatment,record,urn:osse-11:record:35:1,urn:osse-11:dataelement:157:1,X_233_35_157,False,False,6,record_resolved
233_3_Treatment,233,3,Treatment,record,urn:osse-11:record:36:1,urn:osse-11:dataelement:160:1,X_233_36_160,False,False,10,record_resolved
233_3_Treatment,233,3,Treatment,record,urn:osse-11:record:36:1,urn:osse-11:dataelement:161:1,X_233_36_161,False,False,10,record_resolved
233_3_Treatment,233,3,Treatment,record,urn:osse-11:record:55:1,urn:osse-11:dataelement:163:1,X_233_55_163,False,False,12,record_resolved
233_3_Treatment,233,3,Treatment,record,urn:osse-11:record:55:1,urn:osse-11:dataelement:164:1,X_233_55_164,False,False,12,record_resolved
233_3_Treatment,233,3,Treatment,record,urn:osse-11:record:55:1,urn:osse-11:dataelement:291:1,X_233_55_291,False,False,12,record_resolved
233_3_Treatment,233,3,Treatment,record,urn:osse-11:record:38:1,urn:osse-11:dataelement:165:1,X_233_38_165,False,False,13,record_resolved
233_3_Treatment,233,3,Treatment,record,urn:osse-11:record:38:1,urn:osse-11:dataelement:166:1,X_233_38_166,False,False,13,record_resolved
233_3_Treatment,233,3,Treatment,record,urn:osse-11:record:39:1,urn:osse-11:dataelement:167:1,X_233_39_167,False,False,14,record_resolved
233_3_Treatment,233,3,Treatment,record,urn:osse-11:record:39:1,urn:osse-11:dataelement:168:1,X_233_39_168,False,False,14,record_resolved
233_3_Treatment,233,3,Treatment,record,urn:osse-11:record:40:1,urn:osse-11:dataelement:175:1,X_233_40_175,False,False,23,record_resolved
233_3_Treatment,233,3,Treatment,record,urn:osse-11:record:40:1,urn:osse-11:dataelement:176:1,X_233_40_176,False,False,23,record_resolved
233_3_Treatment,233,3,Treatment,record,urn:osse-11:record:40:1,urn:osse-11:dataelement:177:1,X_233_40_177,False,False,23,record_resolved
233_3_Treatment,233,3,Treatment,record,urn:osse-11:record:41:1,urn:osse-11:dataelement:178:1,X_233_41_178,False,False,24,record_resolved
233_3_Treatment,233,3,Treatment,record,urn:osse-11:record:41:1,urn:osse-11:dataelement:179:1,X_233_41_179,False,False,24,record_resolved
233_3_Treatment,233,3,Treatment,record,urn:osse-11:record:42:1,urn:osse-11:dataelement:181:1,X_233_42_181,False,False,27,record_resolved
233_3_Treatment,233,3,Treatment,record,urn:osse-11:record:42:1,urn:osse-11:dataelement:182:1,X_233_42_182,False,False,27,record_resolved
233_3_Treatment,233,3,Treatment,record,urn:osse-11:record:43:1,urn:osse-11:dataelement:183:1,X_233_43_183,False,False,28,record_resolved
233_3_Treatment,233,3,Treatment,record,urn:osse-11:record:43:1,urn:osse-11:dataelement:184:1,X_233_43_184,False,False,28,record_resolved
233_3_Treatment,233,3,Treatment,record,urn:osse-11:record:44:1,urn:osse-11:dataelement:186:1,X_233_44_186,False,False,30,record_resolved
233_3_Treatment,233,3,Treatment,record,urn:osse-11:record:44:1,urn:osse-11:dataelement:187:1,X_233_44_187,False,False,30,record_resolved
233_3_Treatment,233,3,Treatment,record,urn:osse-11:record:45:1,urn:osse-11:dataelement:189:1,X_233_45_189,False,False,32,record_resolved
233_3_Treatment,233,3,Treatment,record,urn:osse-11:record:45:1,urn:osse-11:dataelement:190:1,X_233_45_190,False,False,32,record_resolved
229_2_Clinical features,229,2,Clinical features,record,urn:osse-11:record:49:1,urn:osse-11:dataelement:114:1,X_229_49_114,True,False,2,record_resolved
229_2_Clinical features,229,2,Clinical features,record,urn:osse-11:record:49:1,urn:osse-11:dataelement:117:1,X_229_49_117,True,False,2,record_resolved
229_2_Clinical features,229,2,Clinical features,record,urn:osse-11:record:50:1,urn:osse-11:dataelement:115:1,X_229_50_115,True,False,3,record_resolved
229_2_Clinical features,229,2,Clinical features,record,urn:osse-11:record:50:1,urn:osse-11:dataelement:63:1,X_229_50_63,True,False,3,record_resolved
229_2_Clinical features,229,2,Clinical features,record,urn:osse-11:record:50:1,urn:osse-11:dataelement:209:1,X_229_50_209,True,False,3,record_resolved
229_2_Clinical features,229,2,Clinical features,record,urn:osse-11:record:51:1,urn:osse-11:dataelement:210:1,X_229_51_210,False,False,5,record_resolved
229_2_Clinical features,229,2,Clinical features,record,urn:osse-11:record:51:1,urn:osse-11:dataelement:211:1,X_229_51_211,False,False,5,record_resolved
229_2_Clinical features,229,2,Clinical features,record,urn:osse-11:record:51:1,urn:osse-11:dataelement:212:1,X_229_51_212,False,False,5,record_resolved
229_2_Clinical features,229,2,Clinical features,record,urn:osse-11:record:51:1,urn:osse-11:dataelement:213:1,X_229_51_213,False,False,5,record_resolved
229_2_Clinical features,229,2,Clinical features,record,urn:osse-11:record:51:1,urn:osse-11:dataelement:214:1,X_229_51_214,False,False,5,record_resolved
229_2_Clinical features,229,2,Clinical features,record,urn:osse-11:record:52:1,urn:osse-11:dataelement:215:1,X_229_52_215,False,False,6,record_resolved
229_2_Clinical features,229,2,Clinical features,record,urn:osse-11:record:52:1,urn:osse-11:dataelement:216:1,X_229_52_216,False,False,6,record_resolved
229_2_Clinical features,229,2,Clinical features,record,urn:osse-11:record:52:1,urn:osse-11:dataelement:217:1,X_229_52_217,False,False,6,record_resolved
229_2_Clinical features,229,2,Clinical features,record,urn:osse-11:record:52:1,urn:osse-11:dataelement:218:1,X_229_52_218,False,False,6,record_resolved
229_2_Clinical features,229,2,Clinical features,record,urn:osse-11:record:53:1,urn:osse-11:dataelement:226:2,X_229_53_226,False,False,14,record_resolved
229_2_Clinical features,229,2,Clinical features,record,urn:osse-11:record:53:1,urn:osse-11:dataelement:134:1,X_229_53_134,False,False,14,record_resolved
229_2_Clinical features,229,2,Clinical features,record,urn:osse-11:record:53:1,urn:osse-11:dataelement:135:1,X_229_53_135,False,False,14,record_resolved
229_2_Clinical features,229,2,Clinical features,record,urn:osse-11:record:53:1,urn:osse-11:dataelement:136:1,X_229_53_136,False,False,14,record_resolved
229_2_Clinical features,229,2,Clinical features,record,urn:osse-11:record:54:1,urn:osse-11:dataelement:228:1,X_229_54_228,False,False,16,record_resolved
229_2_Clinical features,229,2,Clinical features,record,urn:osse-11:record:54:1,urn:osse-11:dataelement:229:1,X_229_54_229,False,False,16,record_resolved
229_2_Clinical features,229,2,Clinical features,record,urn:osse-11:record:54:1,urn:osse-11:dataelement:230:1,X_229_54_230,False,False,16,record_resolved
229_2_Clinical features,229,2,Clinical features,record,urn:osse-11:record:54:1,urn:osse-11:dataelement:231:1,X_229_54_231,False,False,16,record_resolved
228_4_Data at visit,228,4,Data at visit,record,urn:osse-11:record:47:1,urn:osse-11:dataelement:197:1,X_228_47_197,False,False,1,record_resolved
228_4_Data at visit,228,4,Data at visit,record,urn:osse-11:record:47:1,urn:osse-11:dataelement:198:1,X_228_47_198,False,False,1,record_resolved
228_4_Data at visit,228,4,Data at visit,record,urn:osse-11:record:47:1,urn:osse-11:dataelement:199:1,X_228_47_199,False,False,1,record_resolved
228_4_Data at visit,228,4,Data at visit,record,urn:osse-11:record:47:1,urn:osse-11:dataelement:200:1,X_228_47_200,False,False,1,record_resolved
228_4_Data at visit,228,4,Data at visit,record,urn:osse-11:record:47:1,urn:osse-11:dataelement:201:1,X_228_47_201,False,False,1,record_resolved
228_4_Data at visit,228,4,Data at visit,record,urn:osse-11:record:47:1,urn:osse-11:dataelement:202:1,X_228_47_202,False,False,1,record_resolved
227_3_Previous treatments,227,3,Previous treatments,record,urn:osse-11:record:31:1,urn:osse-11:dataelement:138:1,X_227_31_138,False,False,3,record_resolved
227_3_Previous treatments,227,3,Previous treatments,record,urn:osse-11:record:31:1,urn:osse-11:dataelement:139:1,X_227_31_139,False,False,3,record_resolved
227_3_Previous treatments,227,3,Previous treatments,record,urn:osse-11:record:31:1,urn:osse-11:dataelement:140:1,X_227_31_140,False,False,3,record_resolved
227_3_Previous treatments,227,3,Previous treatments,record,urn:osse-11:record:32:1,urn:osse-11:dataelement:141:1,X_227_32_141,False,False,4,record_resolved
227_3_Previous treatments,227,3,Previous treatments,record,urn:osse-11:record:32:1,urn:osse-11:dataelement:142:1,X_227_32_142,False,False,4,record_resolved
227_3_Previous treatments,227,3,Previous treatments,record,urn:osse-11:record:32:1,urn:osse-11:dataelement:143:1,X_227_32_143,False,False,4,record_resolved
227_3_Previous treatments,227,3,Previous treatments,record,urn:osse-11:record:32:1,urn:osse-11:dataelement:144:1,X_227_32_144,False,False,4,record_resolved
227_3_Previous treatments,227,3,Previous treatments,record,urn:osse-11:record:32:1,urn:osse-11:dataelement:145:1,X_227_32_145,False,False,4,record_resolved
227_3_Previous treatments,227,3,Previous treatments,record,urn:osse-11:record:33:1,urn:osse-11:dataelement:146:1,X_227_33_146,False,False,5,record_resolved
227_3_Previous treatments,227,3,Previous treatments,record,urn:osse-11:record:33:1,urn:osse-11:dataelement:147:1,X_227_33_147,False,False,5,record_resolved
227_3_Previous treatments,227,3,Previous treatments,record,urn:osse-11:record:33:1,urn:osse-11:dataelement:148:1,X_227_33_148,False,False,5,record_resolved
227_3_Previous treatments,227,3,Previous treatments,record,urn:osse-11:record:33:1,urn:osse-11:dataelement:149:1,X_227_33_149,False,False,5,record_resolved
227_3_Previous treatments,227,3,Previous treatments,record,urn:osse-11:record:34:1,urn:osse-11:dataelement:150:1,X_227_34_150,False,False,6,record_resolved
227_3_Previous treatments,227,3,Previous treatments,record,urn:osse-11:record:34:1,urn:osse-11:dataelement:151:1,X_227_34_151,False,False,6,record_resolved
227_3_Previous treatments,227,3,Previous treatments,record,urn:osse-11:record:34:1,urn:osse-11:dataelement:152:1,X_227_34_152,False,False,6,record_resolved
227_3_Previous treatments,227,3,Previous treatments,record,urn:osse-11:record:34:1,urn:osse-11:dataelement:153:1,X_227_34_153,False,False,6,record_resolved
227_3_Previous treatments,227,3,Previous treatments,record,urn:osse-11:record:35:1,urn:osse-11:dataelement:154:1,X_227_35_154,False,False,7,record_resolved
227_3_Previous treatments,227,3,Previous treatments,record,urn:osse-11:record:35:1,urn:osse-11:dataelement:155:1,X_227_35_155,False,False,7,record_resolved
227_3_Previous treatments,227,3,Previous treatments,record,urn:osse-11:record:35:1,urn:osse-11:dataelement:156:1,X_227_35_156,False,False,7,record_resolved
227_3_Previous treatments,227,3,Previous treatments,record,urn:osse-11:record:35:1,urn:osse-11:dataelement:157:1,X_227_35_157,False,False,7,record_resolved
227_3_Previous treatments,227,3,Previous treatments,record,urn:osse-11:record:36:1,urn:osse-11:dataelement:160:1,X_227_36_160,False,False,11,record_resolved
227_3_Previous treatments,227,3,Previous treatments,record,urn:osse-11:record:36:1,urn:osse-11:dataelement:161:1,X_227_36_161,False,False,11,record_resolved
227_3_Previous treatments,227,3,Previous treatments,record,urn:osse-11:record:37:1,urn:osse-11:dataelement:163:1,X_227_37_163,False,False,13,record_resolved
227_3_Previous treatments,227,3,Previous treatments,record,urn:osse-11:record:37:1,urn:osse-11:dataelement:164:1,X_227_37_164,False,False,13,record_resolved
227_3_Previous treatments,227,3,Previous treatments,record,urn:osse-11:record:38:1,urn:osse-11:dataelement:165:1,X_227_38_165,False,False,14,record_resolved
227_3_Previous treatments,227,3,Previous treatments,record,urn:osse-11:record:38:1,urn:osse-11:dataelement:166:1,X_227_38_166,False,False,14,record_resolved
227_3_Previous treatments,227,3,Previous treatments,record,urn:osse-11:record:39:1,urn:osse-11:dataelement:167:1,X_227_39_167,False,False,15,record_resolved
227_3_Previous treatments,227,3,Previous treatments,record,urn:osse-11:record:39:1,urn:osse-11:dataelement:168:1,X_227_39_168,False,False,15,record_resolved
227_3_Previous treatments,227,3,Previous treatments,record,urn:osse-11:record:40:1,urn:osse-11:dataelement:175:1,X_227_40_175,False,False,22,record_resolved
227_3_Previous treatments,227,3,Previous treatments,record,urn:osse-11:record:40:1,urn:osse-11:dataelement:176:1,X_227_40_176,False,False,22,record_resolved
227_3_Previous treatments,227,3,Previous treatments,record,urn:osse-11:record:40:1,urn:osse-11:dataelement:177:1,X_227_40_177,False,False,22,record_resolved
227_3_Previous treatments,227,3,Previous treatments,record,urn:osse-11:record:41:1,urn:osse-11:dataelement:178:1,X_227_41_178,False,False,23,record_resolved
227_3_Previous treatments,227,3,Previous treatments,record,urn:osse-11:record:41:1,urn:osse-11:dataelement:179:1,X_227_41_179,False,False,23,record_resolved
227_3_Previous treatments,227,3,Previous treatments,record,urn:osse-11:record:42:1,urn:osse-11:dataelement:181:1,X_227_42_181,False,False,25,record_resolved
227_3_Previous treatments,227,3,Previous treatments,record,urn:osse-11:record:42:1,urn:osse-11:dataelement:182:1,X_227_42_182,False,False,25,record_resolved
227_3_Previous treatments,227,3,Previous treatments,record,urn:osse-11:record:43:1,urn:osse-11:dataelement:183:1,X_227_43_183,False,False,26,record_resolved
227_3_Previous treatments,227,3,Previous treatments,record,urn:osse-11:record:43:1,urn:osse-11:dataelement:184:1,X_227_43_184,False,False,26,record_resolved
227_3_Previous treatments,227,3,Previous treatments,record,urn:osse-11:record:44:1,urn:osse-11:dataelement:186:1,X_227_44_186,False,False,28,record_resolved
227_3_Previous treatments,227,3,Previous treatments,record,urn:osse-11:record:44:1,urn:osse-11:dataelement:187:1,X_227_44_187,False,False,28,record_resolved
227_3_Previous treatments,227,3,Previous treatments,record,urn:osse-11:record:45:1,urn:osse-11:dataelement:189:1,X_227_45_189,False,False,30,record_resolved
227_3_Previous treatments,227,3,Previous treatments,record,urn:osse-11:record:45:1,urn:osse-11:dataelement:190:1,X_227_45_190,False,False,30,record_resolved
227_3_Previous treatments,227,3,Previous treatments,record,urn:osse-11:record:46:1,urn:osse-11:dataelement:191:1,X_227_46_191,True,False,31,record_resolved
227_3_Previous treatments,227,3,Previous treatments,record,urn:osse-11:record:46:1,urn:osse-11:dataelement:192:1,X_227_46_192,True,False,31,record_resolved
225_2_Patient’s information and Medical history,225,2,Patient’s information and Medical history,record,urn:osse-11:record:21:1,urn:osse-11:dataelement:93:1,X_225_21_93,False,False,3,record_resolved
225_2_Patient’s information and Medical history,225,2,Patient’s information and Medical history,record,urn:osse-11:record:21:1,urn:osse-11:dataelement:94:1,X_225_21_94,False,False,3,record_resolved
225_2_Patient’s information and Medical history,225,2,Patient’s information and Medical history,record,urn:osse-11:record:21:1,urn:osse-11:dataelement:96:1,X_225_21_96,False,False,3,record_resolved
225_2_Patient’s information and Medical history,225,2,Patient’s information and Medical history,record,urn:osse-11:record:21:1,urn:osse-11:dataelement:95:1,X_225_21_95,False,False,3,record_resolved
225_2_Patient’s information and Medical history,225,2,Patient’s information and Medical history,record,urn:osse-11:record:22:1,urn:osse-11:dataelement:97:1,X_225_22_97,False,False,4,record_resolved
225_2_Patient’s information and Medical history,225,2,Patient’s information and Medical history,record,urn:osse-11:record:22:1,urn:osse-11:dataelement:98:1,X_225_22_98,False,False,4,record_resolved
225_2_Patient’s information and Medical history,225,2,Patient’s information and Medical history,record,urn:osse-11:record:22:1,urn:osse-11:dataelement:99:1,X_225_22_99,False,False,4,record_resolved
225_2_Patient’s information and Medical history,225,2,Patient’s information and Medical history,record,urn:osse-11:record:22:1,urn:osse-11:dataelement:100:1,X_225_22_100,False,False,4,record_resolved
225_2_Patient’s information and Medical history,225,2,Patient’s information and Medical history,record,urn:osse-11:record:22:1,urn:osse-11:dataelement:101:1,X_225_22_101,False,False,4,record_resolved
225_2_Patient’s information and Medical history,225,2,Patient’s information and Medical history,record,urn:osse-11:record:22:1,urn:osse-11:dataelement:102:1,X_225_22_102,False,False,4,record_resolved
225_2_Patient’s information and Medical history,225,2,Patient’s information and Medical history,record,urn:osse-11:record:22:1,urn:osse-11:dataelement:103:1,X_225_22_103,False,False,4,record_resolved
225_2_Patient’s information and Medical history,225,2,Patient’s information and Medical history,record,urn:osse-11:record:23:1,urn:osse-11:dataelement:106:1,X_225_23_106,False,False,8,record_resolved
225_2_Patient’s information and Medical history,225,2,Patient’s information and Medical history,record,urn:osse-11:record:23:1,urn:osse-11:dataelement:107:1,X_225_23_107,False,False,8,record_resolved
223_2_Biobank sample collection,223,2,Biobank sample collection,record,urn:osse-11:record:2:2,urn:osse-11:dataelement:13:2,X_223_2_13,False,False,1,record_resolved
223_2_Biobank sample collection,223,2,Biobank sample collection,record,urn:osse-11:record:2:2,urn:osse-11:dataelement:19:1,X_223_2_19,False,False,1,record_resolved
223_2_Biobank sample collection,223,2,Biobank sample collection,record,urn:osse-11:record:2:2,urn:osse-11:dataelement:14:1,X_223_2_14,False,False,1,record_resolved
223_2_Biobank sample collection,223,2,Biobank sample collection,record,urn:osse-11:record:7:1,urn:osse-11:dataelement:28:1,X_223_7_28,False,False,6,record_resolved
223_2_Biobank sample collection,223,2,Biobank sample collection,record,urn:osse-11:record:7:1,urn:osse-11:dataelement:29:1,X_223_7_29,False,False,6,record_resolved
223_2_Biobank sample collection,223,2,Biobank sample collection,record,urn:osse-11:record:7:1,urn:osse-11:dataelement:30:1,X_223_7_30,False,False,6,record_resolved
223_2_Biobank sample collection,223,2,Biobank sample collection,record,urn:osse-11:record:8:1,urn:osse-11:dataelement:31:1,X_223_8_31,False,False,7,record_resolved
223_2_Biobank sample collection,223,2,Biobank sample collection,record,urn:osse-11:record:8:1,urn:osse-11:dataelement:29:1,X_223_8_29,False,False,7,record_resolved
223_2_Biobank sample collection,223,2,Biobank sample collection,record,urn:osse-11:record:9:1,urn:osse-11:dataelement:32:1,X_223_9_32,False,False,8,record_resolved
223_2_Biobank sample collection,223,2,Biobank sample collection,record,urn:osse-11:record:9:1,urn:osse-11:dataelement:29:1,X_223_9_29,False,False,8,record_resolved
223_2_Biobank sample collection,223,2,Biobank sample collection,record,urn:osse-11:record:9:1,urn:osse-11:dataelement:33:1,X_223_9_33,False,False,8,record_resolved
223_2_Biobank sample collection,223,2,Biobank sample collection,record,urn:osse-11:record:9:1,urn:osse-11:dataelement:34:1,X_223_9_34,False,False,8,record_resolved
223_2_Biobank sample collection,223,2,Biobank sample collection,record,urn:osse-11:record:9:1,urn:osse-11:dataelement:35:1,X_223_9_35,False,False,8,record_resolved
223_2_Biobank sample collection,223,2,Biobank sample collection,record,urn:osse-11:record:9:1,urn:osse-11:dataelement:37:1,X_223_9_37,False,False,8,record_resolved
223_2_Biobank sample collection,223,2,Biobank sample collection,record,urn:osse-11:record:9:1,urn:osse-11:dataelement:36:1,X_223_9_36,False,False,8,record_resolved
229_3_Clinical features,229,3,Clinical features,record,urn:osse-11:record:49:1,urn:osse-11:dataelement:114:1,X_229_49_114,True,False,2,record_resolved
229_3_Clinical features,229,3,Clinical features,record,urn:osse-11:record:49:1,urn:osse-11:dataelement:117:1,X_229_49_117,True,False,2,record_resolved
229_3_Clinical features,229,3,Clinical features,record,urn:osse-11:record:50:1,urn:osse-11:dataelement:115:1,X_229_50_115,True,False,3,record_resolved
229_3_Clinical features,229,3,Clinical features,record,urn:osse-11:record:50:1,urn:osse-11:dataelement:63:1,X_229_50_63,True,False,3,record_resolved
229_3_Clinical features,229,3,Clinical features,record,urn:osse-11:record:50:1,urn:osse-11:dataelement:209:1,X_229_50_209,True,False,3,record_resolved
229_3_Clinical features,229,3,Clinical features,record,urn:osse-11:record:51:1,urn:osse-11:dataelement:210:1,X_229_51_210,False,False,5,record_resolved
229_3_Clinical features,229,3,Clinical features,record,urn:osse-11:record:51:1,urn:osse-11:dataelement:211:1,X_229_51_211,False,False,5,record_resolved
229_3_Clinical features,229,3,Clinical features,record,urn:osse-11:record:51:1,urn:osse-11:dataelement:212:1,X_229_51_212,False,False,5,record_resolved
229_3_Clinical features,229,3,Clinical features,record,urn:osse-11:record:51:1,urn:osse-11:dataelement:213:1,X_229_51_213,False,False,5,record_resolved
229_3_Clinical features,229,3,Clinical features,record,urn:osse-11:record:51:1,urn:osse-11:dataelement:214:1,X_229_51_214,False,False,5,record_resolved
229_3_Clinical features,229,3,Clinical features,record,urn:osse-11:record:52:1,urn:osse-11:dataelement:215:1,X_229_52_215,False,False,6,record_resolved
229_3_Clinical features,229,3,Clinical features,record,urn:osse-11:record:52:1,urn:osse-11:dataelement:216:1,X_229_52_216,False,False,6,record_resolved
229_3_Clinical features,229,3,Clinical features,record,urn:osse-11:record:52:1,urn:osse-11:dataelement:217:1,X_229_52_217,False,False,6,record_resolved
229_3_Clinical features,229,3,Clinical features,record,urn:osse-11:record:52:1,urn:osse-11:dataelement:218:1,X_229_52_218,False,False,6,record_resolved
229_3_Clinical features,229,3,Clinical features,record,urn:osse-11:record:53:1,urn:osse-11:dataelement:226:2,X_229_53_226,False,False,14,record_resolved
229_3_Clinical features,229,3,Clinical features,record,urn:osse-11:record:53:1,urn:osse-11:dataelement:134:1,X_229_53_134,False,False,14,record_resolved
229_3_Clinical features,229,3,Clinical features,record,urn:osse-11:record:53:1,urn:osse-11:dataelement:135:1,X_229_53_135,False,False,14,record_resolved
229_3_Clinical features,229,3,Clinical features,record,urn:osse-11:record:53:1,urn:osse-11:dataelement:136:1,X_229_53_136,False,False,14,record_resolved
229_3_Clinical features,229,3,Clinical features,record,urn:osse-11:record:54:1,urn:osse-11:dataelement:228:1,X_229_54_228,False,False,16,record_resolved
229_3_Clinical features,229,3,Clinical features,record,urn:osse-11:record:54:1,urn:osse-11:dataelement:229:1,X_229_54_229,False,False,16,record_resolved
229_3_Clinical features,229,3,Clinical features,record,urn:osse-11:record:54:1,urn:osse-11:dataelement:230:1,X_229_54_230,False,False,16,record_resolved
229_3_Clinical features,229,3,Clinical features,record,urn:osse-11:record:54:1,urn:osse-11:dataelement:231:1,X_229_54_231,False,False,16,record_resolved
235_2_Scores,235,2,Scores,record,urn:osse-11:record:56:1,urn:osse-11:dataelement:256:1,X_235_56_256,True,False,2,record_resolved
235_2_Scores,235,2,Scores,record,urn:osse-11:record:56:1,urn:osse-11:dataelement:264:1,X_235_56_264,True,False,2,record_resolved
235_2_Scores,235,2,Scores,record,urn:osse-11:record:56:1,urn:osse-11:dataelement:265:1,X_235_56_265,True,False,2,record_resolved
235_2_Scores,235,2,Scores,record,urn:osse-11:record:56:1,urn:osse-11:dataelement:266:1,X_235_56_266,True,False,2,record_resolved
235_2_Scores,235,2,Scores,record,urn:osse-11:record:59:1,urn:osse-11:dataelement:254:1,X_235_59_254,False,False,9,record_resolved
235_2_Scores,235,2,Scores,record,urn:osse-11:record:59:1,urn:osse-11:dataelement:325:1,X_235_59_325,False,False,9,record_resolved
235_2_Scores,235,2,Scores,record,urn:osse-11:record:59:1,urn:osse-11:dataelement:264:1,X_235_59_264,False,False,9,record_resolved
235_2_Scores,235,2,Scores,record,urn:osse-11:record:60:1,urn:osse-11:dataelement:239:1,X_235_60_239,False,False,12,record_resolved
235_2_Scores,235,2,Scores,record,urn:osse-11:record:60:1,urn:osse-11:dataelement:238:1,X_235_60_238,False,False,12,record_resolved
235_2_Scores,235,2,Scores,record,urn:osse-11:record:60:1,urn:osse-11:dataelement:240:1,X_235_60_240,False,False,12,record_resolved
235_2_Scores,235,2,Scores,record,urn:osse-11:record:60:1,urn:osse-11:dataelement:283:1,X_235_60_283,False,False,12,record_resolved
235_2_Scores,235,2,Scores,record,urn:osse-11:record:60:1,urn:osse-11:dataelement:326:1,X_235_60_326,False,False,12,record_resolved
235_2_Scores,235,2,Scores,record,urn:osse-11:record:60:1,urn:osse-11:dataelement:245:1,X_235_60_245,False,False,12,record_resolved
235_2_Scores,235,2,Scores,record,urn:osse-11:record:60:1,urn:osse-11:dataelement:252:1,X_235_60_252,False,False,12,record_resolved
235_2_Scores,235,2,Scores,record,urn:osse-11:record:61:1,urn:osse-11:dataelement:264:1,X_235_61_264,False,False,18,record_resolved
235_2_Scores,235,2,Scores,record,urn:osse-11:record:61:1,urn:osse-11:dataelement:330:1,X_235_61_330,False,False,18,record_resolved
235_2_Scores,235,2,Scores,record,urn:osse-11:record:61:1,urn:osse-11:dataelement:57:1,X_235_61_57,False,False,18,record_resolved
235_2_Scores,235,2,Scores,record,urn:osse-11:record:62:1,urn:osse-11:dataelement:265:1,X_235_62_265,False,False,19,record_resolved
235_2_Scores,235,2,Scores,record,urn:osse-11:record:62:1,urn:osse-11:dataelement:61:1,X_235_62_61,False,False,19,record_resolved
235_2_Scores,235,2,Scores,record,urn:osse-11:record:62:1,urn:osse-11:dataelement:331:1,X_235_62_331,False,False,19,record_resolved
235_2_Scores,235,2,Scores,record,urn:osse-11:record:62:1,urn:osse-11:dataelement:59:1,X_235_62_59,False,False,19,record_resolved
235_2_Scores,235,2,Scores,record,urn:osse-11:record:63:1,urn:osse-11:dataelement:323:1,X_235_63_323,False,False,20,record_resolved
235_2_Scores,235,2,Scores,record,urn:osse-11:record:63:1,urn:osse-11:dataelement:332:1,X_235_63_332,False,False,20,record_resolved
235_2_Scores,235,2,Scores,record,urn:osse-11:record:63:1,urn:osse-11:dataelement:62:1,X_235_63_62,False,False,20,record_resolved
235_2_Scores,235,2,Scores,record,urn:osse-11:record:65:1,urn:osse-11:dataelement:256:1,X_235_65_256,False,False,21,record_resolved
235_2_Scores,235,2,Scores,record,urn:osse-11:record:65:1,urn:osse-11:dataelement:333:1,X_235_65_333,False,False,21,record_resolved
235_2_Scores,235,2,Scores,record,urn:osse-11:record:65:1,urn:osse-11:dataelement:64:1,X_235_65_64,False,False,21,record_resolved
235_2_Scores,235,2,Scores,record,urn:osse-11:record:64:1,urn:osse-11:dataelement:67:1,X_235_64_67,False,False,22,record_resolved
235_2_Scores,235,2,Scores,record,urn:osse-11:record:64:1,urn:osse-11:dataelement:68:1,X_235_64_68,False,False,22,record_resolved
235_2_Scores,235,2,Scores,record,urn:osse-11:record:64:1,urn:osse-11:dataelement:69:1,X_235_64_69,False,False,22,record_resolved
235_2_Scores,235,2,Scores,record,urn:osse-11:record:64:1,urn:osse-11:dataelement:167:1,X_235_64_167,False,False,22,record_resolved
235_2_Scores,235,2,Scores,record,urn:osse-11:record:64:1,urn:osse-11:dataelement:334:1,X_235_64_334,False,False,22,record_resolved
235_2_Scores,235,2,Scores,record,urn:osse-11:record:64:1,urn:osse-11:dataelement:66:1,X_235_64_66,False,False,22,record_resolved
235_2_Scores,235,2,Scores,record,urn:osse-11:record:66:1,urn:osse-11:dataelement:282:1,X_235_66_282,False,False,23,record_resolved
235_2_Scores,235,2,Scores,record,urn:osse-11:record:66:1,urn:osse-11:dataelement:73:1,X_235_66_73,False,False,23,record_resolved
235_2_Scores,235,2,Scores,record,urn:osse-11:record:66:1,urn:osse-11:dataelement:326:1,X_235_66_326,False,False,23,record_resolved
235_2_Scores,235,2,Scores,record,urn:osse-11:record:66:1,urn:osse-11:dataelement:335:1,X_235_66_335,False,False,23,record_resolved
235_2_Scores,235,2,Scores,record,urn:osse-11:record:66:1,urn:osse-11:dataelement:71:1,X_235_66_71,False,False,23,record_resolved
224_3_ACLF evaluation,224,3,ACLF evaluation,record,urn:osse-11:record:16:1,urn:osse-11:dataelement:57:1,X_224_16_57,False,False,1,record_resolved
224_3_ACLF evaluation,224,3,ACLF evaluation,record,urn:osse-11:record:16:1,urn:osse-11:dataelement:58:1,X_224_16_58,False,False,1,record_resolved
224_3_ACLF evaluation,224,3,ACLF evaluation,record,urn:osse-11:record:17:1,urn:osse-11:dataelement:59:1,X_224_17_59,False,False,2,record_resolved
224_3_ACLF evaluation,224,3,ACLF evaluation,record,urn:osse-11:record:17:1,urn:osse-11:dataelement:60:1,X_224_17_60,False,False,2,record_resolved
224_3_ACLF evaluation,224,3,ACLF evaluation,record,urn:osse-11:record:17:1,urn:osse-11:dataelement:61:1,X_224_17_61,False,False,2,record_resolved
224_3_ACLF evaluation,224,3,ACLF evaluation,record,urn:osse-11:record:18:1,urn:osse-11:dataelement:64:1,X_224_18_64,False,False,3,record_resolved
224_3_ACLF evaluation,224,3,ACLF evaluation,record,urn:osse-11:record:18:1,urn:osse-11:dataelement:65:1,X_224_18_65,False,False,3,record_resolved
224_3_ACLF evaluation,224,3,ACLF evaluation,record,urn:osse-11:record:19:1,urn:osse-11:dataelement:66:1,X_224_19_66,False,False,7,record_resolved
224_3_ACLF evaluation,224,3,ACLF evaluation,record,urn:osse-11:record:19:1,urn:osse-11:dataelement:67:1,X_224_19_67,False,False,7,record_resolved
224_3_ACLF evaluation,224,3,ACLF evaluation,record,urn:osse-11:record:19:1,urn:osse-11:dataelement:68:1,X_224_19_68,False,False,7,record_resolved
224_3_ACLF evaluation,224,3,ACLF evaluation,record,urn:osse-11:record:19:1,urn:osse-11:dataelement:69:1,X_224_19_69,False,False,7,record_resolved
224_3_ACLF evaluation,224,3,ACLF evaluation,record,urn:osse-11:record:19:1,urn:osse-11:dataelement:70:1,X_224_19_70,False,False,7,record_resolved
224_3_ACLF evaluation,224,3,ACLF evaluation,record,urn:osse-11:record:20:1,urn:osse-11:dataelement:71:1,X_224_20_71,False,False,8,record_resolved
224_3_ACLF evaluation,224,3,ACLF evaluation,record,urn:osse-11:record:20:1,urn:osse-11:dataelement:72:1,X_224_20_72,False,False,8,record_resolved
224_3_ACLF evaluation,224,3,ACLF evaluation,record,urn:osse-11:record:20:1,urn:osse-11:dataelement:73:1,X_224_20_73,False,False,8,record_resolved
224_3_ACLF evaluation,224,3,ACLF evaluation,record,urn:osse-11:record:20:1,urn:osse-11:dataelement:74:1,X_224_20_74,False,False,8,record_resolved
224_3_ACLF evaluation,224,3,ACLF evaluation,record,urn:osse-11:record:20:1,urn:osse-11:dataelement:75:1,X_224_20_75,False,False,8,record_resolved
224_3_ACLF evaluation,224,3,ACLF evaluation,record,urn:osse-11:record:20:1,urn:osse-11:dataelement:76:1,X_224_20_76,False,False,8,record_resolved
224_3_ACLF evaluation,224,3,ACLF evaluation,record,urn:osse-11:record:20:1,urn:osse-11:dataelement:77:1,X_224_20_77,False,False,8,record_resolved
224_3_ACLF evaluation,224,3,ACLF evaluation,record,urn:osse-11:record:20:1,urn:osse-11:dataelement:78:1,X_224_20_78,False,False,8,record_resolved
224_3_ACLF evaluation,224,3,ACLF evaluation,record,urn:osse-11:record:20:1,urn:osse-11:dataelement:80:1,X_224_20_80,False,False,8,record_resolved
224_3_ACLF evaluation,224,3,ACLF evaluation,record,urn:osse-11:record:20:1,urn:osse-11:dataelement:81:1,X_224_20_81,False,False,8,record_resolved
224_3_ACLF evaluation,224,3,ACLF evaluation,record,urn:osse-11:record:20:1,urn:osse-11:dataelement:82:1,X_224_20_82,False,False,8,record_resolved
224_3_ACLF evaluation,224,3,ACLF evaluation,record,urn:osse-11:record:20:1,urn:osse-11:dataelement:83:1,X_224_20_83,False,False,8,record_resolved
224_3_ACLF evaluation,224,3,ACLF evaluation,record,urn:osse-11:record:20:1,urn:osse-11:dataelement:84:1,X_224_20_84,False,False,8,record_resolved
224_3_ACLF evaluation,224,3,ACLF evaluation,record,urn:osse-11:record:20:1,urn:osse-11:dataelement:85:1,X_224_20_85,False,False,8,record_resolved
224_3_ACLF evaluation,224,3,ACLF evaluation,record,urn:osse-11:record:20:1,urn:osse-11:dataelement:79:1,X_224_20_79,False,False,8,record_resolved
224_3_ACLF evaluation,224,3,ACLF evaluation,record,urn:osse-11:record:20:1,urn:osse-11:dataelement:86:1,X_224_20_86,False,False,8,record_resolved
224_3_ACLF evaluation,224,3,ACLF evaluation,record,urn:osse-11:record:20:1,urn:osse-11:dataelement:87:1,X_224_20_87,False,False,8,record_resolved
233_4_Treatment,233,4,Treatment,record,urn:osse-11:record:31:1,urn:osse-11:dataelement:138:1,X_233_31_138,False,False,2,record_resolved
233_4_Treatment,233,4,Treatment,record,urn:osse-11:record:31:1,urn:osse-11:dataelement:139:1,X_233_31_139,False,False,2,record_resolved
233_4_Treatment,233,4,Treatment,record,urn:osse-11:record:31:1,urn:osse-11:dataelement:140:1,X_233_31_140,False,False,2,record_resolved
233_4_Treatment,233,4,Treatment,record,urn:osse-11:record:32:1,urn:osse-11:dataelement:141:1,X_233_32_141,False,False,3,record_resolved
233_4_Treatment,233,4,Treatment,record,urn:osse-11:record:32:1,urn:osse-11:dataelement:142:1,X_233_32_142,False,False,3,record_resolved
233_4_Treatment,233,4,Treatment,record,urn:osse-11:record:32:1,urn:osse-11:dataelement:143:1,X_233_32_143,False,False,3,record_resolved
233_4_Treatment,233,4,Treatment,record,urn:osse-11:record:32:1,urn:osse-11:dataelement:144:1,X_233_32_144,False,False,3,record_resolved
233_4_Treatment,233,4,Treatment,record,urn:osse-11:record:32:1,urn:osse-11:dataelement:145:1,X_233_32_145,False,False,3,record_resolved
233_4_Treatment,233,4,Treatment,record,urn:osse-11:record:33:1,urn:osse-11:dataelement:146:1,X_233_33_146,False,False,4,record_resolved
233_4_Treatment,233,4,Treatment,record,urn:osse-11:record:33:1,urn:osse-11:dataelement:147:1,X_233_33_147,False,False,4,record_resolved
233_4_Treatment,233,4,Treatment,record,urn:osse-11:record:33:1,urn:osse-11:dataelement:148:1,X_233_33_148,False,False,4,record_resolved
233_4_Treatment,233,4,Treatment,record,urn:osse-11:record:33:1,urn:osse-11:dataelement:149:1,X_233_33_149,False,False,4,record_resolved
233_4_Treatment,233,4,Treatment,record,urn:osse-11:record:34:1,urn:osse-11:dataelement:150:1,X_233_34_150,False,False,5,record_resolved
233_4_Treatment,233,4,Treatment,record,urn:osse-11:record:34:1,urn:osse-11:dataelement:151:1,X_233_34_151,False,False,5,record_resolved
233_4_Treatment,233,4,Treatment,record,urn:osse-11:record:34:1,urn:osse-11:dataelement:152:1,X_233_34_152,False,False,5,record_resolved
233_4_Treatment,233,4,Treatment,record,urn:osse-11:record:34:1,urn:osse-11:dataelement:153:1,X_233_34_153,False,False,5,record_resolved
233_4_Treatment,233,4,Treatment,record,urn:osse-11:record:35:1,urn:osse-11:dataelement:154:1,X_233_35_154,False,False,6,record_resolved
233_4_Treatment,233,4,Treatment,record,urn:osse-11:record:35:1,urn:osse-11:dataelement:155:1,X_233_35_155,False,False,6,record_resolved
233_4_Treatment,233,4,Treatment,record,urn:osse-11:record:35:1,urn:osse-11:dataelement:156:1,X_233_35_156,False,False,6,record_resolved
233_4_Treatment,233,4,Treatment,record,urn:osse-11:record:35:1,urn:osse-11:dataelement:157:1,X_233_35_157,False,False,6,record_resolved
233_4_Treatment,233,4,Treatment,record,urn:osse-11:record:36:1,urn:osse-11:dataelement:160:1,X_233_36_160,False,False,10,record_resolved
233_4_Treatment,233,4,Treatment,record,urn:osse-11:record:36:1,urn:osse-11:dataelement:161:1,X_233_36_161,False,False,10,record_resolved
233_4_Treatment,233,4,Treatment,record,urn:osse-11:record:55:1,urn:osse-11:dataelement:163:1,X_233_55_163,False,False,13,record_resolved
233_4_Treatment,233,4,Treatment,record,urn:osse-11:record:55:1,urn:osse-11:dataelement:164:1,X_233_55_164,False,False,13,record_resolved
233_4_Treatment,233,4,Treatment,record,urn:osse-11:record:55:1,urn:osse-11:dataelement:291:1,X_233_55_291,False,False,13,record_resolved
233_4_Treatment,233,4,Treatment,record,urn:osse-11:record:38:1,urn:osse-11:dataelement:165:1,X_233_38_165,False,False,15,record_resolved
233_4_Treatment,233,4,Treatment,record,urn:osse-11:record:38:1,urn:osse-11:dataelement:166:1,X_233_38_166,False,False,15,record_resolved
233_4_Treatment,233,4,Treatment,record,urn:osse-11:record:39:1,urn:osse-11:dataelement:167:1,X_233_39_167,False,False,17,record_resolved
233_4_Treatment,233,4,Treatment,record,urn:osse-11:record:39:1,urn:osse-11:dataelement:168:1,X_233_39_168,False,False,17,record_resolved
233_4_Treatment,233,4,Treatment,record,urn:osse-11:record:40:1,urn:osse-11:dataelement:175:1,X_233_40_175,False,False,28,record_resolved
233_4_Treatment,233,4,Treatment,record,urn:osse-11:record:40:1,urn:osse-11:dataelement:176:1,X_233_40_176,False,False,28,record_resolved
233_4_Treatment,233,4,Treatment,record,urn:osse-11:record:40:1,urn:osse-11:dataelement:177:1,X_233_40_177,False,False,28,record_resolved
233_4_Treatment,233,4,Treatment,record,urn:osse-11:record:41:1,urn:osse-11:dataelement:178:1,X_233_41_178,False,False,29,record_resolved
233_4_Treatment,233,4,Treatment,record,urn:osse-11:record:41:1,urn:osse-11:dataelement:179:1,X_233_41_179,False,False,29,record_resolved
233_4_Treatment,233,4,Treatment,record,urn:osse-11:record:42:1,urn:osse-11:dataelement:181:1,X_233_42_181,False,False,32,record_resolved
233_4_Treatment,233,4,Treatment,record,urn:osse-11:record:42:1,urn:osse-11:dataelement:182:1,X_233_42_182,False,False,32,record_resolved
233_4_Treatment,233,4,Treatment,record,urn:osse-11:record:43:1,urn:osse-11:dataelement:183:1,X_233_43_183,False,False,33,record_resolved
233_4_Treatment,233,4,Treatment,record,urn:osse-11:record:43:1,urn:osse-11:dataelement:184:1,X_233_43_184,False,False,33,record_resolved
233_4_Treatment,233,4,Treatment,record,urn:osse-11:record:44:1,urn:osse-11:dataelement:186:1,X_233_44_186,False,False,35,record_resolved
233_4_Treatment,233,4,Treatment,record,urn:osse-11:record:44:1,urn:osse-11:dataelement:187:1,X_233_44_187,False,False,35,record_resolved
233_4_Treatment,233,4,Treatment,record,urn:osse-11:record:45:1,urn:osse-11:dataelement:189:1,X_233_45_189,False,False,37,record_resolved
233_4_Treatment,233,4,Treatment,record,urn:osse-11:record:45:1,urn:osse-11:dataelement:190:1,X_233_45_190,False,False,37,record_resolved
233_5_Treatment,233,5,Treatment,record,urn:osse-11:record:31:1,urn:osse-11:dataelement:138:1,X_233_31_138,False,False,2,record_resolved
233_5_Treatment,233,5,Treatment,record,urn:osse-11:record:31:1,urn:osse-11:dataelement:139:1,X_233_31_139,False,False,2,record_resolved
233_5_Treatment,233,5,Treatment,record,urn:osse-11:record:31:1,urn:osse-11:dataelement:140:1,X_233_31_140,False,False,2,record_resolved
233_5_Treatment,233,5,Treatment,record,urn:osse-11:record:32:1,urn:osse-11:dataelement:141:1,X_233_32_141,False,False,3,record_resolved
233_5_Treatment,233,5,Treatment,record,urn:osse-11:record:32:1,urn:osse-11:dataelement:142:1,X_233_32_142,False,False,3,record_resolved
233_5_Treatment,233,5,Treatment,record,urn:osse-11:record:32:1,urn:osse-11:dataelement:143:1,X_233_32_143,False,False,3,record_resolved
233_5_Treatment,233,5,Treatment,record,urn:osse-11:record:32:1,urn:osse-11:dataelement:144:1,X_233_32_144,False,False,3,record_resolved
233_5_Treatment,233,5,Treatment,record,urn:osse-11:record:32:1,urn:osse-11:dataelement:145:1,X_233_32_145,False,False,3,record_resolved
233_5_Treatment,233,5,Treatment,record,urn:osse-11:record:33:1,urn:osse-11:dataelement:146:1,X_233_33_146,False,False,4,record_resolved
233_5_Treatment,233,5,Treatment,record,urn:osse-11:record:33:1,urn:osse-11:dataelement:147:1,X_233_33_147,False,False,4,record_resolved
233_5_Treatment,233,5,Treatment,record,urn:osse-11:record:33:1,urn:osse-11:dataelement:148:1,X_233_33_148,False,False,4,record_resolved
233_5_Treatment,233,5,Treatment,record,urn:osse-11:record:33:1,urn:osse-11:dataelement:149:1,X_233_33_149,False,False,4,record_resolved
233_5_Treatment,233,5,Treatment,record,urn:osse-11:record:34:1,urn:osse-11:dataelement:150:1,X_233_34_150,False,False,5,record_resolved
233_5_Treatment,233,5,Treatment,record,urn:osse-11:record:34:1,urn:osse-11:dataelement:151:1,X_233_34_151,False,False,5,record_resolved
233_5_Treatment,233,5,Treatment,record,urn:osse-11:record:34:1,urn:osse-11:dataelement:152:1,X_233_34_152,False,False,5,record_resolved
233_5_Treatment,233,5,Treatment,record,urn:osse-11:record:34:1,urn:osse-11:dataelement:153:1,X_233_34_153,False,False,5,record_resolved
233_5_Treatment,233,5,Treatment,record,urn:osse-11:record:35:1,urn:osse-11:dataelement:154:1,X_233_35_154,False,False,6,record_resolved
233_5_Treatment,233,5,Treatment,record,urn:osse-11:record:35:1,urn:osse-11:dataelement:155:1,X_233_35_155,False,False,6,record_resolved
233_5_Treatment,233,5,Treatment,record,urn:osse-11:record:35:1,urn:osse-11:dataelement:156:1,X_233_35_156,False,False,6,record_resolved
233_5_Treatment,233,5,Treatment,record,urn:osse-11:record:35:1,urn:osse-11:dataelement:157:1,X_233_35_157,False,False,6,record_resolved
233_5_Treatment,233,5,Treatment,record,urn:osse-11:record:36:1,urn:osse-11:dataelement:160:1,X_233_36_160,False,False,10,record_resolved
233_5_Treatment,233,5,Treatment,record,urn:osse-11:record:36:1,urn:osse-11:dataelement:161:1,X_233_36_161,False,False,10,record_resolved
233_5_Treatment,233,5,Treatment,record,urn:osse-11:record:55:1,urn:osse-11:dataelement:163:1,X_233_55_163,False,False,13,record_resolved
233_5_Treatment,233,5,Treatment,record,urn:osse-11:record:55:1,urn:osse-11:dataelement:164:1,X_233_55_164,False,False,13,record_resolved
233_5_Treatment,233,5,Treatment,record,urn:osse-11:record:55:1,urn:osse-11:dataelement:291:1,X_233_55_291,False,False,13,record_resolved
233_5_Treatment,233,5,Treatment,record,urn:osse-11:record:38:1,urn:osse-11:dataelement:165:1,X_233_38_165,False,False,16,record_resolved
233_5_Treatment,233,5,Treatment,record,urn:osse-11:record:38:1,urn:osse-11:dataelement:166:1,X_233_38_166,False,False,16,record_resolved
233_5_Treatment,233,5,Treatment,record,urn:osse-11:record:39:1,urn:osse-11:dataelement:167:1,X_233_39_167,False,False,19,record_resolved
233_5_Treatment,233,5,Treatment,record,urn:osse-11:record:39:1,urn:osse-11:dataelement:168:1,X_233_39_168,False,False,19,record_resolved
233_5_Treatment,233,5,Treatment,record,urn:osse-11:record:40:1,urn:osse-11:dataelement:175:1,X_233_40_175,False,False,32,record_resolved
233_5_Treatment,233,5,Treatment,record,urn:osse-11:record:40:1,urn:osse-11:dataelement:176:1,X_233_40_176,False,False,32,record_resolved
233_5_Treatment,233,5,Treatment,record,urn:osse-11:record:40:1,urn:osse-11:dataelement:177:1,X_233_40_177,False,False,32,record_resolved
233_5_Treatment,233,5,Treatment,record,urn:osse-11:record:41:1,urn:osse-11:dataelement:178:1,X_233_41_178,False,False,33,record_resolved
233_5_Treatment,233,5,Treatment,record,urn:osse-11:record:41:1,urn:osse-11:dataelement:179:1,X_233_41_179,False,False,33,record_resolved
233_5_Treatment,233,5,Treatment,record,urn:osse-11:record:42:1,urn:osse-11:dataelement:181:1,X_233_42_181,False,False,36,record_resolved
233_5_Treatment,233,5,Treatment,record,urn:osse-11:record:42:1,urn:osse-11:dataelement:182:1,X_233_42_182,False,False,36,record_resolved
233_5_Treatment,233,5,Treatment,record,urn:osse-11:record:43:1,urn:osse-11:dataelement:183:1,X_233_43_183,False,False,37,record_resolved
233_5_Treatment,233,5,Treatment,record,urn:osse-11:record:43:1,urn:osse-11:dataelement:184:1,X_233_43_184,False,False,37,record_resolved
233_5_Treatment,233,5,Treatment,record,urn:osse-11:record:44:1,urn:osse-11:dataelement:186:1,X_233_44_186,False,False,39,record_resolved
233_5_Treatment,233,5,Treatment,record,urn:osse-11:record:44:1,urn:osse-11:dataelement:187:1,X_233_44_187,False,False,39,record_resolved
233_5_Treatment,233,5,Treatment,record,urn:osse-11:record:45:1,urn:osse-11:dataelement:189:1,X_233_45_189,False,False,41,record_resolved
233_5_Treatment,233,5,Treatment,record,urn:osse-11:record:45:1,urn:osse-11:dataelement:190:1,X_233_45_190,False,False,41,record_resolved
233_6_Treatment,233,6,Treatment,record,urn:osse-11:record:31:1,urn:osse-11:dataelement:138:1,X_233_31_138,False,False,2,record_resolved
233_6_Treatment,233,6,Treatment,record,urn:osse-11:record:31:1,urn:osse-11:dataelement:139:1,X_233_31_139,False,False,2,record_resolved
233_6_Treatment,233,6,Treatment,record,urn:osse-11:record:31:1,urn:osse-11:dataelement:140:1,X_233_31_140,False,False,2,record_resolved
233_6_Treatment,233,6,Treatment,record,urn:osse-11:record:32:1,urn:osse-11:dataelement:141:1,X_233_32_141,False,False,3,record_resolved
233_6_Treatment,233,6,Treatment,record,urn:osse-11:record:32:1,urn:osse-11:dataelement:142:1,X_233_32_142,False,False,3,record_resolved
233_6_Treatment,233,6,Treatment,record,urn:osse-11:record:32:1,urn:osse-11:dataelement:143:1,X_233_32_143,False,False,3,record_resolved
233_6_Treatment,233,6,Treatment,record,urn:osse-11:record:32:1,urn:osse-11:dataelement:144:1,X_233_32_144,False,False,3,record_resolved
233_6_Treatment,233,6,Treatment,record,urn:osse-11:record:32:1,urn:osse-11:dataelement:145:1,X_233_32_145,False,False,3,record_resolved
233_6_Treatment,233,6,Treatment,record,urn:osse-11:record:33:1,urn:osse-11:dataelement:146:1,X_233_33_146,False,False,4,record_resolved
233_6_Treatment,233,6,Treatment,record,urn:osse-11:record:33:1,urn:osse-11:dataelement:147:1,X_233_33_147,False,False,4,record_resolved
233_6_Treatment,233,6,Treatment,record,urn:osse-11:record:33:1,urn:osse-11:dataelement:148:1,X_233_33_148,False,False,4,record_resolved
233_6_Treatment,233,6,Treatment,record,urn:osse-11:record:33:1,urn:osse-11:dataelement:149:1,X_233_33_149,False,False,4,record_resolved
233_6_Treatment,233,6,Treatment,record,urn:osse-11:record:34:1,urn:osse-11:dataelement:150:1,X_233_34_150,False,False,5,record_resolved
233_6_Treatment,233,6,Treatment,record,urn:osse-11:record:34:1,urn:osse-11:dataelement:151:1,X_233_34_151,False,False,5,record_resolved
233_6_Treatment,233,6,Treatment,record,urn:osse-11:record:34:1,urn:osse-11:dataelement:152:1,X_233_34_152,False,False,5,record_resolved
233_6_Treatment,233,6,Treatment,record,urn:osse-11:record:34:1,urn:osse-11:dataelement:153:1,X_233_34_153,False,False,5,record_resolved
233_6_Treatment,233,6,Treatment,record,urn:osse-11:record:35:1,urn:osse-11:dataelement:154:1,X_233_35_154,False,False,6,record_resolved
233_6_Treatment,233,6,Treatment,record,urn:osse-11:record:35:1,urn:osse-11:dataelement:155:1,X_233_35_155,False,False,6,record_resolved
233_6_Treatment,233,6,Treatment,record,urn:osse-11:record:35:1,urn:osse-11:dataelement:156:1,X_233_35_156,False,False,6,record_resolved
233_6_Treatment,233,6,Treatment,record,urn:osse-11:record:35:1,urn:osse-11:dataelement:157:1,X_233_35_157,False,False,6,record_resolved
233_6_Treatment,233,6,Treatment,record,urn:osse-11:record:36:1,urn:osse-11:dataelement:160:1,X_233_36_160,False,False,10,record_resolved
233_6_Treatment,233,6,Treatment,record,urn:osse-11:record:36:1,urn:osse-11:dataelement:161:1,X_233_36_161,False,False,10,record_resolved
233_6_Treatment,233,6,Treatment,record,urn:osse-11:record:55:1,urn:osse-11:dataelement:163:1,X_233_55_163,False,False,13,record_resolved
233_6_Treatment,233,6,Treatment,record,urn:osse-11:record:55:1,urn:osse-11:dataelement:164:1,X_233_55_164,False,False,13,record_resolved
233_6_Treatment,233,6,Treatment,record,urn:osse-11:record:55:1,urn:osse-11:dataelement:291:1,X_233_55_291,False,False,13,record_resolved
233_6_Treatment,233,6,Treatment,record,urn:osse-11:record:38:1,urn:osse-11:dataelement:165:1,X_233_38_165,False,False,16,record_resolved
233_6_Treatment,233,6,Treatment,record,urn:osse-11:record:38:1,urn:osse-11:dataelement:166:1,X_233_38_166,False,False,16,record_resolved
233_6_Treatment,233,6,Treatment,record,urn:osse-11:record:39:1,urn:osse-11:dataelement:167:1,X_233_39_167,False,False,19,record_resolved
233_6_Treatment,233,6,Treatment,record,urn:osse-11:record:39:1,urn:osse-11:dataelement:168:1,X_233_39_168,False,False,19,record_resolved
233_6_Treatment,233,6,Treatment,record,urn:osse-11:record:40:1,urn:osse-11:dataelement:175:1,X_233_40_175,False,False,32,record_resolved
233_6_Treatment,233,6,Treatment,record,urn:osse-11:record:40:1,urn:osse-11:dataelement:176:1,X_233_40_176,False,False,32,record_resolved
233_6_Treatment,233,6,Treatment,record,urn:osse-11:record:40:1,urn:osse-11:dataelement:177:1,X_233_40_177,False,False,32,record_resolved
233_6_Treatment,233,6,Treatment,record,urn:osse-11:record:41:1,urn:osse-11:dataelement:178:1,X_233_41_178,False,False,33,record_resolved
233_6_Treatment,233,6,Treatment,record,urn:osse-11:record:41:1,urn:osse-11:dataelement:179:1,X_233_41_179,False,False,33,record_resolved
233_6_Treatment,233,6,Treatment,record,urn:osse-11:record:42:1,urn:osse-11:dataelement:181:1,X_233_42_181,False,False,36,record_resolved
233_6_Treatment,233,6,Treatment,record,urn:osse-11:record:42:1,urn:osse-11:dataelement:182:1,X_233_42_182,False,False,36,record_resolved
233_6_Treatment,233,6,Treatment,record,urn:osse-11:record:43:1,urn:osse-11:dataelement:183:1,X_233_43_183,False,False,37,record_resolved
233_6_Treatment,233,6,Treatment,record,urn:osse-11:record:43:1,urn:osse-11:dataelement:184:1,X_233_43_184,False,False,37,record_resolved
233_6_Treatment,233,6,Treatment,record,urn:osse-11:record:44:1,urn:osse-11:dataelement:186:1,X_233_44_186,False,False,39,record_resolved
233_6_Treatment,233,6,Treatment,record,urn:osse-11:record:44:1,urn:osse-11:dataelement:187:1,X_233_44_187,False,False,39,record_resolved
233_6_Treatment,233,6,Treatment,record,urn:osse-11:record:45:1,urn:osse-11:dataelement:189:1,X_233_45_189,False,False,41,record_resolved
233_6_Treatment,233,6,Treatment,record,urn:osse-11:record:45:1,urn:osse-11:dataelement:190:1,X_233_45_190,False,False,41,record_resolved
233_7_Treatment,233,7,Treatment,record,urn:osse-11:record:31:1,urn:osse-11:dataelement:138:1,X_233_31_138,False,False,2,record_resolved
233_7_Treatment,233,7,Treatment,record,urn:osse-11:record:31:1,urn:osse-11:dataelement:139:1,X_233_31_139,False,False,2,record_resolved
233_7_Treatment,233,7,Treatment,record,urn:osse-11:record:31:1,urn:osse-11:dataelement:140:1,X_233_31_140,False,False,2,record_resolved
233_7_Treatment,233,7,Treatment,record,urn:osse-11:record:32:1,urn:osse-11:dataelement:141:1,X_233_32_141,False,False,3,record_resolved
233_7_Treatment,233,7,Treatment,record,urn:osse-11:record:32:1,urn:osse-11:dataelement:142:1,X_233_32_142,False,False,3,record_resolved
233_7_Treatment,233,7,Treatment,record,urn:osse-11:record:32:1,urn:osse-11:dataelement:143:1,X_233_32_143,False,False,3,record_resolved
233_7_Treatment,233,7,Treatment,record,urn:osse-11:record:32:1,urn:osse-11:dataelement:144:1,X_233_32_144,False,False,3,record_resolved
233_7_Treatment,233,7,Treatment,record,urn:osse-11:record:32:1,urn:osse-11:dataelement:145:1,X_233_32_145,False,False,3,record_resolved
233_7_Treatment,233,7,Treatment,record,urn:osse-11:record:33:1,urn:osse-11:dataelement:146:1,X_233_33_146,False,False,4,record_resolved
233_7_Treatment,233,7,Treatment,record,urn:osse-11:record:33:1,urn:osse-11:dataelement:147:1,X_233_33_147,False,False,4,record_resolved
233_7_Treatment,233,7,Treatment,record,urn:osse-11:record:33:1,urn:osse-11:dataelement:148:1,X_233_33_148,False,False,4,record_resolved
233_7_Treatment,233,7,Treatment,record,urn:osse-11:record:33:1,urn:osse-11:dataelement:149:1,X_233_33_149,False,False,4,record_resolved
233_7_Treatment,233,7,Treatment,record,urn:osse-11:record:34:1,urn:osse-11:dataelement:150:1,X_233_34_150,False,False,5,record_resolved
233_7_Treatment,233,7,Treatment,record,urn:osse-11:record:34:1,urn:osse-11:dataelement:151:1,X_233_34_151,False,False,5,record_resolved
233_7_Treatment,233,7,Treatment,record,urn:osse-11:record:34:1,urn:osse-11:dataelement:152:1,X_233_34_152,False,False,5,record_resolved
233_7_Treatment,233,7,Treatment,record,urn:osse-11:record:34:1,urn:osse-11:dataelement:153:1,X_233_34_153,False,False,5,record_resolved
233_7_Treatment,233,7,Treatment,record,urn:osse-11:record:35:1,urn:osse-11:dataelement:154:1,X_233_35_154,False,False,6,record_resolved
233_7_Treatment,233,7,Treatment,record,urn:osse-11:record:35:1,urn:osse-11:dataelement:155:1,X_233_35_155,False,False,6,record_resolved
233_7_Treatment,233,7,Treatment,record,urn:osse-11:record:35:1,urn:osse-11:dataelement:156:1,X_233_35_156,False,False,6,record_resolved
233_7_Treatment,233,7,Treatment,record,urn:osse-11:record:35:1,urn:osse-11:dataelement:157:1,X_233_35_157,False,False,6,record_resolved
233_7_Treatment,233,7,Treatment,record,urn:osse-11:record:36:1,urn:osse-11:dataelement:160:1,X_233_36_160,False,False,10,record_resolved
233_7_Treatment,233,7,Treatment,record,urn:osse-11:record:36:1,urn:osse-11:dataelement:161:1,X_233_36_161,False,False,10,record_resolved
233_7_Treatment,233,7,Treatment,record,urn:osse-11:record:55:1,urn:osse-11:dataelement:163:1,X_233_55_163,False,False,14,record_resolved
233_7_Treatment,233,7,Treatment,record,urn:osse-11:record:55:1,urn:osse-11:dataelement:164:1,X_233_55_164,False,False,14,record_resolved
233_7_Treatment,233,7,Treatment,record,urn:osse-11:record:55:1,urn:osse-11:dataelement:291:1,X_233_55_291,False,False,14,record_resolved
233_7_Treatment,233,7,Treatment,record,urn:osse-11:record:38:1,urn:osse-11:dataelement:165:1,X_233_38_165,False,False,17,record_resolved
233_7_Treatment,233,7,Treatment,record,urn:osse-11:record:38:1,urn:osse-11:dataelement:166:1,X_233_38_166,False,False,17,record_resolved
233_7_Treatment,233,7,Treatment,record,urn:osse-11:record:39:1,urn:osse-11:dataelement:167:1,X_233_39_167,False,False,20,record_resolved
233_7_Treatment,233,7,Treatment,record,urn:osse-11:record:39:1,urn:osse-11:dataelement:168:1,X_233_39_168,False,False,20,record_resolved
233_7_Treatment,233,7,Treatment,record,urn:osse-11:record:40:1,urn:osse-11:dataelement:175:1,X_233_40_175,False,False,33,record_resolved
233_7_Treatment,233,7,Treatment,record,urn:osse-11:record:40:1,urn:osse-11:dataelement:176:1,X_233_40_176,False,False,33,record_resolved
233_7_Treatment,233,7,Treatment,record,urn:osse-11:record:40:1,urn:osse-11:dataelement:177:1,X_233_40_177,False,False,33,record_resolved
233_7_Treatment,233,7,Treatment,record,urn:osse-11:record:41:1,urn:osse-11:dataelement:178:1,X_233_41_178,False,False,34,record_resolved
233_7_Treatment,233,7,Treatment,record,urn:osse-11:record:41:1,urn:osse-11:dataelement:179:1,X_233_41_179,False,False,34,record_resolved
233_7_Treatment,233,7,Treatment,record,urn:osse-11:record:42:1,urn:osse-11:dataelement:181:1,X_233_42_181,False,False,37,record_resolved
233_7_Treatment,233,7,Treatment,record,urn:osse-11:record:42:1,urn:osse-11:dataelement:182:1,X_233_42_182,False,False,37,record_resolved
233_7_Treatment,233,7,Treatment,record,urn:osse-11:record:43:1,urn:osse-11:dataelement:183:1,X_233_43_183,False,False,38,record_resolved
233_7_Treatment,233,7,Treatment,record,urn:osse-11:record:43:1,urn:osse-11:dataelement:184:1,X_233_43_184,False,False,38,record_resolved
233_7_Treatment,233,7,Treatment,record,urn:osse-11:record:44:1,urn:osse-11:dataelement:186:1,X_233_44_186,False,False,40,record_resolved
233_7_Treatment,233,7,Treatment,record,urn:osse-11:record:44:1,urn:osse-11:dataelement:187:1,X_233_44_187,False,False,40,record_resolved
233_7_Treatment,233,7,Treatment,record,urn:osse-11:record:45:1,urn:osse-11:dataelement:189:1,X_233_45_189,False,False,42,record_resolved
233_7_Treatment,233,7,Treatment,record,urn:osse-11:record:45:1,urn:osse-11:dataelement:190:1,X_233_45_190,False,False,42,record_resolved
233_8_Treatment,233,8,Treatment,record,urn:osse-11:record:31:1,urn:osse-11:dataelement:138:1,X_233_31_138,False,False,2,record_resolved
233_8_Treatment,233,8,Treatment,record,urn:osse-11:record:31:1,urn:osse-11:dataelement:139:1,X_233_31_139,False,False,2,record_resolved
233_8_Treatment,233,8,Treatment,record,urn:osse-11:record:31:1,urn:osse-11:dataelement:140:1,X_233_31_140,False,False,2,record_resolved
233_8_Treatment,233,8,Treatment,record,urn:osse-11:record:32:1,urn:osse-11:dataelement:141:1,X_233_32_141,False,False,3,record_resolved
233_8_Treatment,233,8,Treatment,record,urn:osse-11:record:32:1,urn:osse-11:dataelement:142:1,X_233_32_142,False,False,3,record_resolved
233_8_Treatment,233,8,Treatment,record,urn:osse-11:record:32:1,urn:osse-11:dataelement:143:1,X_233_32_143,False,False,3,record_resolved
233_8_Treatment,233,8,Treatment,record,urn:osse-11:record:32:1,urn:osse-11:dataelement:144:1,X_233_32_144,False,False,3,record_resolved
233_8_Treatment,233,8,Treatment,record,urn:osse-11:record:32:1,urn:osse-11:dataelement:145:1,X_233_32_145,False,False,3,record_resolved
233_8_Treatment,233,8,Treatment,record,urn:osse-11:record:33:1,urn:osse-11:dataelement:146:1,X_233_33_146,False,False,4,record_resolved
233_8_Treatment,233,8,Treatment,record,urn:osse-11:record:33:1,urn:osse-11:dataelement:147:1,X_233_33_147,False,False,4,record_resolved
233_8_Treatment,233,8,Treatment,record,urn:osse-11:record:33:1,urn:osse-11:dataelement:148:1,X_233_33_148,False,False,4,record_resolved
233_8_Treatment,233,8,Treatment,record,urn:osse-11:record:33:1,urn:osse-11:dataelement:149:1,X_233_33_149,False,False,4,record_resolved
233_8_Treatment,233,8,Treatment,record,urn:osse-11:record:34:1,urn:osse-11:dataelement:150:1,X_233_34_150,False,False,5,record_resolved
233_8_Treatment,233,8,Treatment,record,urn:osse-11:record:34:1,urn:osse-11:dataelement:151:1,X_233_34_151,False,False,5,record_resolved
233_8_Treatment,233,8,Treatment,record,urn:osse-11:record:34:1,urn:osse-11:dataelement:152:1,X_233_34_152,False,False,5,record_resolved
233_8_Treatment,233,8,Treatment,record,urn:osse-11:record:34:1,urn:osse-11:dataelement:153:1,X_233_34_153,False,False,5,record_resolved
233_8_Treatment,233,8,Treatment,record,urn:osse-11:record:35:1,urn:osse-11:dataelement:154:1,X_233_35_154,False,False,6,record_resolved
233_8_Treatment,233,8,Treatment,record,urn:osse-11:record:35:1,urn:osse-11:dataelement:155:1,X_233_35_155,False,False,6,record_resolved
233_8_Treatment,233,8,Treatment,record,urn:osse-11:record:35:1,urn:osse-11:dataelement:156:1,X_233_35_156,False,False,6,record_resolved
233_8_Treatment,233,8,Treatment,record,urn:osse-11:record:35:1,urn:osse-11:dataelement:157:1,X_233_35_157,False,False,6,record_resolved
233_8_Treatment,233,8,Treatment,record,urn:osse-11:record:36:1,urn:osse-11:dataelement:160:1,X_233_36_160,False,False,10,record_resolved
233_8_Treatment,233,8,Treatment,record,urn:osse-11:record:36:1,urn:osse-11:dataelement:161:1,X_233_36_161,False,False,10,record_resolved
233_8_Treatment,233,8,Treatment,record,urn:osse-11:record:55:1,urn:osse-11:dataelement:163:1,X_233_55_163,False,False,14,record_resolved
233_8_Treatment,233,8,Treatment,record,urn:osse-11:record:55:1,urn:osse-11:dataelement:164:1,X_233_55_164,False,False,14,record_resolved
233_8_Treatment,233,8,Treatment,record,urn:osse-11:record:55:1,urn:osse-11:dataelement:291:1,X_233_55_291,False,False,14,record_resolved
233_8_Treatment,233,8,Treatment,record,urn:osse-11:record:38:1,urn:osse-11:dataelement:165:1,X_233_38_165,False,False,17,record_resolved
233_8_Treatment,233,8,Treatment,record,urn:osse-11:record:38:1,urn:osse-11:dataelement:166:1,X_233_38_166,False,False,17,record_resolved
233_8_Treatment,233,8,Treatment,record,urn:osse-11:record:39:1,urn:osse-11:dataelement:167:1,X_233_39_167,False,False,20,record_resolved
233_8_Treatment,233,8,Treatment,record,urn:osse-11:record:39:1,urn:osse-11:dataelement:168:1,X_233_39_168,False,False,20,record_resolved
233_8_Treatment,233,8,Treatment,record,urn:osse-11:record:40:1,urn:osse-11:dataelement:175:1,X_233_40_175,False,False,33,record_resolved
233_8_Treatment,233,8,Treatment,record,urn:osse-11:record:40:1,urn:osse-11:dataelement:176:1,X_233_40_176,False,False,33,record_resolved
233_8_Treatment,233,8,Treatment,record,urn:osse-11:record:40:1,urn:osse-11:dataelement:177:1,X_233_40_177,False,False,33,record_resolved
233_8_Treatment,233,8,Treatment,record,urn:osse-11:record:41:1,urn:osse-11:dataelement:178:1,X_233_41_178,False,False,34,record_resolved
233_8_Treatment,233,8,Treatment,record,urn:osse-11:record:41:1,urn:osse-11:dataelement:179:1,X_233_41_179,False,False,34,record_resolved
233_8_Treatment,233,8,Treatment,record,urn:osse-11:record:42:1,urn:osse-11:dataelement:181:1,X_233_42_181,False,False,37,record_resolved
233_8_Treatment,233,8,Treatment,record,urn:osse-11:record:42:1,urn:osse-11:dataelement:182:1,X_233_42_182,False,False,37,record_resolved
233_8_Treatment,233,8,Treatment,record,urn:osse-11:record:43:1,urn:osse-11:dataelement:183:1,X_233_43_183,False,False,38,record_resolved
233_8_Treatment,233,8,Treatment,record,urn:osse-11:record:43:1,urn:osse-11:dataelement:184:1,X_233_43_184,False,False,38,record_resolved
233_8_Treatment,233,8,Treatment,record,urn:osse-11:record:44:1,urn:osse-11:dataelement:186:1,X_233_44_186,False,False,40,record_resolved
233_8_Treatment,233,8,Treatment,record,urn:osse-11:record:44:1,urn:osse-11:dataelement:187:1,X_233_44_187,False,False,40,record_resolved
233_8_Treatment,233,8,Treatment,record,urn:osse-11:record:45:1,urn:osse-11:dataelement:189:1,X_233_45_189,False,False,42,record_resolved
233_8_Treatment,233,8,Treatment,record,urn:osse-11:record:45:1,urn:osse-11:dataelement:190:1,X_233_45_190,False,False,42,record_resolved
233_9_Treatment,233,9,Treatment,record,urn:osse-11:record:31:1,urn:osse-11:dataelement:138:1,X_233_31_138,False,False,2,record_resolved
233_9_Treatment,233,9,Treatment,record,urn:osse-11:record:31:1,urn:osse-11:dataelement:139:1,X_233_31_139,False,False,2,record_resolved
233_9_Treatment,233,9,Treatment,record,urn:osse-11:record:31:1,urn:osse-11:dataelement:140:1,X_233_31_140,False,False,2,record_resolved
233_9_Treatment,233,9,Treatment,record,urn:osse-11:record:32:1,urn:osse-11:dataelement:141:1,X_233_32_141,False,False,3,record_resolved
233_9_Treatment,233,9,Treatment,record,urn:osse-11:record:32:1,urn:osse-11:dataelement:142:1,X_233_32_142,False,False,3,record_resolved
233_9_Treatment,233,9,Treatment,record,urn:osse-11:record:32:1,urn:osse-11:dataelement:143:1,X_233_32_143,False,False,3,record_resolved
233_9_Treatment,233,9,Treatment,record,urn:osse-11:record:32:1,urn:osse-11:dataelement:144:1,X_233_32_144,False,False,3,record_resolved
233_9_Treatment,233,9,Treatment,record,urn:osse-11:record:32:1,urn:osse-11:dataelement:145:1,X_233_32_145,False,False,3,record_resolved
233_9_Treatment,233,9,Treatment,record,urn:osse-11:record:33:1,urn:osse-11:dataelement:146:1,X_233_33_146,False,False,5,record_resolved
233_9_Treatment,233,9,Treatment,record,urn:osse-11:record:33:1,urn:osse-11:dataelement:147:1,X_233_33_147,False,False,5,record_resolved
233_9_Treatment,233,9,Treatment,record,urn:osse-11:record:33:1,urn:osse-11:dataelement:148:1,X_233_33_148,False,False,5,record_resolved
233_9_Treatment,233,9,Treatment,record,urn:osse-11:record:33:1,urn:osse-11:dataelement:149:1,X_233_33_149,False,False,5,record_resolved
233_9_Treatment,233,9,Treatment,record,urn:osse-11:record:34:1,urn:osse-11:dataelement:150:1,X_233_34_150,False,False,6,record_resolved
233_9_Treatment,233,9,Treatment,record,urn:osse-11:record:34:1,urn:osse-11:dataelement:151:1,X_233_34_151,False,False,6,record_resolved
233_9_Treatment,233,9,Treatment,record,urn:osse-11:record:34:1,urn:osse-11:dataelement:152:1,X_233_34_152,False,False,6,record_resolved
233_9_Treatment,233,9,Treatment,record,urn:osse-11:record:34:1,urn:osse-11:dataelement:153:1,X_233_34_153,False,False,6,record_resolved
233_9_Treatment,233,9,Treatment,record,urn:osse-11:record:35:1,urn:osse-11:dataelement:154:1,X_233_35_154,False,False,7,record_resolved
233_9_Treatment,233,9,Treatment,record,urn:osse-11:record:35:1,urn:osse-11:dataelement:155:1,X_233_35_155,False,False,7,record_resolved
233_9_Treatment,233,9,Treatment,record,urn:osse-11:record:35:1,urn:osse-11:dataelement:156:1,X_233_35_156,False,False,7,record_resolved
233_9_Treatment,233,9,Treatment,record,urn:osse-11:record:35:1,urn:osse-11:dataelement:157:1,X_233_35_157,False,False,7,record_resolved
233_9_Treatment,233,9,Treatment,record,urn:osse-11:record:36:1,urn:osse-11:dataelement:160:1,X_233_36_160,False,False,11,record_resolved
233_9_Treatment,233,9,Treatment,record,urn:osse-11:record:36:1,urn:osse-11:dataelement:161:1,X_233_36_161,False,False,11,record_resolved
233_9_Treatment,233,9,Treatment,record,urn:osse-11:record:55:1,urn:osse-11:dataelement:163:1,X_233_55_163,False,False,15,record_resolved
233_9_Treatment,233,9,Treatment,record,urn:osse-11:record:55:1,urn:osse-11:dataelement:164:1,X_233_55_164,False,False,15,record_resolved
233_9_Treatment,233,9,Treatment,record,urn:osse-11:record:55:1,urn:osse-11:dataelement:291:1,X_233_55_291,False,False,15,record_resolved
233_9_Treatment,233,9,Treatment,record,urn:osse-11:record:38:1,urn:osse-11:dataelement:165:1,X_233_38_165,False,False,18,record_resolved
233_9_Treatment,233,9,Treatment,record,urn:osse-11:record:38:1,urn:osse-11:dataelement:166:1,X_233_38_166,False,False,18,record_resolved
233_9_Treatment,233,9,Treatment,record,urn:osse-11:record:39:1,urn:osse-11:dataelement:167:1,X_233_39_167,False,False,21,record_resolved
233_9_Treatment,233,9,Treatment,record,urn:osse-11:record:39:1,urn:osse-11:dataelement:168:1,X_233_39_168,False,False,21,record_resolved
233_9_Treatment,233,9,Treatment,record,urn:osse-11:record:40:1,urn:osse-11:dataelement:175:1,X_233_40_175,False,False,34,record_resolved
233_9_Treatment,233,9,Treatment,record,urn:osse-11:record:40:1,urn:osse-11:dataelement:176:1,X_233_40_176,False,False,34,record_resolved
233_9_Treatment,233,9,Treatment,record,urn:osse-11:record:40:1,urn:osse-11:dataelement:177:1,X_233_40_177,False,False,34,record_resolved
233_9_Treatment,233,9,Treatment,record,urn:osse-11:record:41:1,urn:osse-11:dataelement:178:1,X_233_41_178,False,False,35,record_resolved
233_9_Treatment,233,9,Treatment,record,urn:osse-11:record:41:1,urn:osse-11:dataelement:179:1,X_233_41_179,False,False,35,record_resolved
233_9_Treatment,233,9,Treatment,record,urn:osse-11:record:42:1,urn:osse-11:dataelement:181:1,X_233_42_181,False,False,38,record_resolved
233_9_Treatment,233,9,Treatment,record,urn:osse-11:record:42:1,urn:osse-11:dataelement:182:1,X_233_42_182,False,False,38,record_resolved
233_9_Treatment,233,9,Treatment,record,urn:osse-11:record:43:1,urn:osse-11:dataelement:183:1,X_233_43_183,False,False,39,record_resolved
233_9_Treatment,233,9,Treatment,record,urn:osse-11:record:43:1,urn:osse-11:dataelement:184:1,X_233_43_184,False,False,39,record_resolved
233_9_Treatment,233,9,Treatment,record,urn:osse-11:record:44:1,urn:osse-11:dataelement:186:1,X_233_44_186,False,False,41,record_resolved
233_9_Treatment,233,9,Treatment,record,urn:osse-11:record:44:1,urn:osse-11:dataelement:187:1,X_233_44_187,False,False,41,record_resolved
233_9_Treatment,233,9,Treatment,record,urn:osse-11:record:45:1,urn:osse-11:dataelement:189:1,X_233_45_189,False,False,43,record_resolved
233_9_Treatment,233,9,Treatment,record,urn:osse-11:record:45:1,urn:osse-11:dataelement:190:1,X_233_45_190,False,False,43,record_resolved
226_7_Previous clinical course,226,7,Previous clinical course,record,urn:osse-11:record:25:1,urn:osse-11:dataelement:114:1,X_226_25_114,False,False,7,record_resolved
226_7_Previous clinical course,226,7,Previous clinical course,record,urn:osse-11:record:25:1,urn:osse-11:dataelement:116:1,X_226_25_116,False,False,7,record_resolved
226_7_Previous clinical course,226,7,Previous clinical course,record,urn:osse-11:record:25:1,urn:osse-11:dataelement:117:1,X_226_25_117,False,False,7,record_resolved
226_7_Previous clinical course,226,7,Previous clinical course,record,urn:osse-11:record:26:1,urn:osse-11:dataelement:115:1,X_226_26_115,False,False,8,record_resolved
226_7_Previous clinical course,226,7,Previous clinical course,record,urn:osse-11:record:26:1,urn:osse-11:dataelement:118:1,X_226_26_118,False,False,8,record_resolved
226_7_Previous clinical course,226,7,Previous clinical course,record,urn:osse-11:record:26:1,urn:osse-11:dataelement:119:1,X_226_26_119,False,False,8,record_resolved
226_7_Previous clinical course,226,7,Previous clinical course,record,urn:osse-11:record:26:1,urn:osse-11:dataelement:120:1,X_226_26_120,False,False,8,record_resolved
226_7_Previous clinical course,226,7,Previous clinical course,record,urn:osse-11:record:26:1,urn:osse-11:dataelement:121:1,X_226_26_121,False,False,8,record_resolved
226_7_Previous clinical course,226,7,Previous clinical course,record,urn:osse-11:record:27:1,urn:osse-11:dataelement:122:1,X_226_27_122,False,False,9,record_resolved
226_7_Previous clinical course,226,7,Previous clinical course,record,urn:osse-11:record:27:1,urn:osse-11:dataelement:118:1,X_226_27_118,False,False,9,record_resolved
226_7_Previous clinical course,226,7,Previous clinical course,record,urn:osse-11:record:27:1,urn:osse-11:dataelement:123:1,X_226_27_123,False,False,9,record_resolved
226_7_Previous clinical course,226,7,Previous clinical course,record,urn:osse-11:record:28:1,urn:osse-11:dataelement:124:1,X_226_28_124,False,False,11,record_resolved
226_7_Previous clinical course,226,7,Previous clinical course,record,urn:osse-11:record:28:1,urn:osse-11:dataelement:118:1,X_226_28_118,False,False,11,record_resolved
226_7_Previous clinical course,226,7,Previous clinical course,record,urn:osse-11:record:28:1,urn:osse-11:dataelement:125:1,X_226_28_125,False,False,11,record_resolved
226_7_Previous clinical course,226,7,Previous clinical course,record,urn:osse-11:record:29:1,urn:osse-11:dataelement:126:1,X_226_29_126,False,False,13,record_resolved
226_7_Previous clinical course,226,7,Previous clinical course,record,urn:osse-11:record:29:1,urn:osse-11:dataelement:118:1,X_226_29_118,False,False,13,record_resolved
226_7_Previous clinical course,226,7,Previous clinical course,record,urn:osse-11:record:29:1,urn:osse-11:dataelement:127:1,X_226_29_127,False,False,13,record_resolved
226_7_Previous clinical course,226,7,Previous clinical course,record,urn:osse-11:record:29:1,urn:osse-11:dataelement:128:1,X_226_29_128,False,False,13,record_resolved
226_7_Previous clinical course,226,7,Previous clinical course,record,urn:osse-11:record:29:1,urn:osse-11:dataelement:129:1,X_226_29_129,False,False,13,record_resolved
226_7_Previous clinical course,226,7,Previous clinical course,record,urn:osse-11:record:30:1,urn:osse-11:dataelement:133:1,X_226_30_133,False,False,18,record_resolved
226_7_Previous clinical course,226,7,Previous clinical course,record,urn:osse-11:record:30:1,urn:osse-11:dataelement:134:1,X_226_30_134,False,False,18,record_resolved
226_7_Previous clinical course,226,7,Previous clinical course,record,urn:osse-11:record:30:1,urn:osse-11:dataelement:135:1,X_226_30_135,False,False,18,record_resolved
226_7_Previous clinical course,226,7,Previous clinical course,record,urn:osse-11:record:30:1,urn:osse-11:dataelement:136:1,X_226_30_136,False,False,18,record_resolved
226_8_Previous clinical course,226,8,Previous clinical course,record,urn:osse-11:record:25:1,urn:osse-11:dataelement:114:1,X_226_25_114,False,False,7,record_resolved
226_8_Previous clinical course,226,8,Previous clinical course,record,urn:osse-11:record:25:1,urn:osse-11:dataelement:116:1,X_226_25_116,False,False,7,record_resolved
226_8_Previous clinical course,226,8,Previous clinical course,record,urn:osse-11:record:25:1,urn:osse-11:dataelement:117:1,X_226_25_117,False,False,7,record_resolved
226_8_Previous clinical course,226,8,Previous clinical course,record,urn:osse-11:record:26:1,urn:osse-11:dataelement:115:1,X_226_26_115,False,False,8,record_resolved
226_8_Previous clinical course,226,8,Previous clinical course,record,urn:osse-11:record:26:1,urn:osse-11:dataelement:118:1,X_226_26_118,False,False,8,record_resolved
226_8_Previous clinical course,226,8,Previous clinical course,record,urn:osse-11:record:26:1,urn:osse-11:dataelement:119:1,X_226_26_119,False,False,8,record_resolved
226_8_Previous clinical course,226,8,Previous clinical course,record,urn:osse-11:record:26:1,urn:osse-11:dataelement:120:1,X_226_26_120,False,False,8,record_resolved
226_8_Previous clinical course,226,8,Previous clinical course,record,urn:osse-11:record:26:1,urn:osse-11:dataelement:121:1,X_226_26_121,False,False,8,record_resolved
226_8_Previous clinical course,226,8,Previous clinical course,record,urn:osse-11:record:27:1,urn:osse-11:dataelement:122:1,X_226_27_122,False,False,9,record_resolved
226_8_Previous clinical course,226,8,Previous clinical course,record,urn:osse-11:record:27:1,urn:osse-11:dataelement:118:1,X_226_27_118,False,False,9,record_resolved
226_8_Previous clinical course,226,8,Previous clinical course,record,urn:osse-11:record:27:1,urn:osse-11:dataelement:123:1,X_226_27_123,False,False,9,record_resolved
226_8_Previous clinical course,226,8,Previous clinical course,record,urn:osse-11:record:28:1,urn:osse-11:dataelement:124:1,X_226_28_124,False,False,11,record_resolved
226_8_Previous clinical course,226,8,Previous clinical course,record,urn:osse-11:record:28:1,urn:osse-11:dataelement:118:1,X_226_28_118,False,False,11,record_resolved
226_8_Previous clinical course,226,8,Previous clinical course,record,urn:osse-11:record:28:1,urn:osse-11:dataelement:125:1,X_226_28_125,False,False,11,record_resolved
226_8_Previous clinical course,226,8,Previous clinical course,record,urn:osse-11:record:29:1,urn:osse-11:dataelement:126:1,X_226_29_126,False,False,13,record_resolved
226_8_Previous clinical course,226,8,Previous clinical course,record,urn:osse-11:record:29:1,urn:osse-11:dataelement:118:1,X_226_29_118,False,False,13,record_resolved
226_8_Previous clinical course,226,8,Previous clinical course,record,urn:osse-11:record:29:1,urn:osse-11:dataelement:127:1,X_226_29_127,False,False,13,record_resolved
226_8_Previous clinical course,226,8,Previous clinical course,record,urn:osse-11:record:29:1,urn:osse-11:dataelement:128:1,X_226_29_128,False,False,13,record_resolved
226_8_Previous clinical course,226,8,Previous clinical course,record,urn:osse-11:record:29:1,urn:osse-11:dataelement:129:1,X_226_29_129,False,False,13,record_resolved
226_8_Previous clinical course,226,8,Previous clinical course,record,urn:osse-11:record:30:1,urn:osse-11:dataelement:133:1,X_226_30_133,False,False,18,record_resolved
226_8_Previous clinical course,226,8,Previous clinical course,record,urn:osse-11:record:30:1,urn:osse-11:dataelement:134:1,X_226_30_134,False,False,18,record_resolved
226_8_Previous clinical course,226,8,Previous clinical course,record,urn:osse-11:record:30:1,urn:osse-11:dataelement:135:1,X_226_30_135,False,False,18,record_resolved
226_8_Previous clinical course,226,8,Previous clinical course,record,urn:osse-11:record:30:1,urn:osse-11:dataelement:136:1,X_226_30_136,False,False,18,record_resolved
226_9_Previous clinical course,226,9,Previous clinical course,record,urn:osse-11:record:25:1,urn:osse-11:dataelement:114:1,X_226_25_114,False,False,8,record_resolved
226_9_Previous clinical course,226,9,Previous clinical course,record,urn:osse-11:record:25:1,urn:osse-11:dataelement:116:1,X_226_25_116,False,False,8,record_resolved
226_9_Previous clinical course,226,9,Previous clinical course,record,urn:osse-11:record:25:1,urn:osse-11:dataelement:117:1,X_226_25_117,False,False,8,record_resolved
226_9_Previous clinical course,226,9,Previous clinical course,record,urn:osse-11:record:26:1,urn:osse-11:dataelement:115:1,X_226_26_115,False,False,9,record_resolved
226_9_Previous clinical course,226,9,Previous clinical course,record,urn:osse-11:record:26:1,urn:osse-11:dataelement:118:1,X_226_26_118,False,False,9,record_resolved
226_9_Previous clinical course,226,9,Previous clinical course,record,urn:osse-11:record:26:1,urn:osse-11:dataelement:119:1,X_226_26_119,False,False,9,record_resolved
226_9_Previous clinical course,226,9,Previous clinical course,record,urn:osse-11:record:26:1,urn:osse-11:dataelement:120:1,X_226_26_120,False,False,9,record_resolved
226_9_Previous clinical course,226,9,Previous clinical course,record,urn:osse-11:record:26:1,urn:osse-11:dataelement:121:1,X_226_26_121,False,False,9,record_resolved
226_9_Previous clinical course,226,9,Previous clinical course,record,urn:osse-11:record:27:1,urn:osse-11:dataelement:122:1,X_226_27_122,False,False,10,record_resolved
226_9_Previous clinical course,226,9,Previous clinical course,record,urn:osse-11:record:27:1,urn:osse-11:dataelement:118:1,X_226_27_118,False,False,10,record_resolved
226_9_Previous clinical course,226,9,Previous clinical course,record,urn:osse-11:record:27:1,urn:osse-11:dataelement:123:1,X_226_27_123,False,False,10,record_resolved
226_9_Previous clinical course,226,9,Previous clinical course,record,urn:osse-11:record:28:1,urn:osse-11:dataelement:124:1,X_226_28_124,False,False,12,record_resolved
226_9_Previous clinical course,226,9,Previous clinical course,record,urn:osse-11:record:28:1,urn:osse-11:dataelement:118:1,X_226_28_118,False,False,12,record_resolved
226_9_Previous clinical course,226,9,Previous clinical course,record,urn:osse-11:record:28:1,urn:osse-11:dataelement:125:1,X_226_28_125,False,False,12,record_resolved
226_9_Previous clinical course,226,9,Previous clinical course,record,urn:osse-11:record:29:1,urn:osse-11:dataelement:126:1,X_226_29_126,False,False,14,record_resolved
226_9_Previous clinical course,226,9,Previous clinical course,record,urn:osse-11:record:29:1,urn:osse-11:dataelement:118:1,X_226_29_118,False,False,14,record_resolved
226_9_Previous clinical course,226,9,Previous clinical course,record,urn:osse-11:record:29:1,urn:osse-11:dataelement:127:1,X_226_29_127,False,False,14,record_resolved
226_9_Previous clinical course,226,9,Previous clinical course,record,urn:osse-11:record:29:1,urn:osse-11:dataelement:128:1,X_226_29_128,False,False,14,record_resolved
226_9_Previous clinical course,226,9,Previous clinical course,record,urn:osse-11:record:29:1,urn:osse-11:dataelement:129:1,X_226_29_129,False,False,14,record_resolved
226_9_Previous clinical course,226,9,Previous clinical course,record,urn:osse-11:record:30:1,urn:osse-11:dataelement:133:1,X_226_30_133,False,False,19,record_resolved
226_9_Previous clinical course,226,9,Previous clinical course,record,urn:osse-11:record:30:1,urn:osse-11:dataelement:134:1,X_226_30_134,False,False,19,record_resolved
226_9_Previous clinical course,226,9,Previous clinical course,record,urn:osse-11:record:30:1,urn:osse-11:dataelement:135:1,X_226_30_135,False,False,19,record_resolved
226_9_Previous clinical course,226,9,Previous clinical course,record,urn:osse-11:record:30:1,urn:osse-11:dataelement:136:1,X_226_30_136,False,False,19,record_resolved
228_5_Data at visit,228,5,Data at visit,record,urn:osse-11:record:47:1,urn:osse-11:dataelement:197:1,X_228_47_197,False,False,1,record_resolved
228_5_Data at visit,228,5,Data at visit,record,urn:osse-11:record:47:1,urn:osse-11:dataelement:198:1,X_228_47_198,False,False,1,record_resolved
228_5_Data at visit,228,5,Data at visit,record,urn:osse-11:record:47:1,urn:osse-11:dataelement:199:1,X_228_47_199,False,False,1,record_resolved
228_5_Data at visit,228,5,Data at visit,record,urn:osse-11:record:47:1,urn:osse-11:dataelement:200:1,X_228_47_200,False,False,1,record_resolved
228_5_Data at visit,228,5,Data at visit,record,urn:osse-11:record:47:1,urn:osse-11:dataelement:201:1,X_228_47_201,False,False,1,record_resolved
228_5_Data at visit,228,5,Data at visit,record,urn:osse-11:record:47:1,urn:osse-11:dataelement:202:1,X_228_47_202,False,False,1,record_resolved
228_6_Data at visit,228,6,Data at visit,record,urn:osse-11:record:47:1,urn:osse-11:dataelement:197:1,X_228_47_197,False,False,1,record_resolved
228_6_Data at visit,228,6,Data at visit,record,urn:osse-11:record:47:1,urn:osse-11:dataelement:198:1,X_228_47_198,False,False,1,record_resolved
228_6_Data at visit,228,6,Data at visit,record,urn:osse-11:record:47:1,urn:osse-11:dataelement:199:1,X_228_47_199,False,False,1,record_resolved
228_6_Data at visit,228,6,Data at visit,record,urn:osse-11:record:47:1,urn:osse-11:dataelement:200:1,X_228_47_200,False,False,1,record_resolved
228_6_Data at visit,228,6,Data at visit,record,urn:osse-11:record:47:1,urn:osse-11:dataelement:201:1,X_228_47_201,False,False,1,record_resolved
228_6_Data at visit,228,6,Data at visit,record,urn:osse-11:record:47:1,urn:osse-11:dataelement:202:1,X_228_47_202,False,False,1,record_resolved
228_7_Data at visit,228,7,Data at visit,record,urn:osse-11:record:47:1,urn:osse-11:dataelement:197:1,X_228_47_197,False,False,1,record_resolved
228_7_Data at visit,228,7,Data at visit,record,urn:osse-11:record:47:1,urn:osse-11:dataelement:198:1,X_228_47_198,False,False,1,record_resolved
228_7_Data at visit,228,7,Data at visit,record,urn:osse-11:record:47:1,urn:osse-11:dataelement:199:1,X_228_47_199,False,False,1,record_resolved
228_7_Data at visit,228,7,Data at visit,record,urn:osse-11:record:47:1,urn:osse-11:dataelement:200:1,X_228_47_200,False,False,1,record_resolved
228_7_Data at visit,228,7,Data at visit,record,urn:osse-11:record:47:1,urn:osse-11:dataelement:201:1,X_228_47_201,False,False,1,record_resolved
228_7_Data at visit,228,7,Data at visit,record,urn:osse-11:record:47:1,urn:osse-11:dataelement:202:1,X_228_47_202,False,False,1,record_resolved
226_10_Previous clinical course,226,10,Previous clinical course,record,urn:osse-11:record:25:1,urn:osse-11:dataelement:114:1,X_226_25_114,False,False,8,record_resolved
226_10_Previous clinical course,226,10,Previous clinical course,record,urn:osse-11:record:25:1,urn:osse-11:dataelement:116:1,X_226_25_116,False,False,8,record_resolved
226_10_Previous clinical course,226,10,Previous clinical course,record,urn:osse-11:record:25:1,urn:osse-11:dataelement:117:1,X_226_25_117,False,False,8,record_resolved
226_10_Previous clinical course,226,10,Previous clinical course,record,urn:osse-11:record:26:1,urn:osse-11:dataelement:115:1,X_226_26_115,False,False,9,record_resolved
226_10_Previous clinical course,226,10,Previous clinical course,record,urn:osse-11:record:26:1,urn:osse-11:dataelement:118:1,X_226_26_118,False,False,9,record_resolved
226_10_Previous clinical course,226,10,Previous clinical course,record,urn:osse-11:record:26:1,urn:osse-11:dataelement:119:1,X_226_26_119,False,False,9,record_resolved
226_10_Previous clinical course,226,10,Previous clinical course,record,urn:osse-11:record:26:1,urn:osse-11:dataelement:120:1,X_226_26_120,False,False,9,record_resolved
226_10_Previous clinical course,226,10,Previous clinical course,record,urn:osse-11:record:26:1,urn:osse-11:dataelement:121:1,X_226_26_121,False,False,9,record_resolved
226_10_Previous clinical course,226,10,Previous clinical course,record,urn:osse-11:record:27:1,urn:osse-11:dataelement:122:1,X_226_27_122,False,False,10,record_resolved
226_10_Previous clinical course,226,10,Previous clinical course,record,urn:osse-11:record:27:1,urn:osse-11:dataelement:118:1,X_226_27_118,False,False,10,record_resolved
226_10_Previous clinical course,226,10,Previous clinical course,record,urn:osse-11:record:27:1,urn:osse-11:dataelement:123:1,X_226_27_123,False,False,10,record_resolved
226_10_Previous clinical course,226,10,Previous clinical course,record,urn:osse-11:record:28:1,urn:osse-11:dataelement:124:1,X_226_28_124,False,False,12,record_resolved
226_10_Previous clinical course,226,10,Previous clinical course,record,urn:osse-11:record:28:1,urn:osse-11:dataelement:118:1,X_226_28_118,False,False,12,record_resolved
226_10_Previous clinical course,226,10,Previous clinical course,record,urn:osse-11:record:28:1,urn:osse-11:dataelement:125:1,X_226_28_125,False,False,12,record_resolved
226_10_Previous clinical course,226,10,Previous clinical course,record,urn:osse-11:record:29:1,urn:osse-11:dataelement:126:1,X_226_29_126,False,False,14,record_resolved
226_10_Previous clinical course,226,10,Previous clinical course,record,urn:osse-11:record:29:1,urn:osse-11:dataelement:118:1,X_226_29_118,False,False,14,record_resolved
226_10_Previous clinical course,226,10,Previous clinical course,record,urn:osse-11:record:29:1,urn:osse-11:dataelement:127:1,X_226_29_127,False,False,14,record_resolved
226_10_Previous clinical course,226,10,Previous clinical course,record,urn:osse-11:record:29:1,urn:osse-11:dataelement:128:1,X_226_29_128,False,False,14,record_resolved
226_10_Previous clinical course,226,10,Previous clinical course,record,urn:osse-11:record:29:1,urn:osse-11:dataelement:129:1,X_226_29_129,False,False,14,record_resolved
226_10_Previous clinical course,226,10,Previous clinical course,record,urn:osse-11:record:30:1,urn:osse-11:dataelement:133:1,X_226_30_133,False,False,19,record_resolved
226_10_Previous clinical course,226,10,Previous clinical course,record,urn:osse-11:record:30:1,urn:osse-11:dataelement:134:1,X_226_30_134,False,False,19,record_resolved
226_10_Previous clinical course,226,10,Previous clinical course,record,urn:osse-11:record:30:1,urn:osse-11:dataelement:135:1,X_226_30_135,False,False,19,record_resolved
226_10_Previous clinical course,226,10,Previous clinical course,record,urn:osse-11:record:30:1,urn:osse-11:dataelement:136:1,X_226_30_136,False,False,19,record_resolved
226_11_Previous clinical course,226,11,Previous clinical course,record,urn:osse-11:record:25:1,urn:osse-11:dataelement:114:1,X_226_25_114,False,False,8,record_resolved
226_11_Previous clinical course,226,11,Previous clinical course,record,urn:osse-11:record:25:1,urn:osse-11:dataelement:116:1,X_226_25_116,False,False,8,record_resolved
226_11_Previous clinical course,226,11,Previous clinical course,record,urn:osse-11:record:25:1,urn:osse-11:dataelement:117:1,X_226_25_117,False,False,8,record_resolved
226_11_Previous clinical course,226,11,Previous clinical course,record,urn:osse-11:record:26:1,urn:osse-11:dataelement:115:1,X_226_26_115,False,False,9,record_resolved
226_11_Previous clinical course,226,11,Previous clinical course,record,urn:osse-11:record:26:1,urn:osse-11:dataelement:118:1,X_226_26_118,False,False,9,record_resolved
226_11_Previous clinical course,226,11,Previous clinical course,record,urn:osse-11:record:26:1,urn:osse-11:dataelement:119:1,X_226_26_119,False,False,9,record_resolved
226_11_Previous clinical course,226,11,Previous clinical course,record,urn:osse-11:record:26:1,urn:osse-11:dataelement:120:1,X_226_26_120,False,False,9,record_resolved
226_11_Previous clinical course,226,11,Previous clinical course,record,urn:osse-11:record:26:1,urn:osse-11:dataelement:121:1,X_226_26_121,False,False,9,record_resolved
226_11_Previous clinical course,226,11,Previous clinical course,record,urn:osse-11:record:27:1,urn:osse-11:dataelement:122:1,X_226_27_122,False,False,10,record_resolved
226_11_Previous clinical course,226,11,Previous clinical course,record,urn:osse-11:record:27:1,urn:osse-11:dataelement:118:1,X_226_27_118,False,False,10,record_resolved
226_11_Previous clinical course,226,11,Previous clinical course,record,urn:osse-11:record:27:1,urn:osse-11:dataelement:123:1,X_226_27_123,False,False,10,record_resolved
226_11_Previous clinical course,226,11,Previous clinical course,record,urn:osse-11:record:28:1,urn:osse-11:dataelement:124:1,X_226_28_124,False,False,12,record_resolved
226_11_Previous clinical course,226,11,Previous clinical course,record,urn:osse-11:record:28:1,urn:osse-11:dataelement:118:1,X_226_28_118,False,False,12,record_resolved
226_11_Previous clinical course,226,11,Previous clinical course,record,urn:osse-11:record:28:1,urn:osse-11:dataelement:125:1,X_226_28_125,False,False,12,record_resolved
226_11_Previous clinical course,226,11,Previous clinical course,record,urn:osse-11:record:29:1,urn:osse-11:dataelement:126:1,X_226_29_126,False,False,14,record_resolved
226_11_Previous clinical course,226,11,Previous clinical course,record,urn:osse-11:record:29:1,urn:osse-11:dataelement:118:1,X_226_29_118,False,False,14,record_resolved
226_11_Previous clinical course,226,11,Previous clinical course,record,urn:osse-11:record:29:1,urn:osse-11:dataelement:127:1,X_226_29_127,False,False,14,record_resolved
226_11_Previous clinical course,226,11,Previous clinical course,record,urn:osse-11:record:29:1,urn:osse-11:dataelement:128:1,X_226_29_128,False,False,14,record_resolved
226_11_Previous clinical course,226,11,Previous clinical course,record,urn:osse-11:record:29:1,urn:osse-11:dataelement:129:1,X_226_29_129,False,False,14,record_resolved
226_11_Previous clinical course,226,11,Previous clinical course,record,urn:osse-11:record:30:1,urn:osse-11:dataelement:133:1,X_226_30_133,False,False,19,record_resolved
226_11_Previous clinical course,226,11,Previous clinical course,record,urn:osse-11:record:30:1,urn:osse-11:dataelement:134:1,X_226_30_134,False,False,19,record_resolved
226_11_Previous clinical course,226,11,Previous clinical course,record,urn:osse-11:record:30:1,urn:osse-11:dataelement:135:1,X_226_30_135,False,False,19,record_resolved
226_11_Previous clinical course,226,11,Previous clinical course,record,urn:osse-11:record:30:1,urn:osse-11:dataelement:136:1,X_226_30_136,False,False,19,record_resolved
235_3_Scores,235,3,Scores,record,urn:osse-11:record:56:1,urn:osse-11:dataelement:256:1,X_235_56_256,True,False,2,record_resolved
235_3_Scores,235,3,Scores,record,urn:osse-11:record:56:1,urn:osse-11:dataelement:264:1,X_235_56_264,True,False,2,record_resolved
235_3_Scores,235,3,Scores,record,urn:osse-11:record:56:1,urn:osse-11:dataelement:265:1,X_235_56_265,True,False,2,record_resolved
235_3_Scores,235,3,Scores,record,urn:osse-11:record:56:1,urn:osse-11:dataelement:266:1,X_235_56_266,True,False,2,record_resolved
235_3_Scores,235,3,Scores,record,urn:osse-11:record:59:1,urn:osse-11:dataelement:254:1,X_235_59_254,False,False,9,record_resolved
235_3_Scores,235,3,Scores,record,urn:osse-11:record:59:1,urn:osse-11:dataelement:325:1,X_235_59_325,False,False,9,record_resolved
235_3_Scores,235,3,Scores,record,urn:osse-11:record:59:1,urn:osse-11:dataelement:264:1,X_235_59_264,False,False,9,record_resolved
235_3_Scores,235,3,Scores,record,urn:osse-11:record:60:1,urn:osse-11:dataelement:239:1,X_235_60_239,False,False,12,record_resolved
235_3_Scores,235,3,Scores,record,urn:osse-11:record:60:1,urn:osse-11:dataelement:238:1,X_235_60_238,False,False,12,record_resolved
235_3_Scores,235,3,Scores,record,urn:osse-11:record:60:1,urn:osse-11:dataelement:240:1,X_235_60_240,False,False,12,record_resolved
235_3_Scores,235,3,Scores,record,urn:osse-11:record:60:1,urn:osse-11:dataelement:283:1,X_235_60_283,False,False,12,record_resolved
235_3_Scores,235,3,Scores,record,urn:osse-11:record:60:1,urn:osse-11:dataelement:326:1,X_235_60_326,False,False,12,record_resolved
235_3_Scores,235,3,Scores,record,urn:osse-11:record:60:1,urn:osse-11:dataelement:245:1,X_235_60_245,False,False,12,record_resolved
235_3_Scores,235,3,Scores,record,urn:osse-11:record:60:1,urn:osse-11:dataelement:252:1,X_235_60_252,False,False,12,record_resolved
235_3_Scores,235,3,Scores,record,urn:osse-11:record:61:1,urn:osse-11:dataelement:264:1,X_235_61_264,False,False,18,record_resolved
235_3_Scores,235,3,Scores,record,urn:osse-11:record:61:1,urn:osse-11:dataelement:330:1,X_235_61_330,False,False,18,record_resolved
235_3_Scores,235,3,Scores,record,urn:osse-11:record:61:1,urn:osse-11:dataelement:57:1,X_235_61_57,False,False,18,record_resolved
235_3_Scores,235,3,Scores,record,urn:osse-11:record:62:1,urn:osse-11:dataelement:265:1,X_235_62_265,False,False,19,record_resolved
235_3_Scores,235,3,Scores,record,urn:osse-11:record:62:1,urn:osse-11:dataelement:61:1,X_235_62_61,False,False,19,record_resolved
235_3_Scores,235,3,Scores,record,urn:osse-11:record:62:1,urn:osse-11:dataelement:331:1,X_235_62_331,False,False,19,record_resolved
235_3_Scores,235,3,Scores,record,urn:osse-11:record:62:1,urn:osse-11:dataelement:59:1,X_235_62_59,False,False,19,record_resolved
235_3_Scores,235,3,Scores,record,urn:osse-11:record:63:1,urn:osse-11:dataelement:323:1,X_235_63_323,False,False,20,record_resolved
235_3_Scores,235,3,Scores,record,urn:osse-11:record:63:1,urn:osse-11:dataelement:332:1,X_235_63_332,False,False,20,record_resolved
235_3_Scores,235,3,Scores,record,urn:osse-11:record:63:1,urn:osse-11:dataelement:62:1,X_235_63_62,False,False,20,record_resolved
235_3_Scores,235,3,Scores,record,urn:osse-11:record:65:1,urn:osse-11:dataelement:256:1,X_235_65_256,False,False,21,record_resolved
235_3_Scores,235,3,Scores,record,urn:osse-11:record:65:1,urn:osse-11:dataelement:333:1,X_235_65_333,False,False,21,record_resolved
235_3_Scores,235,3,Scores,record,urn:osse-11:record:65:1,urn:osse-11:dataelement:64:1,X_235_65_64,False,False,21,record_resolved
235_3_Scores,235,3,Scores,record,urn:osse-11:record:64:1,urn:osse-11:dataelement:67:1,X_235_64_67,False,False,22,record_resolved
235_3_Scores,235,3,Scores,record,urn:osse-11:record:64:1,urn:osse-11:dataelement:68:1,X_235_64_68,False,False,22,record_resolved
235_3_Scores,235,3,Scores,record,urn:osse-11:record:64:1,urn:osse-11:dataelement:69:1,X_235_64_69,False,False,22,record_resolved
235_3_Scores,235,3,Scores,record,urn:osse-11:record:64:1,urn:osse-11:dataelement:167:1,X_235_64_167,False,False,22,record_resolved
235_3_Scores,235,3,Scores,record,urn:osse-11:record:64:1,urn:osse-11:dataelement:334:1,X_235_64_334,False,False,22,record_resolved
235_3_Scores,235,3,Scores,record,urn:osse-11:record:64:1,urn:osse-11:dataelement:66:1,X_235_64_66,False,False,22,record_resolved
235_3_Scores,235,3,Scores,record,urn:osse-11:record:66:1,urn:osse-11:dataelement:282:1,X_235_66_282,False,False,23,record_resolved
235_3_Scores,235,3,Scores,record,urn:osse-11:record:66:1,urn:osse-11:dataelement:73:1,X_235_66_73,False,False,23,record_resolved
235_3_Scores,235,3,Scores,record,urn:osse-11:record:66:1,urn:osse-11:dataelement:326:1,X_235_66_326,False,False,23,record_resolved
235_3_Scores,235,3,Scores,record,urn:osse-11:record:66:1,urn:osse-11:dataelement:335:1,X_235_66_335,False,False,23,record_resolved
235_3_Scores,235,3,Scores,record,urn:osse-11:record:66:1,urn:osse-11:dataelement:71:1,X_235_66_71,False,False,23,record_resolved
235_4_Scores,235,4,Scores,record,urn:osse-11:record:56:1,urn:osse-11:dataelement:256:1,X_235_56_256,False,False,2,record_resolved
235_4_Scores,235,4,Scores,record,urn:osse-11:record:56:1,urn:osse-11:dataelement:264:1,X_235_56_264,False,False,2,record_resolved
235_4_Scores,235,4,Scores,record,urn:osse-11:record:56:1,urn:osse-11:dataelement:265:1,X_235_56_265,False,False,2,record_resolved
235_4_Scores,235,4,Scores,record,urn:osse-11:record:56:1,urn:osse-11:dataelement:266:1,X_235_56_266,False,False,2,record_resolved
235_4_Scores,235,4,Scores,record,urn:osse-11:record:59:1,urn:osse-11:dataelement:254:1,X_235_59_254,False,False,9,record_resolved
235_4_Scores,235,4,Scores,record,urn:osse-11:record:59:1,urn:osse-11:dataelement:325:1,X_235_59_325,False,False,9,record_resolved
235_4_Scores,235,4,Scores,record,urn:osse-11:record:59:1,urn:osse-11:dataelement:264:1,X_235_59_264,False,False,9,record_resolved
235_4_Scores,235,4,Scores,record,urn:osse-11:record:60:1,urn:osse-11:dataelement:239:1,X_235_60_239,False,False,12,record_resolved
235_4_Scores,235,4,Scores,record,urn:osse-11:record:60:1,urn:osse-11:dataelement:238:1,X_235_60_238,False,False,12,record_resolved
235_4_Scores,235,4,Scores,record,urn:osse-11:record:60:1,urn:osse-11:dataelement:240:1,X_235_60_240,False,False,12,record_resolved
235_4_Scores,235,4,Scores,record,urn:osse-11:record:60:1,urn:osse-11:dataelement:283:1,X_235_60_283,False,False,12,record_resolved
235_4_Scores,235,4,Scores,record,urn:osse-11:record:60:1,urn:osse-11:dataelement:326:1,X_235_60_326,False,False,12,record_resolved
235_4_Scores,235,4,Scores,record,urn:osse-11:record:60:1,urn:osse-11:dataelement:245:1,X_235_60_245,False,False,12,record_resolved
235_4_Scores,235,4,Scores,record,urn:osse-11:record:60:1,urn:osse-11:dataelement:252:1,X_235_60_252,False,False,12,record_resolved
235_4_Scores,235,4,Scores,record,urn:osse-11:record:61:1,urn:osse-11:dataelement:264:1,X_235_61_264,False,False,18,record_resolved
235_4_Scores,235,4,Scores,record,urn:osse-11:record:61:1,urn:osse-11:dataelement:330:1,X_235_61_330,False,False,18,record_resolved
235_4_Scores,235,4,Scores,record,urn:osse-11:record:61:1,urn:osse-11:dataelement:57:1,X_235_61_57,False,False,18,record_resolved
235_4_Scores,235,4,Scores,record,urn:osse-11:record:62:1,urn:osse-11:dataelement:265:1,X_235_62_265,False,False,19,record_resolved
235_4_Scores,235,4,Scores,record,urn:osse-11:record:62:1,urn:osse-11:dataelement:61:1,X_235_62_61,False,False,19,record_resolved
235_4_Scores,235,4,Scores,record,urn:osse-11:record:62:1,urn:osse-11:dataelement:331:1,X_235_62_331,False,False,19,record_resolved
235_4_Scores,235,4,Scores,record,urn:osse-11:record:62:1,urn:osse-11:dataelement:59:1,X_235_62_59,False,False,19,record_resolved
235_4_Scores,235,4,Scores,record,urn:osse-11:record:63:1,urn:osse-11:dataelement:323:1,X_235_63_323,False,False,20,record_resolved
235_4_Scores,235,4,Scores,record,urn:osse-11:record:63:1,urn:osse-11:dataelement:332:1,X_235_63_332,False,False,20,record_resolved
235_4_Scores,235,4,Scores,record,urn:osse-11:record:63:1,urn:osse-11:dataelement:62:1,X_235_63_62,False,False,20,record_resolved
235_4_Scores,235,4,Scores,record,urn:osse-11:record:65:1,urn:osse-11:dataelement:256:1,X_235_65_256,False,False,21,record_resolved
235_4_Scores,235,4,Scores,record,urn:osse-11:record:65:1,urn:osse-11:dataelement:333:1,X_235_65_333,False,False,21,record_resolved
235_4_Scores,235,4,Scores,record,urn:osse-11:record:65:1,urn:osse-11:dataelement:64:1,X_235_65_64,False,False,21,record_resolved
235_4_Scores,235,4,Scores,record,urn:osse-11:record:64:1,urn:osse-11:dataelement:67:1,X_235_64_67,False,False,22,record_resolved
235_4_Scores,235,4,Scores,record,urn:osse-11:record:64:1,urn:osse-11:dataelement:68:1,X_235_64_68,False,False,22,record_resolved
235_4_Scores,235,4,Scores,record,urn:osse-11:record:64:1,urn:osse-11:dataelement:69:1,X_235_64_69,False,False,22,record_resolved
235_4_Scores,235,4,Scores,record,urn:osse-11:record:64:1,urn:osse-11:dataelement:167:1,X_235_64_167,False,False,22,record_resolved
235_4_Scores,235,4,Scores,record,urn:osse-11:record:64:1,urn:osse-11:dataelement:334:1,X_235_64_334,False,False,22,record_resolved
235_4_Scores,235,4,Scores,record,urn:osse-11:record:64:1,urn:osse-11:dataelement:66:1,X_235_64_66,False,False,22,record_resolved
235_4_Scores,235,4,Scores,record,urn:osse-11:record:66:1,urn:osse-11:dataelement:282:1,X_235_66_282,False,False,23,record_resolved
235_4_Scores,235,4,Scores,record,urn:osse-11:record:66:1,urn:osse-11:dataelement:73:1,X_235_66_73,False,False,23,record_resolved
235_4_Scores,235,4,Scores,record,urn:osse-11:record:66:1,urn:osse-11:dataelement:326:1,X_235_66_326,False,False,23,record_resolved
235_4_Scores,235,4,Scores,record,urn:osse-11:record:66:1,urn:osse-11:dataelement:335:1,X_235_66_335,False,False,23,record_resolved
235_4_Scores,235,4,Scores,record,urn:osse-11:record:66:1,urn:osse-11:dataelement:71:1,X_235_66_71,False,False,23,record_resolved
235_5_Scores,235,5,Scores,record,urn:osse-11:record:56:1,urn:osse-11:dataelement:256:1,X_235_56_256,False,False,2,record_resolved
235_5_Scores,235,5,Scores,record,urn:osse-11:record:56:1,urn:osse-11:dataelement:264:1,X_235_56_264,False,False,2,record_resolved
235_5_Scores,235,5,Scores,record,urn:osse-11:record:56:1,urn:osse-11:dataelement:265:1,X_235_56_265,False,False,2,record_resolved
235_5_Scores,235,5,Scores,record,urn:osse-11:record:56:1,urn:osse-11:dataelement:266:1,X_235_56_266,False,False,2,record_resolved
235_5_Scores,235,5,Scores,record,urn:osse-11:record:59:1,urn:osse-11:dataelement:254:1,X_235_59_254,False,False,9,record_resolved
235_5_Scores,235,5,Scores,record,urn:osse-11:record:59:1,urn:osse-11:dataelement:325:1,X_235_59_325,False,False,9,record_resolved
235_5_Scores,235,5,Scores,record,urn:osse-11:record:59:1,urn:osse-11:dataelement:264:1,X_235_59_264,False,False,9,record_resolved
235_5_Scores,235,5,Scores,record,urn:osse-11:record:60:1,urn:osse-11:dataelement:239:1,X_235_60_239,False,False,12,record_resolved
235_5_Scores,235,5,Scores,record,urn:osse-11:record:60:1,urn:osse-11:dataelement:238:1,X_235_60_238,False,False,12,record_resolved
235_5_Scores,235,5,Scores,record,urn:osse-11:record:60:1,urn:osse-11:dataelement:240:1,X_235_60_240,False,False,12,record_resolved
235_5_Scores,235,5,Scores,record,urn:osse-11:record:60:1,urn:osse-11:dataelement:283:1,X_235_60_283,False,False,12,record_resolved
235_5_Scores,235,5,Scores,record,urn:osse-11:record:60:1,urn:osse-11:dataelement:326:1,X_235_60_326,False,False,12,record_resolved
235_5_Scores,235,5,Scores,record,urn:osse-11:record:60:1,urn:osse-11:dataelement:245:1,X_235_60_245,False,False,12,record_resolved
235_5_Scores,235,5,Scores,record,urn:osse-11:record:60:1,urn:osse-11:dataelement:252:1,X_235_60_252,False,False,12,record_resolved
235_5_Scores,235,5,Scores,record,urn:osse-11:record:61:1,urn:osse-11:dataelement:264:1,X_235_61_264,False,False,18,record_resolved
235_5_Scores,235,5,Scores,record,urn:osse-11:record:61:1,urn:osse-11:dataelement:330:1,X_235_61_330,False,False,18,record_resolved
235_5_Scores,235,5,Scores,record,urn:osse-11:record:61:1,urn:osse-11:dataelement:57:1,X_235_61_57,False,False,18,record_resolved
235_5_Scores,235,5,Scores,record,urn:osse-11:record:62:1,urn:osse-11:dataelement:265:1,X_235_62_265,False,False,19,record_resolved
235_5_Scores,235,5,Scores,record,urn:osse-11:record:62:1,urn:osse-11:dataelement:61:1,X_235_62_61,False,False,19,record_resolved
235_5_Scores,235,5,Scores,record,urn:osse-11:record:62:1,urn:osse-11:dataelement:331:1,X_235_62_331,False,False,19,record_resolved
235_5_Scores,235,5,Scores,record,urn:osse-11:record:62:1,urn:osse-11:dataelement:59:1,X_235_62_59,False,False,19,record_resolved
235_5_Scores,235,5,Scores,record,urn:osse-11:record:63:1,urn:osse-11:dataelement:323:1,X_235_63_323,False,False,20,record_resolved
235_5_Scores,235,5,Scores,record,urn:osse-11:record:63:1,urn:osse-11:dataelement:332:1,X_235_63_332,False,False,20,record_resolved
235_5_Scores,235,5,Scores,record,urn:osse-11:record:63:1,urn:osse-11:dataelement:62:1,X_235_63_62,False,False,20,record_resolved
235_5_Scores,235,5,Scores,record,urn:osse-11:record:65:1,urn:osse-11:dataelement:256:1,X_235_65_256,False,False,21,record_resolved
235_5_Scores,235,5,Scores,record,urn:osse-11:record:65:1,urn:osse-11:dataelement:333:1,X_235_65_333,False,False,21,record_resolved
235_5_Scores,235,5,Scores,record,urn:osse-11:record:65:1,urn:osse-11:dataelement:64:1,X_235_65_64,False,False,21,record_resolved
235_5_Scores,235,5,Scores,record,urn:osse-11:record:64:1,urn:osse-11:dataelement:67:1,X_235_64_67,False,False,22,record_resolved
235_5_Scores,235,5,Scores,record,urn:osse-11:record:64:1,urn:osse-11:dataelement:68:1,X_235_64_68,False,False,22,record_resolved
235_5_Scores,235,5,Scores,record,urn:osse-11:record:64:1,urn:osse-11:dataelement:69:1,X_235_64_69,False,False,22,record_resolved
235_5_Scores,235,5,Scores,record,urn:osse-11:record:64:1,urn:osse-11:dataelement:167:1,X_235_64_167,False,False,22,record_resolved
235_5_Scores,235,5,Scores,record,urn:osse-11:record:64:1,urn:osse-11:dataelement:334:1,X_235_64_334,False,False,22,record_resolved
235_5_Scores,235,5,Scores,record,urn:osse-11:record:64:1,urn:osse-11:dataelement:66:1,X_235_64_66,False,False,22,record_resolved
235_5_Scores,235,5,Scores,record,urn:osse-11:record:66:1,urn:osse-11:dataelement:282:1,X_235_66_282,False,False,23,record_resolved
235_5_Scores,235,5,Scores,record,urn:osse-11:record:66:1,urn:osse-11:dataelement:73:1,X_235_66_73,False,False,23,record_resolved
235_5_Scores,235,5,Scores,record,urn:osse-11:record:66:1,urn:osse-11:dataelement:326:1,X_235_66_326,False,False,23,record_resolved
235_5_Scores,235,5,Scores,record,urn:osse-11:record:66:1,urn:osse-11:dataelement:335:1,X_235_66_335,False,False,23,record_resolved
235_5_Scores,235,5,Scores,record,urn:osse-11:record:66:1,urn:osse-11:dataelement:71:1,X_235_66_71,False,False,23,record_resolved
235_6_Scores,235,6,Scores,record,urn:osse-11:record:56:1,urn:osse-11:dataelement:256:1,X_235_56_256,False,False,2,record_resolved
235_6_Scores,235,6,Scores,record,urn:osse-11:record:56:1,urn:osse-11:dataelement:264:1,X_235_56_264,False,False,2,record_resolved
235_6_Scores,235,6,Scores,record,urn:osse-11:record:56:1,urn:osse-11:dataelement:265:1,X_235_56_265,False,False,2,record_resolved
235_6_Scores,235,6,Scores,record,urn:osse-11:record:56:1,urn:osse-11:dataelement:266:1,X_235_56_266,False,False,2,record_resolved
235_6_Scores,235,6,Scores,record,urn:osse-11:record:59:1,urn:osse-11:dataelement:254:1,X_235_59_254,False,False,9,record_resolved
235_6_Scores,235,6,Scores,record,urn:osse-11:record:59:1,urn:osse-11:dataelement:325:1,X_235_59_325,False,False,9,record_resolved
235_6_Scores,235,6,Scores,record,urn:osse-11:record:59:1,urn:osse-11:dataelement:264:1,X_235_59_264,False,False,9,record_resolved
235_6_Scores,235,6,Scores,record,urn:osse-11:record:60:1,urn:osse-11:dataelement:239:1,X_235_60_239,False,False,12,record_resolved
235_6_Scores,235,6,Scores,record,urn:osse-11:record:60:1,urn:osse-11:dataelement:238:1,X_235_60_238,False,False,12,record_resolved
235_6_Scores,235,6,Scores,record,urn:osse-11:record:60:1,urn:osse-11:dataelement:240:1,X_235_60_240,False,False,12,record_resolved
235_6_Scores,235,6,Scores,record,urn:osse-11:record:60:1,urn:osse-11:dataelement:283:1,X_235_60_283,False,False,12,record_resolved
235_6_Scores,235,6,Scores,record,urn:osse-11:record:60:1,urn:osse-11:dataelement:326:1,X_235_60_326,False,False,12,record_resolved
235_6_Scores,235,6,Scores,record,urn:osse-11:record:60:1,urn:osse-11:dataelement:245:1,X_235_60_245,False,False,12,record_resolved
235_6_Scores,235,6,Scores,record,urn:osse-11:record:60:1,urn:osse-11:dataelement:252:1,X_235_60_252,False,False,12,record_resolved
235_6_Scores,235,6,Scores,record,urn:osse-11:record:61:1,urn:osse-11:dataelement:264:1,X_235_61_264,False,False,18,record_resolved
235_6_Scores,235,6,Scores,record,urn:osse-11:record:61:1,urn:osse-11:dataelement:330:1,X_235_61_330,False,False,18,record_resolved
235_6_Scores,235,6,Scores,record,urn:osse-11:record:61:1,urn:osse-11:dataelement:57:1,X_235_61_57,False,False,18,record_resolved
235_6_Scores,235,6,Scores,record,urn:osse-11:record:62:1,urn:osse-11:dataelement:265:1,X_235_62_265,False,False,19,record_resolved
235_6_Scores,235,6,Scores,record,urn:osse-11:record:62:1,urn:osse-11:dataelement:61:1,X_235_62_61,False,False,19,record_resolved
235_6_Scores,235,6,Scores,record,urn:osse-11:record:62:1,urn:osse-11:dataelement:331:1,X_235_62_331,False,False,19,record_resolved
235_6_Scores,235,6,Scores,record,urn:osse-11:record:62:1,urn:osse-11:dataelement:59:1,X_235_62_59,False,False,19,record_resolved
235_6_Scores,235,6,Scores,record,urn:osse-11:record:63:1,urn:osse-11:dataelement:323:1,X_235_63_323,False,False,20,record_resolved
235_6_Scores,235,6,Scores,record,urn:osse-11:record:63:1,urn:osse-11:dataelement:332:1,X_235_63_332,False,False,20,record_resolved
235_6_Scores,235,6,Scores,record,urn:osse-11:record:63:1,urn:osse-11:dataelement:62:1,X_235_63_62,False,False,20,record_resolved
235_6_Scores,235,6,Scores,record,urn:osse-11:record:65:1,urn:osse-11:dataelement:256:1,X_235_65_256,False,False,21,record_resolved
235_6_Scores,235,6,Scores,record,urn:osse-11:record:65:1,urn:osse-11:dataelement:333:1,X_235_65_333,False,False,21,record_resolved
235_6_Scores,235,6,Scores,record,urn:osse-11:record:65:1,urn:osse-11:dataelement:64:1,X_235_65_64,False,False,21,record_resolved
235_6_Scores,235,6,Scores,record,urn:osse-11:record:64:1,urn:osse-11:dataelement:67:1,X_235_64_67,False,False,22,record_resolved
235_6_Scores,235,6,Scores,record,urn:osse-11:record:64:1,urn:osse-11:dataelement:68:1,X_235_64_68,False,False,22,record_resolved
235_6_Scores,235,6,Scores,record,urn:osse-11:record:64:1,urn:osse-11:dataelement:69:1,X_235_64_69,False,False,22,record_resolved
235_6_Scores,235,6,Scores,record,urn:osse-11:record:64:1,urn:osse-11:dataelement:167:1,X_235_64_167,False,False,22,record_resolved
235_6_Scores,235,6,Scores,record,urn:osse-11:record:64:1,urn:osse-11:dataelement:334:1,X_235_64_334,False,False,22,record_resolved
235_6_Scores,235,6,Scores,record,urn:osse-11:record:64:1,urn:osse-11:dataelement:66:1,X_235_64_66,False,False,22,record_resolved
235_6_Scores,235,6,Scores,record,urn:osse-11:record:66:1,urn:osse-11:dataelement:282:1,X_235_66_282,False,False,23,record_resolved
235_6_Scores,235,6,Scores,record,urn:osse-11:record:66:1,urn:osse-11:dataelement:73:1,X_235_66_73,False,False,23,record_resolved
235_6_Scores,235,6,Scores,record,urn:osse-11:record:66:1,urn:osse-11:dataelement:326:1,X_235_66_326,False,False,23,record_resolved
235_6_Scores,235,6,Scores,record,urn:osse-11:record:66:1,urn:osse-11:dataelement:335:1,X_235_66_335,False,False,23,record_resolved
235_6_Scores,235,6,Scores,record,urn:osse-11:record:66:1,urn:osse-11:dataelement:71:1,X_235_66_71,False,False,23,record_resolved
235_6_Scores,235,6,Scores,record,urn:osse-11:record:68:1,urn:osse-11:dataelement:337:1,X_235_68_337,False,False,27,record_resolved
235_6_Scores,235,6,Scores,record,urn:osse-11:record:68:1,urn:osse-11:dataelement:245:1,X_235_68_245,False,False,27,record_resolved
235_6_Scores,235,6,Scores,record,urn:osse-11:record:68:1,urn:osse-11:dataelement:265:1,X_235_68_265,False,False,27,record_resolved
235_6_Scores,235,6,Scores,record,urn:osse-11:record:68:1,urn:osse-11:dataelement:256:1,X_235_68_256,False,False,27,record_resolved
235_6_Scores,235,6,Scores,record,urn:osse-11:record:68:1,urn:osse-11:dataelement:266:1,X_235_68_266,False,False,27,record_resolved
224_4_ACLF evaluation,224,4,ACLF evaluation,record,urn:osse-11:record:16:1,urn:osse-11:dataelement:57:1,X_224_16_57,False,False,1,record_resolved
224_4_ACLF evaluation,224,4,ACLF evaluation,record,urn:osse-11:record:16:1,urn:osse-11:dataelement:58:1,X_224_16_58,False,False,1,record_resolved
224_4_ACLF evaluation,224,4,ACLF evaluation,record,urn:osse-11:record:17:1,urn:osse-11:dataelement:59:1,X_224_17_59,False,False,2,record_resolved
224_4_ACLF evaluation,224,4,ACLF evaluation,record,urn:osse-11:record:17:1,urn:osse-11:dataelement:60:1,X_224_17_60,False,False,2,record_resolved
224_4_ACLF evaluation,224,4,ACLF evaluation,record,urn:osse-11:record:17:1,urn:osse-11:dataelement:61:1,X_224_17_61,False,False,2,record_resolved
224_4_ACLF evaluation,224,4,ACLF evaluation,record,urn:osse-11:record:18:1,urn:osse-11:dataelement:64:1,X_224_18_64,False,False,3,record_resolved
224_4_ACLF evaluation,224,4,ACLF evaluation,record,urn:osse-11:record:18:1,urn:osse-11:dataelement:65:1,X_224_18_65,False,False,3,record_resolved
224_4_ACLF evaluation,224,4,ACLF evaluation,record,urn:osse-11:record:19:1,urn:osse-11:dataelement:66:1,X_224_19_66,False,False,7,record_resolved
224_4_ACLF evaluation,224,4,ACLF evaluation,record,urn:osse-11:record:19:1,urn:osse-11:dataelement:67:1,X_224_19_67,False,False,7,record_resolved
224_4_ACLF evaluation,224,4,ACLF evaluation,record,urn:osse-11:record:19:1,urn:osse-11:dataelement:68:1,X_224_19_68,False,False,7,record_resolved
224_4_ACLF evaluation,224,4,ACLF evaluation,record,urn:osse-11:record:19:1,urn:osse-11:dataelement:69:1,X_224_19_69,False,False,7,record_resolved
224_4_ACLF evaluation,224,4,ACLF evaluation,record,urn:osse-11:record:19:1,urn:osse-11:dataelement:70:1,X_224_19_70,False,False,7,record_resolved
224_4_ACLF evaluation,224,4,ACLF evaluation,record,urn:osse-11:record:20:1,urn:osse-11:dataelement:71:1,X_224_20_71,False,False,8,record_resolved
224_4_ACLF evaluation,224,4,ACLF evaluation,record,urn:osse-11:record:20:1,urn:osse-11:dataelement:72:1,X_224_20_72,False,False,8,record_resolved
224_4_ACLF evaluation,224,4,ACLF evaluation,record,urn:osse-11:record:20:1,urn:osse-11:dataelement:73:1,X_224_20_73,False,False,8,record_resolved
224_4_ACLF evaluation,224,4,ACLF evaluation,record,urn:osse-11:record:20:1,urn:osse-11:dataelement:74:1,X_224_20_74,False,False,8,record_resolved
224_4_ACLF evaluation,224,4,ACLF evaluation,record,urn:osse-11:record:20:1,urn:osse-11:dataelement:75:1,X_224_20_75,False,False,8,record_resolved
224_4_ACLF evaluation,224,4,ACLF evaluation,record,urn:osse-11:record:20:1,urn:osse-11:dataelement:76:1,X_224_20_76,False,False,8,record_resolved
224_4_ACLF evaluation,224,4,ACLF evaluation,record,urn:osse-11:record:20:1,urn:osse-11:dataelement:77:1,X_224_20_77,False,False,8,record_resolved
224_4_ACLF evaluation,224,4,ACLF evaluation,record,urn:osse-11:record:20:1,urn:osse-11:dataelement:78:1,X_224_20_78,False,False,8,record_resolved
224_4_ACLF evaluation,224,4,ACLF evaluation,record,urn:osse-11:record:20:1,urn:osse-11:dataelement:80:1,X_224_20_80,False,False,8,record_resolved
224_4_ACLF evaluation,224,4,ACLF evaluation,record,urn:osse-11:record:20:1,urn:osse-11:dataelement:81:1,X_224_20_81,False,False,8,record_resolved
224_4_ACLF evaluation,224,4,ACLF evaluation,record,urn:osse-11:record:20:1,urn:osse-11:dataelement:82:1,X_224_20_82,False,False,8,record_resolved
224_4_ACLF evaluation,224,4,ACLF evaluation,record,urn:osse-11:record:20:1,urn:osse-11:dataelement:83:1,X_224_20_83,False,False,8,record_resolved
224_4_ACLF evaluation,224,4,ACLF evaluation,record,urn:osse-11:record:20:1,urn:osse-11:dataelement:84:1,X_224_20_84,False,False,8,record_resolved
224_4_ACLF evaluation,224,4,ACLF evaluation,record,urn:osse-11:record:20:1,urn:osse-11:dataelement:85:1,X_224_20_85,False,False,8,record_resolved
224_4_ACLF evaluation,224,4,ACLF evaluation,record,urn:osse-11:record:20:1,urn:osse-11:dataelement:79:1,X_224_20_79,False,False,8,record_resolved
224_4_ACLF evaluation,224,4,ACLF evaluation,record,urn:osse-11:record:20:1,urn:osse-11:dataelement:86:1,X_224_20_86,False,False,8,record_resolved
224_4_ACLF evaluation,224,4,ACLF evaluation,record,urn:osse-11:record:20:1,urn:osse-11:dataelement:87:1,X_224_20_87,False,False,8,record_resolved
235_7_Scores,235,7,Scores,record,urn:osse-11:record:56:1,urn:osse-11:dataelement:256:1,X_235_56_256,False,False,2,record_resolved
235_7_Scores,235,7,Scores,record,urn:osse-11:record:56:1,urn:osse-11:dataelement:264:1,X_235_56_264,False,False,2,record_resolved
235_7_Scores,235,7,Scores,record,urn:osse-11:record:56:1,urn:osse-11:dataelement:265:1,X_235_56_265,False,False,2,record_resolved
235_7_Scores,235,7,Scores,record,urn:osse-11:record:56:1,urn:osse-11:dataelement:266:1,X_235_56_266,False,False,2,record_resolved
235_7_Scores,235,7,Scores,record,urn:osse-11:record:69:1,urn:osse-11:dataelement:117:1,X_235_69_117,False,False,6,record_resolved
235_7_Scores,235,7,Scores,record,urn:osse-11:record:69:1,urn:osse-11:dataelement:323:1,X_235_69_323,False,False,6,record_resolved
235_7_Scores,235,7,Scores,record,urn:osse-11:record:69:1,urn:osse-11:dataelement:264:1,X_235_69_264,False,False,6,record_resolved
235_7_Scores,235,7,Scores,record,urn:osse-11:record:69:1,urn:osse-11:dataelement:347:1,X_235_69_347,False,False,6,record_resolved
235_7_Scores,235,7,Scores,record,urn:osse-11:record:69:1,urn:osse-11:dataelement:254:1,X_235_69_254,False,False,6,record_resolved
235_7_Scores,235,7,Scores,record,urn:osse-11:record:69:1,urn:osse-11:dataelement:256:1,X_235_69_256,False,False,6,record_resolved
235_7_Scores,235,7,Scores,record,urn:osse-11:record:59:1,urn:osse-11:dataelement:254:1,X_235_59_254,False,False,9,record_resolved
235_7_Scores,235,7,Scores,record,urn:osse-11:record:59:1,urn:osse-11:dataelement:325:1,X_235_59_325,False,False,9,record_resolved
235_7_Scores,235,7,Scores,record,urn:osse-11:record:59:1,urn:osse-11:dataelement:264:1,X_235_59_264,False,False,9,record_resolved
235_7_Scores,235,7,Scores,record,urn:osse-11:record:60:1,urn:osse-11:dataelement:239:1,X_235_60_239,False,False,12,record_resolved
235_7_Scores,235,7,Scores,record,urn:osse-11:record:60:1,urn:osse-11:dataelement:238:1,X_235_60_238,False,False,12,record_resolved
235_7_Scores,235,7,Scores,record,urn:osse-11:record:60:1,urn:osse-11:dataelement:240:1,X_235_60_240,False,False,12,record_resolved
235_7_Scores,235,7,Scores,record,urn:osse-11:record:60:1,urn:osse-11:dataelement:283:1,X_235_60_283,False,False,12,record_resolved
235_7_Scores,235,7,Scores,record,urn:osse-11:record:60:1,urn:osse-11:dataelement:326:1,X_235_60_326,False,False,12,record_resolved
235_7_Scores,235,7,Scores,record,urn:osse-11:record:60:1,urn:osse-11:dataelement:245:1,X_235_60_245,False,False,12,record_resolved
235_7_Scores,235,7,Scores,record,urn:osse-11:record:60:1,urn:osse-11:dataelement:252:1,X_235_60_252,False,False,12,record_resolved
235_7_Scores,235,7,Scores,record,urn:osse-11:record:61:1,urn:osse-11:dataelement:264:1,X_235_61_264,False,False,17,record_resolved
235_7_Scores,235,7,Scores,record,urn:osse-11:record:61:1,urn:osse-11:dataelement:330:1,X_235_61_330,False,False,17,record_resolved
235_7_Scores,235,7,Scores,record,urn:osse-11:record:61:1,urn:osse-11:dataelement:57:1,X_235_61_57,False,False,17,record_resolved
235_7_Scores,235,7,Scores,record,urn:osse-11:record:62:1,urn:osse-11:dataelement:265:1,X_235_62_265,False,False,18,record_resolved
235_7_Scores,235,7,Scores,record,urn:osse-11:record:62:1,urn:osse-11:dataelement:61:1,X_235_62_61,False,False,18,record_resolved
235_7_Scores,235,7,Scores,record,urn:osse-11:record:62:1,urn:osse-11:dataelement:331:1,X_235_62_331,False,False,18,record_resolved
235_7_Scores,235,7,Scores,record,urn:osse-11:record:62:1,urn:osse-11:dataelement:59:1,X_235_62_59,False,False,18,record_resolved
235_7_Scores,235,7,Scores,record,urn:osse-11:record:63:1,urn:osse-11:dataelement:323:1,X_235_63_323,False,False,19,record_resolved
235_7_Scores,235,7,Scores,record,urn:osse-11:record:63:1,urn:osse-11:dataelement:332:1,X_235_63_332,False,False,19,record_resolved
235_7_Scores,235,7,Scores,record,urn:osse-11:record:63:1,urn:osse-11:dataelement:62:1,X_235_63_62,False,False,19,record_resolved
235_7_Scores,235,7,Scores,record,urn:osse-11:record:65:1,urn:osse-11:dataelement:256:1,X_235_65_256,False,False,20,record_resolved
235_7_Scores,235,7,Scores,record,urn:osse-11:record:65:1,urn:osse-11:dataelement:333:1,X_235_65_333,False,False,20,record_resolved
235_7_Scores,235,7,Scores,record,urn:osse-11:record:65:1,urn:osse-11:dataelement:64:1,X_235_65_64,False,False,20,record_resolved
235_7_Scores,235,7,Scores,record,urn:osse-11:record:64:1,urn:osse-11:dataelement:67:1,X_235_64_67,False,False,21,record_resolved
235_7_Scores,235,7,Scores,record,urn:osse-11:record:64:1,urn:osse-11:dataelement:68:1,X_235_64_68,False,False,21,record_resolved
235_7_Scores,235,7,Scores,record,urn:osse-11:record:64:1,urn:osse-11:dataelement:69:1,X_235_64_69,False,False,21,record_resolved
235_7_Scores,235,7,Scores,record,urn:osse-11:record:64:1,urn:osse-11:dataelement:167:1,X_235_64_167,False,False,21,record_resolved
235_7_Scores,235,7,Scores,record,urn:osse-11:record:64:1,urn:osse-11:dataelement:334:1,X_235_64_334,False,False,21,record_resolved
235_7_Scores,235,7,Scores,record,urn:osse-11:record:64:1,urn:osse-11:dataelement:66:1,X_235_64_66,False,False,21,record_resolved
235_7_Scores,235,7,Scores,record,urn:osse-11:record:66:1,urn:osse-11:dataelement:282:1,X_235_66_282,False,False,22,record_resolved
235_7_Scores,235,7,Scores,record,urn:osse-11:record:66:1,urn:osse-11:dataelement:73:1,X_235_66_73,False,False,22,record_resolved
235_7_Scores,235,7,Scores,record,urn:osse-11:record:66:1,urn:osse-11:dataelement:326:1,X_235_66_326,False,False,22,record_resolved
235_7_Scores,235,7,Scores,record,urn:osse-11:record:66:1,urn:osse-11:dataelement:335:1,X_235_66_335,False,False,22,record_resolved
235_7_Scores,235,7,Scores,record,urn:osse-11:record:66:1,urn:osse-11:dataelement:71:1,X_235_66_71,False,False,22,record_resolved
235_7_Scores,235,7,Scores,record,urn:osse-11:record:68:1,urn:osse-11:dataelement:337:1,X_235_68_337,False,False,26,record_resolved
235_7_Scores,235,7,Scores,record,urn:osse-11:record:68:1,urn:osse-11:dataelement:245:1,X_235_68_245,False,False,26,record_resolved
235_7_Scores,235,7,Scores,record,urn:osse-11:record:68:1,urn:osse-11:dataelement:265:1,X_235_68_265,False,False,26,record_resolved
235_7_Scores,235,7,Scores,record,urn:osse-11:record:68:1,urn:osse-11:dataelement:256:1,X_235_68_256,False,False,26,record_resolved
235_7_Scores,235,7,Scores,record,urn:osse-11:record:68:1,urn:osse-11:dataelement:266:1,X_235_68_266,False,False,26,record_resolved
233_10_Treatment,233,10,Treatment,record,urn:osse-11:record:31:1,urn:osse-11:dataelement:138:1,X_233_31_138,False,False,2,record_resolved
233_10_Treatment,233,10,Treatment,record,urn:osse-11:record:31:1,urn:osse-11:dataelement:139:1,X_233_31_139,False,False,2,record_resolved
233_10_Treatment,233,10,Treatment,record,urn:osse-11:record:31:1,urn:osse-11:dataelement:140:1,X_233_31_140,False,False,2,record_resolved
233_10_Treatment,233,10,Treatment,record,urn:osse-11:record:32:1,urn:osse-11:dataelement:141:1,X_233_32_141,False,False,3,record_resolved
233_10_Treatment,233,10,Treatment,record,urn:osse-11:record:32:1,urn:osse-11:dataelement:142:1,X_233_32_142,False,False,3,record_resolved
233_10_Treatment,233,10,Treatment,record,urn:osse-11:record:32:1,urn:osse-11:dataelement:143:1,X_233_32_143,False,False,3,record_resolved
233_10_Treatment,233,10,Treatment,record,urn:osse-11:record:32:1,urn:osse-11:dataelement:144:1,X_233_32_144,False,False,3,record_resolved
233_10_Treatment,233,10,Treatment,record,urn:osse-11:record:32:1,urn:osse-11:dataelement:145:1,X_233_32_145,False,False,3,record_resolved
233_10_Treatment,233,10,Treatment,record,urn:osse-11:record:33:1,urn:osse-11:dataelement:146:1,X_233_33_146,False,False,5,record_resolved
233_10_Treatment,233,10,Treatment,record,urn:osse-11:record:33:1,urn:osse-11:dataelement:147:1,X_233_33_147,False,False,5,record_resolved
233_10_Treatment,233,10,Treatment,record,urn:osse-11:record:33:1,urn:osse-11:dataelement:148:1,X_233_33_148,False,False,5,record_resolved
233_10_Treatment,233,10,Treatment,record,urn:osse-11:record:33:1,urn:osse-11:dataelement:149:1,X_233_33_149,False,False,5,record_resolved
233_10_Treatment,233,10,Treatment,record,urn:osse-11:record:34:1,urn:osse-11:dataelement:150:1,X_233_34_150,False,False,6,record_resolved
233_10_Treatment,233,10,Treatment,record,urn:osse-11:record:34:1,urn:osse-11:dataelement:151:1,X_233_34_151,False,False,6,record_resolved
233_10_Treatment,233,10,Treatment,record,urn:osse-11:record:34:1,urn:osse-11:dataelement:152:1,X_233_34_152,False,False,6,record_resolved
233_10_Treatment,233,10,Treatment,record,urn:osse-11:record:34:1,urn:osse-11:dataelement:153:1,X_233_34_153,False,False,6,record_resolved
233_10_Treatment,233,10,Treatment,record,urn:osse-11:record:35:1,urn:osse-11:dataelement:154:1,X_233_35_154,False,False,7,record_resolved
233_10_Treatment,233,10,Treatment,record,urn:osse-11:record:35:1,urn:osse-11:dataelement:155:1,X_233_35_155,False,False,7,record_resolved
233_10_Treatment,233,10,Treatment,record,urn:osse-11:record:35:1,urn:osse-11:dataelement:156:1,X_233_35_156,False,False,7,record_resolved
233_10_Treatment,233,10,Treatment,record,urn:osse-11:record:35:1,urn:osse-11:dataelement:157:1,X_233_35_157,False,False,7,record_resolved
233_10_Treatment,233,10,Treatment,record,urn:osse-11:record:36:1,urn:osse-11:dataelement:160:1,X_233_36_160,False,False,11,record_resolved
233_10_Treatment,233,10,Treatment,record,urn:osse-11:record:36:1,urn:osse-11:dataelement:161:1,X_233_36_161,False,False,11,record_resolved
233_10_Treatment,233,10,Treatment,record,urn:osse-11:record:55:1,urn:osse-11:dataelement:163:1,X_233_55_163,False,False,15,record_resolved
233_10_Treatment,233,10,Treatment,record,urn:osse-11:record:55:1,urn:osse-11:dataelement:164:1,X_233_55_164,False,False,15,record_resolved
233_10_Treatment,233,10,Treatment,record,urn:osse-11:record:55:1,urn:osse-11:dataelement:291:1,X_233_55_291,False,False,15,record_resolved
233_10_Treatment,233,10,Treatment,record,urn:osse-11:record:38:1,urn:osse-11:dataelement:165:1,X_233_38_165,False,False,18,record_resolved
233_10_Treatment,233,10,Treatment,record,urn:osse-11:record:38:1,urn:osse-11:dataelement:166:1,X_233_38_166,False,False,18,record_resolved
233_10_Treatment,233,10,Treatment,record,urn:osse-11:record:39:1,urn:osse-11:dataelement:167:1,X_233_39_167,False,False,21,record_resolved
233_10_Treatment,233,10,Treatment,record,urn:osse-11:record:39:1,urn:osse-11:dataelement:168:1,X_233_39_168,False,False,21,record_resolved
233_10_Treatment,233,10,Treatment,record,urn:osse-11:record:40:1,urn:osse-11:dataelement:175:1,X_233_40_175,False,False,34,record_resolved
233_10_Treatment,233,10,Treatment,record,urn:osse-11:record:40:1,urn:osse-11:dataelement:176:1,X_233_40_176,False,False,34,record_resolved
233_10_Treatment,233,10,Treatment,record,urn:osse-11:record:40:1,urn:osse-11:dataelement:177:1,X_233_40_177,False,False,34,record_resolved
233_10_Treatment,233,10,Treatment,record,urn:osse-11:record:41:1,urn:osse-11:dataelement:178:1,X_233_41_178,False,False,35,record_resolved
233_10_Treatment,233,10,Treatment,record,urn:osse-11:record:41:1,urn:osse-11:dataelement:179:1,X_233_41_179,False,False,35,record_resolved
233_10_Treatment,233,10,Treatment,record,urn:osse-11:record:42:1,urn:osse-11:dataelement:181:1,X_233_42_181,False,False,38,record_resolved
233_10_Treatment,233,10,Treatment,record,urn:osse-11:record:42:1,urn:osse-11:dataelement:182:1,X_233_42_182,False,False,38,record_resolved
233_10_Treatment,233,10,Treatment,record,urn:osse-11:record:43:1,urn:osse-11:dataelement:183:1,X_233_43_183,False,False,39,record_resolved
233_10_Treatment,233,10,Treatment,record,urn:osse-11:record:43:1,urn:osse-11:dataelement:184:1,X_233_43_184,False,False,39,record_resolved
233_10_Treatment,233,10,Treatment,record,urn:osse-11:record:44:1,urn:osse-11:dataelement:186:1,X_233_44_186,False,False,41,record_resolved
233_10_Treatment,233,10,Treatment,record,urn:osse-11:record:44:1,urn:osse-11:dataelement:187:1,X_233_44_187,False,False,41,record_resolved
233_10_Treatment,233,10,Treatment,record,urn:osse-11:record:45:1,urn:osse-11:dataelement:189:1,X_233_45_189,False,False,43,record_resolved
233_10_Treatment,233,10,Treatment,record,urn:osse-11:record:45:1,urn:osse-11:dataelement:190:1,X_233_45_190,False,False,43,record_resolved
223_3_Biobank sample collection,223,3,Biobank sample collection,record,urn:osse-11:record:2:2,urn:osse-11:dataelement:13:2,X_223_2_13,False,False,1,record_resolved
223_3_Biobank sample collection,223,3,Biobank sample collection,record,urn:osse-11:record:2:2,urn:osse-11:dataelement:19:1,X_223_2_19,False,False,1,record_resolved
223_3_Biobank sample collection,223,3,Biobank sample collection,record,urn:osse-11:record:2:2,urn:osse-11:dataelement:14:1,X_223_2_14,False,False,1,record_resolved
223_3_Biobank sample collection,223,3,Biobank sample collection,record,urn:osse-11:record:7:1,urn:osse-11:dataelement:28:1,X_223_7_28,False,False,2,record_resolved
223_3_Biobank sample collection,223,3,Biobank sample collection,record,urn:osse-11:record:7:1,urn:osse-11:dataelement:29:1,X_223_7_29,False,False,2,record_resolved
223_3_Biobank sample collection,223,3,Biobank sample collection,record,urn:osse-11:record:7:1,urn:osse-11:dataelement:30:1,X_223_7_30,False,False,2,record_resolved
223_3_Biobank sample collection,223,3,Biobank sample collection,record,urn:osse-11:record:8:1,urn:osse-11:dataelement:31:1,X_223_8_31,False,False,3,record_resolved
223_3_Biobank sample collection,223,3,Biobank sample collection,record,urn:osse-11:record:8:1,urn:osse-11:dataelement:29:1,X_223_8_29,False,False,3,record_resolved
223_3_Biobank sample collection,223,3,Biobank sample collection,record,urn:osse-11:record:9:1,urn:osse-11:dataelement:32:1,X_223_9_32,False,False,4,record_resolved
223_3_Biobank sample collection,223,3,Biobank sample collection,record,urn:osse-11:record:9:1,urn:osse-11:dataelement:29:1,X_223_9_29,False,False,4,record_resolved
223_3_Biobank sample collection,223,3,Biobank sample collection,record,urn:osse-11:record:9:1,urn:osse-11:dataelement:33:1,X_223_9_33,False,False,4,record_resolved
223_3_Biobank sample collection,223,3,Biobank sample collection,record,urn:osse-11:record:9:1,urn:osse-11:dataelement:34:1,X_223_9_34,False,False,4,record_resolved
223_3_Biobank sample collection,223,3,Biobank sample collection,record,urn:osse-11:record:9:1,urn:osse-11:dataelement:35:1,X_223_9_35,False,False,4,record_resolved
223_3_Biobank sample collection,223,3,Biobank sample collection,record,urn:osse-11:record:9:1,urn:osse-11:dataelement:37:1,X_223_9_37,False,False,4,record_resolved
223_3_Biobank sample collection,223,3,Biobank sample collection,record,urn:osse-11:record:9:1,urn:osse-11:dataelement:36:1,X_223_9_36,False,False,4,record_resolved
223_3_Biobank sample collection,223,3,Biobank sample collection,record,urn:osse-11:record:10:1,urn:osse-11:dataelement:38:1,X_223_10_38,False,False,5,record_resolved
223_3_Biobank sample collection,223,3,Biobank sample collection,record,urn:osse-11:record:10:1,urn:osse-11:dataelement:29:1,X_223_10_29,False,False,5,record_resolved
