form_key;form_id;form_version;form_label;urn;type;element_label;mandatory;repeatable;position
230_9_Physical examination;230;9;Physical examination;urn:osse-11:dataelement:232:1;dataelement;Physical examination date;True;False;0
230_9_Physical examination;230;9;Physical examination;urn:osse-11:dataelement:233:1;dataelement;Race;True;False;1
230_9_Physical examination;230;9;Physical examination;urn:osse-11:dataelement:349:1;dataelement;Weight (Kg);False;False;2
230_9_Physical examination;230;9;Physical examination;urn:osse-11:dataelement:350:1;dataelement;Height (cm);False;False;3
230_9_Physical examination;230;9;Physical examination;urn:osse-11:dataelement:236:1;dataelement;BMI;False;False;4
230_9_Physical examination;230;9;Physical examination;urn:osse-11:dataelement:237:1;dataelement;Flapping tremor;False;False;5
230_9_Physical examination;230;9;Physical examination;urn:osse-11:dataelement:67:1;dataelement;Systolic Blood Pressure;False;False;6
230_9_Physical examination;230;9;Physical examination;urn:osse-11:dataelement:68:1;dataelement;Diastolic Blood Pressure;False;False;7
230_9_Physical examination;230;9;Physical examination;urn:osse-11:dataelement:69:1;dataelement;Mean Arterial Pressure ;False;False;8
230_9_Physical examination;230;9;Physical examination;urn:osse-11:dataelement:238:1;dataelement;Heart rate;False;False;9
230_9_Physical examination;230;9;Physical examination;urn:osse-11:dataelement:239:1;dataelement;Temperature;False;False;10
230_9_Physical examination;230;9;Physical examination;urn:osse-11:dataelement:240:1;dataelement;Respiratory rate;False;False;11
230_9_Physical examination;230;9;Physical examination;urn:osse-11:dataelement:73:1;dataelement;SpO2;False;False;12
230_9_Physical examination;230;9;Physical examination;urn:osse-11:dataelement:74:1;dataelement;Supplemental oxygen (including mechanical ventilation);False;False;13
230_9_Physical examination;230;9;Physical examination;urn:osse-11:dataelement:75:1;dataelement;FiO2;False;False;14
230_9_Physical examination;230;9;Physical examination;urn:osse-11:dataelement:76:1;dataelement;If Supplemental oxygen is yes;False;False;15
230_9_Physical examination;230;9;Physical examination;urn:osse-11:dataelement:77:1;dataelement;If Delivery Device-Type of Delivery device;False;False;16
230_9_Physical examination;230;9;Physical examination;urn:osse-11:dataelement:78:1;dataelement;If “Nasal catheter”- Flow (liters of O2/min):;False;False;17
230_9_Physical examination;230;9;Physical examination;urn:osse-11:dataelement:80:1;dataelement; If “Simple oxygen mask”- Flow (liters of O2/min);False;False;18
230_9_Physical examination;230;9;Physical examination;urn:osse-11:dataelement:81:1;dataelement;If “Monaghan mask (reservoir)”- Flow (liters of O2/min);False;False;19
230_9_Physical examination;230;9;Physical examination;urn:osse-11:dataelement:82:1;dataelement;If “Venturi mask”- Flow (liters of O2/min);False;False;20
230_9_Physical examination;230;9;Physical examination;urn:osse-11:dataelement:83:1;dataelement;If “High-flow nasal cannula”- Flow (liters of O2/min);False;False;21
230_9_Physical examination;230;9;Physical examination;urn:osse-11:dataelement:79:1;dataelement;FiO2;False;False;22
230_9_Physical examination;230;9;Physical examination;urn:osse-11:dataelement:84:1;dataelement;If Mechanical ventilation-Reason for mechanical ventilation;False;False;23
230_9_Physical examination;230;9;Physical examination;urn:osse-11:dataelement:85:1;dataelement;Type of mechanical ventilation;False;False;24
228_8_Data at visit;228;8;Data at visit;urn:osse-11:record:47:1;record;Visit Date;False;False;0
228_8_Data at visit;228;8;Data at visit;urn:osse-11:dataelement:203:1;dataelement;Alcohol consumption since last visit;False;False;2
228_8_Data at visit;228;8;Data at visit;urn:osse-11:dataelement:109:1;dataelement;Type of alcohol consumption;False;False;3
228_8_Data at visit;228;8;Data at visit;urn:osse-11:dataelement:355:1;dataelement;Average number of drinks per week;False;False;4
228_8_Data at visit;228;8;Data at visit;urn:osse-11:dataelement:111:1;dataelement;Most common drink consumed;False;False;5
228_8_Data at visit;228;8;Data at visit;urn:osse-11:dataelement:374:1;dataelement;Hospitalization?;False;False;7
228_8_Data at visit;228;8;Data at visit;urn:osse-11:dataelement:204:1;dataelement;Origin at the time of hospital admission;True;False;8
228_8_Data at visit;228;8;Data at visit;urn:osse-11:dataelement:205:1;dataelement;Site of hospital admission;True;False;9
228_8_Data at visit;228;8;Data at visit;urn:osse-11:dataelement:206:1;dataelement;Reason(s) for hospital admission;True;False;10
228_8_Data at visit;228;8;Data at visit;urn:osse-11:dataelement:346:1;dataelement;If other, please specify;False;False;11
228_8_Data at visit;228;8;Data at visit;urn:osse-11:dataelement:207:1;dataelement;Main reason for hospital admission;True;False;12
228_9_Data at visit;228;9;Data at visit;urn:osse-11:record:47:1;record;Visit Date;False;False;0
228_9_Data at visit;228;9;Data at visit;urn:osse-11:dataelement:203:1;dataelement;Alcohol consumption since last visit;False;False;2
228_9_Data at visit;228;9;Data at visit;urn:osse-11:dataelement:109:1;dataelement;Type of alcohol consumption;False;False;3
228_9_Data at visit;228;9;Data at visit;urn:osse-11:dataelement:355:1;dataelement;Average number of drinks per week;False;False;4
228_9_Data at visit;228;9;Data at visit;urn:osse-11:dataelement:111:1;dataelement;Most common drink consumed;False;False;5
228_9_Data at visit;228;9;Data at visit;urn:osse-11:dataelement:374:1;dataelement;Hospitalization?;False;False;7
228_9_Data at visit;228;9;Data at visit;urn:osse-11:dataelement:204:1;dataelement;Origin at the time of hospital admission;True;False;8
228_9_Data at visit;228;9;Data at visit;urn:osse-11:dataelement:205:1;dataelement;Site of hospital admission;True;False;9
228_9_Data at visit;228;9;Data at visit;urn:osse-11:dataelement:206:1;dataelement;Reason(s) for hospital admission;True;False;10
228_9_Data at visit;228;9;Data at visit;urn:osse-11:dataelement:346:1;dataelement;If other, please specify;False;False;11
228_9_Data at visit;228;9;Data at visit;urn:osse-11:dataelement:207:1;dataelement;Main reason for hospital admission;True;False;12
236_2_Status;236;2;Status;urn:osse-11:dataelement:8:1;dataelement;Status;False;False;0
236_2_Status;236;2;Status;urn:osse-11:dataelement:338:1;dataelement;Patient's vital status;True;False;1
236_2_Status;236;2;Status;urn:osse-11:dataelement:339:1;dataelement;Date of Death;False;False;3
236_2_Status;236;2;Status;urn:osse-11:dataelement:340:1;dataelement;In-hospital death;False;False;4
236_2_Status;236;2;Status;urn:osse-11:dataelement:341:1;dataelement;Cause(s) of death;False;False;5
236_2_Status;236;2;Status;urn:osse-11:dataelement:342:1;dataelement;Other cause of death specification:;False;False;7
236_2_Status;236;2;Status;urn:osse-11:dataelement:343:1;dataelement;Liver transplantation since last contact;True;False;9
236_2_Status;236;2;Status;urn:osse-11:dataelement:344:1;dataelement;Date of liver transplantation;False;False;10
231_12_Laboratory data 1;231;12;Laboratory data 1;urn:osse-11:dataelement:241:1;dataelement;Has blood analysis been performed?;True;False;0
231_12_Laboratory data 1;231;12;Laboratory data 1;urn:osse-11:dataelement:242:1;dataelement;Date of Collection;False;False;1
231_12_Laboratory data 1;231;12;Laboratory data 1;urn:osse-11:dataelement:348:1;dataelement;Hemoglobin;False;False;4
231_12_Laboratory data 1;231;12;Laboratory data 1;urn:osse-11:dataelement:244:1;dataelement;Hematocrit;False;False;5
231_12_Laboratory data 1;231;12;Laboratory data 1;urn:osse-11:dataelement:245:1;dataelement;Leucocyte (Absolute);False;False;6
231_12_Laboratory data 1;231;12;Laboratory data 1;urn:osse-11:dataelement:246:1;dataelement;Leucocytes (%);False;False;7
231_12_Laboratory data 1;231;12;Laboratory data 1;urn:osse-11:dataelement:247:1;dataelement;Lymphocytes;False;False;8
231_12_Laboratory data 1;231;12;Laboratory data 1;urn:osse-11:dataelement:248:1;dataelement;Lymphocytes (%);False;False;9
231_12_Laboratory data 1;231;12;Laboratory data 1;urn:osse-11:dataelement:249:1;dataelement;Monocytes (Absolute);False;False;10
231_12_Laboratory data 1;231;12;Laboratory data 1;urn:osse-11:dataelement:250:1;dataelement;Monocytes (%);False;False;11
231_12_Laboratory data 1;231;12;Laboratory data 1;urn:osse-11:dataelement:251:1;dataelement;Neutrophils (Absolute);False;False;12
231_12_Laboratory data 1;231;12;Laboratory data 1;urn:osse-11:dataelement:252:1;dataelement;Immature neutrophils (%);False;False;13
231_12_Laboratory data 1;231;12;Laboratory data 1;urn:osse-11:dataelement:253:1;dataelement;Platelet count;False;False;14
231_12_Laboratory data 1;231;12;Laboratory data 1;urn:osse-11:dataelement:254:1;dataelement;Prothrombin time;False;False;15
231_12_Laboratory data 1;231;12;Laboratory data 1;urn:osse-11:dataelement:255:1;dataelement;Control prothrombin time;False;False;16
231_12_Laboratory data 1;231;12;Laboratory data 1;urn:osse-11:dataelement:256:1;dataelement;INR;False;False;17
231_12_Laboratory data 1;231;12;Laboratory data 1;urn:osse-11:dataelement:357:1;dataelement;Quick (%);False;False;18
231_12_Laboratory data 1;231;12;Laboratory data 1;urn:osse-11:dataelement:258:1;dataelement;ISI;False;False;19
231_12_Laboratory data 1;231;12;Laboratory data 1;urn:osse-11:dataelement:347:1;dataelement;Albumin;False;False;21
231_12_Laboratory data 1;231;12;Laboratory data 1;urn:osse-11:dataelement:260:1;dataelement;AST;False;False;22
231_12_Laboratory data 1;231;12;Laboratory data 1;urn:osse-11:dataelement:375:1;dataelement;ALT;False;False;23
231_12_Laboratory data 1;231;12;Laboratory data 1;urn:osse-11:dataelement:262:1;dataelement;Alkaline phosphatase;False;False;24
231_12_Laboratory data 1;231;12;Laboratory data 1;urn:osse-11:dataelement:263:1;dataelement;GGT;False;False;25
231_12_Laboratory data 1;231;12;Laboratory data 1;urn:osse-11:dataelement:264:1;dataelement;Total Bilirubin;False;False;26
231_12_Laboratory data 1;231;12;Laboratory data 1;urn:osse-11:dataelement:265:1;dataelement;Creatinine;False;False;27
231_12_Laboratory data 1;231;12;Laboratory data 1;urn:osse-11:dataelement:266:1;dataelement;Sodium;False;False;28
231_12_Laboratory data 1;231;12;Laboratory data 1;urn:osse-11:dataelement:267:1;dataelement;Potassium;False;False;29
231_12_Laboratory data 1;231;12;Laboratory data 1;urn:osse-11:dataelement:268:1;dataelement;Glucose;False;False;30
231_12_Laboratory data 1;231;12;Laboratory data 1;urn:osse-11:dataelement:269:1;dataelement;Total cholesterol;False;False;31
231_12_Laboratory data 1;231;12;Laboratory data 1;urn:osse-11:dataelement:270:1;dataelement;HDL-Cholesterol;False;False;32
231_12_Laboratory data 1;231;12;Laboratory data 1;urn:osse-11:dataelement:271:1;dataelement;LDL-Cholesterol;False;False;33
231_12_Laboratory data 1;231;12;Laboratory data 1;urn:osse-11:dataelement:272:1;dataelement;Triglycerides;False;False;34
231_12_Laboratory data 1;231;12;Laboratory data 1;urn:osse-11:dataelement:273:1;dataelement;C-reactive protein (CRP);False;False;35
231_12_Laboratory data 1;231;12;Laboratory data 1;urn:osse-11:dataelement:274:1;dataelement;Has urine analysis been performed?;False;False;37
231_12_Laboratory data 1;231;12;Laboratory data 1;urn:osse-11:dataelement:275:1;dataelement;Date of Collection;False;False;38
231_12_Laboratory data 1;231;12;Laboratory data 1;urn:osse-11:dataelement:276:1;dataelement;Leukocytes reagent strip result;False;False;40
231_12_Laboratory data 1;231;12;Laboratory data 1;urn:osse-11:dataelement:277:1;dataelement;Urine Albumin;False;False;41
231_12_Laboratory data 1;231;12;Laboratory data 1;urn:osse-11:dataelement:278:1;dataelement;Leukocytes per field;False;False;42
153_1_ACLF alpha;153;1;ACLF alpha;urn:osse-11:dataelement:2:1;dataelement;Male;True;False;1
153_2_ACLF alpha;153;2;ACLF alpha;urn:osse-11:dataelement:2:1;dataelement;Male;False;False;1
153_3_ACLF alpha;153;3;ACLF alpha;urn:osse-11:dataelement:2:1;dataelement;Male;True;False;1
153_5_ACLF alpha;153;5;ACLF alpha;urn:osse-11:dataelement:2:1;dataelement;Male;False;False;1
222_1_Screen visit;222;1;Screen visit;urn:osse-11:dataelement:42:1;dataelement;Center;True;False;1
222_1_Screen visit;222;1;Screen visit;urn:osse-11:dataelement:43:1;dataelement;Patient ID;True;False;2
222_1_Screen visit;222;1;Screen visit;urn:osse-11:dataelement:46:1;dataelement;Inclusion criteria;True;False;3
222_1_Screen visit;222;1;Screen visit;urn:osse-11:dataelement:45:1;dataelement;Exclusion criteria;False;False;4
222_1_Screen visit;222;1;Screen visit;urn:osse-11:record:15:1;record;Informed Consents;True;False;5
222_2_Screen visit;222;2;Screen visit;urn:osse-11:dataelement:42:1;dataelement;Center;True;False;1
222_2_Screen visit;222;2;Screen visit;urn:osse-11:dataelement:43:1;dataelement;Patient ID;True;False;2
222_2_Screen visit;222;2;Screen visit;urn:osse-11:dataelement:46:1;dataelement;Inclusion criteria;True;False;3
222_2_Screen visit;222;2;Screen visit;urn:osse-11:dataelement:45:1;dataelement;Exclusion criteria;False;False;4
222_2_Screen visit;222;2;Screen visit;urn:osse-11:record:15:1;record;Informed Consents;True;False;5
223_1_Biobank sample collection;223;1;Biobank sample collection;urn:osse-11:record:2:2;record;Blood sample collection information;False;False;1
223_1_Biobank sample collection;223;1;Biobank sample collection;urn:osse-11:record:3:1;record;Serum sample collection information;False;False;2
223_1_Biobank sample collection;223;1;Biobank sample collection;urn:osse-11:record:4:1;record;Plasma samples collection information;False;False;3
223_1_Biobank sample collection;223;1;Biobank sample collection;urn:osse-11:record:5:1;record;CPT tube collection information (PBMC);False;False;4
223_1_Biobank sample collection;223;1;Biobank sample collection;urn:osse-11:record:6:1;record;Tempus tube collection (Blood RNA) information;False;False;5
223_1_Biobank sample collection;223;1;Biobank sample collection;urn:osse-11:record:7:1;record;Urine sample collection information;False;False;6
223_1_Biobank sample collection;223;1;Biobank sample collection;urn:osse-11:record:8:1;record;Ascitic fluid sample collection information;False;False;7
223_1_Biobank sample collection;223;1;Biobank sample collection;urn:osse-11:record:9:1;record;Stool sample collection information;False;False;8
223_1_Biobank sample collection;223;1;Biobank sample collection;urn:osse-11:dataelement:8:1;dataelement;Status;False;False;9
222_3_Screen data;222;3;Screen data;urn:osse-11:dataelement:42:1;dataelement;Center;True;False;1
222_3_Screen data;222;3;Screen data;urn:osse-11:dataelement:43:1;dataelement;Patient ID;True;False;2
222_3_Screen data;222;3;Screen data;urn:osse-11:dataelement:46:1;dataelement;Inclusion criteria;True;False;3
222_3_Screen data;222;3;Screen data;urn:osse-11:dataelement:45:1;dataelement;Exclusion criteria;False;False;4
222_3_Screen data;222;3;Screen data;urn:osse-11:dataelement:47:1;dataelement;Informed consent signed:;True;False;6
222_3_Screen data;222;3;Screen data;urn:osse-11:dataelement:51:1;dataelement;Date of informed consent signature by surrogate:;True;False;7
222_3_Screen data;222;3;Screen data;urn:osse-11:dataelement:49:1;dataelement;Informed consent permission granted:;True;False;8
222_3_Screen data;222;3;Screen data;urn:osse-11:dataelement:50:1;dataelement;If Informed consent is signed by surrogate:;False;False;9
222_3_Screen data;222;3;Screen data;urn:osse-11:dataelement:52:1;dataelement;If by surrogate: Informed consent permission granted:;False;False;10
224_1_ACLF evaluation;224;1;ACLF evaluation;urn:osse-11:record:16:1;record;Liver failure;False;False;1
224_1_ACLF evaluation;224;1;ACLF evaluation;urn:osse-11:record:17:1;record;Renal failure;False;False;2
224_1_ACLF evaluation;224;1;ACLF evaluation;urn:osse-11:record:18:1;record;Coagulation failure;False;False;3
224_1_ACLF evaluation;224;1;ACLF evaluation;urn:osse-11:dataelement:62:1;dataelement;Cerebral failure;False;False;5
224_1_ACLF evaluation;224;1;ACLF evaluation;urn:osse-11:dataelement:63:1;dataelement;West Haven grade;False;False;6
224_1_ACLF evaluation;224;1;ACLF evaluation;urn:osse-11:record:19:1;record;Circulatory failure;False;False;7
224_1_ACLF evaluation;224;1;ACLF evaluation;urn:osse-11:record:20:1;record;Respiratory failure;False;False;8
224_2_ACLF evaluation;224;2;ACLF evaluation;urn:osse-11:record:16:1;record;Liver failure;False;False;1
224_2_ACLF evaluation;224;2;ACLF evaluation;urn:osse-11:record:17:1;record;Renal failure;False;False;2
224_2_ACLF evaluation;224;2;ACLF evaluation;urn:osse-11:record:18:1;record;Coagulation failure;False;False;3
224_2_ACLF evaluation;224;2;ACLF evaluation;urn:osse-11:dataelement:62:1;dataelement;Cerebral failure;False;False;5
224_2_ACLF evaluation;224;2;ACLF evaluation;urn:osse-11:dataelement:63:1;dataelement;West Haven grade;False;False;6
224_2_ACLF evaluation;224;2;ACLF evaluation;urn:osse-11:record:19:1;record;Circulatory failure;False;False;7
224_2_ACLF evaluation;224;2;ACLF evaluation;urn:osse-11:record:20:1;record;Respiratory failure;False;False;8
224_2_ACLF evaluation;224;2;ACLF evaluation;urn:osse-11:dataelement:88:1;dataelement;CLIF Organ Failure Score;False;False;9
224_2_ACLF evaluation;224;2;ACLF evaluation;urn:osse-11:dataelement:89:1;dataelement;ACLF;False;False;10
224_2_ACLF evaluation;224;2;ACLF evaluation;urn:osse-11:dataelement:90:1;dataelement;ACLF;False;False;11
224_2_ACLF evaluation;224;2;ACLF evaluation;urn:osse-11:dataelement:91:1;dataelement;CLIF-C AD score;False;False;12
225_1_Patient’s information and Medical history;225;1;Patient’s information and Medical history;urn:osse-11:dataelement:55:1;dataelement;Date of birth;True;False;1
225_1_Patient’s information and Medical history;225;1;Patient’s information and Medical history;urn:osse-11:dataelement:92:1;dataelement;Gender;True;False;2
225_1_Patient’s information and Medical history;225;1;Patient’s information and Medical history;urn:osse-11:record:21:1;record;Tobacco consumption;False;False;3
225_1_Patient’s information and Medical history;225;1;Patient’s information and Medical history;urn:osse-11:record:22:1;record;Diagnosis of Cirrhosis;False;False;4
225_1_Patient’s information and Medical history;225;1;Patient’s information and Medical history;urn:osse-11:dataelement:104:1;dataelement;Etiology of cirrhosis;True;False;5
225_1_Patient’s information and Medical history;225;1;Patient’s information and Medical history;urn:osse-11:dataelement:105:1;dataelement;Biopsy proved cirrhosis;True;False;6
225_1_Patient’s information and Medical history;225;1;Patient’s information and Medical history;urn:osse-11:record:23:1;record;Other previous /concomitant medical disease;False;False;7
226_1_Clinical course;226;1;Clinical course;urn:osse-11:dataelement:112:1;dataelement;Time prior to Hospital Study Admission;True;False;1
226_1_Clinical course;226;1;Clinical course;urn:osse-11:record:24:1;record;Alcohol consumption during the period;False;False;2
226_1_Clinical course;226;1;Clinical course;urn:osse-11:dataelement:113:1;dataelement;Any prior decompensation prior to hospital study admission ?;False;False;4
226_1_Clinical course;226;1;Clinical course;urn:osse-11:record:25:1;record;Prior ascites;False;False;5
226_1_Clinical course;226;1;Clinical course;urn:osse-11:record:26:1;record;Prior hepatic encephalopathy;False;False;6
226_1_Clinical course;226;1;Clinical course;urn:osse-11:record:27:1;record;Prior gastrointestinal bleeding;False;False;7
226_1_Clinical course;226;1;Clinical course;urn:osse-11:record:28:1;record;Prior bacterial infections;False;False;8
226_1_Clinical course;226;1;Clinical course;urn:osse-11:record:29:1;record;Prior ACLF;False;False;9
226_1_Clinical course;226;1;Clinical course;urn:osse-11:dataelement:130:1;dataelement;6. Acute alcoholic-steatohepatitis (ASH);False;False;10
226_1_Clinical course;226;1;Clinical course;urn:osse-11:dataelement:131:1;dataelement;7. Acute viral hepatitis superimposed to cirrhosis;False;False;11
226_1_Clinical course;226;1;Clinical course;urn:osse-11:dataelement:132:1;dataelement;8. Suspected drug-induced liver injury;False;False;12
226_1_Clinical course;226;1;Clinical course;urn:osse-11:record:30:1;record;Prior HCC;False;False;13
226_1_Clinical course;226;1;Clinical course;urn:osse-11:dataelement:137:1;dataelement;Other relevant clinical events;False;False;14
226_2_Clinical course;226;2;Clinical course;urn:osse-11:dataelement:112:1;dataelement;Time prior to Hospital Study Admission;True;False;1
226_2_Clinical course;226;2;Clinical course;urn:osse-11:record:24:1;record;Alcohol consumption during the period;False;False;2
226_2_Clinical course;226;2;Clinical course;urn:osse-11:dataelement:113:1;dataelement;Any prior decompensation prior to hospital study admission ?;True;False;4
226_2_Clinical course;226;2;Clinical course;urn:osse-11:record:25:1;record;Prior ascites;True;False;5
226_2_Clinical course;226;2;Clinical course;urn:osse-11:record:26:1;record;Prior hepatic encephalopathy;True;False;6
226_2_Clinical course;226;2;Clinical course;urn:osse-11:record:27:1;record;Prior gastrointestinal bleeding;True;False;7
226_2_Clinical course;226;2;Clinical course;urn:osse-11:record:28:1;record;Prior bacterial infections;True;False;8
226_2_Clinical course;226;2;Clinical course;urn:osse-11:record:29:1;record;Prior ACLF;True;False;9
226_2_Clinical course;226;2;Clinical course;urn:osse-11:dataelement:130:1;dataelement;6. Acute alcoholic-steatohepatitis (ASH);True;False;10
226_2_Clinical course;226;2;Clinical course;urn:osse-11:dataelement:131:1;dataelement;7. Acute viral hepatitis superimposed to cirrhosis;True;False;11
226_2_Clinical course;226;2;Clinical course;urn:osse-11:dataelement:132:1;dataelement;8. Suspected drug-induced liver injury;True;False;12
226_2_Clinical course;226;2;Clinical course;urn:osse-11:record:30:1;record;Prior HCC;False;False;13
226_2_Clinical course;226;2;Clinical course;urn:osse-11:dataelement:137:1;dataelement;Other relevant clinical events;False;False;14
227_1_Previous treatments;227;1;Previous treatments;urn:osse-11:dataelement:112:1;dataelement;Time prior to Hospital Study Admission;True;False;1
227_1_Previous treatments;227;1;Previous treatments;urn:osse-11:record:31:1;record;1. Alcoholic cirrhosis;True;False;3
227_1_Previous treatments;227;1;Previous treatments;urn:osse-11:record:32:1;record;2. Hepatitis C virus antiviral therapy;True;False;4
227_1_Previous treatments;227;1;Previous treatments;urn:osse-11:record:33:1;record;3. Hepatitis B virus antiviral therapy;True;False;5
227_1_Previous treatments;227;1;Previous treatments;urn:osse-11:record:34:1;record;4.NAFLD/NASH;False;False;6
227_1_Previous treatments;227;1;Previous treatments;urn:osse-11:record:35:1;record;5. Autoimmune hepatitis treatment;True;False;7
227_1_Previous treatments;227;1;Previous treatments;urn:osse-11:dataelement:158:1;dataelement;6. Other type of cirrhosis;True;False;8
227_1_Previous treatments;227;1;Previous treatments;urn:osse-11:dataelement:159:1;dataelement;7. Continuous treatment;False;False;9
227_1_Previous treatments;227;1;Previous treatments;urn:osse-11:record:36:1;record;1. Diuretics;True;False;11
227_1_Previous treatments;227;1;Previous treatments;urn:osse-11:dataelement:162:1;dataelement;2. Therapeutic paracentesis;True;False;12
227_1_Previous treatments;227;1;Previous treatments;urn:osse-11:record:37:1;record;3. Beta-blockers;True;False;13
227_1_Previous treatments;227;1;Previous treatments;urn:osse-11:record:38:1;record;4. Intravenous albumin;True;False;14
227_1_Previous treatments;227;1;Previous treatments;urn:osse-11:record:39:1;record;5. Vasopressors;True;False;15
227_1_Previous treatments;227;1;Previous treatments;urn:osse-11:dataelement:169:1;dataelement;6. Renal replacement treatment;True;False;16
227_1_Previous treatments;227;1;Previous treatments;urn:osse-11:dataelement:170:1;dataelement;7. Artificial liver support;True;False;17
227_1_Previous treatments;227;1;Previous treatments;urn:osse-11:dataelement:171:1;dataelement;8. Omeprazol or other PPI;True;False;18
227_1_Previous treatments;227;1;Previous treatments;urn:osse-11:dataelement:172:1;dataelement;9. Endoscopic therapy of bleeding;True;False;19
227_1_Previous treatments;227;1;Previous treatments;urn:osse-11:dataelement:173:1;dataelement;10. Lactulose;True;False;20
227_1_Previous treatments;227;1;Previous treatments;urn:osse-11:dataelement:174:1;dataelement;11. Rifaximin for HE;True;False;21
227_1_Previous treatments;227;1;Previous treatments;urn:osse-11:record:40:1;record;12. TIPS;True;False;22
227_1_Previous treatments;227;1;Previous treatments;urn:osse-11:record:41:1;record;13. Antibiotic prophylaxis;True;False;23
227_1_Previous treatments;227;1;Previous treatments;urn:osse-11:dataelement:180:1;dataelement;14. Antibiotic for infection (nonprophylactic);True;False;24
227_1_Previous treatments;227;1;Previous treatments;urn:osse-11:record:42:1;record;15. Corticosteroids;True;False;25
227_1_Previous treatments;227;1;Previous treatments;urn:osse-11:record:43:1;record;16. Treatments for HCC;True;False;26
227_1_Previous treatments;227;1;Previous treatments;urn:osse-11:dataelement:185:1;dataelement;17. Insulin;True;False;27
227_1_Previous treatments;227;1;Previous treatments;urn:osse-11:record:44:1;record;18. Oral antidiabetics;True;False;28
227_1_Previous treatments;227;1;Previous treatments;urn:osse-11:dataelement:188:1;dataelement;19. Statins;True;False;29
227_1_Previous treatments;227;1;Previous treatments;urn:osse-11:record:45:1;record;20. Non-bariatric surgery;True;False;30
227_1_Previous treatments;227;1;Previous treatments;urn:osse-11:record:46:1;record;21. ICU admission;True;False;31
227_1_Previous treatments;227;1;Previous treatments;urn:osse-11:dataelement:193:1;dataelement;Any drug with potential hepatotoxic effect;True;False;33
227_1_Previous treatments;227;1;Previous treatments;urn:osse-11:dataelement:195:1;dataelement;Drug with potential hepatotoxic effect;False;True;34
227_1_Previous treatments;227;1;Previous treatments;urn:osse-11:dataelement:194:1;dataelement;Any drug with potential adverse effect;True;False;36
227_1_Previous treatments;227;1;Previous treatments;urn:osse-11:dataelement:196:1;dataelement;Drug with potential adverse effect;False;True;37
227_2_Previous treatments;227;2;Previous treatments;urn:osse-11:dataelement:112:1;dataelement;Time prior to Hospital Study Admission;True;False;1
227_2_Previous treatments;227;2;Previous treatments;urn:osse-11:record:31:1;record;1. Alcoholic cirrhosis;True;False;3
227_2_Previous treatments;227;2;Previous treatments;urn:osse-11:record:32:1;record;2. Hepatitis C virus antiviral therapy;True;False;4
227_2_Previous treatments;227;2;Previous treatments;urn:osse-11:record:33:1;record;3. Hepatitis B virus antiviral therapy;True;False;5
227_2_Previous treatments;227;2;Previous treatments;urn:osse-11:record:34:1;record;4.NAFLD/NASH;True;False;6
227_2_Previous treatments;227;2;Previous treatments;urn:osse-11:record:35:1;record;5. Autoimmune hepatitis treatment;True;False;7
227_2_Previous treatments;227;2;Previous treatments;urn:osse-11:dataelement:158:1;dataelement;6. Other type of cirrhosis;True;False;8
227_2_Previous treatments;227;2;Previous treatments;urn:osse-11:dataelement:159:1;dataelement;7. Continuous treatment;True;False;9
227_2_Previous treatments;227;2;Previous treatments;urn:osse-11:record:36:1;record;1. Diuretics;True;False;11
227_2_Previous treatments;227;2;Previous treatments;urn:osse-11:dataelement:162:1;dataelement;2. Therapeutic paracentesis;True;False;12
227_2_Previous treatments;227;2;Previous treatments;urn:osse-11:record:37:1;record;3. Beta-blockers;True;False;13
227_2_Previous treatments;227;2;Previous treatments;urn:osse-11:record:38:1;record;4. Intravenous albumin;True;False;14
227_2_Previous treatments;227;2;Previous treatments;urn:osse-11:record:39:1;record;5. Vasopressors;True;False;15
227_2_Previous treatments;227;2;Previous treatments;urn:osse-11:dataelement:169:1;dataelement;6. Renal replacement treatment;True;False;16
227_2_Previous treatments;227;2;Previous treatments;urn:osse-11:dataelement:170:1;dataelement;7. Artificial liver support;True;False;17
227_2_Previous treatments;227;2;Previous treatments;urn:osse-11:dataelement:171:1;dataelement;8. Omeprazol or other PPI;True;False;18
227_2_Previous treatments;227;2;Previous treatments;urn:osse-11:dataelement:172:1;dataelement;9. Endoscopic therapy of bleeding;True;False;19
227_2_Previous treatments;227;2;Previous treatments;urn:osse-11:dataelement:173:1;dataelement;10. Lactulose;True;False;20
227_2_Previous treatments;227;2;Previous treatments;urn:osse-11:dataelement:174:1;dataelement;11. Rifaximin for HE;True;False;21
227_2_Previous treatments;227;2;Previous treatments;urn:osse-11:record:40:1;record;12. TIPS;True;False;22
227_2_Previous treatments;227;2;Previous treatments;urn:osse-11:record:41:1;record;13. Antibiotic prophylaxis;True;False;23
227_2_Previous treatments;227;2;Previous treatments;urn:osse-11:dataelement:180:1;dataelement;14. Antibiotic for infection (nonprophylactic);True;False;24
227_2_Previous treatments;227;2;Previous treatments;urn:osse-11:record:42:1;record;15. Corticosteroids;True;False;25
227_2_Previous treatments;227;2;Previous treatments;urn:osse-11:record:43:1;record;16. Treatments for HCC;True;False;26
227_2_Previous treatments;227;2;Previous treatments;urn:osse-11:dataelement:185:1;dataelement;17. Insulin;True;False;27
227_2_Previous treatments;227;2;Previous treatments;urn:osse-11:record:44:1;record;18. Oral antidiabetics;True;False;28
227_2_Previous treatments;227;2;Previous treatments;urn:osse-11:dataelement:188:1;dataelement;19. Statins;True;False;29
227_2_Previous treatments;227;2;Previous treatments;urn:osse-11:record:45:1;record;20. Non-bariatric surgery;True;False;30
227_2_Previous treatments;227;2;Previous treatments;urn:osse-11:record:46:1;record;21. ICU admission;True;False;31
227_2_Previous treatments;227;2;Previous treatments;urn:osse-11:dataelement:193:1;dataelement;Any drug with potential hepatotoxic effect;True;False;33
227_2_Previous treatments;227;2;Previous treatments;urn:osse-11:dataelement:195:1;dataelement;Drug with potential hepatotoxic effect;False;True;34
227_2_Previous treatments;227;2;Previous treatments;urn:osse-11:dataelement:194:1;dataelement;Any drug with potential adverse effect;True;False;36
227_2_Previous treatments;227;2;Previous treatments;urn:osse-11:dataelement:196:1;dataelement;Drug with potential adverse effect;False;True;37
228_1_Data at hospital admission/inclusion;228;1;Data at hospital admission/inclusion;urn:osse-11:record:47:1;record;Visit Date;True;False;1
228_1_Data at hospital admission/inclusion;228;1;Data at hospital admission/inclusion;urn:osse-11:record:48:1;record;Alcohol consumption;False;False;2
228_1_Data at hospital admission/inclusion;228;1;Data at hospital admission/inclusion;urn:osse-11:dataelement:204:1;dataelement;Origin at the time of hospital admission;True;False;4
228_1_Data at hospital admission/inclusion;228;1;Data at hospital admission/inclusion;urn:osse-11:dataelement:205:1;dataelement;Site of hospital admission;True;False;5
228_1_Data at hospital admission/inclusion;228;1;Data at hospital admission/inclusion;urn:osse-11:dataelement:206:1;dataelement;Reason(s) for hospital admission;True;False;6
228_1_Data at hospital admission/inclusion;228;1;Data at hospital admission/inclusion;urn:osse-11:dataelement:207:1;dataelement;Main reason for hospital admission;True;False;7
228_2_Data at hospital admission/inclusion;228;2;Data at hospital admission/inclusion;urn:osse-11:record:47:1;record;Visit Date;True;False;1
228_2_Data at hospital admission/inclusion;228;2;Data at hospital admission/inclusion;urn:osse-11:record:48:1;record;Alcohol consumption;False;False;2
228_2_Data at hospital admission/inclusion;228;2;Data at hospital admission/inclusion;urn:osse-11:dataelement:204:1;dataelement;Origin at the time of hospital admission;True;False;4
228_2_Data at hospital admission/inclusion;228;2;Data at hospital admission/inclusion;urn:osse-11:dataelement:205:1;dataelement;Site of hospital admission;True;False;5
228_2_Data at hospital admission/inclusion;228;2;Data at hospital admission/inclusion;urn:osse-11:dataelement:206:1;dataelement;Reason(s) for hospital admission;True;False;6
228_2_Data at hospital admission/inclusion;228;2;Data at hospital admission/inclusion;urn:osse-11:dataelement:207:1;dataelement;Main reason for hospital admission;True;False;7
228_3_Data at visit;228;3;Data at visit;urn:osse-11:record:47:1;record;Visit Date;True;False;1
228_3_Data at visit;228;3;Data at visit;urn:osse-11:record:48:1;record;Alcohol consumption;False;False;2
228_3_Data at visit;228;3;Data at visit;urn:osse-11:dataelement:204:1;dataelement;Origin at the time of hospital admission;True;False;4
228_3_Data at visit;228;3;Data at visit;urn:osse-11:dataelement:205:1;dataelement;Site of hospital admission;True;False;5
228_3_Data at visit;228;3;Data at visit;urn:osse-11:dataelement:206:1;dataelement;Reason(s) for hospital admission;True;False;6
228_3_Data at visit;228;3;Data at visit;urn:osse-11:dataelement:207:1;dataelement;Main reason for hospital admission;True;False;7
229_1_Clinical features;229;1;Clinical features;urn:osse-11:record:49:1;record;1. Ascites;True;False;2
229_1_Clinical features;229;1;Clinical features;urn:osse-11:record:50:1;record;2. Hepatic encephalopathy;True;False;3
229_1_Clinical features;229;1;Clinical features;urn:osse-11:dataelement:122:1;dataelement;3. Gastrointestinal bleeding;True;False;4
229_1_Clinical features;229;1;Clinical features;urn:osse-11:record:51:1;record;4. HVPG: hepatic-venous-pressure-gradient;False;False;5
229_1_Clinical features;229;1;Clinical features;urn:osse-11:record:52:1;record;5. AKI (not caused by GIB);True;False;6
229_1_Clinical features;229;1;Clinical features;urn:osse-11:dataelement:219:1;dataelement;6. Bacterial infections;True;False;7
229_1_Clinical features;229;1;Clinical features;urn:osse-11:dataelement:220:1;dataelement;7. Fungal infection/Colonization;True;False;8
229_1_Clinical features;229;1;Clinical features;urn:osse-11:dataelement:221:1;dataelement;8. Viral infection;True;False;9
229_1_Clinical features;229;1;Clinical features;urn:osse-11:dataelement:222:1;dataelement;Viral infection ;False;True;10
229_1_Clinical features;229;1;Clinical features;urn:osse-11:dataelement:223:1;dataelement;9. Acute alcoholic-steatohepatitis (ASH);True;False;11
229_1_Clinical features;229;1;Clinical features;urn:osse-11:dataelement:224:1;dataelement;10. Acute viral hepatitis superimposed to cirrhosis (suspected/confirmed);True;False;12
229_1_Clinical features;229;1;Clinical features;urn:osse-11:dataelement:225:1;dataelement;11. Suspected drug-induced liver injury;True;False;13
229_1_Clinical features;229;1;Clinical features;urn:osse-11:record:53:1;record;12. Hepatocellular carcinoma;True;False;14
229_1_Clinical features;229;1;Clinical features;urn:osse-11:dataelement:227:1;dataelement;13. Other relevant clinical events;False;False;15
229_1_Clinical features;229;1;Clinical features;urn:osse-11:record:54:1;record;Glasgow Coma Scale;True;False;16
219_1_Visit 1;219;1;Visit 1;urn:osse-11:dataelement:10:1;dataelement;Date;False;False;1
219_1_Visit 1;219;1;Visit 1;urn:osse-11:dataelement:4:1;dataelement;Consent;True;False;2
219_1_Visit 1;219;1;Visit 1;urn:osse-11:record:1:1;record;Laboratory analysis;False;True;3
219_2_Visit 1;219;2;Visit 1;urn:osse-11:dataelement:10:1;dataelement;Date;False;False;1
219_2_Visit 1;219;2;Visit 1;urn:osse-11:dataelement:4:1;dataelement;Consent;True;False;2
219_2_Visit 1;219;2;Visit 1;urn:osse-11:record:1:1;record;Laboratory analysis;False;True;3
230_1_Physical examination;230;1;Physical examination;urn:osse-11:dataelement:232:1;dataelement;Physical examination date;True;False;1
230_1_Physical examination;230;1;Physical examination;urn:osse-11:dataelement:233:1;dataelement;Race;True;False;2
230_1_Physical examination;230;1;Physical examination;urn:osse-11:dataelement:234:1;dataelement;Weight (Kg);True;False;3
230_1_Physical examination;230;1;Physical examination;urn:osse-11:dataelement:235:1;dataelement;Height (cm);True;False;4
230_1_Physical examination;230;1;Physical examination;urn:osse-11:dataelement:236:1;dataelement;BMI;True;False;5
230_1_Physical examination;230;1;Physical examination;urn:osse-11:dataelement:237:1;dataelement;Flapping tremor;True;False;6
230_1_Physical examination;230;1;Physical examination;urn:osse-11:dataelement:67:1;dataelement;Systolic Blood Pressure;True;False;7
230_1_Physical examination;230;1;Physical examination;urn:osse-11:dataelement:67:1;dataelement;Systolic Blood Pressure;True;False;8
230_1_Physical examination;230;1;Physical examination;urn:osse-11:dataelement:69:1;dataelement;Mean Arterial Pressure ;True;False;9
230_1_Physical examination;230;1;Physical examination;urn:osse-11:dataelement:238:1;dataelement;Heart rate;True;False;10
230_1_Physical examination;230;1;Physical examination;urn:osse-11:dataelement:239:1;dataelement;Temperature;True;False;11
230_1_Physical examination;230;1;Physical examination;urn:osse-11:dataelement:240:1;dataelement;Respiratory rate;True;False;12
230_1_Physical examination;230;1;Physical examination;urn:osse-11:dataelement:73:1;dataelement;SpO2;True;False;13
230_1_Physical examination;230;1;Physical examination;urn:osse-11:dataelement:74:1;dataelement;Supplemental oxygen (including mechanical ventilation);True;False;14
230_1_Physical examination;230;1;Physical examination;urn:osse-11:dataelement:75:1;dataelement;FiO2;True;False;15
230_1_Physical examination;230;1;Physical examination;urn:osse-11:dataelement:76:1;dataelement;If Supplemental oxygen is yes;False;False;16
230_1_Physical examination;230;1;Physical examination;urn:osse-11:dataelement:77:1;dataelement;If Delivery Device-Type of Delivery device;False;False;17
230_1_Physical examination;230;1;Physical examination;urn:osse-11:dataelement:78:1;dataelement;If “Nasal catheter”- Flow (liters of O2/min):;False;False;18
230_1_Physical examination;230;1;Physical examination;urn:osse-11:dataelement:80:1;dataelement; If “Simple oxygen mask”- Flow (liters of O2/min);False;False;19
230_1_Physical examination;230;1;Physical examination;urn:osse-11:dataelement:81:1;dataelement;If “Monaghan mask (reservoir)”- Flow (liters of O2/min);False;False;20
230_1_Physical examination;230;1;Physical examination;urn:osse-11:dataelement:82:1;dataelement;If “Venturi mask”- Flow (liters of O2/min);False;False;21
230_1_Physical examination;230;1;Physical examination;urn:osse-11:dataelement:83:1;dataelement;If “High-flow nasal cannula”- Flow (liters of O2/min);False;False;22
230_1_Physical examination;230;1;Physical examination;urn:osse-11:dataelement:84:1;dataelement;If Mechanical ventilation-Reason for mechanical ventilation;False;False;23
230_1_Physical examination;230;1;Physical examination;urn:osse-11:dataelement:85:1;dataelement;Type of mechanical ventilation;False;False;24
230_1_Physical examination;230;1;Physical examination;urn:osse-11:dataelement:79:1;dataelement;FiO2;False;False;25
231_1_LABORATORY 1;231;1;LABORATORY 1;urn:osse-11:dataelement:241:1;dataelement;Has blood analysis been performed?;False;False;1
231_1_LABORATORY 1;231;1;LABORATORY 1;urn:osse-11:dataelement:242:1;dataelement;Date of Collection;False;False;2
231_1_LABORATORY 1;231;1;LABORATORY 1;urn:osse-11:dataelement:243:1;dataelement;Hemoglobin;False;False;5
231_1_LABORATORY 1;231;1;LABORATORY 1;urn:osse-11:dataelement:244:1;dataelement;Hematocrit;False;False;6
231_1_LABORATORY 1;231;1;LABORATORY 1;urn:osse-11:dataelement:245:1;dataelement;Leucocyte (Absolute);False;False;7
231_1_LABORATORY 1;231;1;LABORATORY 1;urn:osse-11:dataelement:246:1;dataelement;Leucocytes (%);False;False;8
231_1_LABORATORY 1;231;1;LABORATORY 1;urn:osse-11:dataelement:247:1;dataelement;Lymphocytes;False;False;9
231_1_LABORATORY 1;231;1;LABORATORY 1;urn:osse-11:dataelement:248:1;dataelement;Lymphocytes (%);False;False;10
231_1_LABORATORY 1;231;1;LABORATORY 1;urn:osse-11:dataelement:249:1;dataelement;Monocytes (Absolute);False;False;11
231_1_LABORATORY 1;231;1;LABORATORY 1;urn:osse-11:dataelement:250:1;dataelement;Monocytes (%);False;False;12
231_1_LABORATORY 1;231;1;LABORATORY 1;urn:osse-11:dataelement:251:1;dataelement;Neutrophils (Absolute);False;False;13
231_1_LABORATORY 1;231;1;LABORATORY 1;urn:osse-11:dataelement:252:1;dataelement;Immature neutrophils (%);False;False;14
231_1_LABORATORY 1;231;1;LABORATORY 1;urn:osse-11:dataelement:253:1;dataelement;Platelet count;False;False;15
231_1_LABORATORY 1;231;1;LABORATORY 1;urn:osse-11:dataelement:254:1;dataelement;Prothrombin time;False;False;16
231_1_LABORATORY 1;231;1;LABORATORY 1;urn:osse-11:dataelement:255:1;dataelement;Control prothrombin time;False;False;17
231_1_LABORATORY 1;231;1;LABORATORY 1;urn:osse-11:dataelement:256:1;dataelement;INR;False;False;18
231_1_LABORATORY 1;231;1;LABORATORY 1;urn:osse-11:dataelement:257:1;dataelement;Quick (%);False;False;19
231_1_LABORATORY 1;231;1;LABORATORY 1;urn:osse-11:dataelement:258:1;dataelement;ISI;False;False;20
231_1_LABORATORY 1;231;1;LABORATORY 1;urn:osse-11:dataelement:259:1;dataelement;Albumin;False;False;22
231_1_LABORATORY 1;231;1;LABORATORY 1;urn:osse-11:dataelement:260:1;dataelement;AST;False;False;23
231_1_LABORATORY 1;231;1;LABORATORY 1;urn:osse-11:dataelement:261:1;dataelement;ALT;False;False;24
231_1_LABORATORY 1;231;1;LABORATORY 1;urn:osse-11:dataelement:262:1;dataelement;Alkaline phosphatase;False;False;25
231_1_LABORATORY 1;231;1;LABORATORY 1;urn:osse-11:dataelement:263:1;dataelement;GGT;False;False;26
231_1_LABORATORY 1;231;1;LABORATORY 1;urn:osse-11:dataelement:264:1;dataelement;Total Bilirubin;False;False;27
231_1_LABORATORY 1;231;1;LABORATORY 1;urn:osse-11:dataelement:265:1;dataelement;Creatinine;False;False;28
231_1_LABORATORY 1;231;1;LABORATORY 1;urn:osse-11:dataelement:266:1;dataelement;Sodium;False;False;29
231_1_LABORATORY 1;231;1;LABORATORY 1;urn:osse-11:dataelement:267:1;dataelement;Potassium;False;False;30
231_1_LABORATORY 1;231;1;LABORATORY 1;urn:osse-11:dataelement:268:1;dataelement;Glucose;False;False;31
231_1_LABORATORY 1;231;1;LABORATORY 1;urn:osse-11:dataelement:269:1;dataelement;Total cholesterol;False;False;32
231_1_LABORATORY 1;231;1;LABORATORY 1;urn:osse-11:dataelement:270:1;dataelement;HDL-Cholesterol;False;False;33
231_1_LABORATORY 1;231;1;LABORATORY 1;urn:osse-11:dataelement:271:1;dataelement;LDL-Cholesterol;False;False;34
231_1_LABORATORY 1;231;1;LABORATORY 1;urn:osse-11:dataelement:272:1;dataelement;Triglycerides;False;False;35
231_1_LABORATORY 1;231;1;LABORATORY 1;urn:osse-11:dataelement:273:1;dataelement;C-reactive protein (CRP);False;False;36
231_1_LABORATORY 1;231;1;LABORATORY 1;urn:osse-11:dataelement:274:1;dataelement;Has urine analysis been performed?;False;False;38
231_1_LABORATORY 1;231;1;LABORATORY 1;urn:osse-11:dataelement:275:1;dataelement;Date of Collection;False;False;39
231_1_LABORATORY 1;231;1;LABORATORY 1;urn:osse-11:dataelement:276:1;dataelement;Leukocytes reagent strip result;False;False;41
231_1_LABORATORY 1;231;1;LABORATORY 1;urn:osse-11:dataelement:277:1;dataelement;Urine Albumin;False;False;42
231_1_LABORATORY 1;231;1;LABORATORY 1;urn:osse-11:dataelement:278:1;dataelement;Leukocytes per field;False;False;43
231_2_LABORATORY 1;231;2;LABORATORY 1;urn:osse-11:dataelement:241:1;dataelement;Has blood analysis been performed?;True;False;1
231_2_LABORATORY 1;231;2;LABORATORY 1;urn:osse-11:dataelement:242:1;dataelement;Date of Collection;False;False;2
231_2_LABORATORY 1;231;2;LABORATORY 1;urn:osse-11:dataelement:243:1;dataelement;Hemoglobin;False;False;5
231_2_LABORATORY 1;231;2;LABORATORY 1;urn:osse-11:dataelement:244:1;dataelement;Hematocrit;False;False;6
231_2_LABORATORY 1;231;2;LABORATORY 1;urn:osse-11:dataelement:245:1;dataelement;Leucocyte (Absolute);False;False;7
231_2_LABORATORY 1;231;2;LABORATORY 1;urn:osse-11:dataelement:246:1;dataelement;Leucocytes (%);False;False;8
231_2_LABORATORY 1;231;2;LABORATORY 1;urn:osse-11:dataelement:247:1;dataelement;Lymphocytes;False;False;9
231_2_LABORATORY 1;231;2;LABORATORY 1;urn:osse-11:dataelement:248:1;dataelement;Lymphocytes (%);False;False;10
231_2_LABORATORY 1;231;2;LABORATORY 1;urn:osse-11:dataelement:249:1;dataelement;Monocytes (Absolute);False;False;11
231_2_LABORATORY 1;231;2;LABORATORY 1;urn:osse-11:dataelement:250:1;dataelement;Monocytes (%);False;False;12
231_2_LABORATORY 1;231;2;LABORATORY 1;urn:osse-11:dataelement:251:1;dataelement;Neutrophils (Absolute);False;False;13
231_2_LABORATORY 1;231;2;LABORATORY 1;urn:osse-11:dataelement:252:1;dataelement;Immature neutrophils (%);False;False;14
231_2_LABORATORY 1;231;2;LABORATORY 1;urn:osse-11:dataelement:253:1;dataelement;Platelet count;False;False;15
231_2_LABORATORY 1;231;2;LABORATORY 1;urn:osse-11:dataelement:254:1;dataelement;Prothrombin time;False;False;16
231_2_LABORATORY 1;231;2;LABORATORY 1;urn:osse-11:dataelement:255:1;dataelement;Control prothrombin time;False;False;17
231_2_LABORATORY 1;231;2;LABORATORY 1;urn:osse-11:dataelement:256:1;dataelement;INR;False;False;18
231_2_LABORATORY 1;231;2;LABORATORY 1;urn:osse-11:dataelement:257:1;dataelement;Quick (%);False;False;19
231_2_LABORATORY 1;231;2;LABORATORY 1;urn:osse-11:dataelement:258:1;dataelement;ISI;False;False;20
231_2_LABORATORY 1;231;2;LABORATORY 1;urn:osse-11:dataelement:259:1;dataelement;Albumin;False;False;22
231_2_LABORATORY 1;231;2;LABORATORY 1;urn:osse-11:dataelement:260:1;dataelement;AST;False;False;23
231_2_LABORATORY 1;231;2;LABORATORY 1;urn:osse-11:dataelement:261:1;dataelement;ALT;False;False;24
231_2_LABORATORY 1;231;2;LABORATORY 1;urn:osse-11:dataelement:262:1;dataelement;Alkaline phosphatase;False;False;25
231_2_LABORATORY 1;231;2;LABORATORY 1;urn:osse-11:dataelement:263:1;dataelement;GGT;False;False;26
231_2_LABORATORY 1;231;2;LABORATORY 1;urn:osse-11:dataelement:264:1;dataelement;Total Bilirubin;False;False;27
231_2_LABORATORY 1;231;2;LABORATORY 1;urn:osse-11:dataelement:265:1;dataelement;Creatinine;False;False;28
231_2_LABORATORY 1;231;2;LABORATORY 1;urn:osse-11:dataelement:266:1;dataelement;Sodium;False;False;29
231_2_LABORATORY 1;231;2;LABORATORY 1;urn:osse-11:dataelement:267:1;dataelement;Potassium;False;False;30
231_2_LABORATORY 1;231;2;LABORATORY 1;urn:osse-11:dataelement:268:1;dataelement;Glucose;False;False;31
231_2_LABORATORY 1;231;2;LABORATORY 1;urn:osse-11:dataelement:269:1;dataelement;Total cholesterol;False;False;32
231_2_LABORATORY 1;231;2;LABORATORY 1;urn:osse-11:dataelement:270:1;dataelement;HDL-Cholesterol;False;False;33
231_2_LABORATORY 1;231;2;LABORATORY 1;urn:osse-11:dataelement:271:1;dataelement;LDL-Cholesterol;False;False;34
231_2_LABORATORY 1;231;2;LABORATORY 1;urn:osse-11:dataelement:272:1;dataelement;Triglycerides;False;False;35
231_2_LABORATORY 1;231;2;LABORATORY 1;urn:osse-11:dataelement:273:1;dataelement;C-reactive protein (CRP);False;False;36
231_2_LABORATORY 1;231;2;LABORATORY 1;urn:osse-11:dataelement:274:1;dataelement;Has urine analysis been performed?;True;False;38
231_2_LABORATORY 1;231;2;LABORATORY 1;urn:osse-11:dataelement:275:1;dataelement;Date of Collection;False;False;39
231_2_LABORATORY 1;231;2;LABORATORY 1;urn:osse-11:dataelement:276:1;dataelement;Leukocytes reagent strip result;False;False;41
231_2_LABORATORY 1;231;2;LABORATORY 1;urn:osse-11:dataelement:277:1;dataelement;Urine Albumin;False;False;42
231_2_LABORATORY 1;231;2;LABORATORY 1;urn:osse-11:dataelement:278:1;dataelement;Leukocytes per field;False;False;43
231_3_Laboratory data 1;231;3;Laboratory data 1;urn:osse-11:dataelement:241:1;dataelement;Has blood analysis been performed?;True;False;1
231_3_Laboratory data 1;231;3;Laboratory data 1;urn:osse-11:dataelement:242:1;dataelement;Date of Collection;False;False;2
231_3_Laboratory data 1;231;3;Laboratory data 1;urn:osse-11:dataelement:243:1;dataelement;Hemoglobin;False;False;5
231_3_Laboratory data 1;231;3;Laboratory data 1;urn:osse-11:dataelement:244:1;dataelement;Hematocrit;False;False;6
231_3_Laboratory data 1;231;3;Laboratory data 1;urn:osse-11:dataelement:245:1;dataelement;Leucocyte (Absolute);False;False;7
231_3_Laboratory data 1;231;3;Laboratory data 1;urn:osse-11:dataelement:246:1;dataelement;Leucocytes (%);False;False;8
231_3_Laboratory data 1;231;3;Laboratory data 1;urn:osse-11:dataelement:247:1;dataelement;Lymphocytes;False;False;9
231_3_Laboratory data 1;231;3;Laboratory data 1;urn:osse-11:dataelement:248:1;dataelement;Lymphocytes (%);False;False;10
231_3_Laboratory data 1;231;3;Laboratory data 1;urn:osse-11:dataelement:249:1;dataelement;Monocytes (Absolute);False;False;11
231_3_Laboratory data 1;231;3;Laboratory data 1;urn:osse-11:dataelement:250:1;dataelement;Monocytes (%);False;False;12
231_3_Laboratory data 1;231;3;Laboratory data 1;urn:osse-11:dataelement:251:1;dataelement;Neutrophils (Absolute);False;False;13
231_3_Laboratory data 1;231;3;Laboratory data 1;urn:osse-11:dataelement:252:1;dataelement;Immature neutrophils (%);False;False;14
231_3_Laboratory data 1;231;3;Laboratory data 1;urn:osse-11:dataelement:253:1;dataelement;Platelet count;False;False;15
231_3_Laboratory data 1;231;3;Laboratory data 1;urn:osse-11:dataelement:254:1;dataelement;Prothrombin time;False;False;16
231_3_Laboratory data 1;231;3;Laboratory data 1;urn:osse-11:dataelement:255:1;dataelement;Control prothrombin time;False;False;17
231_3_Laboratory data 1;231;3;Laboratory data 1;urn:osse-11:dataelement:256:1;dataelement;INR;False;False;18
231_3_Laboratory data 1;231;3;Laboratory data 1;urn:osse-11:dataelement:257:1;dataelement;Quick (%);False;False;19
231_3_Laboratory data 1;231;3;Laboratory data 1;urn:osse-11:dataelement:258:1;dataelement;ISI;False;False;20
231_3_Laboratory data 1;231;3;Laboratory data 1;urn:osse-11:dataelement:259:1;dataelement;Albumin;False;False;22
231_3_Laboratory data 1;231;3;Laboratory data 1;urn:osse-11:dataelement:260:1;dataelement;AST;False;False;23
231_3_Laboratory data 1;231;3;Laboratory data 1;urn:osse-11:dataelement:261:1;dataelement;ALT;False;False;24
231_3_Laboratory data 1;231;3;Laboratory data 1;urn:osse-11:dataelement:262:1;dataelement;Alkaline phosphatase;False;False;25
231_3_Laboratory data 1;231;3;Laboratory data 1;urn:osse-11:dataelement:263:1;dataelement;GGT;False;False;26
231_3_Laboratory data 1;231;3;Laboratory data 1;urn:osse-11:dataelement:264:1;dataelement;Total Bilirubin;False;False;27
231_3_Laboratory data 1;231;3;Laboratory data 1;urn:osse-11:dataelement:265:1;dataelement;Creatinine;False;False;28
231_3_Laboratory data 1;231;3;Laboratory data 1;urn:osse-11:dataelement:266:1;dataelement;Sodium;False;False;29
231_3_Laboratory data 1;231;3;Laboratory data 1;urn:osse-11:dataelement:267:1;dataelement;Potassium;False;False;30
231_3_Laboratory data 1;231;3;Laboratory data 1;urn:osse-11:dataelement:268:1;dataelement;Glucose;False;False;31
231_3_Laboratory data 1;231;3;Laboratory data 1;urn:osse-11:dataelement:269:1;dataelement;Total cholesterol;False;False;32
231_3_Laboratory data 1;231;3;Laboratory data 1;urn:osse-11:dataelement:270:1;dataelement;HDL-Cholesterol;False;False;33
231_3_Laboratory data 1;231;3;Laboratory data 1;urn:osse-11:dataelement:271:1;dataelement;LDL-Cholesterol;False;False;34
231_3_Laboratory data 1;231;3;Laboratory data 1;urn:osse-11:dataelement:272:1;dataelement;Triglycerides;False;False;35
231_3_Laboratory data 1;231;3;Laboratory data 1;urn:osse-11:dataelement:273:1;dataelement;C-reactive protein (CRP);False;False;36
231_3_Laboratory data 1;231;3;Laboratory data 1;urn:osse-11:dataelement:274:1;dataelement;Has urine analysis been performed?;True;False;38
231_3_Laboratory data 1;231;3;Laboratory data 1;urn:osse-11:dataelement:275:1;dataelement;Date of Collection;False;False;39
231_3_Laboratory data 1;231;3;Laboratory data 1;urn:osse-11:dataelement:276:1;dataelement;Leukocytes reagent strip result;False;False;41
231_3_Laboratory data 1;231;3;Laboratory data 1;urn:osse-11:dataelement:277:1;dataelement;Urine Albumin;False;False;42
231_3_Laboratory data 1;231;3;Laboratory data 1;urn:osse-11:dataelement:278:1;dataelement;Leukocytes per field;False;False;43
232_1_Laboratory data 2;232;1;Laboratory data 2;urn:osse-11:dataelement:279:1;dataelement;Has arterial blood sample been collected;True;False;2
232_1_Laboratory data 2;232;1;Laboratory data 2;urn:osse-11:dataelement:280:1;dataelement;Date of arterial blood sample  collection;False;False;3
232_1_Laboratory data 2;232;1;Laboratory data 2;urn:osse-11:dataelement:281:1;dataelement;PHa;False;False;6
232_1_Laboratory data 2;232;1;Laboratory data 2;urn:osse-11:dataelement:282:1;dataelement;PaO2;False;False;7
232_1_Laboratory data 2;232;1;Laboratory data 2;urn:osse-11:dataelement:283:1;dataelement;PaCO2;False;False;8
232_1_Laboratory data 2;232;1;Laboratory data 2;urn:osse-11:dataelement:284:1;dataelement;HCO3a;False;False;9
232_1_Laboratory data 2;232;1;Laboratory data 2;urn:osse-11:dataelement:285:1;dataelement;BEa;False;False;10
232_1_Laboratory data 2;232;1;Laboratory data 2;urn:osse-11:dataelement:286:1;dataelement;PHv;False;False;12
232_1_Laboratory data 2;232;1;Laboratory data 2;urn:osse-11:dataelement:287:1;dataelement;PvO2;False;False;13
232_1_Laboratory data 2;232;1;Laboratory data 2;urn:osse-11:dataelement:288:1;dataelement;PvCO2;False;False;14
232_1_Laboratory data 2;232;1;Laboratory data 2;urn:osse-11:dataelement:289:1;dataelement;HCO3a;False;False;15
232_1_Laboratory data 2;232;1;Laboratory data 2;urn:osse-11:dataelement:290:1;dataelement;BEa;False;False;16
231_4_Laboratory data 1;231;4;Laboratory data 1;urn:osse-11:dataelement:241:1;dataelement;Has blood analysis been performed?;True;False;1
231_4_Laboratory data 1;231;4;Laboratory data 1;urn:osse-11:dataelement:242:1;dataelement;Date of Collection;False;False;2
231_4_Laboratory data 1;231;4;Laboratory data 1;urn:osse-11:dataelement:243:1;dataelement;Hemoglobin;False;False;5
231_4_Laboratory data 1;231;4;Laboratory data 1;urn:osse-11:dataelement:244:1;dataelement;Hematocrit;False;False;6
231_4_Laboratory data 1;231;4;Laboratory data 1;urn:osse-11:dataelement:245:1;dataelement;Leucocyte (Absolute);False;False;7
231_4_Laboratory data 1;231;4;Laboratory data 1;urn:osse-11:dataelement:246:1;dataelement;Leucocytes (%);False;False;8
231_4_Laboratory data 1;231;4;Laboratory data 1;urn:osse-11:dataelement:247:1;dataelement;Lymphocytes;False;False;9
231_4_Laboratory data 1;231;4;Laboratory data 1;urn:osse-11:dataelement:248:1;dataelement;Lymphocytes (%);False;False;10
231_4_Laboratory data 1;231;4;Laboratory data 1;urn:osse-11:dataelement:249:1;dataelement;Monocytes (Absolute);False;False;11
231_4_Laboratory data 1;231;4;Laboratory data 1;urn:osse-11:dataelement:250:1;dataelement;Monocytes (%);False;False;12
231_4_Laboratory data 1;231;4;Laboratory data 1;urn:osse-11:dataelement:251:1;dataelement;Neutrophils (Absolute);False;False;13
231_4_Laboratory data 1;231;4;Laboratory data 1;urn:osse-11:dataelement:252:1;dataelement;Immature neutrophils (%);False;False;14
231_4_Laboratory data 1;231;4;Laboratory data 1;urn:osse-11:dataelement:253:1;dataelement;Platelet count;False;False;15
231_4_Laboratory data 1;231;4;Laboratory data 1;urn:osse-11:dataelement:254:1;dataelement;Prothrombin time;False;False;16
231_4_Laboratory data 1;231;4;Laboratory data 1;urn:osse-11:dataelement:255:1;dataelement;Control prothrombin time;False;False;17
231_4_Laboratory data 1;231;4;Laboratory data 1;urn:osse-11:dataelement:256:1;dataelement;INR;False;False;18
231_4_Laboratory data 1;231;4;Laboratory data 1;urn:osse-11:dataelement:257:1;dataelement;Quick (%);False;False;19
231_4_Laboratory data 1;231;4;Laboratory data 1;urn:osse-11:dataelement:258:1;dataelement;ISI;False;False;20
231_4_Laboratory data 1;231;4;Laboratory data 1;urn:osse-11:dataelement:259:1;dataelement;Albumin;False;False;22
231_4_Laboratory data 1;231;4;Laboratory data 1;urn:osse-11:dataelement:260:1;dataelement;AST;False;False;23
231_4_Laboratory data 1;231;4;Laboratory data 1;urn:osse-11:dataelement:261:1;dataelement;ALT;False;False;24
231_4_Laboratory data 1;231;4;Laboratory data 1;urn:osse-11:dataelement:262:1;dataelement;Alkaline phosphatase;False;False;25
231_4_Laboratory data 1;231;4;Laboratory data 1;urn:osse-11:dataelement:263:1;dataelement;GGT;False;False;26
231_4_Laboratory data 1;231;4;Laboratory data 1;urn:osse-11:dataelement:264:1;dataelement;Total Bilirubin;False;False;27
231_4_Laboratory data 1;231;4;Laboratory data 1;urn:osse-11:dataelement:265:1;dataelement;Creatinine;False;False;28
231_4_Laboratory data 1;231;4;Laboratory data 1;urn:osse-11:dataelement:266:1;dataelement;Sodium;False;False;29
231_4_Laboratory data 1;231;4;Laboratory data 1;urn:osse-11:dataelement:267:1;dataelement;Potassium;False;False;30
231_4_Laboratory data 1;231;4;Laboratory data 1;urn:osse-11:dataelement:268:1;dataelement;Glucose;False;False;31
231_4_Laboratory data 1;231;4;Laboratory data 1;urn:osse-11:dataelement:269:1;dataelement;Total cholesterol;False;False;32
231_4_Laboratory data 1;231;4;Laboratory data 1;urn:osse-11:dataelement:270:1;dataelement;HDL-Cholesterol;False;False;33
231_4_Laboratory data 1;231;4;Laboratory data 1;urn:osse-11:dataelement:271:1;dataelement;LDL-Cholesterol;False;False;34
231_4_Laboratory data 1;231;4;Laboratory data 1;urn:osse-11:dataelement:272:1;dataelement;Triglycerides;False;False;35
231_4_Laboratory data 1;231;4;Laboratory data 1;urn:osse-11:dataelement:273:1;dataelement;C-reactive protein (CRP);False;False;36
231_4_Laboratory data 1;231;4;Laboratory data 1;urn:osse-11:dataelement:274:1;dataelement;Has urine analysis been performed?;True;False;38
231_4_Laboratory data 1;231;4;Laboratory data 1;urn:osse-11:dataelement:275:1;dataelement;Date of Collection;False;False;39
231_4_Laboratory data 1;231;4;Laboratory data 1;urn:osse-11:dataelement:276:1;dataelement;Leukocytes reagent strip result;False;False;41
231_4_Laboratory data 1;231;4;Laboratory data 1;urn:osse-11:dataelement:277:1;dataelement;Urine Albumin;False;False;42
231_4_Laboratory data 1;231;4;Laboratory data 1;urn:osse-11:dataelement:278:1;dataelement;Leukocytes per field;False;False;43
230_2_Physical examination;230;2;Physical examination;urn:osse-11:dataelement:232:1;dataelement;Physical examination date;True;False;1
230_2_Physical examination;230;2;Physical examination;urn:osse-11:dataelement:233:1;dataelement;Race;True;False;2
230_2_Physical examination;230;2;Physical examination;urn:osse-11:dataelement:234:1;dataelement;Weight (Kg);True;False;3
230_2_Physical examination;230;2;Physical examination;urn:osse-11:dataelement:235:1;dataelement;Height (cm);True;False;4
230_2_Physical examination;230;2;Physical examination;urn:osse-11:dataelement:236:1;dataelement;BMI;True;False;5
230_2_Physical examination;230;2;Physical examination;urn:osse-11:dataelement:237:1;dataelement;Flapping tremor;True;False;6
230_2_Physical examination;230;2;Physical examination;urn:osse-11:dataelement:67:1;dataelement;Systolic Blood Pressure;True;False;7
230_2_Physical examination;230;2;Physical examination;urn:osse-11:dataelement:68:1;dataelement;Diastolic Blood Pressure;True;False;8
230_2_Physical examination;230;2;Physical examination;urn:osse-11:dataelement:69:1;dataelement;Mean Arterial Pressure ;True;False;9
230_2_Physical examination;230;2;Physical examination;urn:osse-11:dataelement:238:1;dataelement;Heart rate;True;False;10
230_2_Physical examination;230;2;Physical examination;urn:osse-11:dataelement:239:1;dataelement;Temperature;True;False;11
230_2_Physical examination;230;2;Physical examination;urn:osse-11:dataelement:240:1;dataelement;Respiratory rate;True;False;12
230_2_Physical examination;230;2;Physical examination;urn:osse-11:dataelement:73:1;dataelement;SpO2;True;False;13
230_2_Physical examination;230;2;Physical examination;urn:osse-11:dataelement:74:1;dataelement;Supplemental oxygen (including mechanical ventilation);True;False;14
230_2_Physical examination;230;2;Physical examination;urn:osse-11:dataelement:75:1;dataelement;FiO2;True;False;15
230_2_Physical examination;230;2;Physical examination;urn:osse-11:dataelement:76:1;dataelement;If Supplemental oxygen is yes;False;False;16
230_2_Physical examination;230;2;Physical examination;urn:osse-11:dataelement:77:1;dataelement;If Delivery Device-Type of Delivery device;False;False;17
230_2_Physical examination;230;2;Physical examination;urn:osse-11:dataelement:78:1;dataelement;If “Nasal catheter”- Flow (liters of O2/min):;False;False;18
230_2_Physical examination;230;2;Physical examination;urn:osse-11:dataelement:80:1;dataelement; If “Simple oxygen mask”- Flow (liters of O2/min);False;False;19
230_2_Physical examination;230;2;Physical examination;urn:osse-11:dataelement:81:1;dataelement;If “Monaghan mask (reservoir)”- Flow (liters of O2/min);False;False;20
230_2_Physical examination;230;2;Physical examination;urn:osse-11:dataelement:82:1;dataelement;If “Venturi mask”- Flow (liters of O2/min);False;False;21
230_2_Physical examination;230;2;Physical examination;urn:osse-11:dataelement:83:1;dataelement;If “High-flow nasal cannula”- Flow (liters of O2/min);False;False;22
230_2_Physical examination;230;2;Physical examination;urn:osse-11:dataelement:84:1;dataelement;If Mechanical ventilation-Reason for mechanical ventilation;False;False;23
230_2_Physical examination;230;2;Physical examination;urn:osse-11:dataelement:85:1;dataelement;Type of mechanical ventilation;False;False;24
230_2_Physical examination;230;2;Physical examination;urn:osse-11:dataelement:79:1;dataelement;FiO2;False;False;25
233_1_Treatment;233;1;Treatment;urn:osse-11:record:31:1;record;1. Alcoholic cirrhosis;True;False;2
233_1_Treatment;233;1;Treatment;urn:osse-11:record:32:1;record;2. Hepatitis C virus antiviral therapy;True;False;3
233_1_Treatment;233;1;Treatment;urn:osse-11:record:33:1;record;3. Hepatitis B virus antiviral therapy;False;False;4
233_1_Treatment;233;1;Treatment;urn:osse-11:record:34:1;record;4.NAFLD/NASH;False;False;5
233_1_Treatment;233;1;Treatment;urn:osse-11:record:35:1;record;5. Autoimmune hepatitis treatment;False;False;6
233_1_Treatment;233;1;Treatment;urn:osse-11:dataelement:158:1;dataelement;6. Other type of cirrhosis;False;False;7
233_1_Treatment;233;1;Treatment;urn:osse-11:dataelement:159:1;dataelement;7. Continuous treatment;False;False;8
233_1_Treatment;233;1;Treatment;urn:osse-11:record:36:1;record;1. Diuretics;True;False;10
233_1_Treatment;233;1;Treatment;urn:osse-11:dataelement:162:1;dataelement;2. Therapeutic paracentesis;True;False;11
233_1_Treatment;233;1;Treatment;urn:osse-11:record:55:1;record;3. Beta-blockers;True;False;12
233_1_Treatment;233;1;Treatment;urn:osse-11:record:38:1;record;4. Intravenous albumin;True;False;13
233_1_Treatment;233;1;Treatment;urn:osse-11:record:39:1;record;5. Vasopressors;True;False;14
233_1_Treatment;233;1;Treatment;urn:osse-11:dataelement:293:1;dataelement;#1: Complete Vasopressor table (General forms);False;True;15
233_1_Treatment;233;1;Treatment;urn:osse-11:dataelement:169:1;dataelement;6. Renal replacement treatment;True;False;16
233_1_Treatment;233;1;Treatment;urn:osse-11:dataelement:294:1;dataelement;#1: Complete Renal Replacement Therapy table (General forms);False;True;17
233_1_Treatment;233;1;Treatment;urn:osse-11:dataelement:170:1;dataelement;7. Artificial liver support;True;False;18
233_1_Treatment;233;1;Treatment;urn:osse-11:dataelement:171:1;dataelement;8. Omeprazol or other PPI;True;False;19
233_1_Treatment;233;1;Treatment;urn:osse-11:dataelement:172:1;dataelement;9. Endoscopic therapy of bleeding;True;False;20
233_1_Treatment;233;1;Treatment;urn:osse-11:dataelement:173:1;dataelement;10. Lactulose;True;False;21
233_1_Treatment;233;1;Treatment;urn:osse-11:dataelement:174:1;dataelement;11. Rifaximin for HE;True;False;22
233_1_Treatment;233;1;Treatment;urn:osse-11:record:40:1;record;12. TIPS;True;False;23
233_1_Treatment;233;1;Treatment;urn:osse-11:record:41:1;record;13. Antibiotic prophylaxis;True;False;24
233_1_Treatment;233;1;Treatment;urn:osse-11:dataelement:180:1;dataelement;14. Antibiotic for infection (nonprophylactic);True;False;25
233_1_Treatment;233;1;Treatment;urn:osse-11:dataelement:295:1;dataelement;#1: Complete Antibiotic table (General forms);False;True;26
233_1_Treatment;233;1;Treatment;urn:osse-11:record:42:1;record;15. Corticosteroids;True;False;27
233_1_Treatment;233;1;Treatment;urn:osse-11:record:43:1;record;16. Treatments for HCC;True;False;28
233_1_Treatment;233;1;Treatment;urn:osse-11:dataelement:185:1;dataelement;17. Insulin;True;False;29
233_1_Treatment;233;1;Treatment;urn:osse-11:record:44:1;record;18. Oral antidiabetics;True;False;30
233_1_Treatment;233;1;Treatment;urn:osse-11:dataelement:188:1;dataelement;19. Statins;True;False;31
233_1_Treatment;233;1;Treatment;urn:osse-11:record:45:1;record;20. Non-bariatric surgery;True;False;32
233_1_Treatment;233;1;Treatment;urn:osse-11:dataelement:191:1;dataelement;ICU admission;True;False;34
233_1_Treatment;233;1;Treatment;urn:osse-11:dataelement:296:1;dataelement;ICU admission date:;False;False;35
233_1_Treatment;233;1;Treatment;urn:osse-11:dataelement:193:1;dataelement;Any drug with potential hepatotoxic effect;True;False;37
233_1_Treatment;233;1;Treatment;urn:osse-11:dataelement:195:1;dataelement;Drug with potential hepatotoxic effect;False;True;38
233_1_Treatment;233;1;Treatment;urn:osse-11:dataelement:194:1;dataelement;Any drug with potential adverse effect;True;False;40
233_1_Treatment;233;1;Treatment;urn:osse-11:dataelement:196:1;dataelement;Drug with potential adverse effect;False;True;41
233_2_Treatment;233;2;Treatment;urn:osse-11:record:31:1;record;1. Alcoholic cirrhosis;True;False;2
233_2_Treatment;233;2;Treatment;urn:osse-11:record:32:1;record;2. Hepatitis C virus antiviral therapy;True;False;3
233_2_Treatment;233;2;Treatment;urn:osse-11:record:33:1;record;3. Hepatitis B virus antiviral therapy;False;False;4
233_2_Treatment;233;2;Treatment;urn:osse-11:record:34:1;record;4.NAFLD/NASH;False;False;5
233_2_Treatment;233;2;Treatment;urn:osse-11:record:35:1;record;5. Autoimmune hepatitis treatment;False;False;6
233_2_Treatment;233;2;Treatment;urn:osse-11:dataelement:158:1;dataelement;6. Other type of cirrhosis;False;False;7
233_2_Treatment;233;2;Treatment;urn:osse-11:dataelement:159:1;dataelement;7. Continuous treatment;False;False;8
233_2_Treatment;233;2;Treatment;urn:osse-11:record:36:1;record;1. Diuretics;True;False;10
233_2_Treatment;233;2;Treatment;urn:osse-11:dataelement:162:1;dataelement;2. Therapeutic paracentesis;True;False;11
233_2_Treatment;233;2;Treatment;urn:osse-11:record:55:1;record;3. Beta-blockers;True;False;12
233_2_Treatment;233;2;Treatment;urn:osse-11:record:38:1;record;4. Intravenous albumin;True;False;13
233_2_Treatment;233;2;Treatment;urn:osse-11:record:39:1;record;5. Vasopressors;True;False;14
233_2_Treatment;233;2;Treatment;urn:osse-11:dataelement:293:1;dataelement;#1: Complete Vasopressor table (General forms);False;True;15
233_2_Treatment;233;2;Treatment;urn:osse-11:dataelement:169:1;dataelement;6. Renal replacement treatment;True;False;16
233_2_Treatment;233;2;Treatment;urn:osse-11:dataelement:294:1;dataelement;#1: Complete Renal Replacement Therapy table (General forms);False;True;17
233_2_Treatment;233;2;Treatment;urn:osse-11:dataelement:170:1;dataelement;7. Artificial liver support;True;False;18
233_2_Treatment;233;2;Treatment;urn:osse-11:dataelement:171:1;dataelement;8. Omeprazol or other PPI;True;False;19
233_2_Treatment;233;2;Treatment;urn:osse-11:dataelement:172:1;dataelement;9. Endoscopic therapy of bleeding;True;False;20
233_2_Treatment;233;2;Treatment;urn:osse-11:dataelement:173:1;dataelement;10. Lactulose;True;False;21
233_2_Treatment;233;2;Treatment;urn:osse-11:dataelement:174:1;dataelement;11. Rifaximin for HE;True;False;22
233_2_Treatment;233;2;Treatment;urn:osse-11:record:40:1;record;12. TIPS;True;False;23
233_2_Treatment;233;2;Treatment;urn:osse-11:record:41:1;record;13. Antibiotic prophylaxis;True;False;24
233_2_Treatment;233;2;Treatment;urn:osse-11:dataelement:180:1;dataelement;14. Antibiotic for infection (nonprophylactic);True;False;25
233_2_Treatment;233;2;Treatment;urn:osse-11:dataelement:295:1;dataelement;#1: Complete Antibiotic table (General forms);False;True;26
233_2_Treatment;233;2;Treatment;urn:osse-11:record:42:1;record;15. Corticosteroids;True;False;27
233_2_Treatment;233;2;Treatment;urn:osse-11:record:43:1;record;16. Treatments for HCC;True;False;28
233_2_Treatment;233;2;Treatment;urn:osse-11:dataelement:185:1;dataelement;17. Insulin;True;False;29
233_2_Treatment;233;2;Treatment;urn:osse-11:record:44:1;record;18. Oral antidiabetics;True;False;30
233_2_Treatment;233;2;Treatment;urn:osse-11:dataelement:188:1;dataelement;19. Statins;True;False;31
233_2_Treatment;233;2;Treatment;urn:osse-11:record:45:1;record;20. Non-bariatric surgery;True;False;32
233_2_Treatment;233;2;Treatment;urn:osse-11:dataelement:191:1;dataelement;ICU admission;True;False;34
233_2_Treatment;233;2;Treatment;urn:osse-11:dataelement:296:1;dataelement;ICU admission date:;False;False;35
233_2_Treatment;233;2;Treatment;urn:osse-11:dataelement:193:1;dataelement;Any drug with potential hepatotoxic effect;True;False;37
233_2_Treatment;233;2;Treatment;urn:osse-11:dataelement:195:1;dataelement;Drug with potential hepatotoxic effect;False;True;38
233_2_Treatment;233;2;Treatment;urn:osse-11:dataelement:194:1;dataelement;Any drug with potential adverse effect;True;False;40
233_2_Treatment;233;2;Treatment;urn:osse-11:dataelement:196:1;dataelement;Drug with potential adverse effect;False;True;41
234_1_Electrocardiogram and Echocardiography;234;1;Electrocardiogram and Echocardiography;urn:osse-11:dataelement:297:1;dataelement;ECG;True;False;2
234_1_Electrocardiogram and Echocardiography;234;1;Electrocardiogram and Echocardiography;urn:osse-11:dataelement:298:1;dataelement;ECG date:;False;False;3
234_1_Electrocardiogram and Echocardiography;234;1;Electrocardiogram and Echocardiography;urn:osse-11:dataelement:299:1;dataelement;ECG sent by email;False;False;4
234_1_Electrocardiogram and Echocardiography;234;1;Electrocardiogram and Echocardiography;urn:osse-11:dataelement:300:1;dataelement;Echocardiography:;True;False;6
234_1_Electrocardiogram and Echocardiography;234;1;Electrocardiogram and Echocardiography;urn:osse-11:dataelement:301:1;dataelement;Echocardiography date;False;False;7
234_1_Electrocardiogram and Echocardiography;234;1;Electrocardiogram and Echocardiography;urn:osse-11:dataelement:302:1;dataelement;HF (1/min):;False;False;8
234_1_Electrocardiogram and Echocardiography;234;1;Electrocardiogram and Echocardiography;urn:osse-11:dataelement:303:1;dataelement;Mitral insufficiency present;False;False;9
234_1_Electrocardiogram and Echocardiography;234;1;Electrocardiogram and Echocardiography;urn:osse-11:dataelement:304:1;dataelement;▪ Severity:;False;False;10
234_1_Electrocardiogram and Echocardiography;234;1;Electrocardiogram and Echocardiography;urn:osse-11:dataelement:305:1;dataelement;Aortic insufficiency present:;False;False;11
234_1_Electrocardiogram and Echocardiography;234;1;Electrocardiogram and Echocardiography;urn:osse-11:dataelement:304:1;dataelement;▪ Severity:;False;False;12
234_1_Electrocardiogram and Echocardiography;234;1;Electrocardiogram and Echocardiography;urn:osse-11:dataelement:306:1;dataelement;Aortic stenosis present:;False;False;13
234_1_Electrocardiogram and Echocardiography;234;1;Electrocardiogram and Echocardiography;urn:osse-11:dataelement:304:1;dataelement;▪ Severity:;False;False;14
234_1_Electrocardiogram and Echocardiography;234;1;Electrocardiogram and Echocardiography;urn:osse-11:dataelement:307:1;dataelement;Tricuspid insufficiency present:;False;False;15
234_1_Electrocardiogram and Echocardiography;234;1;Electrocardiogram and Echocardiography;urn:osse-11:dataelement:304:1;dataelement;▪ Severity:;False;False;16
234_1_Electrocardiogram and Echocardiography;234;1;Electrocardiogram and Echocardiography;urn:osse-11:dataelement:308:1;dataelement;EDV (mL):;False;False;17
234_1_Electrocardiogram and Echocardiography;234;1;Electrocardiogram and Echocardiography;urn:osse-11:dataelement:309:1;dataelement;ESV (mL):;False;False;18
234_1_Electrocardiogram and Echocardiography;234;1;Electrocardiogram and Echocardiography;urn:osse-11:dataelement:310:1;dataelement;E:;False;False;19
234_1_Electrocardiogram and Echocardiography;234;1;Electrocardiogram and Echocardiography;urn:osse-11:dataelement:311:1;dataelement;E’:;False;False;20
234_1_Electrocardiogram and Echocardiography;234;1;Electrocardiogram and Echocardiography;urn:osse-11:dataelement:312:1;dataelement;EF (%):;False;False;21
234_1_Electrocardiogram and Echocardiography;234;1;Electrocardiogram and Echocardiography;urn:osse-11:dataelement:313:1;dataelement;A:;False;False;22
234_1_Electrocardiogram and Echocardiography;234;1;Electrocardiogram and Echocardiography;urn:osse-11:dataelement:314:1;dataelement;A’:;False;False;23
234_1_Electrocardiogram and Echocardiography;234;1;Electrocardiogram and Echocardiography;urn:osse-11:dataelement:315:1;dataelement;E/A:;False;False;24
234_1_Electrocardiogram and Echocardiography;234;1;Electrocardiogram and Echocardiography;urn:osse-11:dataelement:316:1;dataelement;E/E’:;False;False;25
234_1_Electrocardiogram and Echocardiography;234;1;Electrocardiogram and Echocardiography;urn:osse-11:dataelement:317:1;dataelement;Diastolic dysfunction present:;False;False;26
234_1_Electrocardiogram and Echocardiography;234;1;Electrocardiogram and Echocardiography;urn:osse-11:dataelement:304:1;dataelement;▪ Severity:;False;False;27
234_1_Electrocardiogram and Echocardiography;234;1;Electrocardiogram and Echocardiography;urn:osse-11:dataelement:318:1;dataelement;Overall assessment:;False;False;28
234_1_Electrocardiogram and Echocardiography;234;1;Electrocardiogram and Echocardiography;urn:osse-11:dataelement:319:1;dataelement;If abnormal,  ▪ Abnormality specifications:;False;False;29
234_2_Electrocardiogram and Echocardiography;234;2;Electrocardiogram and Echocardiography;urn:osse-11:dataelement:297:1;dataelement;ECG;True;False;2
234_2_Electrocardiogram and Echocardiography;234;2;Electrocardiogram and Echocardiography;urn:osse-11:dataelement:298:1;dataelement;ECG date:;False;False;3
234_2_Electrocardiogram and Echocardiography;234;2;Electrocardiogram and Echocardiography;urn:osse-11:dataelement:299:1;dataelement;ECG sent by email;False;False;4
234_2_Electrocardiogram and Echocardiography;234;2;Electrocardiogram and Echocardiography;urn:osse-11:dataelement:300:1;dataelement;Echocardiography:;True;False;6
234_2_Electrocardiogram and Echocardiography;234;2;Electrocardiogram and Echocardiography;urn:osse-11:dataelement:301:1;dataelement;Echocardiography date;False;False;7
234_2_Electrocardiogram and Echocardiography;234;2;Electrocardiogram and Echocardiography;urn:osse-11:dataelement:302:1;dataelement;HF (1/min):;False;False;8
234_2_Electrocardiogram and Echocardiography;234;2;Electrocardiogram and Echocardiography;urn:osse-11:dataelement:303:1;dataelement;Mitral insufficiency present;False;False;9
234_2_Electrocardiogram and Echocardiography;234;2;Electrocardiogram and Echocardiography;urn:osse-11:dataelement:304:1;dataelement;▪ Severity:;False;False;10
234_2_Electrocardiogram and Echocardiography;234;2;Electrocardiogram and Echocardiography;urn:osse-11:dataelement:305:1;dataelement;Aortic insufficiency present:;False;False;11
234_2_Electrocardiogram and Echocardiography;234;2;Electrocardiogram and Echocardiography;urn:osse-11:dataelement:304:1;dataelement;▪ Severity:;False;False;12
234_2_Electrocardiogram and Echocardiography;234;2;Electrocardiogram and Echocardiography;urn:osse-11:dataelement:306:1;dataelement;Aortic stenosis present:;False;False;13
234_2_Electrocardiogram and Echocardiography;234;2;Electrocardiogram and Echocardiography;urn:osse-11:dataelement:304:1;dataelement;▪ Severity:;False;False;14
234_2_Electrocardiogram and Echocardiography;234;2;Electrocardiogram and Echocardiography;urn:osse-11:dataelement:307:1;dataelement;Tricuspid insufficiency present:;False;False;15
234_2_Electrocardiogram and Echocardiography;234;2;Electrocardiogram and Echocardiography;urn:osse-11:dataelement:304:1;dataelement;▪ Severity:;False;False;16
234_2_Electrocardiogram and Echocardiography;234;2;Electrocardiogram and Echocardiography;urn:osse-11:dataelement:308:1;dataelement;EDV (mL):;False;False;17
234_2_Electrocardiogram and Echocardiography;234;2;Electrocardiogram and Echocardiography;urn:osse-11:dataelement:309:1;dataelement;ESV (mL):;False;False;18
234_2_Electrocardiogram and Echocardiography;234;2;Electrocardiogram and Echocardiography;urn:osse-11:dataelement:310:1;dataelement;E:;False;False;19
234_2_Electrocardiogram and Echocardiography;234;2;Electrocardiogram and Echocardiography;urn:osse-11:dataelement:311:1;dataelement;E’:;False;False;20
234_2_Electrocardiogram and Echocardiography;234;2;Electrocardiogram and Echocardiography;urn:osse-11:dataelement:312:1;dataelement;EF (%):;False;False;21
234_2_Electrocardiogram and Echocardiography;234;2;Electrocardiogram and Echocardiography;urn:osse-11:dataelement:313:1;dataelement;A:;False;False;22
234_2_Electrocardiogram and Echocardiography;234;2;Electrocardiogram and Echocardiography;urn:osse-11:dataelement:314:1;dataelement;A’:;False;False;23
234_2_Electrocardiogram and Echocardiography;234;2;Electrocardiogram and Echocardiography;urn:osse-11:dataelement:315:1;dataelement;E/A:;False;False;24
234_2_Electrocardiogram and Echocardiography;234;2;Electrocardiogram and Echocardiography;urn:osse-11:dataelement:316:1;dataelement;E/E’:;False;False;25
234_2_Electrocardiogram and Echocardiography;234;2;Electrocardiogram and Echocardiography;urn:osse-11:dataelement:317:1;dataelement;Diastolic dysfunction present:;False;False;26
234_2_Electrocardiogram and Echocardiography;234;2;Electrocardiogram and Echocardiography;urn:osse-11:dataelement:304:1;dataelement;▪ Severity:;False;False;27
234_2_Electrocardiogram and Echocardiography;234;2;Electrocardiogram and Echocardiography;urn:osse-11:dataelement:318:1;dataelement;Overall assessment:;False;False;28
234_2_Electrocardiogram and Echocardiography;234;2;Electrocardiogram and Echocardiography;urn:osse-11:dataelement:319:1;dataelement;If abnormal,  ▪ Abnormality specifications:;False;False;29
234_3_Electrocardiogram and Echocardiography;234;3;Electrocardiogram and Echocardiography;urn:osse-11:dataelement:297:1;dataelement;ECG;True;False;2
234_3_Electrocardiogram and Echocardiography;234;3;Electrocardiogram and Echocardiography;urn:osse-11:dataelement:298:1;dataelement;ECG date:;False;False;3
234_3_Electrocardiogram and Echocardiography;234;3;Electrocardiogram and Echocardiography;urn:osse-11:dataelement:299:1;dataelement;ECG sent by email;False;False;4
234_3_Electrocardiogram and Echocardiography;234;3;Electrocardiogram and Echocardiography;urn:osse-11:dataelement:300:1;dataelement;Echocardiography:;True;False;6
234_3_Electrocardiogram and Echocardiography;234;3;Electrocardiogram and Echocardiography;urn:osse-11:dataelement:301:1;dataelement;Echocardiography date;False;False;7
234_3_Electrocardiogram and Echocardiography;234;3;Electrocardiogram and Echocardiography;urn:osse-11:dataelement:302:1;dataelement;HF (1/min):;False;False;8
234_3_Electrocardiogram and Echocardiography;234;3;Electrocardiogram and Echocardiography;urn:osse-11:dataelement:303:1;dataelement;Mitral insufficiency present;False;False;9
234_3_Electrocardiogram and Echocardiography;234;3;Electrocardiogram and Echocardiography;urn:osse-11:dataelement:304:1;dataelement;▪ Severity:;False;False;10
234_3_Electrocardiogram and Echocardiography;234;3;Electrocardiogram and Echocardiography;urn:osse-11:dataelement:305:1;dataelement;Aortic insufficiency present:;False;False;11
234_3_Electrocardiogram and Echocardiography;234;3;Electrocardiogram and Echocardiography;urn:osse-11:dataelement:304:1;dataelement;▪ Severity:;False;False;12
234_3_Electrocardiogram and Echocardiography;234;3;Electrocardiogram and Echocardiography;urn:osse-11:dataelement:306:1;dataelement;Aortic stenosis present:;False;False;13
234_3_Electrocardiogram and Echocardiography;234;3;Electrocardiogram and Echocardiography;urn:osse-11:dataelement:304:1;dataelement;▪ Severity:;False;False;14
234_3_Electrocardiogram and Echocardiography;234;3;Electrocardiogram and Echocardiography;urn:osse-11:dataelement:307:1;dataelement;Tricuspid insufficiency present:;False;False;15
234_3_Electrocardiogram and Echocardiography;234;3;Electrocardiogram and Echocardiography;urn:osse-11:dataelement:304:1;dataelement;▪ Severity:;False;False;16
234_3_Electrocardiogram and Echocardiography;234;3;Electrocardiogram and Echocardiography;urn:osse-11:dataelement:308:1;dataelement;EDV (mL):;False;False;17
234_3_Electrocardiogram and Echocardiography;234;3;Electrocardiogram and Echocardiography;urn:osse-11:dataelement:309:1;dataelement;ESV (mL):;False;False;18
234_3_Electrocardiogram and Echocardiography;234;3;Electrocardiogram and Echocardiography;urn:osse-11:dataelement:310:1;dataelement;E:;False;False;19
234_3_Electrocardiogram and Echocardiography;234;3;Electrocardiogram and Echocardiography;urn:osse-11:dataelement:311:1;dataelement;E’:;False;False;20
234_3_Electrocardiogram and Echocardiography;234;3;Electrocardiogram and Echocardiography;urn:osse-11:dataelement:312:1;dataelement;EF (%):;False;False;21
234_3_Electrocardiogram and Echocardiography;234;3;Electrocardiogram and Echocardiography;urn:osse-11:dataelement:313:1;dataelement;A:;False;False;22
234_3_Electrocardiogram and Echocardiography;234;3;Electrocardiogram and Echocardiography;urn:osse-11:dataelement:314:1;dataelement;A’:;False;False;23
234_3_Electrocardiogram and Echocardiography;234;3;Electrocardiogram and Echocardiography;urn:osse-11:dataelement:315:1;dataelement;E/A:;False;False;24
234_3_Electrocardiogram and Echocardiography;234;3;Electrocardiogram and Echocardiography;urn:osse-11:dataelement:316:1;dataelement;E/E’:;False;False;25
234_3_Electrocardiogram and Echocardiography;234;3;Electrocardiogram and Echocardiography;urn:osse-11:dataelement:317:1;dataelement;Diastolic dysfunction present:;False;False;26
234_3_Electrocardiogram and Echocardiography;234;3;Electrocardiogram and Echocardiography;urn:osse-11:dataelement:304:1;dataelement;▪ Severity:;False;False;27
234_3_Electrocardiogram and Echocardiography;234;3;Electrocardiogram and Echocardiography;urn:osse-11:dataelement:318:1;dataelement;Overall assessment:;False;False;28
234_3_Electrocardiogram and Echocardiography;234;3;Electrocardiogram and Echocardiography;urn:osse-11:dataelement:319:1;dataelement;If abnormal,  ▪ Abnormality specifications:;False;False;29
235_1_Scores;235;1;Scores;urn:osse-11:record:56:1;record;● MELD score;True;False;2
235_1_Scores;235;1;Scores;urn:osse-11:dataelement:320:1;dataelement;MELD score;True;False;3
235_1_Scores;235;1;Scores;urn:osse-11:dataelement:321:1;dataelement;MELDNa score;True;False;4
235_1_Scores;235;1;Scores;urn:osse-11:record:58:1;record;● Child-Pugh score;True;False;6
235_1_Scores;235;1;Scores;urn:osse-11:dataelement:322:1;dataelement;Child-Pugh score;True;False;7
235_1_Scores;235;1;Scores;urn:osse-11:record:59:1;record;● Maddrey's score;False;False;9
235_1_Scores;235;1;Scores;urn:osse-11:dataelement:324:1;dataelement;● Maddrey's score;False;False;10
235_1_Scores;235;1;Scores;urn:osse-11:record:60:1;record;●SIRS;True;False;12
235_1_Scores;235;1;Scores;urn:osse-11:dataelement:328:1;dataelement;# Positive signs of SIRS;True;False;13
235_1_Scores;235;1;Scores;urn:osse-11:dataelement:329:1;dataelement;SIRS;True;False;14
235_1_Scores;235;1;Scores;urn:osse-11:dataelement:55:1;dataelement;Date of birth;False;False;16
235_1_Scores;235;1;Scores;urn:osse-11:dataelement:56:1;dataelement;Inclusion Date;False;False;17
235_1_Scores;235;1;Scores;urn:osse-11:record:61:1;record;Liver;False;False;18
235_1_Scores;235;1;Scores;urn:osse-11:record:62:1;record;Kidney;False;False;19
235_1_Scores;235;1;Scores;urn:osse-11:record:63:1;record;Brain;False;False;20
235_1_Scores;235;1;Scores;urn:osse-11:record:65:1;record;Coagulation;False;False;21
235_1_Scores;235;1;Scores;urn:osse-11:record:64:1;record;Circulation;False;False;22
235_1_Scores;235;1;Scores;urn:osse-11:record:66:1;record;Lung;False;False;23
235_1_Scores;235;1;Scores;urn:osse-11:dataelement:336:1;dataelement;Total number of failures;False;False;24
235_1_Scores;235;1;Scores;urn:osse-11:dataelement:88:1;dataelement;CLIF Organ Failure Score;False;False;25
235_1_Scores;235;1;Scores;urn:osse-11:record:67:1;record;CLIF-C AD score;False;False;27
235_1_Scores;235;1;Scores;urn:osse-11:dataelement:91:1;dataelement;CLIF-C AD score;False;False;28
236_1_Status;236;1;Status;urn:osse-11:dataelement:338:1;dataelement;Patient's vital status;True;False;1
236_1_Status;236;1;Status;urn:osse-11:dataelement:339:1;dataelement;Date of Death;False;False;3
236_1_Status;236;1;Status;urn:osse-11:dataelement:340:1;dataelement;In-hospital death;False;False;4
236_1_Status;236;1;Status;urn:osse-11:dataelement:341:1;dataelement;Cause(s) of death;False;False;5
236_1_Status;236;1;Status;urn:osse-11:dataelement:342:1;dataelement;Other cause of death specification:;False;False;7
236_1_Status;236;1;Status;urn:osse-11:dataelement:343:1;dataelement;Liver transplantation since last contact;True;False;9
236_1_Status;236;1;Status;urn:osse-11:dataelement:344:1;dataelement;Date of liver transplantation;False;False;10
222_4_Screen data;222;4;Screen data;urn:osse-11:dataelement:42:1;dataelement;Center;True;False;1
222_4_Screen data;222;4;Screen data;urn:osse-11:dataelement:43:1;dataelement;Patient ID;True;False;2
222_4_Screen data;222;4;Screen data;urn:osse-11:dataelement:46:1;dataelement;Inclusion criteria;True;False;3
222_4_Screen data;222;4;Screen data;urn:osse-11:dataelement:45:1;dataelement;Exclusion criteria;False;False;4
222_4_Screen data;222;4;Screen data;urn:osse-11:dataelement:47:1;dataelement;Informed consent signed:;True;False;6
222_4_Screen data;222;4;Screen data;urn:osse-11:dataelement:51:1;dataelement;Date of informed consent signature by surrogate:;True;False;7
222_4_Screen data;222;4;Screen data;urn:osse-11:dataelement:49:2;dataelement;Informed consent permission granted:;False;False;8
222_4_Screen data;222;4;Screen data;urn:osse-11:dataelement:50:1;dataelement;If Informed consent is signed by surrogate:;False;False;9
222_4_Screen data;222;4;Screen data;urn:osse-11:dataelement:52:1;dataelement;If by surrogate: Informed consent permission granted:;False;False;10
226_3_Clinical course;226;3;Clinical course;urn:osse-11:dataelement:112:1;dataelement;Time prior to Hospital Study Admission;True;False;1
226_3_Clinical course;226;3;Clinical course;urn:osse-11:record:24:1;record;Alcohol consumption during the period;False;False;2
226_3_Clinical course;226;3;Clinical course;urn:osse-11:dataelement:113:1;dataelement;Any prior decompensation prior to hospital study admission ?;True;False;4
226_3_Clinical course;226;3;Clinical course;urn:osse-11:record:25:1;record;Prior ascites;True;False;5
226_3_Clinical course;226;3;Clinical course;urn:osse-11:record:26:1;record;Prior hepatic encephalopathy;True;False;6
226_3_Clinical course;226;3;Clinical course;urn:osse-11:record:27:1;record;Prior gastrointestinal bleeding;True;False;7
226_3_Clinical course;226;3;Clinical course;urn:osse-11:record:28:1;record;Prior bacterial infections;True;False;9
226_3_Clinical course;226;3;Clinical course;urn:osse-11:record:29:1;record;Prior ACLF;True;False;11
226_3_Clinical course;226;3;Clinical course;urn:osse-11:dataelement:130:1;dataelement;6. Acute alcoholic-steatohepatitis (ASH);True;False;13
226_3_Clinical course;226;3;Clinical course;urn:osse-11:dataelement:131:1;dataelement;7. Acute viral hepatitis superimposed to cirrhosis;True;False;14
226_3_Clinical course;226;3;Clinical course;urn:osse-11:dataelement:132:1;dataelement;8. Suspected drug-induced liver injury;True;False;15
226_3_Clinical course;226;3;Clinical course;urn:osse-11:record:30:1;record;Prior HCC;False;False;16
226_3_Clinical course;226;3;Clinical course;urn:osse-11:dataelement:137:1;dataelement;Other relevant clinical events;False;False;17
222_5_Screen data;222;5;Screen data;urn:osse-11:dataelement:42:1;dataelement;Center;True;False;1
222_5_Screen data;222;5;Screen data;urn:osse-11:dataelement:43:1;dataelement;Patient ID;True;False;2
222_5_Screen data;222;5;Screen data;urn:osse-11:dataelement:46:1;dataelement;Inclusion criteria;True;False;3
222_5_Screen data;222;5;Screen data;urn:osse-11:dataelement:45:1;dataelement;Exclusion criteria;False;False;4
222_5_Screen data;222;5;Screen data;urn:osse-11:dataelement:47:1;dataelement;Informed consent signed:;True;False;6
222_5_Screen data;222;5;Screen data;urn:osse-11:dataelement:48:1;dataelement;Date of informed consent signature:;True;False;7
222_5_Screen data;222;5;Screen data;urn:osse-11:dataelement:49:2;dataelement;Informed consent permission granted:;False;False;8
222_5_Screen data;222;5;Screen data;urn:osse-11:dataelement:50:1;dataelement;If Informed consent is signed by surrogate:;False;False;9
222_5_Screen data;222;5;Screen data;urn:osse-11:dataelement:52:1;dataelement;If by surrogate: Informed consent permission granted:;False;False;10
226_4_Previous clinical course;226;4;Previous clinical course;urn:osse-11:dataelement:112:1;dataelement;Time prior to Hospital Study Admission;True;False;1
226_4_Previous clinical course;226;4;Previous clinical course;urn:osse-11:record:24:1;record;Alcohol consumption during the period;False;False;2
226_4_Previous clinical course;226;4;Previous clinical course;urn:osse-11:dataelement:113:1;dataelement;Any prior decompensation prior to hospital study admission ?;True;False;4
226_4_Previous clinical course;226;4;Previous clinical course;urn:osse-11:record:25:1;record;Prior ascites;True;False;5
226_4_Previous clinical course;226;4;Previous clinical course;urn:osse-11:record:26:1;record;Prior hepatic encephalopathy;True;False;6
226_4_Previous clinical course;226;4;Previous clinical course;urn:osse-11:record:27:1;record;Prior gastrointestinal bleeding;True;False;7
226_4_Previous clinical course;226;4;Previous clinical course;urn:osse-11:record:28:1;record;Prior bacterial infections;True;False;9
226_4_Previous clinical course;226;4;Previous clinical course;urn:osse-11:record:29:1;record;Prior ACLF;True;False;11
226_4_Previous clinical course;226;4;Previous clinical course;urn:osse-11:dataelement:130:1;dataelement;6. Acute alcoholic-steatohepatitis (ASH);True;False;13
226_4_Previous clinical course;226;4;Previous clinical course;urn:osse-11:dataelement:131:1;dataelement;7. Acute viral hepatitis superimposed to cirrhosis;True;False;14
226_4_Previous clinical course;226;4;Previous clinical course;urn:osse-11:dataelement:132:1;dataelement;8. Suspected drug-induced liver injury;True;False;15
226_4_Previous clinical course;226;4;Previous clinical course;urn:osse-11:record:30:1;record;Prior HCC;False;False;16
226_4_Previous clinical course;226;4;Previous clinical course;urn:osse-11:dataelement:137:1;dataelement;Other relevant clinical events;False;False;17
226_5_Previous clinical course;226;5;Previous clinical course;urn:osse-11:dataelement:112:1;dataelement;Time prior to Hospital Study Admission;True;False;1
226_5_Previous clinical course;226;5;Previous clinical course;urn:osse-11:record:24:1;record;Alcohol consumption during the period;False;False;2
226_5_Previous clinical course;226;5;Previous clinical course;urn:osse-11:dataelement:113:1;dataelement;Any prior decompensation prior to hospital study admission ?;True;False;4
226_5_Previous clinical course;226;5;Previous clinical course;urn:osse-11:record:25:1;record;Prior ascites;True;False;5
226_5_Previous clinical course;226;5;Previous clinical course;urn:osse-11:record:26:1;record;Prior hepatic encephalopathy;True;False;6
226_5_Previous clinical course;226;5;Previous clinical course;urn:osse-11:record:27:1;record;Prior gastrointestinal bleeding;True;False;7
226_5_Previous clinical course;226;5;Previous clinical course;urn:osse-11:record:28:1;record;Prior bacterial infections;True;False;9
226_5_Previous clinical course;226;5;Previous clinical course;urn:osse-11:record:29:1;record;Prior ACLF;True;False;11
226_5_Previous clinical course;226;5;Previous clinical course;urn:osse-11:dataelement:130:1;dataelement;6. Acute alcoholic-steatohepatitis (ASH);True;False;13
226_5_Previous clinical course;226;5;Previous clinical course;urn:osse-11:dataelement:131:1;dataelement;7. Acute viral hepatitis superimposed to cirrhosis;True;False;14
226_5_Previous clinical course;226;5;Previous clinical course;urn:osse-11:dataelement:132:1;dataelement;8. Suspected drug-induced liver injury;True;False;15
226_5_Previous clinical course;226;5;Previous clinical course;urn:osse-11:record:30:1;record;Prior HCC;False;False;16
226_5_Previous clinical course;226;5;Previous clinical course;urn:osse-11:dataelement:137:1;dataelement;Other relevant clinical events;False;False;17
222_6_Screen data;222;6;Screen data;urn:osse-11:dataelement:42:1;dataelement;Center;True;False;1
222_6_Screen data;222;6;Screen data;urn:osse-11:dataelement:43:1;dataelement;Patient ID;True;False;2
222_6_Screen data;222;6;Screen data;urn:osse-11:dataelement:46:1;dataelement;Inclusion criteria;True;False;3
222_6_Screen data;222;6;Screen data;urn:osse-11:dataelement:45:1;dataelement;Exclusion criteria;False;False;4
222_6_Screen data;222;6;Screen data;urn:osse-11:dataelement:345:1;dataelement;Responsible Doctor;True;False;6
222_6_Screen data;222;6;Screen data;urn:osse-11:dataelement:47:1;dataelement;Informed consent signed:;True;False;7
222_6_Screen data;222;6;Screen data;urn:osse-11:dataelement:48:1;dataelement;Date of informed consent signature:;True;False;8
222_6_Screen data;222;6;Screen data;urn:osse-11:dataelement:49:2;dataelement;Informed consent permission granted:;False;False;9
222_6_Screen data;222;6;Screen data;urn:osse-11:dataelement:50:1;dataelement;If Informed consent is signed by surrogate:;False;False;10
222_6_Screen data;222;6;Screen data;urn:osse-11:dataelement:52:1;dataelement;If by surrogate: Informed consent permission granted:;False;False;11
222_7_Screen data;222;7;Screen data;urn:osse-11:dataelement:42:1;dataelement;Center;True;False;1
222_7_Screen data;222;7;Screen data;urn:osse-11:dataelement:43:1;dataelement;Patient ID;True;False;2
222_7_Screen data;222;7;Screen data;urn:osse-11:dataelement:46:1;dataelement;Inclusion criteria;True;False;3
222_7_Screen data;222;7;Screen data;urn:osse-11:dataelement:45:1;dataelement;Exclusion criteria;False;False;4
222_7_Screen data;222;7;Screen data;urn:osse-11:dataelement:345:1;dataelement;Responsible Doctor;True;False;6
222_7_Screen data;222;7;Screen data;urn:osse-11:dataelement:47:1;dataelement;Informed consent signed:;True;False;7
222_7_Screen data;222;7;Screen data;urn:osse-11:dataelement:48:1;dataelement;Date of informed consent signature:;True;False;8
222_7_Screen data;222;7;Screen data;urn:osse-11:dataelement:49:2;dataelement;Informed consent permission granted:;False;False;9
222_7_Screen data;222;7;Screen data;urn:osse-11:dataelement:50:1;dataelement;If Informed consent is signed by surrogate:;False;False;10
222_7_Screen data;222;7;Screen data;urn:osse-11:dataelement:52:2;dataelement;If by surrogate: Informed consent permission granted:;False;False;11
222_8_Screen data;222;8;Screen data;urn:osse-11:dataelement:42:1;dataelement;Center;True;False;1
222_8_Screen data;222;8;Screen data;urn:osse-11:dataelement:43:2;dataelement;Patient ID;True;False;2
222_8_Screen data;222;8;Screen data;urn:osse-11:dataelement:46:1;dataelement;Inclusion criteria;True;False;3
222_8_Screen data;222;8;Screen data;urn:osse-11:dataelement:45:1;dataelement;Exclusion criteria;False;False;4
222_8_Screen data;222;8;Screen data;urn:osse-11:dataelement:345:1;dataelement;Responsible Doctor;True;False;6
222_8_Screen data;222;8;Screen data;urn:osse-11:dataelement:47:1;dataelement;Informed consent signed:;True;False;7
222_8_Screen data;222;8;Screen data;urn:osse-11:dataelement:48:1;dataelement;Date of informed consent signature:;True;False;8
222_8_Screen data;222;8;Screen data;urn:osse-11:dataelement:49:2;dataelement;Informed consent permission granted:;False;False;9
222_8_Screen data;222;8;Screen data;urn:osse-11:dataelement:50:1;dataelement;If Informed consent is signed by surrogate:;False;False;10
222_8_Screen data;222;8;Screen data;urn:osse-11:dataelement:52:2;dataelement;If by surrogate: Informed consent permission granted:;False;False;11
226_6_Previous clinical course;226;6;Previous clinical course;urn:osse-11:dataelement:112:1;dataelement;Time prior to Hospital Study Admission;True;False;1
226_6_Previous clinical course;226;6;Previous clinical course;urn:osse-11:record:24:1;record;Alcohol consumption during the period;False;False;2
226_6_Previous clinical course;226;6;Previous clinical course;urn:osse-11:dataelement:113:1;dataelement;Any prior decompensation prior to hospital study admission ?;True;False;4
226_6_Previous clinical course;226;6;Previous clinical course;urn:osse-11:record:25:1;record;Prior ascites;False;False;5
226_6_Previous clinical course;226;6;Previous clinical course;urn:osse-11:record:26:1;record;Prior hepatic encephalopathy;False;False;6
226_6_Previous clinical course;226;6;Previous clinical course;urn:osse-11:record:27:1;record;Prior gastrointestinal bleeding;False;False;7
226_6_Previous clinical course;226;6;Previous clinical course;urn:osse-11:record:28:1;record;Prior bacterial infections;False;False;9
226_6_Previous clinical course;226;6;Previous clinical course;urn:osse-11:record:29:1;record;Prior ACLF;False;False;11
226_6_Previous clinical course;226;6;Previous clinical course;urn:osse-11:dataelement:130:1;dataelement;6. Acute alcoholic-steatohepatitis (ASH);False;False;13
226_6_Previous clinical course;226;6;Previous clinical course;urn:osse-11:dataelement:131:1;dataelement;7. Acute viral hepatitis superimposed to cirrhosis;False;False;14
226_6_Previous clinical course;226;6;Previous clinical course;urn:osse-11:dataelement:132:1;dataelement;8. Suspected drug-induced liver injury;False;False;15
226_6_Previous clinical course;226;6;Previous clinical course;urn:osse-11:record:30:1;record;Prior HCC;False;False;16
226_6_Previous clinical course;226;6;Previous clinical course;urn:osse-11:dataelement:137:1;dataelement;Other relevant clinical events;False;False;17
233_3_Treatment;233;3;Treatment;urn:osse-11:record:31:1;record;1. Alcoholic cirrhosis;False;False;2
233_3_Treatment;233;3;Treatment;urn:osse-11:record:32:1;record;2. Hepatitis C virus antiviral therapy;False;False;3
233_3_Treatment;233;3;Treatment;urn:osse-11:record:33:1;record;3. Hepatitis B virus antiviral therapy;False;False;4
233_3_Treatment;233;3;Treatment;urn:osse-11:record:34:1;record;4.NAFLD/NASH;False;False;5
233_3_Treatment;233;3;Treatment;urn:osse-11:record:35:1;record;5. Autoimmune hepatitis treatment;False;False;6
233_3_Treatment;233;3;Treatment;urn:osse-11:dataelement:158:1;dataelement;6. Other type of cirrhosis;False;False;7
233_3_Treatment;233;3;Treatment;urn:osse-11:dataelement:159:1;dataelement;7. Continuous treatment;False;False;8
233_3_Treatment;233;3;Treatment;urn:osse-11:record:36:1;record;1. Diuretics;False;False;10
233_3_Treatment;233;3;Treatment;urn:osse-11:dataelement:162:1;dataelement;2. Therapeutic paracentesis;False;False;11
233_3_Treatment;233;3;Treatment;urn:osse-11:record:55:1;record;3. Beta-blockers;False;False;12
233_3_Treatment;233;3;Treatment;urn:osse-11:record:38:1;record;4. Intravenous albumin;False;False;13
233_3_Treatment;233;3;Treatment;urn:osse-11:record:39:1;record;5. Vasopressors;False;False;14
233_3_Treatment;233;3;Treatment;urn:osse-11:dataelement:293:1;dataelement;#1: Complete Vasopressor table (General forms);False;True;15
233_3_Treatment;233;3;Treatment;urn:osse-11:dataelement:169:1;dataelement;6. Renal replacement treatment;False;False;16
233_3_Treatment;233;3;Treatment;urn:osse-11:dataelement:294:1;dataelement;#1: Complete Renal Replacement Therapy table (General forms);False;True;17
233_3_Treatment;233;3;Treatment;urn:osse-11:dataelement:170:1;dataelement;7. Artificial liver support;False;False;18
233_3_Treatment;233;3;Treatment;urn:osse-11:dataelement:171:1;dataelement;8. Omeprazol or other PPI;False;False;19
233_3_Treatment;233;3;Treatment;urn:osse-11:dataelement:172:1;dataelement;9. Endoscopic therapy of bleeding;False;False;20
233_3_Treatment;233;3;Treatment;urn:osse-11:dataelement:173:1;dataelement;10. Lactulose;False;False;21
233_3_Treatment;233;3;Treatment;urn:osse-11:dataelement:174:1;dataelement;11. Rifaximin for HE;False;False;22
233_3_Treatment;233;3;Treatment;urn:osse-11:record:40:1;record;12. TIPS;False;False;23
233_3_Treatment;233;3;Treatment;urn:osse-11:record:41:1;record;13. Antibiotic prophylaxis;False;False;24
233_3_Treatment;233;3;Treatment;urn:osse-11:dataelement:180:1;dataelement;14. Antibiotic for infection (nonprophylactic);False;False;25
233_3_Treatment;233;3;Treatment;urn:osse-11:dataelement:295:1;dataelement;#1: Complete Antibiotic table (General forms);False;True;26
233_3_Treatment;233;3;Treatment;urn:osse-11:record:42:1;record;15. Corticosteroids;False;False;27
233_3_Treatment;233;3;Treatment;urn:osse-11:record:43:1;record;16. Treatments for HCC;False;False;28
233_3_Treatment;233;3;Treatment;urn:osse-11:dataelement:185:1;dataelement;17. Insulin;False;False;29
233_3_Treatment;233;3;Treatment;urn:osse-11:record:44:1;record;18. Oral antidiabetics;False;False;30
233_3_Treatment;233;3;Treatment;urn:osse-11:dataelement:188:1;dataelement;19. Statins;False;False;31
233_3_Treatment;233;3;Treatment;urn:osse-11:record:45:1;record;20. Non-bariatric surgery;False;False;32
233_3_Treatment;233;3;Treatment;urn:osse-11:dataelement:191:1;dataelement;ICU admission;True;False;34
233_3_Treatment;233;3;Treatment;urn:osse-11:dataelement:296:1;dataelement;ICU admission date:;False;False;35
233_3_Treatment;233;3;Treatment;urn:osse-11:dataelement:193:1;dataelement;Any drug with potential hepatotoxic effect;False;False;37
233_3_Treatment;233;3;Treatment;urn:osse-11:dataelement:195:1;dataelement;Drug with potential hepatotoxic effect;False;True;38
233_3_Treatment;233;3;Treatment;urn:osse-11:dataelement:194:1;dataelement;Any drug with potential adverse effect;False;False;40
233_3_Treatment;233;3;Treatment;urn:osse-11:dataelement:196:1;dataelement;Drug with potential adverse effect;False;True;41
230_3_Physical examination;230;3;Physical examination;urn:osse-11:dataelement:232:1;dataelement;Physical examination date;True;False;1
230_3_Physical examination;230;3;Physical examination;urn:osse-11:dataelement:233:1;dataelement;Race;True;False;2
230_3_Physical examination;230;3;Physical examination;urn:osse-11:dataelement:234:1;dataelement;Weight (Kg);True;False;3
230_3_Physical examination;230;3;Physical examination;urn:osse-11:dataelement:235:1;dataelement;Height (cm);True;False;4
230_3_Physical examination;230;3;Physical examination;urn:osse-11:dataelement:236:1;dataelement;BMI;True;False;5
230_3_Physical examination;230;3;Physical examination;urn:osse-11:dataelement:237:1;dataelement;Flapping tremor;True;False;6
230_3_Physical examination;230;3;Physical examination;urn:osse-11:dataelement:67:1;dataelement;Systolic Blood Pressure;True;False;7
230_3_Physical examination;230;3;Physical examination;urn:osse-11:dataelement:68:1;dataelement;Diastolic Blood Pressure;True;False;8
230_3_Physical examination;230;3;Physical examination;urn:osse-11:dataelement:69:1;dataelement;Mean Arterial Pressure ;True;False;9
230_3_Physical examination;230;3;Physical examination;urn:osse-11:dataelement:238:1;dataelement;Heart rate;True;False;10
230_3_Physical examination;230;3;Physical examination;urn:osse-11:dataelement:239:1;dataelement;Temperature;True;False;11
230_3_Physical examination;230;3;Physical examination;urn:osse-11:dataelement:240:1;dataelement;Respiratory rate;True;False;12
230_3_Physical examination;230;3;Physical examination;urn:osse-11:dataelement:73:1;dataelement;SpO2;False;False;13
230_3_Physical examination;230;3;Physical examination;urn:osse-11:dataelement:74:1;dataelement;Supplemental oxygen (including mechanical ventilation);True;False;14
230_3_Physical examination;230;3;Physical examination;urn:osse-11:dataelement:75:1;dataelement;FiO2;False;False;15
230_3_Physical examination;230;3;Physical examination;urn:osse-11:dataelement:76:1;dataelement;If Supplemental oxygen is yes;False;False;16
230_3_Physical examination;230;3;Physical examination;urn:osse-11:dataelement:77:1;dataelement;If Delivery Device-Type of Delivery device;False;False;17
230_3_Physical examination;230;3;Physical examination;urn:osse-11:dataelement:78:1;dataelement;If “Nasal catheter”- Flow (liters of O2/min):;False;False;18
230_3_Physical examination;230;3;Physical examination;urn:osse-11:dataelement:80:1;dataelement; If “Simple oxygen mask”- Flow (liters of O2/min);False;False;19
230_3_Physical examination;230;3;Physical examination;urn:osse-11:dataelement:81:1;dataelement;If “Monaghan mask (reservoir)”- Flow (liters of O2/min);False;False;20
230_3_Physical examination;230;3;Physical examination;urn:osse-11:dataelement:82:1;dataelement;If “Venturi mask”- Flow (liters of O2/min);False;False;21
230_3_Physical examination;230;3;Physical examination;urn:osse-11:dataelement:83:1;dataelement;If “High-flow nasal cannula”- Flow (liters of O2/min);False;False;22
230_3_Physical examination;230;3;Physical examination;urn:osse-11:dataelement:84:1;dataelement;If Mechanical ventilation-Reason for mechanical ventilation;False;False;23
230_3_Physical examination;230;3;Physical examination;urn:osse-11:dataelement:85:1;dataelement;Type of mechanical ventilation;False;False;24
230_3_Physical examination;230;3;Physical examination;urn:osse-11:dataelement:79:1;dataelement;FiO2;False;False;25
229_2_Clinical features;229;2;Clinical features;urn:osse-11:record:49:1;record;1. Ascites;True;False;2
229_2_Clinical features;229;2;Clinical features;urn:osse-11:record:50:1;record;2. Hepatic encephalopathy;True;False;3
229_2_Clinical features;229;2;Clinical features;urn:osse-11:dataelement:122:1;dataelement;3. Gastrointestinal bleeding;True;False;4
229_2_Clinical features;229;2;Clinical features;urn:osse-11:record:51:1;record;4. HVPG: hepatic-venous-pressure-gradient;False;False;5
229_2_Clinical features;229;2;Clinical features;urn:osse-11:record:52:1;record;5. AKI (not caused by GIB);False;False;6
229_2_Clinical features;229;2;Clinical features;urn:osse-11:dataelement:219:1;dataelement;6. Bacterial infections;True;False;7
229_2_Clinical features;229;2;Clinical features;urn:osse-11:dataelement:220:1;dataelement;7. Fungal infection/Colonization;True;False;8
229_2_Clinical features;229;2;Clinical features;urn:osse-11:dataelement:221:1;dataelement;8. Viral infection;True;False;9
229_2_Clinical features;229;2;Clinical features;urn:osse-11:dataelement:222:1;dataelement;Viral infection ;False;True;10
229_2_Clinical features;229;2;Clinical features;urn:osse-11:dataelement:223:1;dataelement;9. Acute alcoholic-steatohepatitis (ASH);True;False;11
229_2_Clinical features;229;2;Clinical features;urn:osse-11:dataelement:224:1;dataelement;10. Acute viral hepatitis superimposed to cirrhosis (suspected/confirmed);True;False;12
229_2_Clinical features;229;2;Clinical features;urn:osse-11:dataelement:225:1;dataelement;11. Suspected drug-induced liver injury;True;False;13
229_2_Clinical features;229;2;Clinical features;urn:osse-11:record:53:1;record;12. Hepatocellular carcinoma;False;False;14
229_2_Clinical features;229;2;Clinical features;urn:osse-11:dataelement:227:1;dataelement;13. Other relevant clinical events;False;False;15
229_2_Clinical features;229;2;Clinical features;urn:osse-11:record:54:1;record;Glasgow Coma Scale;False;False;16
228_4_Data at visit;228;4;Data at visit;urn:osse-11:record:47:1;record;Visit Date;False;False;1
228_4_Data at visit;228;4;Data at visit;urn:osse-11:record:48:1;record;Alcohol consumption;False;False;2
228_4_Data at visit;228;4;Data at visit;urn:osse-11:dataelement:204:1;dataelement;Origin at the time of hospital admission;True;False;4
228_4_Data at visit;228;4;Data at visit;urn:osse-11:dataelement:205:1;dataelement;Site of hospital admission;True;False;5
228_4_Data at visit;228;4;Data at visit;urn:osse-11:dataelement:206:1;dataelement;Reason(s) for hospital admission;True;False;6
228_4_Data at visit;228;4;Data at visit;urn:osse-11:dataelement:346:1;dataelement;If other, please specify;False;False;7
228_4_Data at visit;228;4;Data at visit;urn:osse-11:dataelement:207:1;dataelement;Main reason for hospital admission;True;False;8
231_5_Laboratory data 1;231;5;Laboratory data 1;urn:osse-11:dataelement:241:1;dataelement;Has blood analysis been performed?;True;False;1
231_5_Laboratory data 1;231;5;Laboratory data 1;urn:osse-11:dataelement:242:1;dataelement;Date of Collection;False;False;2
231_5_Laboratory data 1;231;5;Laboratory data 1;urn:osse-11:dataelement:243:1;dataelement;Hemoglobin;False;False;5
231_5_Laboratory data 1;231;5;Laboratory data 1;urn:osse-11:dataelement:244:1;dataelement;Hematocrit;False;False;6
231_5_Laboratory data 1;231;5;Laboratory data 1;urn:osse-11:dataelement:245:1;dataelement;Leucocyte (Absolute);False;False;7
231_5_Laboratory data 1;231;5;Laboratory data 1;urn:osse-11:dataelement:246:1;dataelement;Leucocytes (%);False;False;8
231_5_Laboratory data 1;231;5;Laboratory data 1;urn:osse-11:dataelement:247:1;dataelement;Lymphocytes;False;False;9
231_5_Laboratory data 1;231;5;Laboratory data 1;urn:osse-11:dataelement:248:1;dataelement;Lymphocytes (%);False;False;10
231_5_Laboratory data 1;231;5;Laboratory data 1;urn:osse-11:dataelement:249:1;dataelement;Monocytes (Absolute);False;False;11
231_5_Laboratory data 1;231;5;Laboratory data 1;urn:osse-11:dataelement:250:1;dataelement;Monocytes (%);False;False;12
231_5_Laboratory data 1;231;5;Laboratory data 1;urn:osse-11:dataelement:251:1;dataelement;Neutrophils (Absolute);False;False;13
231_5_Laboratory data 1;231;5;Laboratory data 1;urn:osse-11:dataelement:252:1;dataelement;Immature neutrophils (%);False;False;14
231_5_Laboratory data 1;231;5;Laboratory data 1;urn:osse-11:dataelement:253:1;dataelement;Platelet count;False;False;15
231_5_Laboratory data 1;231;5;Laboratory data 1;urn:osse-11:dataelement:254:1;dataelement;Prothrombin time;False;False;16
231_5_Laboratory data 1;231;5;Laboratory data 1;urn:osse-11:dataelement:255:1;dataelement;Control prothrombin time;False;False;17
231_5_Laboratory data 1;231;5;Laboratory data 1;urn:osse-11:dataelement:256:1;dataelement;INR;False;False;18
231_5_Laboratory data 1;231;5;Laboratory data 1;urn:osse-11:dataelement:257:1;dataelement;Quick (%);False;False;19
231_5_Laboratory data 1;231;5;Laboratory data 1;urn:osse-11:dataelement:258:1;dataelement;ISI;False;False;20
231_5_Laboratory data 1;231;5;Laboratory data 1;urn:osse-11:dataelement:347:1;dataelement;Albumin;False;False;22
231_5_Laboratory data 1;231;5;Laboratory data 1;urn:osse-11:dataelement:260:1;dataelement;AST;False;False;23
231_5_Laboratory data 1;231;5;Laboratory data 1;urn:osse-11:dataelement:261:1;dataelement;ALT;False;False;24
231_5_Laboratory data 1;231;5;Laboratory data 1;urn:osse-11:dataelement:262:1;dataelement;Alkaline phosphatase;False;False;25
231_5_Laboratory data 1;231;5;Laboratory data 1;urn:osse-11:dataelement:263:1;dataelement;GGT;False;False;26
231_5_Laboratory data 1;231;5;Laboratory data 1;urn:osse-11:dataelement:264:1;dataelement;Total Bilirubin;False;False;27
231_5_Laboratory data 1;231;5;Laboratory data 1;urn:osse-11:dataelement:265:1;dataelement;Creatinine;False;False;28
231_5_Laboratory data 1;231;5;Laboratory data 1;urn:osse-11:dataelement:266:1;dataelement;Sodium;False;False;29
231_5_Laboratory data 1;231;5;Laboratory data 1;urn:osse-11:dataelement:267:1;dataelement;Potassium;False;False;30
231_5_Laboratory data 1;231;5;Laboratory data 1;urn:osse-11:dataelement:268:1;dataelement;Glucose;False;False;31
231_5_Laboratory data 1;231;5;Laboratory data 1;urn:osse-11:dataelement:269:1;dataelement;Total cholesterol;False;False;32
231_5_Laboratory data 1;231;5;Laboratory data 1;urn:osse-11:dataelement:270:1;dataelement;HDL-Cholesterol;False;False;33
231_5_Laboratory data 1;231;5;Laboratory data 1;urn:osse-11:dataelement:271:1;dataelement;LDL-Cholesterol;False;False;34
231_5_Laboratory data 1;231;5;Laboratory data 1;urn:osse-11:dataelement:272:1;dataelement;Triglycerides;False;False;35
231_5_Laboratory data 1;231;5;Laboratory data 1;urn:osse-11:dataelement:273:1;dataelement;C-reactive protein (CRP);False;False;36
231_5_Laboratory data 1;231;5;Laboratory data 1;urn:osse-11:dataelement:274:1;dataelement;Has urine analysis been performed?;False;False;38
231_5_Laboratory data 1;231;5;Laboratory data 1;urn:osse-11:dataelement:275:1;dataelement;Date of Collection;True;False;39
231_5_Laboratory data 1;231;5;Laboratory data 1;urn:osse-11:dataelement:276:1;dataelement;Leukocytes reagent strip result;False;False;41
231_5_Laboratory data 1;231;5;Laboratory data 1;urn:osse-11:dataelement:277:1;dataelement;Urine Albumin;False;False;42
231_5_Laboratory data 1;231;5;Laboratory data 1;urn:osse-11:dataelement:278:1;dataelement;Leukocytes per field;False;False;43
227_3_Previous treatments;227;3;Previous treatments;urn:osse-11:dataelement:112:1;dataelement;Time prior to Hospital Study Admission;True;False;1
227_3_Previous treatments;227;3;Previous treatments;urn:osse-11:record:31:1;record;1. Alcoholic cirrhosis;False;False;3
227_3_Previous treatments;227;3;Previous treatments;urn:osse-11:record:32:1;record;2. Hepatitis C virus antiviral therapy;False;False;4
227_3_Previous treatments;227;3;Previous treatments;urn:osse-11:record:33:1;record;3. Hepatitis B virus antiviral therapy;False;False;5
227_3_Previous treatments;227;3;Previous treatments;urn:osse-11:record:34:1;record;4.NAFLD/NASH;False;False;6
227_3_Previous treatments;227;3;Previous treatments;urn:osse-11:record:35:1;record;5. Autoimmune hepatitis treatment;False;False;7
227_3_Previous treatments;227;3;Previous treatments;urn:osse-11:dataelement:158:1;dataelement;6. Other type of cirrhosis;False;False;8
227_3_Previous treatments;227;3;Previous treatments;urn:osse-11:dataelement:159:1;dataelement;7. Continuous treatment;False;False;9
227_3_Previous treatments;227;3;Previous treatments;urn:osse-11:record:36:1;record;1. Diuretics;False;False;11
227_3_Previous treatments;227;3;Previous treatments;urn:osse-11:dataelement:162:1;dataelement;2. Therapeutic paracentesis;False;False;12
227_3_Previous treatments;227;3;Previous treatments;urn:osse-11:record:37:1;record;3. Beta-blockers;False;False;13
227_3_Previous treatments;227;3;Previous treatments;urn:osse-11:record:38:1;record;4. Intravenous albumin;False;False;14
227_3_Previous treatments;227;3;Previous treatments;urn:osse-11:record:39:1;record;5. Vasopressors;False;False;15
227_3_Previous treatments;227;3;Previous treatments;urn:osse-11:dataelement:169:1;dataelement;6. Renal replacement treatment;False;False;16
227_3_Previous treatments;227;3;Previous treatments;urn:osse-11:dataelement:170:1;dataelement;7. Artificial liver support;False;False;17
227_3_Previous treatments;227;3;Previous treatments;urn:osse-11:dataelement:171:1;dataelement;8. Omeprazol or other PPI;False;False;18
227_3_Previous treatments;227;3;Previous treatments;urn:osse-11:dataelement:172:1;dataelement;9. Endoscopic therapy of bleeding;False;False;19
227_3_Previous treatments;227;3;Previous treatments;urn:osse-11:dataelement:173:1;dataelement;10. Lactulose;False;False;20
227_3_Previous treatments;227;3;Previous treatments;urn:osse-11:dataelement:174:1;dataelement;11. Rifaximin for HE;False;False;21
227_3_Previous treatments;227;3;Previous treatments;urn:osse-11:record:40:1;record;12. TIPS;False;False;22
227_3_Previous treatments;227;3;Previous treatments;urn:osse-11:record:41:1;record;13. Antibiotic prophylaxis;False;False;23
227_3_Previous treatments;227;3;Previous treatments;urn:osse-11:dataelement:180:1;dataelement;14. Antibiotic for infection (nonprophylactic);False;False;24
227_3_Previous treatments;227;3;Previous treatments;urn:osse-11:record:42:1;record;15. Corticosteroids;False;False;25
227_3_Previous treatments;227;3;Previous treatments;urn:osse-11:record:43:1;record;16. Treatments for HCC;False;False;26
227_3_Previous treatments;227;3;Previous treatments;urn:osse-11:dataelement:185:1;dataelement;17. Insulin;False;False;27
227_3_Previous treatments;227;3;Previous treatments;urn:osse-11:record:44:1;record;18. Oral antidiabetics;False;False;28
227_3_Previous treatments;227;3;Previous treatments;urn:osse-11:dataelement:188:1;dataelement;19. Statins;False;False;29
227_3_Previous treatments;227;3;Previous treatments;urn:osse-11:record:45:1;record;20. Non-bariatric surgery;False;False;30
227_3_Previous treatments;227;3;Previous treatments;urn:osse-11:record:46:1;record;21. ICU admission;True;False;31
227_3_Previous treatments;227;3;Previous treatments;urn:osse-11:dataelement:193:1;dataelement;Any drug with potential hepatotoxic effect;False;False;33
227_3_Previous treatments;227;3;Previous treatments;urn:osse-11:dataelement:195:1;dataelement;Drug with potential hepatotoxic effect;False;True;34
227_3_Previous treatments;227;3;Previous treatments;urn:osse-11:dataelement:194:1;dataelement;Any drug with potential adverse effect;False;False;36
227_3_Previous treatments;227;3;Previous treatments;urn:osse-11:dataelement:196:1;dataelement;Drug with potential adverse effect;False;True;37
225_2_Patient’s information and Medical history;225;2;Patient’s information and Medical history;urn:osse-11:dataelement:55:1;dataelement;Date of birth;True;False;1
225_2_Patient’s information and Medical history;225;2;Patient’s information and Medical history;urn:osse-11:dataelement:92:1;dataelement;Gender;True;False;2
225_2_Patient’s information and Medical history;225;2;Patient’s information and Medical history;urn:osse-11:record:21:1;record;Tobacco consumption;False;False;3
225_2_Patient’s information and Medical history;225;2;Patient’s information and Medical history;urn:osse-11:record:22:1;record;Diagnosis of Cirrhosis;False;False;4
225_2_Patient’s information and Medical history;225;2;Patient’s information and Medical history;urn:osse-11:dataelement:104:1;dataelement;Etiology of cirrhosis;True;False;5
225_2_Patient’s information and Medical history;225;2;Patient’s information and Medical history;urn:osse-11:dataelement:346:1;dataelement;If other, please specify;False;False;6
225_2_Patient’s information and Medical history;225;2;Patient’s information and Medical history;urn:osse-11:dataelement:105:1;dataelement;Biopsy proved cirrhosis;True;False;7
225_2_Patient’s information and Medical history;225;2;Patient’s information and Medical history;urn:osse-11:record:23:1;record;Other previous /concomitant medical disease;False;False;8
223_2_Biobank sample collection;223;2;Biobank sample collection;urn:osse-11:record:2:2;record;Blood sample collection information;False;False;1
223_2_Biobank sample collection;223;2;Biobank sample collection;urn:osse-11:record:3:1;record;Serum sample collection information;False;False;2
223_2_Biobank sample collection;223;2;Biobank sample collection;urn:osse-11:record:4:1;record;Plasma samples collection information;False;False;3
223_2_Biobank sample collection;223;2;Biobank sample collection;urn:osse-11:record:5:1;record;CPT tube collection information (PBMC);False;False;4
223_2_Biobank sample collection;223;2;Biobank sample collection;urn:osse-11:record:6:1;record;Tempus tube collection (Blood RNA) information;False;False;5
223_2_Biobank sample collection;223;2;Biobank sample collection;urn:osse-11:record:7:1;record;Urine sample collection information;False;False;6
223_2_Biobank sample collection;223;2;Biobank sample collection;urn:osse-11:record:8:1;record;Ascitic fluid sample collection information;False;False;7
223_2_Biobank sample collection;223;2;Biobank sample collection;urn:osse-11:record:9:1;record;Stool sample collection information;False;False;8
223_2_Biobank sample collection;223;2;Biobank sample collection;urn:osse-11:dataelement:8:1;dataelement;Status;True;False;9
229_3_Clinical features;229;3;Clinical features;urn:osse-11:record:49:1;record;1. Ascites;True;False;2
229_3_Clinical features;229;3;Clinical features;urn:osse-11:record:50:1;record;2. Hepatic encephalopathy;True;False;3
229_3_Clinical features;229;3;Clinical features;urn:osse-11:dataelement:122:1;dataelement;3. Gastrointestinal bleeding;True;False;4
229_3_Clinical features;229;3;Clinical features;urn:osse-11:record:51:1;record;4. HVPG: hepatic-venous-pressure-gradient;False;False;5
229_3_Clinical features;229;3;Clinical features;urn:osse-11:record:52:1;record;5. AKI (not caused by GIB);False;False;6
229_3_Clinical features;229;3;Clinical features;urn:osse-11:dataelement:219:1;dataelement;6. Bacterial infections;True;False;7
229_3_Clinical features;229;3;Clinical features;urn:osse-11:dataelement:220:1;dataelement;7. Fungal infection/Colonization;False;False;8
229_3_Clinical features;229;3;Clinical features;urn:osse-11:dataelement:221:1;dataelement;8. Viral infection;False;False;9
229_3_Clinical features;229;3;Clinical features;urn:osse-11:dataelement:222:1;dataelement;Viral infection ;False;True;10
229_3_Clinical features;229;3;Clinical features;urn:osse-11:dataelement:223:1;dataelement;9. Acute alcoholic-steatohepatitis (ASH);False;False;11
229_3_Clinical features;229;3;Clinical features;urn:osse-11:dataelement:224:1;dataelement;10. Acute viral hepatitis superimposed to cirrhosis (suspected/confirmed);False;False;12
229_3_Clinical features;229;3;Clinical features;urn:osse-11:dataelement:225:1;dataelement;11. Suspected drug-induced liver injury;False;False;13
229_3_Clinical features;229;3;Clinical features;urn:osse-11:record:53:1;record;12. Hepatocellular carcinoma;False;False;14
229_3_Clinical features;229;3;Clinical features;urn:osse-11:dataelement:227:1;dataelement;13. Other relevant clinical events;False;False;15
229_3_Clinical features;229;3;Clinical features;urn:osse-11:record:54:1;record;Glasgow Coma Scale;False;False;16
231_6_Laboratory data 1;231;6;Laboratory data 1;urn:osse-11:dataelement:241:1;dataelement;Has blood analysis been performed?;True;False;1
231_6_Laboratory data 1;231;6;Laboratory data 1;urn:osse-11:dataelement:242:1;dataelement;Date of Collection;False;False;2
231_6_Laboratory data 1;231;6;Laboratory data 1;urn:osse-11:dataelement:348:1;dataelement;Hemoglobin;False;False;5
231_6_Laboratory data 1;231;6;Laboratory data 1;urn:osse-11:dataelement:244:1;dataelement;Hematocrit;False;False;6
231_6_Laboratory data 1;231;6;Laboratory data 1;urn:osse-11:dataelement:245:1;dataelement;Leucocyte (Absolute);False;False;7
231_6_Laboratory data 1;231;6;Laboratory data 1;urn:osse-11:dataelement:246:1;dataelement;Leucocytes (%);False;False;8
231_6_Laboratory data 1;231;6;Laboratory data 1;urn:osse-11:dataelement:247:1;dataelement;Lymphocytes;False;False;9
231_6_Laboratory data 1;231;6;Laboratory data 1;urn:osse-11:dataelement:248:1;dataelement;Lymphocytes (%);False;False;10
231_6_Laboratory data 1;231;6;Laboratory data 1;urn:osse-11:dataelement:249:1;dataelement;Monocytes (Absolute);False;False;11
231_6_Laboratory data 1;231;6;Laboratory data 1;urn:osse-11:dataelement:250:1;dataelement;Monocytes (%);False;False;12
231_6_Laboratory data 1;231;6;Laboratory data 1;urn:osse-11:dataelement:251:1;dataelement;Neutrophils (Absolute);False;False;13
231_6_Laboratory data 1;231;6;Laboratory data 1;urn:osse-11:dataelement:252:1;dataelement;Immature neutrophils (%);False;False;14
231_6_Laboratory data 1;231;6;Laboratory data 1;urn:osse-11:dataelement:253:1;dataelement;Platelet count;False;False;15
231_6_Laboratory data 1;231;6;Laboratory data 1;urn:osse-11:dataelement:254:1;dataelement;Prothrombin time;False;False;16
231_6_Laboratory data 1;231;6;Laboratory data 1;urn:osse-11:dataelement:255:1;dataelement;Control prothrombin time;False;False;17
231_6_Laboratory data 1;231;6;Laboratory data 1;urn:osse-11:dataelement:256:1;dataelement;INR;False;False;18
231_6_Laboratory data 1;231;6;Laboratory data 1;urn:osse-11:dataelement:257:1;dataelement;Quick (%);False;False;19
231_6_Laboratory data 1;231;6;Laboratory data 1;urn:osse-11:dataelement:258:1;dataelement;ISI;False;False;20
231_6_Laboratory data 1;231;6;Laboratory data 1;urn:osse-11:dataelement:347:1;dataelement;Albumin;False;False;22
231_6_Laboratory data 1;231;6;Laboratory data 1;urn:osse-11:dataelement:260:1;dataelement;AST;False;False;23
231_6_Laboratory data 1;231;6;Laboratory data 1;urn:osse-11:dataelement:261:1;dataelement;ALT;False;False;24
231_6_Laboratory data 1;231;6;Laboratory data 1;urn:osse-11:dataelement:262:1;dataelement;Alkaline phosphatase;False;False;25
231_6_Laboratory data 1;231;6;Laboratory data 1;urn:osse-11:dataelement:263:1;dataelement;GGT;False;False;26
231_6_Laboratory data 1;231;6;Laboratory data 1;urn:osse-11:dataelement:264:1;dataelement;Total Bilirubin;False;False;27
231_6_Laboratory data 1;231;6;Laboratory data 1;urn:osse-11:dataelement:265:1;dataelement;Creatinine;False;False;28
231_6_Laboratory data 1;231;6;Laboratory data 1;urn:osse-11:dataelement:266:1;dataelement;Sodium;False;False;29
231_6_Laboratory data 1;231;6;Laboratory data 1;urn:osse-11:dataelement:267:1;dataelement;Potassium;False;False;30
231_6_Laboratory data 1;231;6;Laboratory data 1;urn:osse-11:dataelement:268:1;dataelement;Glucose;False;False;31
231_6_Laboratory data 1;231;6;Laboratory data 1;urn:osse-11:dataelement:269:1;dataelement;Total cholesterol;False;False;32
231_6_Laboratory data 1;231;6;Laboratory data 1;urn:osse-11:dataelement:270:1;dataelement;HDL-Cholesterol;False;False;33
231_6_Laboratory data 1;231;6;Laboratory data 1;urn:osse-11:dataelement:271:1;dataelement;LDL-Cholesterol;False;False;34
231_6_Laboratory data 1;231;6;Laboratory data 1;urn:osse-11:dataelement:272:1;dataelement;Triglycerides;False;False;35
231_6_Laboratory data 1;231;6;Laboratory data 1;urn:osse-11:dataelement:273:1;dataelement;C-reactive protein (CRP);False;False;36
231_6_Laboratory data 1;231;6;Laboratory data 1;urn:osse-11:dataelement:274:1;dataelement;Has urine analysis been performed?;False;False;38
231_6_Laboratory data 1;231;6;Laboratory data 1;urn:osse-11:dataelement:275:1;dataelement;Date of Collection;True;False;39
231_6_Laboratory data 1;231;6;Laboratory data 1;urn:osse-11:dataelement:276:1;dataelement;Leukocytes reagent strip result;False;False;41
231_6_Laboratory data 1;231;6;Laboratory data 1;urn:osse-11:dataelement:277:1;dataelement;Urine Albumin;False;False;42
231_6_Laboratory data 1;231;6;Laboratory data 1;urn:osse-11:dataelement:278:1;dataelement;Leukocytes per field;False;False;43
235_2_Scores;235;2;Scores;urn:osse-11:record:56:1;record;● MELD score;True;False;2
235_2_Scores;235;2;Scores;urn:osse-11:dataelement:320:1;dataelement;MELD score;True;False;3
235_2_Scores;235;2;Scores;urn:osse-11:dataelement:321:1;dataelement;MELDNa score;True;False;4
235_2_Scores;235;2;Scores;urn:osse-11:record:58:1;record;● Child-Pugh score;False;False;6
235_2_Scores;235;2;Scores;urn:osse-11:dataelement:322:1;dataelement;Child-Pugh score;True;False;7
235_2_Scores;235;2;Scores;urn:osse-11:record:59:1;record;● Maddrey's score;False;False;9
235_2_Scores;235;2;Scores;urn:osse-11:dataelement:324:1;dataelement;● Maddrey's score;False;False;10
235_2_Scores;235;2;Scores;urn:osse-11:record:60:1;record;●SIRS;False;False;12
235_2_Scores;235;2;Scores;urn:osse-11:dataelement:328:1;dataelement;# Positive signs of SIRS;True;False;13
235_2_Scores;235;2;Scores;urn:osse-11:dataelement:329:1;dataelement;SIRS;True;False;14
235_2_Scores;235;2;Scores;urn:osse-11:dataelement:55:1;dataelement;Date of birth;False;False;16
235_2_Scores;235;2;Scores;urn:osse-11:dataelement:56:1;dataelement;Inclusion Date;False;False;17
235_2_Scores;235;2;Scores;urn:osse-11:record:61:1;record;Liver;False;False;18
235_2_Scores;235;2;Scores;urn:osse-11:record:62:1;record;Kidney;False;False;19
235_2_Scores;235;2;Scores;urn:osse-11:record:63:1;record;Brain;False;False;20
235_2_Scores;235;2;Scores;urn:osse-11:record:65:1;record;Coagulation;False;False;21
235_2_Scores;235;2;Scores;urn:osse-11:record:64:1;record;Circulation;False;False;22
235_2_Scores;235;2;Scores;urn:osse-11:record:66:1;record;Lung;False;False;23
235_2_Scores;235;2;Scores;urn:osse-11:dataelement:336:1;dataelement;Total number of failures;False;False;24
235_2_Scores;235;2;Scores;urn:osse-11:dataelement:88:1;dataelement;CLIF Organ Failure Score;False;False;25
235_2_Scores;235;2;Scores;urn:osse-11:record:67:1;record;CLIF-C AD score;False;False;27
235_2_Scores;235;2;Scores;urn:osse-11:dataelement:91:1;dataelement;CLIF-C AD score;False;False;28
230_4_Physical examination;230;4;Physical examination;urn:osse-11:dataelement:232:1;dataelement;Physical examination date;True;False;1
230_4_Physical examination;230;4;Physical examination;urn:osse-11:dataelement:233:1;dataelement;Race;True;False;2
230_4_Physical examination;230;4;Physical examination;urn:osse-11:dataelement:349:1;dataelement;Weight (Kg);False;False;3
230_4_Physical examination;230;4;Physical examination;urn:osse-11:dataelement:236:1;dataelement;BMI;True;False;4
230_4_Physical examination;230;4;Physical examination;urn:osse-11:dataelement:237:1;dataelement;Flapping tremor;True;False;5
230_4_Physical examination;230;4;Physical examination;urn:osse-11:dataelement:67:1;dataelement;Systolic Blood Pressure;True;False;6
230_4_Physical examination;230;4;Physical examination;urn:osse-11:dataelement:68:1;dataelement;Diastolic Blood Pressure;True;False;7
230_4_Physical examination;230;4;Physical examination;urn:osse-11:dataelement:69:1;dataelement;Mean Arterial Pressure ;True;False;8
230_4_Physical examination;230;4;Physical examination;urn:osse-11:dataelement:238:1;dataelement;Heart rate;True;False;9
230_4_Physical examination;230;4;Physical examination;urn:osse-11:dataelement:239:1;dataelement;Temperature;True;False;10
230_4_Physical examination;230;4;Physical examination;urn:osse-11:dataelement:240:1;dataelement;Respiratory rate;True;False;11
230_4_Physical examination;230;4;Physical examination;urn:osse-11:dataelement:73:1;dataelement;SpO2;True;False;12
230_4_Physical examination;230;4;Physical examination;urn:osse-11:dataelement:74:1;dataelement;Supplemental oxygen (including mechanical ventilation);False;False;13
230_4_Physical examination;230;4;Physical examination;urn:osse-11:dataelement:75:1;dataelement;FiO2;True;False;14
230_4_Physical examination;230;4;Physical examination;urn:osse-11:dataelement:76:1;dataelement;If Supplemental oxygen is yes;False;False;15
230_4_Physical examination;230;4;Physical examination;urn:osse-11:dataelement:77:1;dataelement;If Delivery Device-Type of Delivery device;False;False;16
230_4_Physical examination;230;4;Physical examination;urn:osse-11:dataelement:78:1;dataelement;If “Nasal catheter”- Flow (liters of O2/min):;False;False;17
230_4_Physical examination;230;4;Physical examination;urn:osse-11:dataelement:80:1;dataelement; If “Simple oxygen mask”- Flow (liters of O2/min);False;False;18
230_4_Physical examination;230;4;Physical examination;urn:osse-11:dataelement:81:1;dataelement;If “Monaghan mask (reservoir)”- Flow (liters of O2/min);False;False;19
230_4_Physical examination;230;4;Physical examination;urn:osse-11:dataelement:82:1;dataelement;If “Venturi mask”- Flow (liters of O2/min);False;False;20
230_4_Physical examination;230;4;Physical examination;urn:osse-11:dataelement:83:1;dataelement;If “High-flow nasal cannula”- Flow (liters of O2/min);False;False;21
230_4_Physical examination;230;4;Physical examination;urn:osse-11:dataelement:84:1;dataelement;If Mechanical ventilation-Reason for mechanical ventilation;False;False;22
230_4_Physical examination;230;4;Physical examination;urn:osse-11:dataelement:85:1;dataelement;Type of mechanical ventilation;False;False;23
230_4_Physical examination;230;4;Physical examination;urn:osse-11:dataelement:79:1;dataelement;FiO2;False;False;24
230_5_Physical examination;230;5;Physical examination;urn:osse-11:dataelement:232:1;dataelement;Physical examination date;True;False;1
230_5_Physical examination;230;5;Physical examination;urn:osse-11:dataelement:233:1;dataelement;Race;True;False;2
230_5_Physical examination;230;5;Physical examination;urn:osse-11:dataelement:349:1;dataelement;Weight (Kg);False;False;3
230_5_Physical examination;230;5;Physical examination;urn:osse-11:dataelement:236:1;dataelement;BMI;True;False;4
230_5_Physical examination;230;5;Physical examination;urn:osse-11:dataelement:237:1;dataelement;Flapping tremor;True;False;5
230_5_Physical examination;230;5;Physical examination;urn:osse-11:dataelement:67:1;dataelement;Systolic Blood Pressure;True;False;6
230_5_Physical examination;230;5;Physical examination;urn:osse-11:dataelement:68:1;dataelement;Diastolic Blood Pressure;True;False;7
230_5_Physical examination;230;5;Physical examination;urn:osse-11:dataelement:69:1;dataelement;Mean Arterial Pressure ;True;False;8
230_5_Physical examination;230;5;Physical examination;urn:osse-11:dataelement:238:1;dataelement;Heart rate;True;False;9
230_5_Physical examination;230;5;Physical examination;urn:osse-11:dataelement:239:1;dataelement;Temperature;True;False;10
230_5_Physical examination;230;5;Physical examination;urn:osse-11:dataelement:240:1;dataelement;Respiratory rate;True;False;11
230_5_Physical examination;230;5;Physical examination;urn:osse-11:dataelement:73:1;dataelement;SpO2;True;False;12
230_5_Physical examination;230;5;Physical examination;urn:osse-11:dataelement:74:1;dataelement;Supplemental oxygen (including mechanical ventilation);False;False;13
230_5_Physical examination;230;5;Physical examination;urn:osse-11:dataelement:75:1;dataelement;FiO2;False;False;14
230_5_Physical examination;230;5;Physical examination;urn:osse-11:dataelement:76:1;dataelement;If Supplemental oxygen is yes;False;False;15
230_5_Physical examination;230;5;Physical examination;urn:osse-11:dataelement:77:1;dataelement;If Delivery Device-Type of Delivery device;False;False;16
230_5_Physical examination;230;5;Physical examination;urn:osse-11:dataelement:78:1;dataelement;If “Nasal catheter”- Flow (liters of O2/min):;False;False;17
230_5_Physical examination;230;5;Physical examination;urn:osse-11:dataelement:80:1;dataelement; If “Simple oxygen mask”- Flow (liters of O2/min);False;False;18
230_5_Physical examination;230;5;Physical examination;urn:osse-11:dataelement:81:1;dataelement;If “Monaghan mask (reservoir)”- Flow (liters of O2/min);False;False;19
230_5_Physical examination;230;5;Physical examination;urn:osse-11:dataelement:82:1;dataelement;If “Venturi mask”- Flow (liters of O2/min);False;False;20
230_5_Physical examination;230;5;Physical examination;urn:osse-11:dataelement:83:1;dataelement;If “High-flow nasal cannula”- Flow (liters of O2/min);False;False;21
230_5_Physical examination;230;5;Physical examination;urn:osse-11:dataelement:84:1;dataelement;If Mechanical ventilation-Reason for mechanical ventilation;False;False;22
230_5_Physical examination;230;5;Physical examination;urn:osse-11:dataelement:85:1;dataelement;Type of mechanical ventilation;False;False;23
230_5_Physical examination;230;5;Physical examination;urn:osse-11:dataelement:79:1;dataelement;FiO2;False;False;24
224_3_ACLF evaluation;224;3;ACLF evaluation;urn:osse-11:record:16:1;record;Liver failure;False;False;1
224_3_ACLF evaluation;224;3;ACLF evaluation;urn:osse-11:record:17:1;record;Renal failure;False;False;2
224_3_ACLF evaluation;224;3;ACLF evaluation;urn:osse-11:record:18:1;record;Coagulation failure;False;False;3
224_3_ACLF evaluation;224;3;ACLF evaluation;urn:osse-11:dataelement:62:1;dataelement;Cerebral failure;False;False;5
224_3_ACLF evaluation;224;3;ACLF evaluation;urn:osse-11:dataelement:63:1;dataelement;West Haven grade;False;False;6
224_3_ACLF evaluation;224;3;ACLF evaluation;urn:osse-11:record:19:1;record;Circulatory failure;False;False;7
224_3_ACLF evaluation;224;3;ACLF evaluation;urn:osse-11:record:20:1;record;Respiratory failure;False;False;8
224_3_ACLF evaluation;224;3;ACLF evaluation;urn:osse-11:dataelement:88:1;dataelement;CLIF Organ Failure Score;False;False;9
224_3_ACLF evaluation;224;3;ACLF evaluation;urn:osse-11:dataelement:89:1;dataelement;ACLF;False;False;10
224_3_ACLF evaluation;224;3;ACLF evaluation;urn:osse-11:dataelement:90:1;dataelement;ACLF;False;False;11
224_3_ACLF evaluation;224;3;ACLF evaluation;urn:osse-11:dataelement:91:1;dataelement;CLIF-C AD score;False;False;12
233_4_Treatment;233;4;Treatment;urn:osse-11:record:31:1;record;1. Alcoholic cirrhosis;False;False;2
233_4_Treatment;233;4;Treatment;urn:osse-11:record:32:1;record;2. Hepatitis C virus antiviral therapy;False;False;3
233_4_Treatment;233;4;Treatment;urn:osse-11:record:33:1;record;3. Hepatitis B virus antiviral therapy;False;False;4
233_4_Treatment;233;4;Treatment;urn:osse-11:record:34:1;record;4.NAFLD/NASH;False;False;5
233_4_Treatment;233;4;Treatment;urn:osse-11:record:35:1;record;5. Autoimmune hepatitis treatment;False;False;6
233_4_Treatment;233;4;Treatment;urn:osse-11:dataelement:158:1;dataelement;6. Other type of cirrhosis;False;False;7
233_4_Treatment;233;4;Treatment;urn:osse-11:dataelement:159:1;dataelement;7. Continuous treatment;False;False;8
233_4_Treatment;233;4;Treatment;urn:osse-11:record:36:1;record;1. Diuretics;False;False;10
233_4_Treatment;233;4;Treatment;urn:osse-11:dataelement:201:1;dataelement;Control treatment specification;False;False;11
233_4_Treatment;233;4;Treatment;urn:osse-11:dataelement:162:1;dataelement;2. Therapeutic paracentesis;False;False;12
233_4_Treatment;233;4;Treatment;urn:osse-11:record:55:1;record;3. Beta-blockers;False;False;13
233_4_Treatment;233;4;Treatment;urn:osse-11:dataelement:201:1;dataelement;Control treatment specification;False;False;14
233_4_Treatment;233;4;Treatment;urn:osse-11:record:38:1;record;4. Intravenous albumin;False;False;15
233_4_Treatment;233;4;Treatment;urn:osse-11:dataelement:201:1;dataelement;Control treatment specification;False;False;16
233_4_Treatment;233;4;Treatment;urn:osse-11:record:39:1;record;5. Vasopressors;False;False;17
233_4_Treatment;233;4;Treatment;urn:osse-11:dataelement:293:1;dataelement;#1: Complete Vasopressor table (General forms);False;True;18
233_4_Treatment;233;4;Treatment;urn:osse-11:dataelement:169:1;dataelement;6. Renal replacement treatment;False;False;19
233_4_Treatment;233;4;Treatment;urn:osse-11:dataelement:294:1;dataelement;#1: Complete Renal Replacement Therapy table (General forms);False;True;20
233_4_Treatment;233;4;Treatment;urn:osse-11:dataelement:170:1;dataelement;7. Artificial liver support;False;False;21
233_4_Treatment;233;4;Treatment;urn:osse-11:dataelement:171:1;dataelement;8. Omeprazol or other PPI;False;False;22
233_4_Treatment;233;4;Treatment;urn:osse-11:dataelement:201:1;dataelement;Control treatment specification;False;False;23
233_4_Treatment;233;4;Treatment;urn:osse-11:dataelement:172:1;dataelement;9. Endoscopic therapy of bleeding;False;False;24
233_4_Treatment;233;4;Treatment;urn:osse-11:dataelement:173:1;dataelement;10. Lactulose;False;False;25
233_4_Treatment;233;4;Treatment;urn:osse-11:dataelement:174:1;dataelement;11. Rifaximin for HE;False;False;26
233_4_Treatment;233;4;Treatment;urn:osse-11:dataelement:201:1;dataelement;Control treatment specification;False;False;27
233_4_Treatment;233;4;Treatment;urn:osse-11:record:40:1;record;12. TIPS;False;False;28
233_4_Treatment;233;4;Treatment;urn:osse-11:record:41:1;record;13. Antibiotic prophylaxis;False;False;29
233_4_Treatment;233;4;Treatment;urn:osse-11:dataelement:180:1;dataelement;14. Antibiotic for infection (nonprophylactic);False;False;30
233_4_Treatment;233;4;Treatment;urn:osse-11:dataelement:295:1;dataelement;#1: Complete Antibiotic table (General forms);False;True;31
233_4_Treatment;233;4;Treatment;urn:osse-11:record:42:1;record;15. Corticosteroids;False;False;32
233_4_Treatment;233;4;Treatment;urn:osse-11:record:43:1;record;16. Treatments for HCC;False;False;33
233_4_Treatment;233;4;Treatment;urn:osse-11:dataelement:185:1;dataelement;17. Insulin;False;False;34
233_4_Treatment;233;4;Treatment;urn:osse-11:record:44:1;record;18. Oral antidiabetics;False;False;35
233_4_Treatment;233;4;Treatment;urn:osse-11:dataelement:188:1;dataelement;19. Statins;False;False;36
233_4_Treatment;233;4;Treatment;urn:osse-11:record:45:1;record;20. Non-bariatric surgery;False;False;37
233_4_Treatment;233;4;Treatment;urn:osse-11:dataelement:191:1;dataelement;ICU admission;True;False;39
233_4_Treatment;233;4;Treatment;urn:osse-11:dataelement:296:1;dataelement;ICU admission date:;False;False;40
233_4_Treatment;233;4;Treatment;urn:osse-11:dataelement:193:1;dataelement;Any drug with potential hepatotoxic effect;False;False;42
233_4_Treatment;233;4;Treatment;urn:osse-11:dataelement:195:1;dataelement;Drug with potential hepatotoxic effect;False;True;43
233_4_Treatment;233;4;Treatment;urn:osse-11:dataelement:194:1;dataelement;Any drug with potential adverse effect;False;False;45
233_4_Treatment;233;4;Treatment;urn:osse-11:dataelement:196:1;dataelement;Drug with potential adverse effect;False;True;46
233_5_Treatment;233;5;Treatment;urn:osse-11:record:31:1;record;1. Alcoholic cirrhosis;False;False;2
233_5_Treatment;233;5;Treatment;urn:osse-11:record:32:1;record;2. Hepatitis C virus antiviral therapy;False;False;3
233_5_Treatment;233;5;Treatment;urn:osse-11:record:33:1;record;3. Hepatitis B virus antiviral therapy;False;False;4
233_5_Treatment;233;5;Treatment;urn:osse-11:record:34:1;record;4.NAFLD/NASH;False;False;5
233_5_Treatment;233;5;Treatment;urn:osse-11:record:35:1;record;5. Autoimmune hepatitis treatment;False;False;6
233_5_Treatment;233;5;Treatment;urn:osse-11:dataelement:158:1;dataelement;6. Other type of cirrhosis;False;False;7
233_5_Treatment;233;5;Treatment;urn:osse-11:dataelement:159:1;dataelement;7. Continuous treatment;False;False;8
233_5_Treatment;233;5;Treatment;urn:osse-11:record:36:1;record;1. Diuretics;False;False;10
233_5_Treatment;233;5;Treatment;urn:osse-11:dataelement:201:1;dataelement;Control treatment specification;False;False;11
233_5_Treatment;233;5;Treatment;urn:osse-11:dataelement:162:1;dataelement;2. Therapeutic paracentesis;False;False;12
233_5_Treatment;233;5;Treatment;urn:osse-11:record:55:1;record;3. Beta-blockers;False;False;13
233_5_Treatment;233;5;Treatment;urn:osse-11:dataelement:201:1;dataelement;Control treatment specification;False;False;15
233_5_Treatment;233;5;Treatment;urn:osse-11:record:38:1;record;4. Intravenous albumin;False;False;16
233_5_Treatment;233;5;Treatment;urn:osse-11:dataelement:201:1;dataelement;Control treatment specification;False;False;18
233_5_Treatment;233;5;Treatment;urn:osse-11:record:39:1;record;5. Vasopressors;False;False;19
233_5_Treatment;233;5;Treatment;urn:osse-11:dataelement:293:1;dataelement;#1: Complete Vasopressor table (General forms);False;True;20
233_5_Treatment;233;5;Treatment;urn:osse-11:dataelement:169:1;dataelement;6. Renal replacement treatment;False;False;21
233_5_Treatment;233;5;Treatment;urn:osse-11:dataelement:294:1;dataelement;#1: Complete Renal Replacement Therapy table (General forms);False;True;22
233_5_Treatment;233;5;Treatment;urn:osse-11:dataelement:170:1;dataelement;7. Artificial liver support;False;False;23
233_5_Treatment;233;5;Treatment;urn:osse-11:dataelement:171:1;dataelement;8. Omeprazol or other PPI;False;False;24
233_5_Treatment;233;5;Treatment;urn:osse-11:dataelement:201:1;dataelement;Control treatment specification;False;False;26
233_5_Treatment;233;5;Treatment;urn:osse-11:dataelement:172:1;dataelement;9. Endoscopic therapy of bleeding;False;False;27
233_5_Treatment;233;5;Treatment;urn:osse-11:dataelement:173:1;dataelement;10. Lactulose;False;False;28
233_5_Treatment;233;5;Treatment;urn:osse-11:dataelement:174:1;dataelement;11. Rifaximin for HE;False;False;29
233_5_Treatment;233;5;Treatment;urn:osse-11:dataelement:201:1;dataelement;Control treatment specification;False;False;31
233_5_Treatment;233;5;Treatment;urn:osse-11:record:40:1;record;12. TIPS;False;False;32
233_5_Treatment;233;5;Treatment;urn:osse-11:record:41:1;record;13. Antibiotic prophylaxis;False;False;33
233_5_Treatment;233;5;Treatment;urn:osse-11:dataelement:180:1;dataelement;14. Antibiotic for infection (nonprophylactic);False;False;34
233_5_Treatment;233;5;Treatment;urn:osse-11:dataelement:295:1;dataelement;#1: Complete Antibiotic table (General forms);False;True;35
233_5_Treatment;233;5;Treatment;urn:osse-11:record:42:1;record;15. Corticosteroids;False;False;36
233_5_Treatment;233;5;Treatment;urn:osse-11:record:43:1;record;16. Treatments for HCC;False;False;37
233_5_Treatment;233;5;Treatment;urn:osse-11:dataelement:185:1;dataelement;17. Insulin;False;False;38
233_5_Treatment;233;5;Treatment;urn:osse-11:record:44:1;record;18. Oral antidiabetics;False;False;39
233_5_Treatment;233;5;Treatment;urn:osse-11:dataelement:188:1;dataelement;19. Statins;False;False;40
233_5_Treatment;233;5;Treatment;urn:osse-11:record:45:1;record;20. Non-bariatric surgery;False;False;41
233_5_Treatment;233;5;Treatment;urn:osse-11:dataelement:191:1;dataelement;ICU admission;True;False;43
233_5_Treatment;233;5;Treatment;urn:osse-11:dataelement:296:1;dataelement;ICU admission date:;False;False;44
233_5_Treatment;233;5;Treatment;urn:osse-11:dataelement:193:1;dataelement;Any drug with potential hepatotoxic effect;False;False;46
233_5_Treatment;233;5;Treatment;urn:osse-11:dataelement:195:1;dataelement;Drug with potential hepatotoxic effect;False;True;47
233_5_Treatment;233;5;Treatment;urn:osse-11:dataelement:194:1;dataelement;Any drug with potential adverse effect;False;False;49
233_5_Treatment;233;5;Treatment;urn:osse-11:dataelement:196:1;dataelement;Drug with potential adverse effect;False;True;50
233_6_Treatment;233;6;Treatment;urn:osse-11:record:31:1;record;1. Alcoholic cirrhosis;False;False;2
233_6_Treatment;233;6;Treatment;urn:osse-11:record:32:1;record;2. Hepatitis C virus antiviral therapy;False;False;3
233_6_Treatment;233;6;Treatment;urn:osse-11:record:33:1;record;3. Hepatitis B virus antiviral therapy;False;False;4
233_6_Treatment;233;6;Treatment;urn:osse-11:record:34:1;record;4.NAFLD/NASH;False;False;5
233_6_Treatment;233;6;Treatment;urn:osse-11:record:35:1;record;5. Autoimmune hepatitis treatment;False;False;6
233_6_Treatment;233;6;Treatment;urn:osse-11:dataelement:158:1;dataelement;6. Other type of cirrhosis;False;False;7
233_6_Treatment;233;6;Treatment;urn:osse-11:dataelement:159:1;dataelement;7. Continuous treatment;False;False;8
233_6_Treatment;233;6;Treatment;urn:osse-11:record:36:1;record;1. Diuretics;False;False;10
233_6_Treatment;233;6;Treatment;urn:osse-11:dataelement:201:1;dataelement;Control treatment specification;False;False;11
233_6_Treatment;233;6;Treatment;urn:osse-11:dataelement:162:1;dataelement;2. Therapeutic paracentesis;False;False;12
233_6_Treatment;233;6;Treatment;urn:osse-11:record:55:1;record;3. Beta-blockers;False;False;13
233_6_Treatment;233;6;Treatment;urn:osse-11:dataelement:201:1;dataelement;Control treatment specification;False;False;15
233_6_Treatment;233;6;Treatment;urn:osse-11:record:38:1;record;4. Intravenous albumin;False;False;16
233_6_Treatment;233;6;Treatment;urn:osse-11:dataelement:201:1;dataelement;Control treatment specification;False;False;18
233_6_Treatment;233;6;Treatment;urn:osse-11:record:39:1;record;5. Vasopressors;False;False;19
233_6_Treatment;233;6;Treatment;urn:osse-11:dataelement:293:1;dataelement;#1: Complete Vasopressor table (General forms);False;True;20
233_6_Treatment;233;6;Treatment;urn:osse-11:dataelement:169:1;dataelement;6. Renal replacement treatment;False;False;21
233_6_Treatment;233;6;Treatment;urn:osse-11:dataelement:294:1;dataelement;#1: Complete Renal Replacement Therapy table (General forms);False;True;22
233_6_Treatment;233;6;Treatment;urn:osse-11:dataelement:170:1;dataelement;7. Artificial liver support;False;False;23
233_6_Treatment;233;6;Treatment;urn:osse-11:dataelement:171:1;dataelement;8. Omeprazol or other PPI;False;False;24
233_6_Treatment;233;6;Treatment;urn:osse-11:dataelement:201:1;dataelement;Control treatment specification;False;False;26
233_6_Treatment;233;6;Treatment;urn:osse-11:dataelement:172:1;dataelement;9. Endoscopic therapy of bleeding;False;False;27
233_6_Treatment;233;6;Treatment;urn:osse-11:dataelement:173:1;dataelement;10. Lactulose;False;False;28
233_6_Treatment;233;6;Treatment;urn:osse-11:dataelement:174:1;dataelement;11. Rifaximin for HE;False;False;29
233_6_Treatment;233;6;Treatment;urn:osse-11:dataelement:201:1;dataelement;Control treatment specification;False;False;31
233_6_Treatment;233;6;Treatment;urn:osse-11:record:40:1;record;12. TIPS;False;False;32
233_6_Treatment;233;6;Treatment;urn:osse-11:record:41:1;record;13. Antibiotic prophylaxis;False;False;33
233_6_Treatment;233;6;Treatment;urn:osse-11:dataelement:180:1;dataelement;14. Antibiotic for infection (nonprophylactic);False;False;34
233_6_Treatment;233;6;Treatment;urn:osse-11:dataelement:295:1;dataelement;#1: Complete Antibiotic table (General forms);False;True;35
233_6_Treatment;233;6;Treatment;urn:osse-11:record:42:1;record;15. Corticosteroids;False;False;36
233_6_Treatment;233;6;Treatment;urn:osse-11:record:43:1;record;16. Treatments for HCC;False;False;37
233_6_Treatment;233;6;Treatment;urn:osse-11:dataelement:185:1;dataelement;17. Insulin;False;False;38
233_6_Treatment;233;6;Treatment;urn:osse-11:record:44:1;record;18. Oral antidiabetics;False;False;39
233_6_Treatment;233;6;Treatment;urn:osse-11:dataelement:188:1;dataelement;19. Statins;False;False;40
233_6_Treatment;233;6;Treatment;urn:osse-11:record:45:1;record;20. Non-bariatric surgery;False;False;41
233_6_Treatment;233;6;Treatment;urn:osse-11:dataelement:191:1;dataelement;ICU admission;True;False;43
233_6_Treatment;233;6;Treatment;urn:osse-11:dataelement:296:1;dataelement;ICU admission date:;False;False;44
233_6_Treatment;233;6;Treatment;urn:osse-11:dataelement:193:1;dataelement;Any drug with potential hepatotoxic effect;False;False;46
233_6_Treatment;233;6;Treatment;urn:osse-11:dataelement:195:1;dataelement;Drug with potential hepatotoxic effect;False;True;47
233_6_Treatment;233;6;Treatment;urn:osse-11:dataelement:194:1;dataelement;Any drug with potential adverse effect;False;False;49
233_6_Treatment;233;6;Treatment;urn:osse-11:dataelement:196:1;dataelement;Drug with potential adverse effect;False;True;50
233_7_Treatment;233;7;Treatment;urn:osse-11:record:31:1;record;1. Alcoholic cirrhosis;False;False;2
233_7_Treatment;233;7;Treatment;urn:osse-11:record:32:1;record;2. Hepatitis C virus antiviral therapy;False;False;3
233_7_Treatment;233;7;Treatment;urn:osse-11:record:33:1;record;3. Hepatitis B virus antiviral therapy;False;False;4
233_7_Treatment;233;7;Treatment;urn:osse-11:record:34:1;record;4.NAFLD/NASH;False;False;5
233_7_Treatment;233;7;Treatment;urn:osse-11:record:35:1;record;5. Autoimmune hepatitis treatment;False;False;6
233_7_Treatment;233;7;Treatment;urn:osse-11:dataelement:158:1;dataelement;6. Other type of cirrhosis;False;False;7
233_7_Treatment;233;7;Treatment;urn:osse-11:dataelement:159:1;dataelement;7. Continuous treatment;False;False;8
233_7_Treatment;233;7;Treatment;urn:osse-11:record:36:1;record;1. Diuretics;False;False;10
233_7_Treatment;233;7;Treatment;urn:osse-11:dataelement:201:1;dataelement;Control treatment specification;False;False;12
233_7_Treatment;233;7;Treatment;urn:osse-11:dataelement:162:1;dataelement;2. Therapeutic paracentesis;False;False;13
233_7_Treatment;233;7;Treatment;urn:osse-11:record:55:1;record;3. Beta-blockers;False;False;14
233_7_Treatment;233;7;Treatment;urn:osse-11:dataelement:201:1;dataelement;Control treatment specification;False;False;16
233_7_Treatment;233;7;Treatment;urn:osse-11:record:38:1;record;4. Intravenous albumin;False;False;17
233_7_Treatment;233;7;Treatment;urn:osse-11:dataelement:201:1;dataelement;Control treatment specification;False;False;19
233_7_Treatment;233;7;Treatment;urn:osse-11:record:39:1;record;5. Vasopressors;False;False;20
233_7_Treatment;233;7;Treatment;urn:osse-11:dataelement:293:1;dataelement;#1: Complete Vasopressor table (General forms);False;True;21
233_7_Treatment;233;7;Treatment;urn:osse-11:dataelement:169:1;dataelement;6. Renal replacement treatment;False;False;22
233_7_Treatment;233;7;Treatment;urn:osse-11:dataelement:294:1;dataelement;#1: Complete Renal Replacement Therapy table (General forms);False;True;23
233_7_Treatment;233;7;Treatment;urn:osse-11:dataelement:170:1;dataelement;7. Artificial liver support;False;False;24
233_7_Treatment;233;7;Treatment;urn:osse-11:dataelement:171:1;dataelement;8. Omeprazol or other PPI;False;False;25
233_7_Treatment;233;7;Treatment;urn:osse-11:dataelement:201:1;dataelement;Control treatment specification;False;False;27
233_7_Treatment;233;7;Treatment;urn:osse-11:dataelement:172:1;dataelement;9. Endoscopic therapy of bleeding;False;False;28
233_7_Treatment;233;7;Treatment;urn:osse-11:dataelement:173:1;dataelement;10. Lactulose;False;False;29
233_7_Treatment;233;7;Treatment;urn:osse-11:dataelement:174:1;dataelement;11. Rifaximin for HE;False;False;30
233_7_Treatment;233;7;Treatment;urn:osse-11:dataelement:201:1;dataelement;Control treatment specification;False;False;32
233_7_Treatment;233;7;Treatment;urn:osse-11:record:40:1;record;12. TIPS;False;False;33
233_7_Treatment;233;7;Treatment;urn:osse-11:record:41:1;record;13. Antibiotic prophylaxis;False;False;34
233_7_Treatment;233;7;Treatment;urn:osse-11:dataelement:180:1;dataelement;14. Antibiotic for infection (nonprophylactic);False;False;35
233_7_Treatment;233;7;Treatment;urn:osse-11:dataelement:295:1;dataelement;#1: Complete Antibiotic table (General forms);False;True;36
233_7_Treatment;233;7;Treatment;urn:osse-11:record:42:1;record;15. Corticosteroids;False;False;37
233_7_Treatment;233;7;Treatment;urn:osse-11:record:43:1;record;16. Treatments for HCC;False;False;38
233_7_Treatment;233;7;Treatment;urn:osse-11:dataelement:185:1;dataelement;17. Insulin;False;False;39
233_7_Treatment;233;7;Treatment;urn:osse-11:record:44:1;record;18. Oral antidiabetics;False;False;40
233_7_Treatment;233;7;Treatment;urn:osse-11:dataelement:188:1;dataelement;19. Statins;False;False;41
233_7_Treatment;233;7;Treatment;urn:osse-11:record:45:1;record;20. Non-bariatric surgery;False;False;42
233_7_Treatment;233;7;Treatment;urn:osse-11:dataelement:191:1;dataelement;ICU admission;True;False;44
233_7_Treatment;233;7;Treatment;urn:osse-11:dataelement:296:1;dataelement;ICU admission date:;False;False;45
233_7_Treatment;233;7;Treatment;urn:osse-11:dataelement:193:1;dataelement;Any drug with potential hepatotoxic effect;False;False;47
233_7_Treatment;233;7;Treatment;urn:osse-11:dataelement:195:1;dataelement;Drug with potential hepatotoxic effect;False;True;48
233_7_Treatment;233;7;Treatment;urn:osse-11:dataelement:194:1;dataelement;Any drug with potential adverse effect;False;False;50
233_7_Treatment;233;7;Treatment;urn:osse-11:dataelement:196:1;dataelement;Drug with potential adverse effect;False;True;51
232_4_Laboratory data 2;232;4;Laboratory data 2;urn:osse-11:dataelement:279:1;dataelement;Has arterial blood sample been collected;True;False;2
232_4_Laboratory data 2;232;4;Laboratory data 2;urn:osse-11:dataelement:280:1;dataelement;Date of arterial blood sample  collection;False;False;3
232_4_Laboratory data 2;232;4;Laboratory data 2;urn:osse-11:dataelement:281:1;dataelement;PHa;False;False;6
232_4_Laboratory data 2;232;4;Laboratory data 2;urn:osse-11:dataelement:282:1;dataelement;PaO2;False;False;7
232_4_Laboratory data 2;232;4;Laboratory data 2;urn:osse-11:dataelement:283:1;dataelement;PaCO2;False;False;8
232_4_Laboratory data 2;232;4;Laboratory data 2;urn:osse-11:dataelement:289:1;dataelement;HCO3a;False;False;9
232_4_Laboratory data 2;232;4;Laboratory data 2;urn:osse-11:dataelement:356:1;dataelement;BEa;False;False;10
232_4_Laboratory data 2;232;4;Laboratory data 2;urn:osse-11:dataelement:286:1;dataelement;PHv;False;False;12
232_4_Laboratory data 2;232;4;Laboratory data 2;urn:osse-11:dataelement:287:1;dataelement;PvO2;False;False;13
232_4_Laboratory data 2;232;4;Laboratory data 2;urn:osse-11:dataelement:288:1;dataelement;PvCO2;False;False;14
232_4_Laboratory data 2;232;4;Laboratory data 2;urn:osse-11:dataelement:289:1;dataelement;HCO3a;False;False;15
232_4_Laboratory data 2;232;4;Laboratory data 2;urn:osse-11:dataelement:356:1;dataelement;BEa;False;False;16
232_5_Laboratory data 2;232;5;Laboratory data 2;urn:osse-11:dataelement:279:1;dataelement;Has arterial blood sample been collected;True;False;2
232_5_Laboratory data 2;232;5;Laboratory data 2;urn:osse-11:dataelement:280:1;dataelement;Date of arterial blood sample  collection;False;False;3
232_5_Laboratory data 2;232;5;Laboratory data 2;urn:osse-11:dataelement:281:1;dataelement;PHa;False;False;6
232_5_Laboratory data 2;232;5;Laboratory data 2;urn:osse-11:dataelement:282:1;dataelement;PaO2;False;False;7
232_5_Laboratory data 2;232;5;Laboratory data 2;urn:osse-11:dataelement:283:1;dataelement;PaCO2;False;False;8
232_5_Laboratory data 2;232;5;Laboratory data 2;urn:osse-11:dataelement:289:1;dataelement;HCO3a;False;False;9
232_5_Laboratory data 2;232;5;Laboratory data 2;urn:osse-11:dataelement:356:1;dataelement;BEa;False;False;10
232_5_Laboratory data 2;232;5;Laboratory data 2;urn:osse-11:dataelement:286:1;dataelement;PHv;False;False;12
232_5_Laboratory data 2;232;5;Laboratory data 2;urn:osse-11:dataelement:287:1;dataelement;PvO2;False;False;13
232_5_Laboratory data 2;232;5;Laboratory data 2;urn:osse-11:dataelement:288:1;dataelement;PvCO2;False;False;14
232_5_Laboratory data 2;232;5;Laboratory data 2;urn:osse-11:dataelement:289:1;dataelement;HCO3a;False;False;15
232_5_Laboratory data 2;232;5;Laboratory data 2;urn:osse-11:dataelement:356:1;dataelement;BEa;False;False;16
231_11_Laboratory data 1;231;11;Laboratory data 1;urn:osse-11:dataelement:241:1;dataelement;Has blood analysis been performed?;True;False;1
231_11_Laboratory data 1;231;11;Laboratory data 1;urn:osse-11:dataelement:242:1;dataelement;Date of Collection;False;False;2
231_11_Laboratory data 1;231;11;Laboratory data 1;urn:osse-11:dataelement:348:1;dataelement;Hemoglobin;False;False;5
231_11_Laboratory data 1;231;11;Laboratory data 1;urn:osse-11:dataelement:244:1;dataelement;Hematocrit;False;False;6
231_11_Laboratory data 1;231;11;Laboratory data 1;urn:osse-11:dataelement:245:1;dataelement;Leucocyte (Absolute);False;False;7
231_11_Laboratory data 1;231;11;Laboratory data 1;urn:osse-11:dataelement:246:1;dataelement;Leucocytes (%);False;False;8
231_11_Laboratory data 1;231;11;Laboratory data 1;urn:osse-11:dataelement:247:1;dataelement;Lymphocytes;False;False;9
231_11_Laboratory data 1;231;11;Laboratory data 1;urn:osse-11:dataelement:248:1;dataelement;Lymphocytes (%);False;False;10
231_11_Laboratory data 1;231;11;Laboratory data 1;urn:osse-11:dataelement:249:1;dataelement;Monocytes (Absolute);False;False;11
231_11_Laboratory data 1;231;11;Laboratory data 1;urn:osse-11:dataelement:250:1;dataelement;Monocytes (%);False;False;12
231_11_Laboratory data 1;231;11;Laboratory data 1;urn:osse-11:dataelement:251:1;dataelement;Neutrophils (Absolute);False;False;13
231_11_Laboratory data 1;231;11;Laboratory data 1;urn:osse-11:dataelement:252:1;dataelement;Immature neutrophils (%);False;False;14
231_11_Laboratory data 1;231;11;Laboratory data 1;urn:osse-11:dataelement:253:1;dataelement;Platelet count;False;False;15
231_11_Laboratory data 1;231;11;Laboratory data 1;urn:osse-11:dataelement:254:1;dataelement;Prothrombin time;False;False;16
231_11_Laboratory data 1;231;11;Laboratory data 1;urn:osse-11:dataelement:255:1;dataelement;Control prothrombin time;False;False;17
231_11_Laboratory data 1;231;11;Laboratory data 1;urn:osse-11:dataelement:256:1;dataelement;INR;False;False;18
231_11_Laboratory data 1;231;11;Laboratory data 1;urn:osse-11:dataelement:357:1;dataelement;Quick (%);False;False;19
231_11_Laboratory data 1;231;11;Laboratory data 1;urn:osse-11:dataelement:258:1;dataelement;ISI;False;False;20
231_11_Laboratory data 1;231;11;Laboratory data 1;urn:osse-11:dataelement:347:1;dataelement;Albumin;False;False;22
231_11_Laboratory data 1;231;11;Laboratory data 1;urn:osse-11:dataelement:260:1;dataelement;AST;False;False;23
231_11_Laboratory data 1;231;11;Laboratory data 1;urn:osse-11:dataelement:354:1;dataelement;ALT;False;False;24
231_11_Laboratory data 1;231;11;Laboratory data 1;urn:osse-11:dataelement:262:1;dataelement;Alkaline phosphatase;False;False;25
231_11_Laboratory data 1;231;11;Laboratory data 1;urn:osse-11:dataelement:263:1;dataelement;GGT;False;False;26
231_11_Laboratory data 1;231;11;Laboratory data 1;urn:osse-11:dataelement:264:1;dataelement;Total Bilirubin;False;False;27
231_11_Laboratory data 1;231;11;Laboratory data 1;urn:osse-11:dataelement:265:1;dataelement;Creatinine;False;False;28
231_11_Laboratory data 1;231;11;Laboratory data 1;urn:osse-11:dataelement:266:1;dataelement;Sodium;False;False;29
231_11_Laboratory data 1;231;11;Laboratory data 1;urn:osse-11:dataelement:267:1;dataelement;Potassium;False;False;30
231_11_Laboratory data 1;231;11;Laboratory data 1;urn:osse-11:dataelement:268:1;dataelement;Glucose;False;False;31
231_11_Laboratory data 1;231;11;Laboratory data 1;urn:osse-11:dataelement:269:1;dataelement;Total cholesterol;False;False;32
231_11_Laboratory data 1;231;11;Laboratory data 1;urn:osse-11:dataelement:270:1;dataelement;HDL-Cholesterol;False;False;33
231_11_Laboratory data 1;231;11;Laboratory data 1;urn:osse-11:dataelement:271:1;dataelement;LDL-Cholesterol;False;False;34
231_11_Laboratory data 1;231;11;Laboratory data 1;urn:osse-11:dataelement:272:1;dataelement;Triglycerides;False;False;35
231_11_Laboratory data 1;231;11;Laboratory data 1;urn:osse-11:dataelement:273:1;dataelement;C-reactive protein (CRP);False;False;36
231_11_Laboratory data 1;231;11;Laboratory data 1;urn:osse-11:dataelement:274:1;dataelement;Has urine analysis been performed?;False;False;38
231_11_Laboratory data 1;231;11;Laboratory data 1;urn:osse-11:dataelement:275:1;dataelement;Date of Collection;False;False;39
231_11_Laboratory data 1;231;11;Laboratory data 1;urn:osse-11:dataelement:276:1;dataelement;Leukocytes reagent strip result;False;False;41
231_11_Laboratory data 1;231;11;Laboratory data 1;urn:osse-11:dataelement:277:1;dataelement;Urine Albumin;False;False;42
231_11_Laboratory data 1;231;11;Laboratory data 1;urn:osse-11:dataelement:278:1;dataelement;Leukocytes per field;False;False;43
230_6_Physical examination;230;6;Physical examination;urn:osse-11:dataelement:232:1;dataelement;Physical examination date;True;False;1
230_6_Physical examination;230;6;Physical examination;urn:osse-11:dataelement:233:1;dataelement;Race;True;False;2
230_6_Physical examination;230;6;Physical examination;urn:osse-11:dataelement:349:1;dataelement;Weight (Kg);False;False;3
230_6_Physical examination;230;6;Physical examination;urn:osse-11:dataelement:350:1;dataelement;Height (cm);False;False;4
230_6_Physical examination;230;6;Physical examination;urn:osse-11:dataelement:237:1;dataelement;Flapping tremor;True;False;5
230_6_Physical examination;230;6;Physical examination;urn:osse-11:dataelement:67:1;dataelement;Systolic Blood Pressure;True;False;6
230_6_Physical examination;230;6;Physical examination;urn:osse-11:dataelement:68:1;dataelement;Diastolic Blood Pressure;True;False;7
230_6_Physical examination;230;6;Physical examination;urn:osse-11:dataelement:69:1;dataelement;Mean Arterial Pressure ;True;False;8
230_6_Physical examination;230;6;Physical examination;urn:osse-11:dataelement:238:1;dataelement;Heart rate;True;False;9
230_6_Physical examination;230;6;Physical examination;urn:osse-11:dataelement:239:1;dataelement;Temperature;True;False;10
230_6_Physical examination;230;6;Physical examination;urn:osse-11:dataelement:240:1;dataelement;Respiratory rate;True;False;11
230_6_Physical examination;230;6;Physical examination;urn:osse-11:dataelement:73:1;dataelement;SpO2;True;False;12
230_6_Physical examination;230;6;Physical examination;urn:osse-11:dataelement:74:1;dataelement;Supplemental oxygen (including mechanical ventilation);False;False;13
230_6_Physical examination;230;6;Physical examination;urn:osse-11:dataelement:75:1;dataelement;FiO2;False;False;14
230_6_Physical examination;230;6;Physical examination;urn:osse-11:dataelement:76:1;dataelement;If Supplemental oxygen is yes;False;False;15
230_6_Physical examination;230;6;Physical examination;urn:osse-11:dataelement:77:1;dataelement;If Delivery Device-Type of Delivery device;False;False;16
230_6_Physical examination;230;6;Physical examination;urn:osse-11:dataelement:78:1;dataelement;If “Nasal catheter”- Flow (liters of O2/min):;False;False;17
230_6_Physical examination;230;6;Physical examination;urn:osse-11:dataelement:80:1;dataelement; If “Simple oxygen mask”- Flow (liters of O2/min);False;False;18
230_6_Physical examination;230;6;Physical examination;urn:osse-11:dataelement:81:1;dataelement;If “Monaghan mask (reservoir)”- Flow (liters of O2/min);False;False;19
230_6_Physical examination;230;6;Physical examination;urn:osse-11:dataelement:82:1;dataelement;If “Venturi mask”- Flow (liters of O2/min);False;False;20
230_6_Physical examination;230;6;Physical examination;urn:osse-11:dataelement:83:1;dataelement;If “High-flow nasal cannula”- Flow (liters of O2/min);False;False;21
230_6_Physical examination;230;6;Physical examination;urn:osse-11:dataelement:84:1;dataelement;If Mechanical ventilation-Reason for mechanical ventilation;False;False;22
230_6_Physical examination;230;6;Physical examination;urn:osse-11:dataelement:85:1;dataelement;Type of mechanical ventilation;False;False;23
230_6_Physical examination;230;6;Physical examination;urn:osse-11:dataelement:79:1;dataelement;FiO2;False;False;24
233_8_Treatment;233;8;Treatment;urn:osse-11:record:31:1;record;1. Alcoholic cirrhosis;False;False;2
233_8_Treatment;233;8;Treatment;urn:osse-11:record:32:1;record;2. Hepatitis C virus antiviral therapy;False;False;3
233_8_Treatment;233;8;Treatment;urn:osse-11:record:33:1;record;3. Hepatitis B virus antiviral therapy;False;False;4
233_8_Treatment;233;8;Treatment;urn:osse-11:record:34:1;record;4.NAFLD/NASH;False;False;5
233_8_Treatment;233;8;Treatment;urn:osse-11:record:35:1;record;5. Autoimmune hepatitis treatment;False;False;6
233_8_Treatment;233;8;Treatment;urn:osse-11:dataelement:158:1;dataelement;6. Other type of cirrhosis;False;False;7
233_8_Treatment;233;8;Treatment;urn:osse-11:dataelement:159:1;dataelement;7. Continuous treatment;False;False;8
233_8_Treatment;233;8;Treatment;urn:osse-11:record:36:1;record;1. Diuretics;False;False;10
233_8_Treatment;233;8;Treatment;urn:osse-11:dataelement:351:1;dataelement;Dose of the treatment;False;False;12
233_8_Treatment;233;8;Treatment;urn:osse-11:dataelement:162:1;dataelement;2. Therapeutic paracentesis;False;False;13
233_8_Treatment;233;8;Treatment;urn:osse-11:record:55:1;record;3. Beta-blockers;False;False;14
233_8_Treatment;233;8;Treatment;urn:osse-11:dataelement:351:1;dataelement;Dose of the treatment;False;False;16
233_8_Treatment;233;8;Treatment;urn:osse-11:record:38:1;record;4. Intravenous albumin;False;False;17
233_8_Treatment;233;8;Treatment;urn:osse-11:dataelement:351:1;dataelement;Dose of the treatment;False;False;19
233_8_Treatment;233;8;Treatment;urn:osse-11:record:39:1;record;5. Vasopressors;False;False;20
233_8_Treatment;233;8;Treatment;urn:osse-11:dataelement:293:1;dataelement;#1: Complete Vasopressor table (General forms);False;True;21
233_8_Treatment;233;8;Treatment;urn:osse-11:dataelement:169:1;dataelement;6. Renal replacement treatment;False;False;22
233_8_Treatment;233;8;Treatment;urn:osse-11:dataelement:294:1;dataelement;#1: Complete Renal Replacement Therapy table (General forms);False;True;23
233_8_Treatment;233;8;Treatment;urn:osse-11:dataelement:170:1;dataelement;7. Artificial liver support;False;False;24
233_8_Treatment;233;8;Treatment;urn:osse-11:dataelement:171:1;dataelement;8. Omeprazol or other PPI;False;False;25
233_8_Treatment;233;8;Treatment;urn:osse-11:dataelement:351:1;dataelement;Dose of the treatment;False;False;27
233_8_Treatment;233;8;Treatment;urn:osse-11:dataelement:172:1;dataelement;9. Endoscopic therapy of bleeding;False;False;28
233_8_Treatment;233;8;Treatment;urn:osse-11:dataelement:173:1;dataelement;10. Lactulose;False;False;29
233_8_Treatment;233;8;Treatment;urn:osse-11:dataelement:174:1;dataelement;11. Rifaximin for HE;False;False;30
233_8_Treatment;233;8;Treatment;urn:osse-11:dataelement:351:1;dataelement;Dose of the treatment;False;False;32
233_8_Treatment;233;8;Treatment;urn:osse-11:record:40:1;record;12. TIPS;False;False;33
233_8_Treatment;233;8;Treatment;urn:osse-11:record:41:1;record;13. Antibiotic prophylaxis;False;False;34
233_8_Treatment;233;8;Treatment;urn:osse-11:dataelement:180:1;dataelement;14. Antibiotic for infection (nonprophylactic);False;False;35
233_8_Treatment;233;8;Treatment;urn:osse-11:dataelement:295:1;dataelement;#1: Complete Antibiotic table (General forms);False;True;36
233_8_Treatment;233;8;Treatment;urn:osse-11:record:42:1;record;15. Corticosteroids;False;False;37
233_8_Treatment;233;8;Treatment;urn:osse-11:record:43:1;record;16. Treatments for HCC;False;False;38
233_8_Treatment;233;8;Treatment;urn:osse-11:dataelement:185:1;dataelement;17. Insulin;False;False;39
233_8_Treatment;233;8;Treatment;urn:osse-11:record:44:1;record;18. Oral antidiabetics;False;False;40
233_8_Treatment;233;8;Treatment;urn:osse-11:dataelement:188:1;dataelement;19. Statins;False;False;41
233_8_Treatment;233;8;Treatment;urn:osse-11:record:45:1;record;20. Non-bariatric surgery;False;False;42
233_8_Treatment;233;8;Treatment;urn:osse-11:dataelement:191:1;dataelement;ICU admission;True;False;44
233_8_Treatment;233;8;Treatment;urn:osse-11:dataelement:296:1;dataelement;ICU admission date:;False;False;45
233_8_Treatment;233;8;Treatment;urn:osse-11:dataelement:193:1;dataelement;Any drug with potential hepatotoxic effect;False;False;47
233_8_Treatment;233;8;Treatment;urn:osse-11:dataelement:195:1;dataelement;Drug with potential hepatotoxic effect;False;True;48
233_8_Treatment;233;8;Treatment;urn:osse-11:dataelement:194:1;dataelement;Any drug with potential adverse effect;False;False;50
233_8_Treatment;233;8;Treatment;urn:osse-11:dataelement:196:1;dataelement;Drug with potential adverse effect;False;True;51
230_7_Physical examination;230;7;Physical examination;urn:osse-11:dataelement:232:1;dataelement;Physical examination date;True;False;1
230_7_Physical examination;230;7;Physical examination;urn:osse-11:dataelement:233:1;dataelement;Race;True;False;2
230_7_Physical examination;230;7;Physical examination;urn:osse-11:dataelement:349:1;dataelement;Weight (Kg);False;False;3
230_7_Physical examination;230;7;Physical examination;urn:osse-11:dataelement:350:1;dataelement;Height (cm);False;False;4
230_7_Physical examination;230;7;Physical examination;urn:osse-11:dataelement:236:1;dataelement;BMI;False;False;5
230_7_Physical examination;230;7;Physical examination;urn:osse-11:dataelement:67:1;dataelement;Systolic Blood Pressure;True;False;6
230_7_Physical examination;230;7;Physical examination;urn:osse-11:dataelement:68:1;dataelement;Diastolic Blood Pressure;True;False;7
230_7_Physical examination;230;7;Physical examination;urn:osse-11:dataelement:69:1;dataelement;Mean Arterial Pressure ;True;False;8
230_7_Physical examination;230;7;Physical examination;urn:osse-11:dataelement:238:1;dataelement;Heart rate;True;False;9
230_7_Physical examination;230;7;Physical examination;urn:osse-11:dataelement:239:1;dataelement;Temperature;True;False;10
230_7_Physical examination;230;7;Physical examination;urn:osse-11:dataelement:240:1;dataelement;Respiratory rate;True;False;11
230_7_Physical examination;230;7;Physical examination;urn:osse-11:dataelement:73:1;dataelement;SpO2;True;False;12
230_7_Physical examination;230;7;Physical examination;urn:osse-11:dataelement:74:1;dataelement;Supplemental oxygen (including mechanical ventilation);False;False;13
230_7_Physical examination;230;7;Physical examination;urn:osse-11:dataelement:75:1;dataelement;FiO2;False;False;14
230_7_Physical examination;230;7;Physical examination;urn:osse-11:dataelement:76:1;dataelement;If Supplemental oxygen is yes;False;False;15
230_7_Physical examination;230;7;Physical examination;urn:osse-11:dataelement:77:1;dataelement;If Delivery Device-Type of Delivery device;False;False;16
230_7_Physical examination;230;7;Physical examination;urn:osse-11:dataelement:78:1;dataelement;If “Nasal catheter”- Flow (liters of O2/min):;False;False;17
230_7_Physical examination;230;7;Physical examination;urn:osse-11:dataelement:80:1;dataelement; If “Simple oxygen mask”- Flow (liters of O2/min);False;False;18
230_7_Physical examination;230;7;Physical examination;urn:osse-11:dataelement:81:1;dataelement;If “Monaghan mask (reservoir)”- Flow (liters of O2/min);False;False;19
230_7_Physical examination;230;7;Physical examination;urn:osse-11:dataelement:82:1;dataelement;If “Venturi mask”- Flow (liters of O2/min);False;False;20
230_7_Physical examination;230;7;Physical examination;urn:osse-11:dataelement:83:1;dataelement;If “High-flow nasal cannula”- Flow (liters of O2/min);False;False;21
230_7_Physical examination;230;7;Physical examination;urn:osse-11:dataelement:84:1;dataelement;If Mechanical ventilation-Reason for mechanical ventilation;False;False;22
230_7_Physical examination;230;7;Physical examination;urn:osse-11:dataelement:85:1;dataelement;Type of mechanical ventilation;False;False;23
230_7_Physical examination;230;7;Physical examination;urn:osse-11:dataelement:79:1;dataelement;FiO2;False;False;24
233_9_Treatment;233;9;Treatment;urn:osse-11:record:31:1;record;1. Alcoholic cirrhosis;False;False;2
233_9_Treatment;233;9;Treatment;urn:osse-11:record:32:1;record;2. Hepatitis C virus antiviral therapy;False;False;3
233_9_Treatment;233;9;Treatment;urn:osse-11:dataelement:353:1;dataelement;Other virus therapy;False;False;4
233_9_Treatment;233;9;Treatment;urn:osse-11:record:33:1;record;3. Hepatitis B virus antiviral therapy;False;False;5
233_9_Treatment;233;9;Treatment;urn:osse-11:record:34:1;record;4.NAFLD/NASH;False;False;6
233_9_Treatment;233;9;Treatment;urn:osse-11:record:35:1;record;5. Autoimmune hepatitis treatment;False;False;7
233_9_Treatment;233;9;Treatment;urn:osse-11:dataelement:158:1;dataelement;6. Other type of cirrhosis;False;False;8
233_9_Treatment;233;9;Treatment;urn:osse-11:dataelement:159:1;dataelement;7. Continuous treatment;False;False;9
233_9_Treatment;233;9;Treatment;urn:osse-11:record:36:1;record;1. Diuretics;False;False;11
233_9_Treatment;233;9;Treatment;urn:osse-11:dataelement:351:1;dataelement;Dose of the treatment;False;False;13
233_9_Treatment;233;9;Treatment;urn:osse-11:dataelement:162:1;dataelement;2. Therapeutic paracentesis;False;False;14
233_9_Treatment;233;9;Treatment;urn:osse-11:record:55:1;record;3. Beta-blockers;False;False;15
233_9_Treatment;233;9;Treatment;urn:osse-11:dataelement:351:1;dataelement;Dose of the treatment;False;False;17
233_9_Treatment;233;9;Treatment;urn:osse-11:record:38:1;record;4. Intravenous albumin;False;False;18
233_9_Treatment;233;9;Treatment;urn:osse-11:dataelement:351:1;dataelement;Dose of the treatment;False;False;20
233_9_Treatment;233;9;Treatment;urn:osse-11:record:39:1;record;5. Vasopressors;False;False;21
233_9_Treatment;233;9;Treatment;urn:osse-11:dataelement:293:1;dataelement;#1: Complete Vasopressor table (General forms);False;True;22
233_9_Treatment;233;9;Treatment;urn:osse-11:dataelement:169:1;dataelement;6. Renal replacement treatment;False;False;23
233_9_Treatment;233;9;Treatment;urn:osse-11:dataelement:294:1;dataelement;#1: Complete Renal Replacement Therapy table (General forms);False;True;24
233_9_Treatment;233;9;Treatment;urn:osse-11:dataelement:170:1;dataelement;7. Artificial liver support;False;False;25
233_9_Treatment;233;9;Treatment;urn:osse-11:dataelement:171:1;dataelement;8. Omeprazol or other PPI;False;False;26
233_9_Treatment;233;9;Treatment;urn:osse-11:dataelement:351:1;dataelement;Dose of the treatment;False;False;28
233_9_Treatment;233;9;Treatment;urn:osse-11:dataelement:172:1;dataelement;9. Endoscopic therapy of bleeding;False;False;29
233_9_Treatment;233;9;Treatment;urn:osse-11:dataelement:173:1;dataelement;10. Lactulose;False;False;30
233_9_Treatment;233;9;Treatment;urn:osse-11:dataelement:174:1;dataelement;11. Rifaximin for HE;False;False;31
233_9_Treatment;233;9;Treatment;urn:osse-11:dataelement:351:1;dataelement;Dose of the treatment;False;False;33
233_9_Treatment;233;9;Treatment;urn:osse-11:record:40:1;record;12. TIPS;False;False;34
233_9_Treatment;233;9;Treatment;urn:osse-11:record:41:1;record;13. Antibiotic prophylaxis;False;False;35
233_9_Treatment;233;9;Treatment;urn:osse-11:dataelement:180:1;dataelement;14. Antibiotic for infection (nonprophylactic);False;False;36
233_9_Treatment;233;9;Treatment;urn:osse-11:dataelement:295:1;dataelement;#1: Complete Antibiotic table (General forms);False;True;37
233_9_Treatment;233;9;Treatment;urn:osse-11:record:42:1;record;15. Corticosteroids;False;False;38
233_9_Treatment;233;9;Treatment;urn:osse-11:record:43:1;record;16. Treatments for HCC;False;False;39
233_9_Treatment;233;9;Treatment;urn:osse-11:dataelement:185:1;dataelement;17. Insulin;False;False;40
233_9_Treatment;233;9;Treatment;urn:osse-11:record:44:1;record;18. Oral antidiabetics;False;False;41
233_9_Treatment;233;9;Treatment;urn:osse-11:dataelement:188:1;dataelement;19. Statins;False;False;42
233_9_Treatment;233;9;Treatment;urn:osse-11:record:45:1;record;20. Non-bariatric surgery;False;False;43
233_9_Treatment;233;9;Treatment;urn:osse-11:dataelement:191:1;dataelement;ICU admission;True;False;45
233_9_Treatment;233;9;Treatment;urn:osse-11:dataelement:296:1;dataelement;ICU admission date:;False;False;46
233_9_Treatment;233;9;Treatment;urn:osse-11:dataelement:193:1;dataelement;Any drug with potential hepatotoxic effect;False;False;48
233_9_Treatment;233;9;Treatment;urn:osse-11:dataelement:195:1;dataelement;Drug with potential hepatotoxic effect;False;True;49
233_9_Treatment;233;9;Treatment;urn:osse-11:dataelement:194:1;dataelement;Any drug with potential adverse effect;False;False;51
233_9_Treatment;233;9;Treatment;urn:osse-11:dataelement:196:1;dataelement;Drug with potential adverse effect;False;True;52
231_7_Laboratory data 1;231;7;Laboratory data 1;urn:osse-11:dataelement:241:1;dataelement;Has blood analysis been performed?;True;False;1
231_7_Laboratory data 1;231;7;Laboratory data 1;urn:osse-11:dataelement:242:1;dataelement;Date of Collection;False;False;2
231_7_Laboratory data 1;231;7;Laboratory data 1;urn:osse-11:dataelement:348:1;dataelement;Hemoglobin;False;False;5
231_7_Laboratory data 1;231;7;Laboratory data 1;urn:osse-11:dataelement:244:1;dataelement;Hematocrit;False;False;6
231_7_Laboratory data 1;231;7;Laboratory data 1;urn:osse-11:dataelement:245:1;dataelement;Leucocyte (Absolute);False;False;7
231_7_Laboratory data 1;231;7;Laboratory data 1;urn:osse-11:dataelement:246:1;dataelement;Leucocytes (%);False;False;8
231_7_Laboratory data 1;231;7;Laboratory data 1;urn:osse-11:dataelement:247:1;dataelement;Lymphocytes;False;False;9
231_7_Laboratory data 1;231;7;Laboratory data 1;urn:osse-11:dataelement:248:1;dataelement;Lymphocytes (%);False;False;10
231_7_Laboratory data 1;231;7;Laboratory data 1;urn:osse-11:dataelement:249:1;dataelement;Monocytes (Absolute);False;False;11
231_7_Laboratory data 1;231;7;Laboratory data 1;urn:osse-11:dataelement:250:1;dataelement;Monocytes (%);False;False;12
231_7_Laboratory data 1;231;7;Laboratory data 1;urn:osse-11:dataelement:251:1;dataelement;Neutrophils (Absolute);False;False;13
231_7_Laboratory data 1;231;7;Laboratory data 1;urn:osse-11:dataelement:252:1;dataelement;Immature neutrophils (%);False;False;14
231_7_Laboratory data 1;231;7;Laboratory data 1;urn:osse-11:dataelement:253:1;dataelement;Platelet count;False;False;15
231_7_Laboratory data 1;231;7;Laboratory data 1;urn:osse-11:dataelement:254:1;dataelement;Prothrombin time;False;False;16
231_7_Laboratory data 1;231;7;Laboratory data 1;urn:osse-11:dataelement:255:1;dataelement;Control prothrombin time;False;False;17
231_7_Laboratory data 1;231;7;Laboratory data 1;urn:osse-11:dataelement:256:1;dataelement;INR;False;False;18
231_7_Laboratory data 1;231;7;Laboratory data 1;urn:osse-11:dataelement:257:1;dataelement;Quick (%);False;False;19
231_7_Laboratory data 1;231;7;Laboratory data 1;urn:osse-11:dataelement:258:1;dataelement;ISI;False;False;20
231_7_Laboratory data 1;231;7;Laboratory data 1;urn:osse-11:dataelement:347:1;dataelement;Albumin;False;False;22
231_7_Laboratory data 1;231;7;Laboratory data 1;urn:osse-11:dataelement:260:1;dataelement;AST;False;False;23
231_7_Laboratory data 1;231;7;Laboratory data 1;urn:osse-11:dataelement:261:1;dataelement;ALT;False;False;24
231_7_Laboratory data 1;231;7;Laboratory data 1;urn:osse-11:dataelement:354:1;dataelement;ALT;False;False;25
231_7_Laboratory data 1;231;7;Laboratory data 1;urn:osse-11:dataelement:263:1;dataelement;GGT;False;False;26
231_7_Laboratory data 1;231;7;Laboratory data 1;urn:osse-11:dataelement:264:1;dataelement;Total Bilirubin;False;False;27
231_7_Laboratory data 1;231;7;Laboratory data 1;urn:osse-11:dataelement:265:1;dataelement;Creatinine;False;False;28
231_7_Laboratory data 1;231;7;Laboratory data 1;urn:osse-11:dataelement:266:1;dataelement;Sodium;False;False;29
231_7_Laboratory data 1;231;7;Laboratory data 1;urn:osse-11:dataelement:267:1;dataelement;Potassium;False;False;30
231_7_Laboratory data 1;231;7;Laboratory data 1;urn:osse-11:dataelement:268:1;dataelement;Glucose;False;False;31
231_7_Laboratory data 1;231;7;Laboratory data 1;urn:osse-11:dataelement:269:1;dataelement;Total cholesterol;False;False;32
231_7_Laboratory data 1;231;7;Laboratory data 1;urn:osse-11:dataelement:270:1;dataelement;HDL-Cholesterol;False;False;33
231_7_Laboratory data 1;231;7;Laboratory data 1;urn:osse-11:dataelement:271:1;dataelement;LDL-Cholesterol;False;False;34
231_7_Laboratory data 1;231;7;Laboratory data 1;urn:osse-11:dataelement:272:1;dataelement;Triglycerides;False;False;35
231_7_Laboratory data 1;231;7;Laboratory data 1;urn:osse-11:dataelement:273:1;dataelement;C-reactive protein (CRP);False;False;36
231_7_Laboratory data 1;231;7;Laboratory data 1;urn:osse-11:dataelement:274:1;dataelement;Has urine analysis been performed?;False;False;38
231_7_Laboratory data 1;231;7;Laboratory data 1;urn:osse-11:dataelement:275:1;dataelement;Date of Collection;False;False;39
231_7_Laboratory data 1;231;7;Laboratory data 1;urn:osse-11:dataelement:276:1;dataelement;Leukocytes reagent strip result;False;False;41
231_7_Laboratory data 1;231;7;Laboratory data 1;urn:osse-11:dataelement:277:1;dataelement;Urine Albumin;False;False;42
231_7_Laboratory data 1;231;7;Laboratory data 1;urn:osse-11:dataelement:278:1;dataelement;Leukocytes per field;False;False;43
231_8_Laboratory data 1;231;8;Laboratory data 1;urn:osse-11:dataelement:241:1;dataelement;Has blood analysis been performed?;True;False;1
231_8_Laboratory data 1;231;8;Laboratory data 1;urn:osse-11:dataelement:242:1;dataelement;Date of Collection;False;False;2
231_8_Laboratory data 1;231;8;Laboratory data 1;urn:osse-11:dataelement:348:1;dataelement;Hemoglobin;False;False;5
231_8_Laboratory data 1;231;8;Laboratory data 1;urn:osse-11:dataelement:244:1;dataelement;Hematocrit;False;False;6
231_8_Laboratory data 1;231;8;Laboratory data 1;urn:osse-11:dataelement:245:1;dataelement;Leucocyte (Absolute);False;False;7
231_8_Laboratory data 1;231;8;Laboratory data 1;urn:osse-11:dataelement:246:1;dataelement;Leucocytes (%);False;False;8
231_8_Laboratory data 1;231;8;Laboratory data 1;urn:osse-11:dataelement:247:1;dataelement;Lymphocytes;False;False;9
231_8_Laboratory data 1;231;8;Laboratory data 1;urn:osse-11:dataelement:248:1;dataelement;Lymphocytes (%);False;False;10
231_8_Laboratory data 1;231;8;Laboratory data 1;urn:osse-11:dataelement:249:1;dataelement;Monocytes (Absolute);False;False;11
231_8_Laboratory data 1;231;8;Laboratory data 1;urn:osse-11:dataelement:250:1;dataelement;Monocytes (%);False;False;12
231_8_Laboratory data 1;231;8;Laboratory data 1;urn:osse-11:dataelement:251:1;dataelement;Neutrophils (Absolute);False;False;13
231_8_Laboratory data 1;231;8;Laboratory data 1;urn:osse-11:dataelement:252:1;dataelement;Immature neutrophils (%);False;False;14
231_8_Laboratory data 1;231;8;Laboratory data 1;urn:osse-11:dataelement:253:1;dataelement;Platelet count;False;False;15
231_8_Laboratory data 1;231;8;Laboratory data 1;urn:osse-11:dataelement:254:1;dataelement;Prothrombin time;False;False;16
231_8_Laboratory data 1;231;8;Laboratory data 1;urn:osse-11:dataelement:255:1;dataelement;Control prothrombin time;False;False;17
231_8_Laboratory data 1;231;8;Laboratory data 1;urn:osse-11:dataelement:256:1;dataelement;INR;False;False;18
231_8_Laboratory data 1;231;8;Laboratory data 1;urn:osse-11:dataelement:257:1;dataelement;Quick (%);False;False;19
231_8_Laboratory data 1;231;8;Laboratory data 1;urn:osse-11:dataelement:258:1;dataelement;ISI;False;False;20
231_8_Laboratory data 1;231;8;Laboratory data 1;urn:osse-11:dataelement:347:1;dataelement;Albumin;False;False;22
231_8_Laboratory data 1;231;8;Laboratory data 1;urn:osse-11:dataelement:260:1;dataelement;AST;False;False;23
231_8_Laboratory data 1;231;8;Laboratory data 1;urn:osse-11:dataelement:261:1;dataelement;ALT;False;False;24
231_8_Laboratory data 1;231;8;Laboratory data 1;urn:osse-11:dataelement:354:1;dataelement;ALT;False;False;25
231_8_Laboratory data 1;231;8;Laboratory data 1;urn:osse-11:dataelement:263:1;dataelement;GGT;False;False;26
231_8_Laboratory data 1;231;8;Laboratory data 1;urn:osse-11:dataelement:264:1;dataelement;Total Bilirubin;False;False;27
231_8_Laboratory data 1;231;8;Laboratory data 1;urn:osse-11:dataelement:265:1;dataelement;Creatinine;False;False;28
231_8_Laboratory data 1;231;8;Laboratory data 1;urn:osse-11:dataelement:266:1;dataelement;Sodium;False;False;29
231_8_Laboratory data 1;231;8;Laboratory data 1;urn:osse-11:dataelement:267:1;dataelement;Potassium;False;False;30
231_8_Laboratory data 1;231;8;Laboratory data 1;urn:osse-11:dataelement:268:1;dataelement;Glucose;False;False;31
231_8_Laboratory data 1;231;8;Laboratory data 1;urn:osse-11:dataelement:269:1;dataelement;Total cholesterol;False;False;32
231_8_Laboratory data 1;231;8;Laboratory data 1;urn:osse-11:dataelement:270:1;dataelement;HDL-Cholesterol;False;False;33
231_8_Laboratory data 1;231;8;Laboratory data 1;urn:osse-11:dataelement:271:1;dataelement;LDL-Cholesterol;False;False;34
231_8_Laboratory data 1;231;8;Laboratory data 1;urn:osse-11:dataelement:272:1;dataelement;Triglycerides;False;False;35
231_8_Laboratory data 1;231;8;Laboratory data 1;urn:osse-11:dataelement:273:1;dataelement;C-reactive protein (CRP);False;False;36
231_8_Laboratory data 1;231;8;Laboratory data 1;urn:osse-11:dataelement:274:1;dataelement;Has urine analysis been performed?;False;False;38
231_8_Laboratory data 1;231;8;Laboratory data 1;urn:osse-11:dataelement:275:1;dataelement;Date of Collection;False;False;39
231_8_Laboratory data 1;231;8;Laboratory data 1;urn:osse-11:dataelement:276:1;dataelement;Leukocytes reagent strip result;False;False;41
231_8_Laboratory data 1;231;8;Laboratory data 1;urn:osse-11:dataelement:277:1;dataelement;Urine Albumin;False;False;42
231_8_Laboratory data 1;231;8;Laboratory data 1;urn:osse-11:dataelement:278:1;dataelement;Leukocytes per field;False;False;43
226_7_Previous clinical course;226;7;Previous clinical course;urn:osse-11:dataelement:112:1;dataelement;Time prior to Hospital Study Admission;True;False;1
226_7_Previous clinical course;226;7;Previous clinical course;urn:osse-11:dataelement:109:1;dataelement;Type of alcohol consumption;False;False;3
226_7_Previous clinical course;226;7;Previous clinical course;urn:osse-11:dataelement:111:1;dataelement;Most common drink consumed;False;False;4
226_7_Previous clinical course;226;7;Previous clinical course;urn:osse-11:dataelement:113:1;dataelement;Any prior decompensation prior to hospital study admission ?;True;False;6
226_7_Previous clinical course;226;7;Previous clinical course;urn:osse-11:record:25:1;record;Prior ascites;False;False;7
226_7_Previous clinical course;226;7;Previous clinical course;urn:osse-11:record:26:1;record;Prior hepatic encephalopathy;False;False;8
226_7_Previous clinical course;226;7;Previous clinical course;urn:osse-11:record:27:1;record;Prior gastrointestinal bleeding;False;False;9
226_7_Previous clinical course;226;7;Previous clinical course;urn:osse-11:record:28:1;record;Prior bacterial infections;False;False;11
226_7_Previous clinical course;226;7;Previous clinical course;urn:osse-11:record:29:1;record;Prior ACLF;False;False;13
226_7_Previous clinical course;226;7;Previous clinical course;urn:osse-11:dataelement:130:1;dataelement;6. Acute alcoholic-steatohepatitis (ASH);False;False;15
226_7_Previous clinical course;226;7;Previous clinical course;urn:osse-11:dataelement:131:1;dataelement;7. Acute viral hepatitis superimposed to cirrhosis;False;False;16
226_7_Previous clinical course;226;7;Previous clinical course;urn:osse-11:dataelement:132:1;dataelement;8. Suspected drug-induced liver injury;False;False;17
226_7_Previous clinical course;226;7;Previous clinical course;urn:osse-11:record:30:1;record;Prior HCC;False;False;18
226_7_Previous clinical course;226;7;Previous clinical course;urn:osse-11:dataelement:137:1;dataelement;Other relevant clinical events;False;False;19
226_7_Previous clinical course;226;7;Previous clinical course;urn:osse-11:dataelement:111:1;dataelement;Most common drink consumed;False;False;20
226_8_Previous clinical course;226;8;Previous clinical course;urn:osse-11:dataelement:112:1;dataelement;Time prior to Hospital Study Admission;True;False;1
226_8_Previous clinical course;226;8;Previous clinical course;urn:osse-11:dataelement:109:1;dataelement;Type of alcohol consumption;False;False;3
226_8_Previous clinical course;226;8;Previous clinical course;urn:osse-11:dataelement:111:1;dataelement;Most common drink consumed;False;False;4
226_8_Previous clinical course;226;8;Previous clinical course;urn:osse-11:dataelement:113:1;dataelement;Any prior decompensation prior to hospital study admission ?;True;False;6
226_8_Previous clinical course;226;8;Previous clinical course;urn:osse-11:record:25:1;record;Prior ascites;False;False;7
226_8_Previous clinical course;226;8;Previous clinical course;urn:osse-11:record:26:1;record;Prior hepatic encephalopathy;False;False;8
226_8_Previous clinical course;226;8;Previous clinical course;urn:osse-11:record:27:1;record;Prior gastrointestinal bleeding;False;False;9
226_8_Previous clinical course;226;8;Previous clinical course;urn:osse-11:record:28:1;record;Prior bacterial infections;False;False;11
226_8_Previous clinical course;226;8;Previous clinical course;urn:osse-11:record:29:1;record;Prior ACLF;False;False;13
226_8_Previous clinical course;226;8;Previous clinical course;urn:osse-11:dataelement:130:1;dataelement;6. Acute alcoholic-steatohepatitis (ASH);False;False;15
226_8_Previous clinical course;226;8;Previous clinical course;urn:osse-11:dataelement:131:1;dataelement;7. Acute viral hepatitis superimposed to cirrhosis;False;False;16
226_8_Previous clinical course;226;8;Previous clinical course;urn:osse-11:dataelement:132:1;dataelement;8. Suspected drug-induced liver injury;False;False;17
226_8_Previous clinical course;226;8;Previous clinical course;urn:osse-11:record:30:1;record;Prior HCC;False;False;18
226_8_Previous clinical course;226;8;Previous clinical course;urn:osse-11:dataelement:137:1;dataelement;Other relevant clinical events;False;False;19
226_8_Previous clinical course;226;8;Previous clinical course;urn:osse-11:dataelement:111:1;dataelement;Most common drink consumed;False;False;20
226_9_Previous clinical course;226;9;Previous clinical course;urn:osse-11:dataelement:112:1;dataelement;Time prior to Hospital Study Admission;True;False;1
226_9_Previous clinical course;226;9;Previous clinical course;urn:osse-11:dataelement:109:1;dataelement;Type of alcohol consumption;False;False;3
226_9_Previous clinical course;226;9;Previous clinical course;urn:osse-11:dataelement:355:1;dataelement;Average number of drinks per week;False;False;4
226_9_Previous clinical course;226;9;Previous clinical course;urn:osse-11:dataelement:111:1;dataelement;Most common drink consumed;False;False;5
226_9_Previous clinical course;226;9;Previous clinical course;urn:osse-11:dataelement:113:1;dataelement;Any prior decompensation prior to hospital study admission ?;True;False;7
226_9_Previous clinical course;226;9;Previous clinical course;urn:osse-11:record:25:1;record;Prior ascites;False;False;8
226_9_Previous clinical course;226;9;Previous clinical course;urn:osse-11:record:26:1;record;Prior hepatic encephalopathy;False;False;9
226_9_Previous clinical course;226;9;Previous clinical course;urn:osse-11:record:27:1;record;Prior gastrointestinal bleeding;False;False;10
226_9_Previous clinical course;226;9;Previous clinical course;urn:osse-11:record:28:1;record;Prior bacterial infections;False;False;12
226_9_Previous clinical course;226;9;Previous clinical course;urn:osse-11:record:29:1;record;Prior ACLF;False;False;14
226_9_Previous clinical course;226;9;Previous clinical course;urn:osse-11:dataelement:130:1;dataelement;6. Acute alcoholic-steatohepatitis (ASH);False;False;16
226_9_Previous clinical course;226;9;Previous clinical course;urn:osse-11:dataelement:131:1;dataelement;7. Acute viral hepatitis superimposed to cirrhosis;False;False;17
226_9_Previous clinical course;226;9;Previous clinical course;urn:osse-11:dataelement:132:1;dataelement;8. Suspected drug-induced liver injury;False;False;18
226_9_Previous clinical course;226;9;Previous clinical course;urn:osse-11:record:30:1;record;Prior HCC;False;False;19
226_9_Previous clinical course;226;9;Previous clinical course;urn:osse-11:dataelement:137:1;dataelement;Other relevant clinical events;False;False;20
226_9_Previous clinical course;226;9;Previous clinical course;urn:osse-11:dataelement:111:1;dataelement;Most common drink consumed;False;False;21
231_9_Laboratory data 1;231;9;Laboratory data 1;urn:osse-11:dataelement:241:1;dataelement;Has blood analysis been performed?;True;False;1
231_9_Laboratory data 1;231;9;Laboratory data 1;urn:osse-11:dataelement:242:1;dataelement;Date of Collection;False;False;2
231_9_Laboratory data 1;231;9;Laboratory data 1;urn:osse-11:dataelement:348:1;dataelement;Hemoglobin;False;False;5
231_9_Laboratory data 1;231;9;Laboratory data 1;urn:osse-11:dataelement:244:1;dataelement;Hematocrit;False;False;6
231_9_Laboratory data 1;231;9;Laboratory data 1;urn:osse-11:dataelement:245:1;dataelement;Leucocyte (Absolute);False;False;7
231_9_Laboratory data 1;231;9;Laboratory data 1;urn:osse-11:dataelement:246:1;dataelement;Leucocytes (%);False;False;8
231_9_Laboratory data 1;231;9;Laboratory data 1;urn:osse-11:dataelement:247:1;dataelement;Lymphocytes;False;False;9
231_9_Laboratory data 1;231;9;Laboratory data 1;urn:osse-11:dataelement:248:1;dataelement;Lymphocytes (%);False;False;10
231_9_Laboratory data 1;231;9;Laboratory data 1;urn:osse-11:dataelement:249:1;dataelement;Monocytes (Absolute);False;False;11
231_9_Laboratory data 1;231;9;Laboratory data 1;urn:osse-11:dataelement:250:1;dataelement;Monocytes (%);False;False;12
231_9_Laboratory data 1;231;9;Laboratory data 1;urn:osse-11:dataelement:251:1;dataelement;Neutrophils (Absolute);False;False;13
231_9_Laboratory data 1;231;9;Laboratory data 1;urn:osse-11:dataelement:252:1;dataelement;Immature neutrophils (%);False;False;14
231_9_Laboratory data 1;231;9;Laboratory data 1;urn:osse-11:dataelement:253:1;dataelement;Platelet count;False;False;15
231_9_Laboratory data 1;231;9;Laboratory data 1;urn:osse-11:dataelement:254:1;dataelement;Prothrombin time;False;False;16
231_9_Laboratory data 1;231;9;Laboratory data 1;urn:osse-11:dataelement:255:1;dataelement;Control prothrombin time;False;False;17
231_9_Laboratory data 1;231;9;Laboratory data 1;urn:osse-11:dataelement:256:1;dataelement;INR;False;False;18
231_9_Laboratory data 1;231;9;Laboratory data 1;urn:osse-11:dataelement:257:1;dataelement;Quick (%);False;False;19
231_9_Laboratory data 1;231;9;Laboratory data 1;urn:osse-11:dataelement:258:1;dataelement;ISI;False;False;20
231_9_Laboratory data 1;231;9;Laboratory data 1;urn:osse-11:dataelement:347:1;dataelement;Albumin;False;False;22
231_9_Laboratory data 1;231;9;Laboratory data 1;urn:osse-11:dataelement:260:1;dataelement;AST;False;False;23
231_9_Laboratory data 1;231;9;Laboratory data 1;urn:osse-11:dataelement:354:1;dataelement;ALT;False;False;24
231_9_Laboratory data 1;231;9;Laboratory data 1;urn:osse-11:dataelement:262:1;dataelement;Alkaline phosphatase;False;False;25
231_9_Laboratory data 1;231;9;Laboratory data 1;urn:osse-11:dataelement:263:1;dataelement;GGT;False;False;26
231_9_Laboratory data 1;231;9;Laboratory data 1;urn:osse-11:dataelement:264:1;dataelement;Total Bilirubin;False;False;27
231_9_Laboratory data 1;231;9;Laboratory data 1;urn:osse-11:dataelement:265:1;dataelement;Creatinine;False;False;28
231_9_Laboratory data 1;231;9;Laboratory data 1;urn:osse-11:dataelement:266:1;dataelement;Sodium;False;False;29
231_9_Laboratory data 1;231;9;Laboratory data 1;urn:osse-11:dataelement:267:1;dataelement;Potassium;False;False;30
231_9_Laboratory data 1;231;9;Laboratory data 1;urn:osse-11:dataelement:268:1;dataelement;Glucose;False;False;31
231_9_Laboratory data 1;231;9;Laboratory data 1;urn:osse-11:dataelement:269:1;dataelement;Total cholesterol;False;False;32
231_9_Laboratory data 1;231;9;Laboratory data 1;urn:osse-11:dataelement:270:1;dataelement;HDL-Cholesterol;False;False;33
231_9_Laboratory data 1;231;9;Laboratory data 1;urn:osse-11:dataelement:271:1;dataelement;LDL-Cholesterol;False;False;34
231_9_Laboratory data 1;231;9;Laboratory data 1;urn:osse-11:dataelement:272:1;dataelement;Triglycerides;False;False;35
231_9_Laboratory data 1;231;9;Laboratory data 1;urn:osse-11:dataelement:273:1;dataelement;C-reactive protein (CRP);False;False;36
231_9_Laboratory data 1;231;9;Laboratory data 1;urn:osse-11:dataelement:274:1;dataelement;Has urine analysis been performed?;False;False;38
231_9_Laboratory data 1;231;9;Laboratory data 1;urn:osse-11:dataelement:275:1;dataelement;Date of Collection;False;False;39
231_9_Laboratory data 1;231;9;Laboratory data 1;urn:osse-11:dataelement:276:1;dataelement;Leukocytes reagent strip result;False;False;41
231_9_Laboratory data 1;231;9;Laboratory data 1;urn:osse-11:dataelement:277:1;dataelement;Urine Albumin;False;False;42
231_9_Laboratory data 1;231;9;Laboratory data 1;urn:osse-11:dataelement:278:1;dataelement;Leukocytes per field;False;False;43
231_10_Laboratory data 1;231;10;Laboratory data 1;urn:osse-11:dataelement:241:1;dataelement;Has blood analysis been performed?;True;False;1
231_10_Laboratory data 1;231;10;Laboratory data 1;urn:osse-11:dataelement:242:1;dataelement;Date of Collection;False;False;2
231_10_Laboratory data 1;231;10;Laboratory data 1;urn:osse-11:dataelement:348:1;dataelement;Hemoglobin;False;False;5
231_10_Laboratory data 1;231;10;Laboratory data 1;urn:osse-11:dataelement:244:1;dataelement;Hematocrit;False;False;6
231_10_Laboratory data 1;231;10;Laboratory data 1;urn:osse-11:dataelement:245:1;dataelement;Leucocyte (Absolute);False;False;7
231_10_Laboratory data 1;231;10;Laboratory data 1;urn:osse-11:dataelement:246:1;dataelement;Leucocytes (%);False;False;8
231_10_Laboratory data 1;231;10;Laboratory data 1;urn:osse-11:dataelement:247:1;dataelement;Lymphocytes;False;False;9
231_10_Laboratory data 1;231;10;Laboratory data 1;urn:osse-11:dataelement:248:1;dataelement;Lymphocytes (%);False;False;10
231_10_Laboratory data 1;231;10;Laboratory data 1;urn:osse-11:dataelement:249:1;dataelement;Monocytes (Absolute);False;False;11
231_10_Laboratory data 1;231;10;Laboratory data 1;urn:osse-11:dataelement:250:1;dataelement;Monocytes (%);False;False;12
231_10_Laboratory data 1;231;10;Laboratory data 1;urn:osse-11:dataelement:251:1;dataelement;Neutrophils (Absolute);False;False;13
231_10_Laboratory data 1;231;10;Laboratory data 1;urn:osse-11:dataelement:252:1;dataelement;Immature neutrophils (%);False;False;14
231_10_Laboratory data 1;231;10;Laboratory data 1;urn:osse-11:dataelement:253:1;dataelement;Platelet count;False;False;15
231_10_Laboratory data 1;231;10;Laboratory data 1;urn:osse-11:dataelement:254:1;dataelement;Prothrombin time;False;False;16
231_10_Laboratory data 1;231;10;Laboratory data 1;urn:osse-11:dataelement:255:1;dataelement;Control prothrombin time;False;False;17
231_10_Laboratory data 1;231;10;Laboratory data 1;urn:osse-11:dataelement:256:1;dataelement;INR;False;False;18
231_10_Laboratory data 1;231;10;Laboratory data 1;urn:osse-11:dataelement:257:1;dataelement;Quick (%);False;False;19
231_10_Laboratory data 1;231;10;Laboratory data 1;urn:osse-11:dataelement:258:1;dataelement;ISI;False;False;20
231_10_Laboratory data 1;231;10;Laboratory data 1;urn:osse-11:dataelement:347:1;dataelement;Albumin;False;False;22
231_10_Laboratory data 1;231;10;Laboratory data 1;urn:osse-11:dataelement:260:1;dataelement;AST;False;False;23
231_10_Laboratory data 1;231;10;Laboratory data 1;urn:osse-11:dataelement:354:1;dataelement;ALT;False;False;24
231_10_Laboratory data 1;231;10;Laboratory data 1;urn:osse-11:dataelement:262:1;dataelement;Alkaline phosphatase;False;False;25
231_10_Laboratory data 1;231;10;Laboratory data 1;urn:osse-11:dataelement:263:1;dataelement;GGT;False;False;26
231_10_Laboratory data 1;231;10;Laboratory data 1;urn:osse-11:dataelement:264:1;dataelement;Total Bilirubin;False;False;27
231_10_Laboratory data 1;231;10;Laboratory data 1;urn:osse-11:dataelement:265:1;dataelement;Creatinine;False;False;28
231_10_Laboratory data 1;231;10;Laboratory data 1;urn:osse-11:dataelement:266:1;dataelement;Sodium;False;False;29
231_10_Laboratory data 1;231;10;Laboratory data 1;urn:osse-11:dataelement:267:1;dataelement;Potassium;False;False;30
231_10_Laboratory data 1;231;10;Laboratory data 1;urn:osse-11:dataelement:268:1;dataelement;Glucose;False;False;31
231_10_Laboratory data 1;231;10;Laboratory data 1;urn:osse-11:dataelement:269:1;dataelement;Total cholesterol;False;False;32
231_10_Laboratory data 1;231;10;Laboratory data 1;urn:osse-11:dataelement:270:1;dataelement;HDL-Cholesterol;False;False;33
231_10_Laboratory data 1;231;10;Laboratory data 1;urn:osse-11:dataelement:271:1;dataelement;LDL-Cholesterol;False;False;34
231_10_Laboratory data 1;231;10;Laboratory data 1;urn:osse-11:dataelement:272:1;dataelement;Triglycerides;False;False;35
231_10_Laboratory data 1;231;10;Laboratory data 1;urn:osse-11:dataelement:273:1;dataelement;C-reactive protein (CRP);False;False;36
231_10_Laboratory data 1;231;10;Laboratory data 1;urn:osse-11:dataelement:274:1;dataelement;Has urine analysis been performed?;False;False;38
231_10_Laboratory data 1;231;10;Laboratory data 1;urn:osse-11:dataelement:275:1;dataelement;Date of Collection;False;False;39
231_10_Laboratory data 1;231;10;Laboratory data 1;urn:osse-11:dataelement:276:1;dataelement;Leukocytes reagent strip result;False;False;41
231_10_Laboratory data 1;231;10;Laboratory data 1;urn:osse-11:dataelement:277:1;dataelement;Urine Albumin;False;False;42
231_10_Laboratory data 1;231;10;Laboratory data 1;urn:osse-11:dataelement:278:1;dataelement;Leukocytes per field;False;False;43
228_5_Data at visit;228;5;Data at visit;urn:osse-11:record:47:1;record;Visit Date;False;False;1
228_5_Data at visit;228;5;Data at visit;urn:osse-11:record:48:1;record;Alcohol consumption;False;False;2
228_5_Data at visit;228;5;Data at visit;urn:osse-11:dataelement:355:1;dataelement;Average number of drinks per week;False;False;3
228_5_Data at visit;228;5;Data at visit;urn:osse-11:dataelement:204:1;dataelement;Origin at the time of hospital admission;True;False;5
228_5_Data at visit;228;5;Data at visit;urn:osse-11:dataelement:205:1;dataelement;Site of hospital admission;True;False;6
228_5_Data at visit;228;5;Data at visit;urn:osse-11:dataelement:206:1;dataelement;Reason(s) for hospital admission;True;False;7
228_5_Data at visit;228;5;Data at visit;urn:osse-11:dataelement:346:1;dataelement;If other, please specify;False;False;8
228_5_Data at visit;228;5;Data at visit;urn:osse-11:dataelement:207:1;dataelement;Main reason for hospital admission;True;False;9
228_6_Data at visit;228;6;Data at visit;urn:osse-11:record:47:1;record;Visit Date;False;False;1
228_6_Data at visit;228;6;Data at visit;urn:osse-11:dataelement:203:1;dataelement;Alcohol consumption since last visit;False;False;3
228_6_Data at visit;228;6;Data at visit;urn:osse-11:dataelement:109:1;dataelement;Type of alcohol consumption;False;False;4
228_6_Data at visit;228;6;Data at visit;urn:osse-11:dataelement:355:1;dataelement;Average number of drinks per week;False;False;5
228_6_Data at visit;228;6;Data at visit;urn:osse-11:dataelement:111:1;dataelement;Most common drink consumed;False;False;6
228_6_Data at visit;228;6;Data at visit;urn:osse-11:dataelement:204:1;dataelement;Origin at the time of hospital admission;True;False;8
228_6_Data at visit;228;6;Data at visit;urn:osse-11:dataelement:205:1;dataelement;Site of hospital admission;True;False;9
228_6_Data at visit;228;6;Data at visit;urn:osse-11:dataelement:206:1;dataelement;Reason(s) for hospital admission;True;False;10
228_6_Data at visit;228;6;Data at visit;urn:osse-11:dataelement:346:1;dataelement;If other, please specify;False;False;11
228_6_Data at visit;228;6;Data at visit;urn:osse-11:dataelement:207:1;dataelement;Main reason for hospital admission;True;False;12
228_7_Data at visit;228;7;Data at visit;urn:osse-11:record:47:1;record;Visit Date;False;False;1
228_7_Data at visit;228;7;Data at visit;urn:osse-11:dataelement:203:1;dataelement;Alcohol consumption since last visit;False;False;3
228_7_Data at visit;228;7;Data at visit;urn:osse-11:dataelement:109:1;dataelement;Type of alcohol consumption;False;False;4
228_7_Data at visit;228;7;Data at visit;urn:osse-11:dataelement:355:1;dataelement;Average number of drinks per week;False;False;5
228_7_Data at visit;228;7;Data at visit;urn:osse-11:dataelement:111:1;dataelement;Most common drink consumed;False;False;6
228_7_Data at visit;228;7;Data at visit;urn:osse-11:dataelement:204:1;dataelement;Origin at the time of hospital admission;True;False;8
228_7_Data at visit;228;7;Data at visit;urn:osse-11:dataelement:205:1;dataelement;Site of hospital admission;True;False;9
228_7_Data at visit;228;7;Data at visit;urn:osse-11:dataelement:206:1;dataelement;Reason(s) for hospital admission;True;False;10
228_7_Data at visit;228;7;Data at visit;urn:osse-11:dataelement:346:1;dataelement;If other, please specify;False;False;11
228_7_Data at visit;228;7;Data at visit;urn:osse-11:dataelement:207:1;dataelement;Main reason for hospital admission;True;False;12
230_8_Physical examination;230;8;Physical examination;urn:osse-11:dataelement:232:1;dataelement;Physical examination date;True;False;1
230_8_Physical examination;230;8;Physical examination;urn:osse-11:dataelement:233:1;dataelement;Race;True;False;2
230_8_Physical examination;230;8;Physical examination;urn:osse-11:dataelement:349:1;dataelement;Weight (Kg);False;False;3
230_8_Physical examination;230;8;Physical examination;urn:osse-11:dataelement:350:1;dataelement;Height (cm);False;False;4
230_8_Physical examination;230;8;Physical examination;urn:osse-11:dataelement:236:1;dataelement;BMI;False;False;5
230_8_Physical examination;230;8;Physical examination;urn:osse-11:dataelement:237:1;dataelement;Flapping tremor;False;False;6
230_8_Physical examination;230;8;Physical examination;urn:osse-11:dataelement:67:1;dataelement;Systolic Blood Pressure;False;False;7
230_8_Physical examination;230;8;Physical examination;urn:osse-11:dataelement:68:1;dataelement;Diastolic Blood Pressure;False;False;8
230_8_Physical examination;230;8;Physical examination;urn:osse-11:dataelement:69:1;dataelement;Mean Arterial Pressure ;False;False;9
230_8_Physical examination;230;8;Physical examination;urn:osse-11:dataelement:238:1;dataelement;Heart rate;False;False;10
230_8_Physical examination;230;8;Physical examination;urn:osse-11:dataelement:239:1;dataelement;Temperature;False;False;11
230_8_Physical examination;230;8;Physical examination;urn:osse-11:dataelement:240:1;dataelement;Respiratory rate;False;False;12
230_8_Physical examination;230;8;Physical examination;urn:osse-11:dataelement:73:1;dataelement;SpO2;False;False;13
230_8_Physical examination;230;8;Physical examination;urn:osse-11:dataelement:74:1;dataelement;Supplemental oxygen (including mechanical ventilation);False;False;14
230_8_Physical examination;230;8;Physical examination;urn:osse-11:dataelement:75:1;dataelement;FiO2;False;False;15
230_8_Physical examination;230;8;Physical examination;urn:osse-11:dataelement:76:1;dataelement;If Supplemental oxygen is yes;False;False;16
230_8_Physical examination;230;8;Physical examination;urn:osse-11:dataelement:77:1;dataelement;If Delivery Device-Type of Delivery device;False;False;17
230_8_Physical examination;230;8;Physical examination;urn:osse-11:dataelement:78:1;dataelement;If “Nasal catheter”- Flow (liters of O2/min):;False;False;18
230_8_Physical examination;230;8;Physical examination;urn:osse-11:dataelement:80:1;dataelement; If “Simple oxygen mask”- Flow (liters of O2/min);False;False;19
230_8_Physical examination;230;8;Physical examination;urn:osse-11:dataelement:81:1;dataelement;If “Monaghan mask (reservoir)”- Flow (liters of O2/min);False;False;20
230_8_Physical examination;230;8;Physical examination;urn:osse-11:dataelement:82:1;dataelement;If “Venturi mask”- Flow (liters of O2/min);False;False;21
230_8_Physical examination;230;8;Physical examination;urn:osse-11:dataelement:83:1;dataelement;If “High-flow nasal cannula”- Flow (liters of O2/min);False;False;22
230_8_Physical examination;230;8;Physical examination;urn:osse-11:dataelement:79:1;dataelement;FiO2;False;False;23
230_8_Physical examination;230;8;Physical examination;urn:osse-11:dataelement:84:1;dataelement;If Mechanical ventilation-Reason for mechanical ventilation;False;False;24
230_8_Physical examination;230;8;Physical examination;urn:osse-11:dataelement:85:1;dataelement;Type of mechanical ventilation;False;False;25
230_8_Physical examination;230;8;Physical examination;urn:osse-11:dataelement:79:1;dataelement;FiO2;False;False;26
226_10_Previous clinical course;226;10;Previous clinical course;urn:osse-11:dataelement:112:1;dataelement;Time prior to Hospital Study Admission;True;False;1
226_10_Previous clinical course;226;10;Previous clinical course;urn:osse-11:dataelement:109:1;dataelement;Type of alcohol consumption;False;False;3
226_10_Previous clinical course;226;10;Previous clinical course;urn:osse-11:dataelement:355:1;dataelement;Average number of drinks per week;False;False;4
226_10_Previous clinical course;226;10;Previous clinical course;urn:osse-11:dataelement:111:1;dataelement;Most common drink consumed;False;False;5
226_10_Previous clinical course;226;10;Previous clinical course;urn:osse-11:dataelement:113:1;dataelement;Any prior decompensation prior to hospital study admission ?;True;False;7
226_10_Previous clinical course;226;10;Previous clinical course;urn:osse-11:record:25:1;record;Prior ascites;False;False;8
226_10_Previous clinical course;226;10;Previous clinical course;urn:osse-11:record:26:1;record;Prior hepatic encephalopathy;False;False;9
226_10_Previous clinical course;226;10;Previous clinical course;urn:osse-11:record:27:1;record;Prior gastrointestinal bleeding;False;False;10
226_10_Previous clinical course;226;10;Previous clinical course;urn:osse-11:record:28:1;record;Prior bacterial infections;False;False;12
226_10_Previous clinical course;226;10;Previous clinical course;urn:osse-11:record:29:1;record;Prior ACLF;False;False;14
226_10_Previous clinical course;226;10;Previous clinical course;urn:osse-11:dataelement:130:1;dataelement;6. Acute alcoholic-steatohepatitis (ASH);False;False;16
226_10_Previous clinical course;226;10;Previous clinical course;urn:osse-11:dataelement:131:1;dataelement;7. Acute viral hepatitis superimposed to cirrhosis;False;False;17
226_10_Previous clinical course;226;10;Previous clinical course;urn:osse-11:dataelement:132:1;dataelement;8. Suspected drug-induced liver injury;False;False;18
226_10_Previous clinical course;226;10;Previous clinical course;urn:osse-11:record:30:1;record;Prior HCC;False;False;19
226_10_Previous clinical course;226;10;Previous clinical course;urn:osse-11:dataelement:137:1;dataelement;Other relevant clinical events;False;False;20
226_11_Previous clinical course;226;11;Previous clinical course;urn:osse-11:dataelement:112:1;dataelement;Time prior to Hospital Study Admission;True;False;1
226_11_Previous clinical course;226;11;Previous clinical course;urn:osse-11:dataelement:109:1;dataelement;Type of alcohol consumption;False;False;3
226_11_Previous clinical course;226;11;Previous clinical course;urn:osse-11:dataelement:355:1;dataelement;Average number of drinks per week;False;False;4
226_11_Previous clinical course;226;11;Previous clinical course;urn:osse-11:dataelement:111:1;dataelement;Most common drink consumed;False;False;5
226_11_Previous clinical course;226;11;Previous clinical course;urn:osse-11:dataelement:113:1;dataelement;Any prior decompensation prior to hospital study admission ?;True;False;7
226_11_Previous clinical course;226;11;Previous clinical course;urn:osse-11:record:25:1;record;Prior ascites;False;False;8
226_11_Previous clinical course;226;11;Previous clinical course;urn:osse-11:record:26:1;record;Prior hepatic encephalopathy;False;False;9
226_11_Previous clinical course;226;11;Previous clinical course;urn:osse-11:record:27:1;record;Prior gastrointestinal bleeding;False;False;10
226_11_Previous clinical course;226;11;Previous clinical course;urn:osse-11:record:28:1;record;Prior bacterial infections;False;False;12
226_11_Previous clinical course;226;11;Previous clinical course;urn:osse-11:record:29:1;record;Prior ACLF;False;False;14
226_11_Previous clinical course;226;11;Previous clinical course;urn:osse-11:dataelement:130:1;dataelement;6. Acute alcoholic-steatohepatitis (ASH);False;False;16
226_11_Previous clinical course;226;11;Previous clinical course;urn:osse-11:dataelement:131:1;dataelement;7. Acute viral hepatitis superimposed to cirrhosis;False;False;17
226_11_Previous clinical course;226;11;Previous clinical course;urn:osse-11:dataelement:132:1;dataelement;8. Suspected drug-induced liver injury;False;False;18
226_11_Previous clinical course;226;11;Previous clinical course;urn:osse-11:record:30:1;record;Prior HCC;False;False;19
226_11_Previous clinical course;226;11;Previous clinical course;urn:osse-11:dataelement:137:1;dataelement;Other relevant clinical events;False;False;20
235_3_Scores;235;3;Scores;urn:osse-11:record:56:1;record;● MELD score;True;False;2
235_3_Scores;235;3;Scores;urn:osse-11:dataelement:320:1;dataelement;MELD score;True;False;3
235_3_Scores;235;3;Scores;urn:osse-11:dataelement:321:1;dataelement;MELDNa score;True;False;4
235_3_Scores;235;3;Scores;urn:osse-11:record:58:1;record;● Child-Pugh score;False;False;6
235_3_Scores;235;3;Scores;urn:osse-11:dataelement:322:1;dataelement;Child-Pugh score;True;False;7
235_3_Scores;235;3;Scores;urn:osse-11:record:59:1;record;● Maddrey's score;False;False;9
235_3_Scores;235;3;Scores;urn:osse-11:dataelement:324:1;dataelement;● Maddrey's score;False;False;10
235_3_Scores;235;3;Scores;urn:osse-11:record:60:1;record;●SIRS;False;False;12
235_3_Scores;235;3;Scores;urn:osse-11:dataelement:328:1;dataelement;# Positive signs of SIRS;True;False;13
235_3_Scores;235;3;Scores;urn:osse-11:dataelement:329:1;dataelement;SIRS;True;False;14
235_3_Scores;235;3;Scores;urn:osse-11:dataelement:55:1;dataelement;Date of birth;False;False;16
235_3_Scores;235;3;Scores;urn:osse-11:dataelement:56:1;dataelement;Inclusion Date;False;False;17
235_3_Scores;235;3;Scores;urn:osse-11:record:61:1;record;Liver;False;False;18
235_3_Scores;235;3;Scores;urn:osse-11:record:62:1;record;Kidney;False;False;19
235_3_Scores;235;3;Scores;urn:osse-11:record:63:1;record;Brain;False;False;20
235_3_Scores;235;3;Scores;urn:osse-11:record:65:1;record;Coagulation;False;False;21
235_3_Scores;235;3;Scores;urn:osse-11:record:64:1;record;Circulation;False;False;22
235_3_Scores;235;3;Scores;urn:osse-11:record:66:1;record;Lung;False;False;23
235_3_Scores;235;3;Scores;urn:osse-11:dataelement:336:1;dataelement;Total number of failures;False;False;24
235_3_Scores;235;3;Scores;urn:osse-11:dataelement:88:1;dataelement;CLIF Organ Failure Score;False;False;25
235_3_Scores;235;3;Scores;urn:osse-11:dataelement:337:1;dataelement;Age;False;False;27
235_3_Scores;235;3;Scores;urn:osse-11:dataelement:245:1;dataelement;Leucocyte (Absolute);False;False;28
235_3_Scores;235;3;Scores;urn:osse-11:dataelement:265:1;dataelement;Creatinine;False;False;29
235_3_Scores;235;3;Scores;urn:osse-11:dataelement:256:1;dataelement;INR;False;False;30
235_3_Scores;235;3;Scores;urn:osse-11:dataelement:266:1;dataelement;Sodium;False;False;31
235_3_Scores;235;3;Scores;urn:osse-11:dataelement:91:1;dataelement;CLIF-C AD score;False;False;32
232_2_Laboratory data 2;232;2;Laboratory data 2;urn:osse-11:dataelement:279:1;dataelement;Has arterial blood sample been collected;True;False;2
232_2_Laboratory data 2;232;2;Laboratory data 2;urn:osse-11:dataelement:280:1;dataelement;Date of arterial blood sample  collection;False;False;3
232_2_Laboratory data 2;232;2;Laboratory data 2;urn:osse-11:dataelement:281:1;dataelement;PHa;False;False;6
232_2_Laboratory data 2;232;2;Laboratory data 2;urn:osse-11:dataelement:282:1;dataelement;PaO2;False;False;7
232_2_Laboratory data 2;232;2;Laboratory data 2;urn:osse-11:dataelement:283:1;dataelement;PaCO2;False;False;8
232_2_Laboratory data 2;232;2;Laboratory data 2;urn:osse-11:dataelement:284:1;dataelement;HCO3a;False;False;9
232_2_Laboratory data 2;232;2;Laboratory data 2;urn:osse-11:dataelement:285:1;dataelement;BEa;False;False;10
232_2_Laboratory data 2;232;2;Laboratory data 2;urn:osse-11:dataelement:286:1;dataelement;PHv;False;False;12
232_2_Laboratory data 2;232;2;Laboratory data 2;urn:osse-11:dataelement:287:1;dataelement;PvO2;False;False;13
232_2_Laboratory data 2;232;2;Laboratory data 2;urn:osse-11:dataelement:288:1;dataelement;PvCO2;False;False;14
232_2_Laboratory data 2;232;2;Laboratory data 2;urn:osse-11:dataelement:289:1;dataelement;HCO3a;False;False;15
232_2_Laboratory data 2;232;2;Laboratory data 2;urn:osse-11:dataelement:356:1;dataelement;BEa;False;False;16
235_4_Scores;235;4;Scores;urn:osse-11:record:56:1;record;● MELD score;False;False;2
235_4_Scores;235;4;Scores;urn:osse-11:dataelement:320:1;dataelement;MELD score;False;False;3
235_4_Scores;235;4;Scores;urn:osse-11:dataelement:321:1;dataelement;MELDNa score;False;False;4
235_4_Scores;235;4;Scores;urn:osse-11:record:58:1;record;● Child-Pugh score;False;False;6
235_4_Scores;235;4;Scores;urn:osse-11:dataelement:322:1;dataelement;Child-Pugh score;False;False;7
235_4_Scores;235;4;Scores;urn:osse-11:record:59:1;record;● Maddrey's score;False;False;9
235_4_Scores;235;4;Scores;urn:osse-11:dataelement:324:1;dataelement;● Maddrey's score;False;False;10
235_4_Scores;235;4;Scores;urn:osse-11:record:60:1;record;●SIRS;False;False;12
235_4_Scores;235;4;Scores;urn:osse-11:dataelement:328:1;dataelement;# Positive signs of SIRS;False;False;13
235_4_Scores;235;4;Scores;urn:osse-11:dataelement:329:1;dataelement;SIRS;False;False;14
235_4_Scores;235;4;Scores;urn:osse-11:dataelement:55:1;dataelement;Date of birth;False;False;16
235_4_Scores;235;4;Scores;urn:osse-11:dataelement:56:1;dataelement;Inclusion Date;False;False;17
235_4_Scores;235;4;Scores;urn:osse-11:record:61:1;record;Liver;False;False;18
235_4_Scores;235;4;Scores;urn:osse-11:record:62:1;record;Kidney;False;False;19
235_4_Scores;235;4;Scores;urn:osse-11:record:63:1;record;Brain;False;False;20
235_4_Scores;235;4;Scores;urn:osse-11:record:65:1;record;Coagulation;False;False;21
235_4_Scores;235;4;Scores;urn:osse-11:record:64:1;record;Circulation;False;False;22
235_4_Scores;235;4;Scores;urn:osse-11:record:66:1;record;Lung;False;False;23
235_4_Scores;235;4;Scores;urn:osse-11:dataelement:336:1;dataelement;Total number of failures;False;False;24
235_4_Scores;235;4;Scores;urn:osse-11:dataelement:88:1;dataelement;CLIF Organ Failure Score;False;False;25
235_4_Scores;235;4;Scores;urn:osse-11:dataelement:337:1;dataelement;Age;False;False;27
235_4_Scores;235;4;Scores;urn:osse-11:dataelement:245:1;dataelement;Leucocyte (Absolute);False;False;28
235_4_Scores;235;4;Scores;urn:osse-11:dataelement:265:1;dataelement;Creatinine;False;False;29
235_4_Scores;235;4;Scores;urn:osse-11:dataelement:256:1;dataelement;INR;False;False;30
235_4_Scores;235;4;Scores;urn:osse-11:dataelement:266:1;dataelement;Sodium;False;False;31
235_4_Scores;235;4;Scores;urn:osse-11:dataelement:91:1;dataelement;CLIF-C AD score;False;False;32
235_5_Scores;235;5;Scores;urn:osse-11:record:56:1;record;● MELD score;False;False;2
235_5_Scores;235;5;Scores;urn:osse-11:dataelement:320:1;dataelement;MELD score;False;False;3
235_5_Scores;235;5;Scores;urn:osse-11:dataelement:321:1;dataelement;MELDNa score;False;False;4
235_5_Scores;235;5;Scores;urn:osse-11:record:58:1;record;● Child-Pugh score;False;False;6
235_5_Scores;235;5;Scores;urn:osse-11:dataelement:322:1;dataelement;Child-Pugh score;False;False;7
235_5_Scores;235;5;Scores;urn:osse-11:record:59:1;record;● Maddrey's score;False;False;9
235_5_Scores;235;5;Scores;urn:osse-11:dataelement:324:1;dataelement;● Maddrey's score;False;False;10
235_5_Scores;235;5;Scores;urn:osse-11:record:60:1;record;●SIRS;False;False;12
235_5_Scores;235;5;Scores;urn:osse-11:dataelement:328:1;dataelement;# Positive signs of SIRS;False;False;13
235_5_Scores;235;5;Scores;urn:osse-11:dataelement:329:1;dataelement;SIRS;False;False;14
235_5_Scores;235;5;Scores;urn:osse-11:dataelement:55:1;dataelement;Date of birth;False;False;16
235_5_Scores;235;5;Scores;urn:osse-11:dataelement:56:1;dataelement;Inclusion Date;False;False;17
235_5_Scores;235;5;Scores;urn:osse-11:record:61:1;record;Liver;False;False;18
235_5_Scores;235;5;Scores;urn:osse-11:record:62:1;record;Kidney;False;False;19
235_5_Scores;235;5;Scores;urn:osse-11:record:63:1;record;Brain;False;False;20
235_5_Scores;235;5;Scores;urn:osse-11:record:65:1;record;Coagulation;False;False;21
235_5_Scores;235;5;Scores;urn:osse-11:record:64:1;record;Circulation;False;False;22
235_5_Scores;235;5;Scores;urn:osse-11:record:66:1;record;Lung;False;False;23
235_5_Scores;235;5;Scores;urn:osse-11:dataelement:336:1;dataelement;Total number of failures;False;False;24
235_5_Scores;235;5;Scores;urn:osse-11:dataelement:88:1;dataelement;CLIF Organ Failure Score;False;False;25
235_5_Scores;235;5;Scores;urn:osse-11:dataelement:337:1;dataelement;Age;False;False;27
235_5_Scores;235;5;Scores;urn:osse-11:dataelement:245:1;dataelement;Leucocyte (Absolute);False;False;28
235_5_Scores;235;5;Scores;urn:osse-11:dataelement:265:1;dataelement;Creatinine;False;False;29
235_5_Scores;235;5;Scores;urn:osse-11:dataelement:256:1;dataelement;INR;False;False;30
235_5_Scores;235;5;Scores;urn:osse-11:dataelement:266:1;dataelement;Sodium;False;False;31
235_5_Scores;235;5;Scores;urn:osse-11:dataelement:91:1;dataelement;CLIF-C AD score;False;False;32
235_6_Scores;235;6;Scores;urn:osse-11:record:56:1;record;● MELD score;False;False;2
235_6_Scores;235;6;Scores;urn:osse-11:dataelement:320:1;dataelement;MELD score;False;False;3
235_6_Scores;235;6;Scores;urn:osse-11:dataelement:321:1;dataelement;MELDNa score;False;False;4
235_6_Scores;235;6;Scores;urn:osse-11:record:58:1;record;● Child-Pugh score;False;False;6
235_6_Scores;235;6;Scores;urn:osse-11:dataelement:322:1;dataelement;Child-Pugh score;False;False;7
235_6_Scores;235;6;Scores;urn:osse-11:record:59:1;record;● Maddrey's score;False;False;9
235_6_Scores;235;6;Scores;urn:osse-11:dataelement:324:1;dataelement;● Maddrey's score;False;False;10
235_6_Scores;235;6;Scores;urn:osse-11:record:60:1;record;●SIRS;False;False;12
235_6_Scores;235;6;Scores;urn:osse-11:dataelement:328:1;dataelement;# Positive signs of SIRS;False;False;13
235_6_Scores;235;6;Scores;urn:osse-11:dataelement:329:1;dataelement;SIRS;False;False;14
235_6_Scores;235;6;Scores;urn:osse-11:dataelement:55:1;dataelement;Date of birth;False;False;16
235_6_Scores;235;6;Scores;urn:osse-11:dataelement:56:1;dataelement;Inclusion Date;False;False;17
235_6_Scores;235;6;Scores;urn:osse-11:record:61:1;record;Liver;False;False;18
235_6_Scores;235;6;Scores;urn:osse-11:record:62:1;record;Kidney;False;False;19
235_6_Scores;235;6;Scores;urn:osse-11:record:63:1;record;Brain;False;False;20
235_6_Scores;235;6;Scores;urn:osse-11:record:65:1;record;Coagulation;False;False;21
235_6_Scores;235;6;Scores;urn:osse-11:record:64:1;record;Circulation;False;False;22
235_6_Scores;235;6;Scores;urn:osse-11:record:66:1;record;Lung;False;False;23
235_6_Scores;235;6;Scores;urn:osse-11:dataelement:336:1;dataelement;Total number of failures;False;False;24
235_6_Scores;235;6;Scores;urn:osse-11:dataelement:88:1;dataelement;CLIF Organ Failure Score;False;False;25
235_6_Scores;235;6;Scores;urn:osse-11:record:68:1;record;CLIF-C AD score;False;False;27
235_6_Scores;235;6;Scores;urn:osse-11:dataelement:91:1;dataelement;CLIF-C AD score;False;False;28
232_3_Laboratory data 2;232;3;Laboratory data 2;urn:osse-11:dataelement:279:1;dataelement;Has arterial blood sample been collected;True;False;2
232_3_Laboratory data 2;232;3;Laboratory data 2;urn:osse-11:dataelement:280:1;dataelement;Date of arterial blood sample  collection;False;False;3
232_3_Laboratory data 2;232;3;Laboratory data 2;urn:osse-11:dataelement:281:1;dataelement;PHa;False;False;6
232_3_Laboratory data 2;232;3;Laboratory data 2;urn:osse-11:dataelement:282:1;dataelement;PaO2;False;False;7
232_3_Laboratory data 2;232;3;Laboratory data 2;urn:osse-11:dataelement:283:1;dataelement;PaCO2;False;False;8
232_3_Laboratory data 2;232;3;Laboratory data 2;urn:osse-11:dataelement:284:1;dataelement;HCO3a;False;False;9
232_3_Laboratory data 2;232;3;Laboratory data 2;urn:osse-11:dataelement:356:1;dataelement;BEa;False;False;10
232_3_Laboratory data 2;232;3;Laboratory data 2;urn:osse-11:dataelement:286:1;dataelement;PHv;False;False;12
232_3_Laboratory data 2;232;3;Laboratory data 2;urn:osse-11:dataelement:287:1;dataelement;PvO2;False;False;13
232_3_Laboratory data 2;232;3;Laboratory data 2;urn:osse-11:dataelement:288:1;dataelement;PvCO2;False;False;14
232_3_Laboratory data 2;232;3;Laboratory data 2;urn:osse-11:dataelement:289:1;dataelement;HCO3a;False;False;15
232_3_Laboratory data 2;232;3;Laboratory data 2;urn:osse-11:dataelement:356:1;dataelement;BEa;False;False;16
224_4_ACLF evaluation;224;4;ACLF evaluation;urn:osse-11:record:16:1;record;Liver failure;False;False;1
224_4_ACLF evaluation;224;4;ACLF evaluation;urn:osse-11:record:17:1;record;Renal failure;False;False;2
224_4_ACLF evaluation;224;4;ACLF evaluation;urn:osse-11:record:18:1;record;Coagulation failure;False;False;3
224_4_ACLF evaluation;224;4;ACLF evaluation;urn:osse-11:dataelement:62:1;dataelement;Cerebral failure;False;False;5
224_4_ACLF evaluation;224;4;ACLF evaluation;urn:osse-11:dataelement:63:1;dataelement;West Haven grade;False;False;6
224_4_ACLF evaluation;224;4;ACLF evaluation;urn:osse-11:record:19:1;record;Circulatory failure;False;False;7
224_4_ACLF evaluation;224;4;ACLF evaluation;urn:osse-11:record:20:1;record;Respiratory failure;False;False;8
224_4_ACLF evaluation;224;4;ACLF evaluation;urn:osse-11:dataelement:266:1;dataelement;Sodium;False;False;9
224_4_ACLF evaluation;224;4;ACLF evaluation;urn:osse-11:dataelement:337:1;dataelement;Age;False;False;10
224_4_ACLF evaluation;224;4;ACLF evaluation;urn:osse-11:dataelement:245:1;dataelement;Leucocyte (Absolute);False;False;11
224_4_ACLF evaluation;224;4;ACLF evaluation;urn:osse-11:dataelement:88:1;dataelement;CLIF Organ Failure Score;False;False;12
224_4_ACLF evaluation;224;4;ACLF evaluation;urn:osse-11:dataelement:89:1;dataelement;ACLF;False;False;13
224_4_ACLF evaluation;224;4;ACLF evaluation;urn:osse-11:dataelement:90:1;dataelement;ACLF;False;False;14
224_4_ACLF evaluation;224;4;ACLF evaluation;urn:osse-11:dataelement:91:1;dataelement;CLIF-C AD score;False;False;15
232_6_Laboratory data 2;232;6;Laboratory data 2;urn:osse-11:dataelement:279:1;dataelement;Has arterial blood sample been collected;True;False;2
232_6_Laboratory data 2;232;6;Laboratory data 2;urn:osse-11:dataelement:280:1;dataelement;Date of arterial blood sample  collection;False;False;3
232_6_Laboratory data 2;232;6;Laboratory data 2;urn:osse-11:dataelement:281:1;dataelement;PHa;False;False;6
232_6_Laboratory data 2;232;6;Laboratory data 2;urn:osse-11:dataelement:282:1;dataelement;PaO2;False;False;7
232_6_Laboratory data 2;232;6;Laboratory data 2;urn:osse-11:dataelement:283:1;dataelement;PaCO2;False;False;8
232_6_Laboratory data 2;232;6;Laboratory data 2;urn:osse-11:dataelement:289:1;dataelement;HCO3a;False;False;9
232_6_Laboratory data 2;232;6;Laboratory data 2;urn:osse-11:dataelement:356:1;dataelement;BEa;False;False;10
232_6_Laboratory data 2;232;6;Laboratory data 2;urn:osse-11:dataelement:286:1;dataelement;PHv;False;False;12
232_6_Laboratory data 2;232;6;Laboratory data 2;urn:osse-11:dataelement:287:1;dataelement;PvO2;False;False;13
232_6_Laboratory data 2;232;6;Laboratory data 2;urn:osse-11:dataelement:288:1;dataelement;PvCO2;False;False;14
232_6_Laboratory data 2;232;6;Laboratory data 2;urn:osse-11:dataelement:358:1;dataelement;HCO3v;False;False;15
232_6_Laboratory data 2;232;6;Laboratory data 2;urn:osse-11:dataelement:359:1;dataelement;BEv;False;False;16
235_7_Scores;235;7;Scores;urn:osse-11:record:56:1;record;● MELD score;False;False;2
235_7_Scores;235;7;Scores;urn:osse-11:dataelement:320:1;dataelement;MELD score;False;False;3
235_7_Scores;235;7;Scores;urn:osse-11:dataelement:321:1;dataelement;MELDNa score;False;False;4
235_7_Scores;235;7;Scores;urn:osse-11:record:69:1;record;● Child-Pugh score;False;False;6
235_7_Scores;235;7;Scores;urn:osse-11:dataelement:322:1;dataelement;Child-Pugh score;False;False;7
235_7_Scores;235;7;Scores;urn:osse-11:record:59:1;record;● Maddrey's score;False;False;9
235_7_Scores;235;7;Scores;urn:osse-11:dataelement:324:1;dataelement;● Maddrey's score;False;False;10
235_7_Scores;235;7;Scores;urn:osse-11:record:60:1;record;●SIRS;False;False;12
235_7_Scores;235;7;Scores;urn:osse-11:dataelement:328:1;dataelement;# Positive signs of SIRS;False;False;13
235_7_Scores;235;7;Scores;urn:osse-11:dataelement:329:1;dataelement;SIRS;False;False;14
235_7_Scores;235;7;Scores;urn:osse-11:dataelement:56:1;dataelement;Inclusion Date;False;False;16
235_7_Scores;235;7;Scores;urn:osse-11:record:61:1;record;Liver;False;False;17
235_7_Scores;235;7;Scores;urn:osse-11:record:62:1;record;Kidney;False;False;18
235_7_Scores;235;7;Scores;urn:osse-11:record:63:1;record;Brain;False;False;19
235_7_Scores;235;7;Scores;urn:osse-11:record:65:1;record;Coagulation;False;False;20
235_7_Scores;235;7;Scores;urn:osse-11:record:64:1;record;Circulation;False;False;21
235_7_Scores;235;7;Scores;urn:osse-11:record:66:1;record;Lung;False;False;22
235_7_Scores;235;7;Scores;urn:osse-11:dataelement:336:1;dataelement;Total number of failures;False;False;23
235_7_Scores;235;7;Scores;urn:osse-11:dataelement:88:1;dataelement;CLIF Organ Failure Score;False;False;24
235_7_Scores;235;7;Scores;urn:osse-11:record:68:1;record;CLIF-C AD score;False;False;26
235_7_Scores;235;7;Scores;urn:osse-11:dataelement:91:1;dataelement;CLIF-C AD score;False;False;27
233_10_Treatment;233;10;Treatment;urn:osse-11:record:31:1;record;1. Alcoholic cirrhosis;False;False;2
233_10_Treatment;233;10;Treatment;urn:osse-11:record:32:1;record;2. Hepatitis C virus antiviral therapy;False;False;3
233_10_Treatment;233;10;Treatment;urn:osse-11:dataelement:353:1;dataelement;Other virus therapy;False;False;4
233_10_Treatment;233;10;Treatment;urn:osse-11:record:33:1;record;3. Hepatitis B virus antiviral therapy;False;False;5
233_10_Treatment;233;10;Treatment;urn:osse-11:record:34:1;record;4.NAFLD/NASH;False;False;6
233_10_Treatment;233;10;Treatment;urn:osse-11:record:35:1;record;5. Autoimmune hepatitis treatment;False;False;7
233_10_Treatment;233;10;Treatment;urn:osse-11:dataelement:158:1;dataelement;6. Other type of cirrhosis;False;False;8
233_10_Treatment;233;10;Treatment;urn:osse-11:dataelement:159:1;dataelement;7. Continuous treatment;False;False;9
233_10_Treatment;233;10;Treatment;urn:osse-11:record:36:1;record;1. Diuretics;False;False;11
233_10_Treatment;233;10;Treatment;urn:osse-11:dataelement:360:1;dataelement;Dose of the treatment (diuretics);False;False;13
233_10_Treatment;233;10;Treatment;urn:osse-11:dataelement:162:1;dataelement;2. Therapeutic paracentesis;False;False;14
233_10_Treatment;233;10;Treatment;urn:osse-11:record:55:1;record;3. Beta-blockers;False;False;15
233_10_Treatment;233;10;Treatment;urn:osse-11:dataelement:361:1;dataelement;Dose of the treatment (beta blocker);False;False;17
233_10_Treatment;233;10;Treatment;urn:osse-11:record:38:1;record;4. Intravenous albumin;False;False;18
233_10_Treatment;233;10;Treatment;urn:osse-11:dataelement:362:1;dataelement;Dose of the treatment (albumin);False;False;20
233_10_Treatment;233;10;Treatment;urn:osse-11:record:39:1;record;5. Vasopressors;False;False;21
233_10_Treatment;233;10;Treatment;urn:osse-11:dataelement:293:1;dataelement;#1: Complete Vasopressor table (General forms);False;True;22
233_10_Treatment;233;10;Treatment;urn:osse-11:dataelement:169:1;dataelement;6. Renal replacement treatment;False;False;23
233_10_Treatment;233;10;Treatment;urn:osse-11:dataelement:294:1;dataelement;#1: Complete Renal Replacement Therapy table (General forms);False;True;24
233_10_Treatment;233;10;Treatment;urn:osse-11:dataelement:170:1;dataelement;7. Artificial liver support;False;False;25
233_10_Treatment;233;10;Treatment;urn:osse-11:dataelement:171:1;dataelement;8. Omeprazol or other PPI;False;False;26
233_10_Treatment;233;10;Treatment;urn:osse-11:dataelement:363:1;dataelement;Dose of the treatment (PPI);False;False;28
233_10_Treatment;233;10;Treatment;urn:osse-11:dataelement:172:1;dataelement;9. Endoscopic therapy of bleeding;False;False;29
233_10_Treatment;233;10;Treatment;urn:osse-11:dataelement:173:1;dataelement;10. Lactulose;False;False;30
233_10_Treatment;233;10;Treatment;urn:osse-11:dataelement:174:1;dataelement;11. Rifaximin for HE;False;False;31
233_10_Treatment;233;10;Treatment;urn:osse-11:dataelement:364:1;dataelement;Dose of the treatment (Rifaximin);False;False;33
233_10_Treatment;233;10;Treatment;urn:osse-11:record:40:1;record;12. TIPS;False;False;34
233_10_Treatment;233;10;Treatment;urn:osse-11:record:41:1;record;13. Antibiotic prophylaxis;False;False;35
233_10_Treatment;233;10;Treatment;urn:osse-11:dataelement:180:1;dataelement;14. Antibiotic for infection (nonprophylactic);False;False;36
233_10_Treatment;233;10;Treatment;urn:osse-11:dataelement:295:1;dataelement;#1: Complete Antibiotic table (General forms);False;True;37
233_10_Treatment;233;10;Treatment;urn:osse-11:record:42:1;record;15. Corticosteroids;False;False;38
233_10_Treatment;233;10;Treatment;urn:osse-11:record:43:1;record;16. Treatments for HCC;False;False;39
233_10_Treatment;233;10;Treatment;urn:osse-11:dataelement:185:1;dataelement;17. Insulin;False;False;40
233_10_Treatment;233;10;Treatment;urn:osse-11:record:44:1;record;18. Oral antidiabetics;False;False;41
233_10_Treatment;233;10;Treatment;urn:osse-11:dataelement:188:1;dataelement;19. Statins;False;False;42
233_10_Treatment;233;10;Treatment;urn:osse-11:record:45:1;record;20. Non-bariatric surgery;False;False;43
233_10_Treatment;233;10;Treatment;urn:osse-11:dataelement:191:1;dataelement;ICU admission;True;False;45
233_10_Treatment;233;10;Treatment;urn:osse-11:dataelement:296:1;dataelement;ICU admission date:;False;False;46
233_10_Treatment;233;10;Treatment;urn:osse-11:dataelement:193:1;dataelement;Any drug with potential hepatotoxic effect;False;False;48
233_10_Treatment;233;10;Treatment;urn:osse-11:dataelement:195:1;dataelement;Drug with potential hepatotoxic effect;False;True;49
233_10_Treatment;233;10;Treatment;urn:osse-11:dataelement:194:1;dataelement;Any drug with potential adverse effect;False;False;51
233_10_Treatment;233;10;Treatment;urn:osse-11:dataelement:196:1;dataelement;Drug with potential adverse effect;False;True;52
223_3_Biobank sample collection;223;3;Biobank sample collection;urn:osse-11:record:2:2;record;Blood sample collection information;False;False;1
223_3_Biobank sample collection;223;3;Biobank sample collection;urn:osse-11:record:7:1;record;Urine sample collection information;False;False;2
223_3_Biobank sample collection;223;3;Biobank sample collection;urn:osse-11:record:8:1;record;Ascitic fluid sample collection information;False;False;3
223_3_Biobank sample collection;223;3;Biobank sample collection;urn:osse-11:record:9:1;record;Stool sample collection information;False;False;4
223_3_Biobank sample collection;223;3;Biobank sample collection;urn:osse-11:record:10:1;record;Hair sample collection information;False;False;5
234_4_Electrocardiogram and Echocardiography;234;4;Electrocardiogram and Echocardiography;urn:osse-11:dataelement:297:1;dataelement;ECG;True;False;2
234_4_Electrocardiogram and Echocardiography;234;4;Electrocardiogram and Echocardiography;urn:osse-11:dataelement:298:1;dataelement;ECG date:;False;False;3
234_4_Electrocardiogram and Echocardiography;234;4;Electrocardiogram and Echocardiography;urn:osse-11:dataelement:299:1;dataelement;ECG sent by email;False;False;4
234_4_Electrocardiogram and Echocardiography;234;4;Electrocardiogram and Echocardiography;urn:osse-11:dataelement:300:1;dataelement;Echocardiography:;True;False;6
234_4_Electrocardiogram and Echocardiography;234;4;Electrocardiogram and Echocardiography;urn:osse-11:dataelement:301:1;dataelement;Echocardiography date;False;False;7
234_4_Electrocardiogram and Echocardiography;234;4;Electrocardiogram and Echocardiography;urn:osse-11:dataelement:302:1;dataelement;HF (1/min):;False;False;8
234_4_Electrocardiogram and Echocardiography;234;4;Electrocardiogram and Echocardiography;urn:osse-11:dataelement:303:1;dataelement;Mitral insufficiency present;False;False;9
234_4_Electrocardiogram and Echocardiography;234;4;Electrocardiogram and Echocardiography;urn:osse-11:dataelement:369:2;dataelement;Severity (Mitral Insufficiency);False;False;10
234_4_Electrocardiogram and Echocardiography;234;4;Electrocardiogram and Echocardiography;urn:osse-11:dataelement:305:1;dataelement;Aortic insufficiency present:;False;False;11
234_4_Electrocardiogram and Echocardiography;234;4;Electrocardiogram and Echocardiography;urn:osse-11:dataelement:370:1;dataelement;Severity (Aortic Insufficiency);False;False;12
234_4_Electrocardiogram and Echocardiography;234;4;Electrocardiogram and Echocardiography;urn:osse-11:dataelement:306:1;dataelement;Aortic stenosis present:;False;False;13
234_4_Electrocardiogram and Echocardiography;234;4;Electrocardiogram and Echocardiography;urn:osse-11:dataelement:371:1;dataelement;Severity (Aortic stenosis);False;False;14
234_4_Electrocardiogram and Echocardiography;234;4;Electrocardiogram and Echocardiography;urn:osse-11:dataelement:307:1;dataelement;Tricuspid insufficiency present:;False;False;15
234_4_Electrocardiogram and Echocardiography;234;4;Electrocardiogram and Echocardiography;urn:osse-11:dataelement:372:1;dataelement;Severity (Tricuspid insufficiency);False;False;16
234_4_Electrocardiogram and Echocardiography;234;4;Electrocardiogram and Echocardiography;urn:osse-11:dataelement:308:1;dataelement;EDV (mL):;False;False;17
234_4_Electrocardiogram and Echocardiography;234;4;Electrocardiogram and Echocardiography;urn:osse-11:dataelement:309:1;dataelement;ESV (mL):;False;False;18
234_4_Electrocardiogram and Echocardiography;234;4;Electrocardiogram and Echocardiography;urn:osse-11:dataelement:310:1;dataelement;E:;False;False;19
234_4_Electrocardiogram and Echocardiography;234;4;Electrocardiogram and Echocardiography;urn:osse-11:dataelement:311:1;dataelement;E’:;False;False;20
234_4_Electrocardiogram and Echocardiography;234;4;Electrocardiogram and Echocardiography;urn:osse-11:dataelement:312:1;dataelement;EF (%):;False;False;21
234_4_Electrocardiogram and Echocardiography;234;4;Electrocardiogram and Echocardiography;urn:osse-11:dataelement:313:1;dataelement;A:;False;False;22
234_4_Electrocardiogram and Echocardiography;234;4;Electrocardiogram and Echocardiography;urn:osse-11:dataelement:314:1;dataelement;A’:;False;False;23
234_4_Electrocardiogram and Echocardiography;234;4;Electrocardiogram and Echocardiography;urn:osse-11:dataelement:315:1;dataelement;E/A:;False;False;24
234_4_Electrocardiogram and Echocardiography;234;4;Electrocardiogram and Echocardiography;urn:osse-11:dataelement:316:1;dataelement;E/E’:;False;False;25
234_4_Electrocardiogram and Echocardiography;234;4;Electrocardiogram and Echocardiography;urn:osse-11:dataelement:317:1;dataelement;Diastolic dysfunction present:;False;False;26
234_4_Electrocardiogram and Echocardiography;234;4;Electrocardiogram and Echocardiography;urn:osse-11:dataelement:373:1;dataelement;Severity (Diastolic dysfunction);False;False;27
234_4_Electrocardiogram and Echocardiography;234;4;Electrocardiogram and Echocardiography;urn:osse-11:dataelement:318:1;dataelement;Overall assessment:;False;False;28
234_4_Electrocardiogram and Echocardiography;234;4;Electrocardiogram and Echocardiography;urn:osse-11:dataelement:319:1;dataelement;If abnormal,  ▪ Abnormality specifications:;False;False;29
