dataelement_id;dataelement_version;dataelement_urn;pv_value;pv_language;pv_designation;pv_definition;pv_selection
924;1;urn:osse-91:dataelement:924:1;Ja;de;Ja;Ja;
924;1;urn:osse-91:dataelement:924:1;Nein;de;Nein;Nein;
924;1;urn:osse-91:dataelement:924:1;unbekannt;de;unbekannt;unbekannt;
4;1;urn:osse-91:dataelement:4:1;Polyurie;de;Polyurie/Polydipsie;Polyurie/Polydipsie;
4;1;urn:osse-91:dataelement:4:1;chronische Niereninsuffizienz;de;chronische Niereninsuffizienz;chronische Niereninsuffizienz;
4;1;urn:osse-91:dataelement:4:1;sonographisch hyperechogene Nieren mit verwaschener Mark-Rinden-Grenze;de;sonographisch hyperechogene Nieren mit verwaschener Mark-Rinden-Grenze;sonographisch hyperechogene Nieren mit verwaschener Mark-Rinden-Grenze;
4;1;urn:osse-91:dataelement:4:1;Nierenzysten;de;Nierenzysten;Nierenzysten;
5;1;urn:osse-91:dataelement:5:1;Fehlbildungen der Nieren +/- Harnwege;de;Fehlbildungen der Nieren +/- Harnwege;Fehlbildungen der Nieren +/- Harnwege;
5;1;urn:osse-91:dataelement:5:1;Genitale Fehlbildungen;de;Genitale Fehlbildungen;Genitale Fehlbildungen;
5;1;urn:osse-91:dataelement:5:1;Nierenzysten;de;Nierenzysten;Nierenzysten;
5;1;urn:osse-91:dataelement:5:1;Diabetes mellitus (MODY-Diabetes);de;Diabetes mellitus (MODY-Diabetes);Diabetes mellitus (MODY-Diabetes);
5;1;urn:osse-91:dataelement:5:1;Hyperurikämie;de;Hyperurikämie;Hyperurikämie;
5;1;urn:osse-91:dataelement:5:1;Hypomagnesiämie;de;Hypomagnesiämie;Hypomagnesiämie;
5;1;urn:osse-91:dataelement:5:1;Erhöhte Transaminasen;de;Erhöhte Transaminasen;Erhöhte Transaminasen;
5;1;urn:osse-91:dataelement:5:1;Positive Familienanamnese für Diabetes mellitus;de;Positive Familienanamnese für Diabetes mellitus;Positive Familienanamnese für Diabetes mellitus;
5;1;urn:osse-91:dataelement:5:1;Positive Familienanamnese für Gichterkrankung;de;Positive Familienanamnese für Gichterkrankung;Positive Familienanamnese für Gichterkrankung;
6;1;urn:osse-91:dataelement:6:1;Mentale Retardierung;de;Mentale Retardierung;Mentale Retardierung;
6;1;urn:osse-91:dataelement:6:1;Postaxiale Hexadaktylie;de;Postaxiale Hexadaktylie;Postaxiale Hexadaktylie;
6;1;urn:osse-91:dataelement:6:1;Hypogenitalismus;de;Hypogenitalismus;Hypogenitalismus;
6;1;urn:osse-91:dataelement:6:1;Tapetoretinale Degeneration;de;Tapetoretinale Degeneration;Tapetoretinale Degeneration;
6;1;urn:osse-91:dataelement:6:1;Adipositas;de;Adipositas;Adipositas;
14;1;urn:osse-91:dataelement:14:1;fetale Tachypnoe;en;fetal Tachypnoe/Apnoe;fetal Tachypnoe/Apnoe;
14;1;urn:osse-91:dataelement:14:1;mentale Retardierung;en;mental retardation;mental retardation;
14;1;urn:osse-91:dataelement:14:1;Kleinhirnwurmaplasie;en;agenesis of cerebellar vermis (Molar Tooth-Sign);agenesis of cerebellar vermis (Molar Tooth-Sign);
14;1;urn:osse-91:dataelement:14:1;Ataxie;en;ataxia;ataxia;
14;1;urn:osse-91:dataelement:14:1;Nystagmus;en;nystagmus/ rotatoric nystagmus;nystagmus/ rotatoric nystagmus;
14;1;urn:osse-91:dataelement:14:1;Sehnervkolobom;en;coloboma of the optic nerve;coloboma of the optic nerve;
14;1;urn:osse-91:dataelement:14:1;Niereninsuffizienz;en;chronic kidney disease;chronic kidney disease;
14;1;urn:osse-91:dataelement:14:1;Hepatopathie;en;hepatopathy;hepatopathy;
15;1;urn:osse-91:dataelement:15:1;Kongenitale Leber’sche Amaurose;en;Lebers congenital amaurosis;Lebers congenital amaurosis;
15;1;urn:osse-91:dataelement:15:1;Progredienter Visus-Verlust;en;progressive loss of vision;progressive loss of vision;
15;1;urn:osse-91:dataelement:15:1;Retinitis pigmentosa;en;retinitis pigmentosa/ tapetoretinal degeneration;retinitis pigmentosa/ tapetoretinal degeneration;
15;1;urn:osse-91:dataelement:15:1;Gesichtsfeldeinschränkungen;en;restriction of visual field;restriction of visual field;
15;1;urn:osse-91:dataelement:15:1;Störungen des Farbsehens;en;colour vision impairment;colour vision impairment;
15;1;urn:osse-91:dataelement:15:1;Nachtblindheit;en;night vision disturbances;night vision disturbances;
17;1;urn:osse-91:dataelement:17:1;Postaxiale Polydaktylie;en;Postaxial polydactily;Postaxial polydactily;
17;1;urn:osse-91:dataelement:17:1;Kurze Extremitäten;en;short extremities ;short extremities ;
17;1;urn:osse-91:dataelement:17:1;Kleinwuchs;en;short stature;short stature;
17;1;urn:osse-91:dataelement:17:1;Kurze Rippen;en;short ribs;short ribs;
17;1;urn:osse-91:dataelement:17:1;Dysplastische Finger-/Zehennägel;en;dysplastic nails of finger or toes;dysplastic nails of finger or toes;
17;1;urn:osse-91:dataelement:17:1;Spitze Zähne;en;sharp teeth;sharp teeth;
17;1;urn:osse-91:dataelement:17:1;Herzfehler;en;cardial abnormalities;cardial abnormalities;
20;1;urn:osse-91:dataelement:20:1;Thoraxhypoplasie;en;thoracic hypoplasia;thoracic hypoplasia;
20;1;urn:osse-91:dataelement:20:1;Kurze Extremitäten;en;short extremities;short extremities;
20;1;urn:osse-91:dataelement:20:1;Kleinwuchs;en;short stature;short stature;
20;1;urn:osse-91:dataelement:20:1;Zapfenepiphysen;en;cone shaped epiphysis;cone shaped epiphysis;
20;1;urn:osse-91:dataelement:20:1;Retinopathie;en;retinopathy;retinopathy;
20;1;urn:osse-91:dataelement:20:1;Niereninsuffizienz;en;chronic kidney disease;chronic kidney disease;
16;1;urn:osse-91:dataelement:16:1;Okulomotorische Apraxie;en;oculomotoric apraxia;oculomotoric apraxia;
16;1;urn:osse-91:dataelement:16:1;Eingeschränkte Augenfolgebewegungen;en;disturbance of oculomotor smooth pursuit;disturbance of oculomotor smooth pursuit;
16;1;urn:osse-91:dataelement:16:1;Ataxie;en;ataxia;ataxia;
16;1;urn:osse-91:dataelement:16:1;Jaktationen des Kopfes;en;Jactatio capitis;Jactatio capitis;
16;1;urn:osse-91:dataelement:16:1;Muskulärer Hypotonie;en;muscular hypotonia;muscular hypotonia;
16;1;urn:osse-91:dataelement:16:1;Entwicklungsverzögerung;en;developmental delay;developmental delay;
18;1;urn:osse-91:dataelement:18:1;Retinitis pigmentosa;en;Retinitis pigmentosa;Retinitis pigmentosa;
18;1;urn:osse-91:dataelement:18:1;Hypopituitarismus;en;Hypopituitarism;Hypopituitarism;
18;1;urn:osse-91:dataelement:18:1;Nephronophthise;en;Nephronophthisis;Nephronophthisis;
18;1;urn:osse-91:dataelement:18:1;Skelettdysplasie;en;scelettal dysplasia;scelettal dysplasia;
25;1;urn:osse-91:dataelement:25:1;ja;de;Ja;Ja;
25;1;urn:osse-91:dataelement:25:1;Nein;de;Nein;Nein;
25;1;urn:osse-91:dataelement:25:1;ka;de;kA;kA;
27;1;urn:osse-91:dataelement:27:1;Ja;de;Ja;Ja;
27;1;urn:osse-91:dataelement:27:1;Nein;de;Nein;Nein;
27;1;urn:osse-91:dataelement:27:1;kA;de;kA;kA;
29;1;urn:osse-91:dataelement:29:1;ja;en;Yes;Yes;
29;1;urn:osse-91:dataelement:29:1;nein;en;No;No;
29;1;urn:osse-91:dataelement:29:1;kA;en;na;na;
31;1;urn:osse-91:dataelement:31:1;kA;de;kA;kA;
31;1;urn:osse-91:dataelement:31:1;nein;de;Nein;Nein;
31;1;urn:osse-91:dataelement:31:1;ja;de;Ja;Ja;
34;1;urn:osse-91:dataelement:34:1;ja;en;Yes;Yes;
34;1;urn:osse-91:dataelement:34:1;nein;en;No;No;
34;1;urn:osse-91:dataelement:34:1;kA;en;na;na;
35;1;urn:osse-91:dataelement:35:1;kA;de;kA;kA;
35;1;urn:osse-91:dataelement:35:1;nein;de;Nein;Nein;
35;1;urn:osse-91:dataelement:35:1;ja;de;Ja;Ja;
38;1;urn:osse-91:dataelement:38:1;ja;en;Yes;Yes;
38;1;urn:osse-91:dataelement:38:1;nein;en;No;No;
38;1;urn:osse-91:dataelement:38:1;kA;en;na;na;
39;1;urn:osse-91:dataelement:39:1;kA;de;kA;kA;
39;1;urn:osse-91:dataelement:39:1;nein;de;Nein;Nein;
39;1;urn:osse-91:dataelement:39:1;ja;de;Ja;Ja;
41;1;urn:osse-91:dataelement:41:1;nein;en;No;No;
41;1;urn:osse-91:dataelement:41:1;kA;en;na;na;
41;1;urn:osse-91:dataelement:41:1;Gedeihstörung;en;failure to thrive;failure to thrive;
41;1;urn:osse-91:dataelement:41:1;Entwicklungsverzögerung;en;developmental delay;developmental delay;
41;1;urn:osse-91:dataelement:41:1;Polyurie/Polydipsie;en;polyuria/Polydipsy;polyuria/Polydipsy;
41;1;urn:osse-91:dataelement:41:1;Art. Hypertonie;en;arterial hypertension;arterial hypertension;
41;1;urn:osse-91:dataelement:41:1;Ödeme;en;edema;edema;
41;1;urn:osse-91:dataelement:41:1;Sonographisch auffällige Nieren;en;sonographic abnormal kidneys;sonographic abnormal kidneys;
41;1;urn:osse-91:dataelement:41:1;Kong. Leber’sche –Amaurose;en;Lebers congenital amaurosis;Lebers congenital amaurosis;
41;1;urn:osse-91:dataelement:41:1;Nystagmus;de;Nystagmus;Nystagmus;
41;1;urn:osse-91:dataelement:41:1;Krampfanfälle;en;cerebral seizures;cerebral seizures;
41;1;urn:osse-91:dataelement:41:1;Ataxie;en;ataxia;ataxia;
41;1;urn:osse-91:dataelement:41:1;Ikterus prolongatus;en;prolonged icterus;prolonged icterus;
41;1;urn:osse-91:dataelement:41:1;Hodenhochstand;en;undescended testicles;undescended testicles;
41;1;urn:osse-91:dataelement:41:1;rez. pulmonale Infektionen;en;recurrent pulmonary infections;recurrent pulmonary infections;
41;1;urn:osse-91:dataelement:41:1;Andere;en;Others;Others;
44;1;urn:osse-91:dataelement:44:1;ja;en;Yes;Yes;
44;1;urn:osse-91:dataelement:44:1;nein;en;No;No;
44;1;urn:osse-91:dataelement:44:1;kA;en;na;na;
16;2;urn:osse-91:dataelement:16:2;Okulomotorische Apraxie;en;oculomotoric apraxia;oculomotoric apraxia;SELECT_MANY_CHECKBOX
16;2;urn:osse-91:dataelement:16:2;Eingeschränkte Augenfolgebewegungen;en;disturbance of oculomotor smooth pursuit;disturbance of oculomotor smooth pursuit;SELECT_MANY_CHECKBOX
16;2;urn:osse-91:dataelement:16:2;Ataxie;en;ataxia;ataxia;SELECT_MANY_CHECKBOX
16;2;urn:osse-91:dataelement:16:2;Jaktationen des Kopfes;en;Jactatio capitis;Jactatio capitis;SELECT_MANY_CHECKBOX
16;2;urn:osse-91:dataelement:16:2;Muskulärer Hypotonie;en;muscular hypotonia;muscular hypotonia;SELECT_MANY_CHECKBOX
16;2;urn:osse-91:dataelement:16:2;Entwicklungsverzögerung;en;developmental delay;developmental delay;SELECT_MANY_CHECKBOX
17;2;urn:osse-91:dataelement:17:2;Postaxiale Polydaktylie;en;Postaxial polydactily;Postaxial polydactily;SELECT_MANY_CHECKBOX
17;2;urn:osse-91:dataelement:17:2;Kurze Extremitäten;en;short extremities ;short extremities ;SELECT_MANY_CHECKBOX
17;2;urn:osse-91:dataelement:17:2;Kleinwuchs;en;short stature;short stature;SELECT_MANY_CHECKBOX
17;2;urn:osse-91:dataelement:17:2;Kurze Rippen;en;short ribs;short ribs;SELECT_MANY_CHECKBOX
17;2;urn:osse-91:dataelement:17:2;Dysplastische Finger-/Zehennägel;en;dysplastic nails of finger or toes;dysplastic nails of finger or toes;SELECT_MANY_CHECKBOX
17;2;urn:osse-91:dataelement:17:2;Spitze Zähne;en;sharp teeth;sharp teeth;SELECT_MANY_CHECKBOX
17;2;urn:osse-91:dataelement:17:2;Herzfehler;en;cardial abnormalities;cardial abnormalities;SELECT_MANY_CHECKBOX
18;2;urn:osse-91:dataelement:18:2;Retinitis pigmentosa;en;Retinitis pigmentosa;Retinitis pigmentosa;SELECT_MANY_CHECKBOX
18;2;urn:osse-91:dataelement:18:2;Hypopituitarismus;en;Hypopituitarism;Hypopituitarism;SELECT_MANY_CHECKBOX
18;2;urn:osse-91:dataelement:18:2;Nephronophthise;en;Nephronophthisis;Nephronophthisis;SELECT_MANY_CHECKBOX
18;2;urn:osse-91:dataelement:18:2;Skelettdysplasie;en;scelettal dysplasia;scelettal dysplasia;SELECT_MANY_CHECKBOX
20;2;urn:osse-91:dataelement:20:2;Thoraxhypoplasie;en;thoracic hypoplasia;thoracic hypoplasia;SELECT_MANY_CHECKBOX
20;2;urn:osse-91:dataelement:20:2;Kurze Extremitäten;en;short extremities;short extremities;SELECT_MANY_CHECKBOX
20;2;urn:osse-91:dataelement:20:2;Kleinwuchs;en;short stature;short stature;SELECT_MANY_CHECKBOX
20;2;urn:osse-91:dataelement:20:2;Zapfenepiphysen;en;cone shaped epiphysis;cone shaped epiphysis;SELECT_MANY_CHECKBOX
20;2;urn:osse-91:dataelement:20:2;Retinopathie;en;retinopathy;retinopathy;SELECT_MANY_CHECKBOX
20;2;urn:osse-91:dataelement:20:2;Niereninsuffizienz;en;chronic kidney disease;chronic kidney disease;SELECT_MANY_CHECKBOX
66;1;urn:osse-91:dataelement:66:1;kA;en;na;na;
66;1;urn:osse-91:dataelement:66:1;Nein;en;No;No;
66;1;urn:osse-91:dataelement:66:1;Ja;en;Yes;Yes;
4;2;urn:osse-91:dataelement:4:2;Polyurie;de;Polyurie/Polydipsie;Polyurie/Polydipsie;SELECT_MANY_CHECKBOX
4;2;urn:osse-91:dataelement:4:2;chronische Niereninsuffizienz;de;chronische Niereninsuffizienz;chronische Niereninsuffizienz;SELECT_MANY_CHECKBOX
4;2;urn:osse-91:dataelement:4:2;sonographisch hyperechogene Nieren mit verwaschener Mark-Rinden-Grenze;de;sonographisch hyperechogene Nieren mit verwaschener Mark-Rinden-Grenze;sonographisch hyperechogene Nieren mit verwaschener Mark-Rinden-Grenze;SELECT_MANY_CHECKBOX
4;2;urn:osse-91:dataelement:4:2;Nierenzysten;de;Nierenzysten;Nierenzysten;SELECT_MANY_CHECKBOX
15;2;urn:osse-91:dataelement:15:2;Kongenitale Leber’sche Amaurose;en;Lebers congenital amaurosis;Lebers congenital amaurosis;SELECT_MANY_CHECKBOX
15;2;urn:osse-91:dataelement:15:2;Progredienter Visus-Verlust;en;progressive loss of vision;progressive loss of vision;SELECT_MANY_CHECKBOX
15;2;urn:osse-91:dataelement:15:2;Retinitis pigmentosa;en;retinitis pigmentosa/ tapetoretinal degeneration;retinitis pigmentosa/ tapetoretinal degeneration;SELECT_MANY_CHECKBOX
15;2;urn:osse-91:dataelement:15:2;Gesichtsfeldeinschränkungen;en;restriction of visual field;restriction of visual field;SELECT_MANY_CHECKBOX
15;2;urn:osse-91:dataelement:15:2;Störungen des Farbsehens;en;colour vision impairment;colour vision impairment;SELECT_MANY_CHECKBOX
15;2;urn:osse-91:dataelement:15:2;Nachtblindheit;en;night vision disturbances;night vision disturbances;SELECT_MANY_CHECKBOX
32;1;urn:osse-91:dataelement:32:1;Hypo/Dysplastische Nieren;en;hypo/dysplastic kidneys;hypo/dysplastic kidneys;
32;1;urn:osse-91:dataelement:32:1;Vergrößerte Nieren;en;enlarged kidneys;enlarged kidneys;
32;1;urn:osse-91:dataelement:32:1;Hyperechogene Nieren;en;Hyperechogenic kidneys;Hyperechogenic kidneys;
32;1;urn:osse-91:dataelement:32:1;Nierenzysten;en;cystsic kidneys;cystsic kidneys;
32;1;urn:osse-91:dataelement:32:1;Potter – Sequenz;en;Potter – sequence;Potter – sequence;
32;1;urn:osse-91:dataelement:32:1;Hydronephrose;en;Hydronephrosis;Hydronephrosis;
32;1;urn:osse-91:dataelement:32:1;Dystope Nieren;en;Dystopic kidneys;Dystopic kidneys;
32;1;urn:osse-91:dataelement:32:1;Kardiale Auffälligkeiten;en;Cardial abnormalities;Cardial abnormalities;
32;1;urn:osse-91:dataelement:32:1;Hexadaktylie;en;Hexadaktyly;Hexadaktyly;
32;1;urn:osse-91:dataelement:32:1;Cerebrale Auffälligkeiten;en;Cerebrale abnormalities;Cerebrale abnormalities;
32;1;urn:osse-91:dataelement:32:1;sonstige;en;Other;Other;
34;2;urn:osse-91:dataelement:34:2;ja;en;Yes;Yes;SELECT_ONE_RADIO
34;2;urn:osse-91:dataelement:34:2;nein;en;No;No;SELECT_ONE_RADIO
34;2;urn:osse-91:dataelement:34:2;kA;en;na;na;SELECT_ONE_RADIO
38;2;urn:osse-91:dataelement:38:2;ja;en;Yes;Yes;SELECT_ONE_RADIO
38;2;urn:osse-91:dataelement:38:2;nein;en;No;No;SELECT_ONE_RADIO
38;2;urn:osse-91:dataelement:38:2;kA;en;na;na;SELECT_ONE_RADIO
41;2;urn:osse-91:dataelement:41:2;nein;en;No;No;SELECT_MANY_CHECKBOX
41;2;urn:osse-91:dataelement:41:2;kA;en;na;na;SELECT_MANY_CHECKBOX
41;2;urn:osse-91:dataelement:41:2;Gedeihstörung;en;failure to thrive;failure to thrive;SELECT_MANY_CHECKBOX
41;2;urn:osse-91:dataelement:41:2;Entwicklungsverzögerung;en;developmental delay;developmental delay;SELECT_MANY_CHECKBOX
41;2;urn:osse-91:dataelement:41:2;Polyurie/Polydipsie;en;polyuria/Polydipsy;polyuria/Polydipsy;SELECT_MANY_CHECKBOX
41;2;urn:osse-91:dataelement:41:2;Art. Hypertonie;en;arterial hypertension;arterial hypertension;SELECT_MANY_CHECKBOX
41;2;urn:osse-91:dataelement:41:2;Ödeme;en;edema;edema;SELECT_MANY_CHECKBOX
41;2;urn:osse-91:dataelement:41:2;Sonographisch auffällige Nieren;en;sonographic abnormal kidneys;sonographic abnormal kidneys;SELECT_MANY_CHECKBOX
41;2;urn:osse-91:dataelement:41:2;Kong. Leber’sche –Amaurose;en;Lebers congenital amaurosis;Lebers congenital amaurosis;SELECT_MANY_CHECKBOX
41;2;urn:osse-91:dataelement:41:2;Nystagmus;de;Nystagmus;Nystagmus;SELECT_MANY_CHECKBOX
41;2;urn:osse-91:dataelement:41:2;Krampfanfälle;en;cerebral seizures;cerebral seizures;SELECT_MANY_CHECKBOX
41;2;urn:osse-91:dataelement:41:2;Ataxie;en;ataxia;ataxia;SELECT_MANY_CHECKBOX
41;2;urn:osse-91:dataelement:41:2;Ikterus prolongatus;en;prolonged icterus;prolonged icterus;SELECT_MANY_CHECKBOX
41;2;urn:osse-91:dataelement:41:2;Hodenhochstand;en;undescended testicles;undescended testicles;SELECT_MANY_CHECKBOX
41;2;urn:osse-91:dataelement:41:2;rez. pulmonale Infektionen;en;recurrent pulmonary infections;recurrent pulmonary infections;SELECT_MANY_CHECKBOX
41;2;urn:osse-91:dataelement:41:2;Andere;en;Others;Others;SELECT_MANY_CHECKBOX
44;2;urn:osse-91:dataelement:44:2;ja;en;Yes;Yes;SELECT_ONE_RADIO
44;2;urn:osse-91:dataelement:44:2;nein;en;No;No;SELECT_ONE_RADIO
44;2;urn:osse-91:dataelement:44:2;kA;en;na;na;SELECT_ONE_RADIO
47;1;urn:osse-91:dataelement:47:1;Ja;de;Ja;Ja;
47;1;urn:osse-91:dataelement:47:1;Möglich;en;Possible;Possible;
47;1;urn:osse-91:dataelement:47:1;Nein;en;No;No;
47;1;urn:osse-91:dataelement:47:1;kA;en;na;na;
49;1;urn:osse-91:dataelement:49:1;Ja;de;Ja;Ja;
49;1;urn:osse-91:dataelement:49:1;Nein;de;Nein;Nein;
49;1;urn:osse-91:dataelement:49:1;kA;de;kA;kA;
49;2;urn:osse-91:dataelement:49:2;Ja;de;Ja;Ja;SELECT_ONE_RADIO
49;2;urn:osse-91:dataelement:49:2;Nein;de;Nein;Nein;SELECT_ONE_RADIO
49;2;urn:osse-91:dataelement:49:2;kA;de;kA;kA;SELECT_ONE_RADIO
54;1;urn:osse-91:dataelement:54:1;Female;en;Female;Gender of the sibling is female;
54;1;urn:osse-91:dataelement:54:1;Male;en;Male;Gender of the sibling is male;
55;1;urn:osse-91:dataelement:55:1;Ja;de;Ja;Ja;
55;1;urn:osse-91:dataelement:55:1;Unklar;en;not clear;not clear;
55;1;urn:osse-91:dataelement:55:1;Nein;en;No;No;
55;1;urn:osse-91:dataelement:55:1;kA;en;na;na;
55;2;urn:osse-91:dataelement:55:2;Ja;de;Ja;Ja;SELECT_MANY_CHECKBOX
55;2;urn:osse-91:dataelement:55:2;Unklar;en;not clear;not clear;SELECT_MANY_CHECKBOX
55;2;urn:osse-91:dataelement:55:2;Nein;en;No;No;SELECT_MANY_CHECKBOX
55;2;urn:osse-91:dataelement:55:2;kA;de;kA;kA;SELECT_MANY_CHECKBOX
55;3;urn:osse-91:dataelement:55:3;Ja;de;Ja;Ja;SELECT_ONE_RADIO
55;3;urn:osse-91:dataelement:55:3;Unklar;en;not clear;not clear;SELECT_ONE_RADIO
55;3;urn:osse-91:dataelement:55:3;Nein;en;No;No;SELECT_ONE_RADIO
55;3;urn:osse-91:dataelement:55:3;kA;en;na;na;SELECT_ONE_RADIO
56;1;urn:osse-91:dataelement:56:1;Ja;en;Yes;Yes;
56;1;urn:osse-91:dataelement:56:1;Nein;en;No;No;
56;1;urn:osse-91:dataelement:56:1;kA;en;na;na;
56;2;urn:osse-91:dataelement:56:2;Ja;en;Yes;Yes;SELECT_ONE_RADIO
56;2;urn:osse-91:dataelement:56:2;Nein;en;No;No;SELECT_ONE_RADIO
56;2;urn:osse-91:dataelement:56:2;kA;en;na;na;SELECT_ONE_RADIO
58;1;urn:osse-91:dataelement:58:1;kA;en;na;na;
58;1;urn:osse-91:dataelement:58:1;Nein;en;No;No;
58;1;urn:osse-91:dataelement:58:1;Ja;en;Yes;Yes;
60;1;urn:osse-91:dataelement:60:1;Ja;en;Yes;Yes;
60;1;urn:osse-91:dataelement:60:1;Nein;en;No;No;
60;1;urn:osse-91:dataelement:60:1;kA;en;na;na;
62;1;urn:osse-91:dataelement:62:1;Ja;en;Yes;Yes;
62;1;urn:osse-91:dataelement:62:1;Nein;en;No;No;
62;1;urn:osse-91:dataelement:62:1;kA;en;na;na;
62;2;urn:osse-91:dataelement:62:2;Ja;en;Yes;Yes;SELECT_ONE_RADIO
62;2;urn:osse-91:dataelement:62:2;Nein;en;No;No;SELECT_ONE_RADIO
62;2;urn:osse-91:dataelement:62:2;kA;en;na;na;SELECT_ONE_RADIO
64;1;urn:osse-91:dataelement:64:1;Ja;en;Yes;Yes;
64;1;urn:osse-91:dataelement:64:1;Nein;en;No;No;
64;1;urn:osse-91:dataelement:64:1;kA;en;na;na;
68;1;urn:osse-91:dataelement:68:1;kA;en;na;na;
68;1;urn:osse-91:dataelement:68:1;Nein;en;No;No;
68;1;urn:osse-91:dataelement:68:1;Ja;en;Yes;Yes;
68;2;urn:osse-91:dataelement:68:2;kA;en;na;na;SELECT_ONE_RADIO
68;2;urn:osse-91:dataelement:68:2;Nein;en;No;No;SELECT_ONE_RADIO
68;2;urn:osse-91:dataelement:68:2;Ja;en;Yes;Yes;SELECT_ONE_RADIO
70;1;urn:osse-91:dataelement:70:1;Ja;en;Yes;Yes;
70;1;urn:osse-91:dataelement:70:1;Nein;en;No;No;
70;1;urn:osse-91:dataelement:70:1;kA;en;na;na;
72;1;urn:osse-91:dataelement:72:1;kA;en;na;na;
72;1;urn:osse-91:dataelement:72:1;Nein;en;No;No;
72;1;urn:osse-91:dataelement:72:1;Ja;en;Yes;Yes;
72;2;urn:osse-91:dataelement:72:2;kA;en;na;na;SELECT_ONE_RADIO
72;2;urn:osse-91:dataelement:72:2;Nein;en;No;No;SELECT_ONE_RADIO
72;2;urn:osse-91:dataelement:72:2;Ja;en;Yes;Yes;SELECT_ONE_RADIO
64;2;urn:osse-91:dataelement:64:2;Ja;en;Yes;Yes;SELECT_ONE_RADIO
64;2;urn:osse-91:dataelement:64:2;Nein;en;No;No;SELECT_ONE_RADIO
64;2;urn:osse-91:dataelement:64:2;kA;en;na;na;SELECT_ONE_RADIO
70;2;urn:osse-91:dataelement:70:2;Ja;en;Yes;Yes;SELECT_ONE_RADIO
70;2;urn:osse-91:dataelement:70:2;Nein;en;No;No;SELECT_ONE_RADIO
70;2;urn:osse-91:dataelement:70:2;kA;en;na;na;SELECT_ONE_RADIO
25;2;urn:osse-91:dataelement:25:2;ja;de;Ja;Ja;SELECT_ONE_RADIO
25;2;urn:osse-91:dataelement:25:2;Nein;de;Nein;Nein;SELECT_ONE_RADIO
25;2;urn:osse-91:dataelement:25:2;ka;de;kA;kA;SELECT_ONE_RADIO
47;2;urn:osse-91:dataelement:47:2;Ja;de;Ja;Ja;SELECT_ONE_RADIO
47;2;urn:osse-91:dataelement:47:2;Möglich;en;Possible;Possible;SELECT_ONE_RADIO
47;2;urn:osse-91:dataelement:47:2;Nein;en;No;No;SELECT_ONE_RADIO
47;2;urn:osse-91:dataelement:47:2;kA;en;na;na;SELECT_ONE_RADIO
60;2;urn:osse-91:dataelement:60:2;Ja;en;Yes;Yes;SELECT_ONE_RADIO
60;2;urn:osse-91:dataelement:60:2;Nein;en;No;No;SELECT_ONE_RADIO
60;2;urn:osse-91:dataelement:60:2;kA;en;na;na;SELECT_ONE_RADIO
27;2;urn:osse-91:dataelement:27:2;Ja;de;Ja;Ja;SELECT_ONE_RADIO
27;2;urn:osse-91:dataelement:27:2;Nein;de;Nein;Nein;SELECT_ONE_RADIO
27;2;urn:osse-91:dataelement:27:2;kA;de;kA;kA;SELECT_ONE_RADIO
31;2;urn:osse-91:dataelement:31:2;kA;de;kA;kA;SELECT_ONE_RADIO
31;2;urn:osse-91:dataelement:31:2;nein;de;Nein;Nein;SELECT_ONE_RADIO
31;2;urn:osse-91:dataelement:31:2;ja;de;Ja;Ja;SELECT_ONE_RADIO
32;2;urn:osse-91:dataelement:32:2;Hypo/Dysplastische Nieren;en;hypo/dysplastic kidneys;hypo/dysplastic kidneys;SELECT_MANY_CHECKBOX
32;2;urn:osse-91:dataelement:32:2;Vergrößerte Nieren;en;enlarged kidneys;enlarged kidneys;SELECT_MANY_CHECKBOX
32;2;urn:osse-91:dataelement:32:2;Hyperechogene Nieren;en;Hyperechogenic kidneys;Hyperechogenic kidneys;SELECT_MANY_CHECKBOX
32;2;urn:osse-91:dataelement:32:2;Nierenzysten;en;cystsic kidneys;cystsic kidneys;SELECT_MANY_CHECKBOX
32;2;urn:osse-91:dataelement:32:2;Potter – Sequenz;en;Potter – sequence;Potter – sequence;SELECT_MANY_CHECKBOX
32;2;urn:osse-91:dataelement:32:2;Hydronephrose;en;Hydronephrosis;Hydronephrosis;SELECT_MANY_CHECKBOX
32;2;urn:osse-91:dataelement:32:2;Dystope Nieren;en;Dystopic kidneys;Dystopic kidneys;SELECT_MANY_CHECKBOX
32;2;urn:osse-91:dataelement:32:2;Kardiale Auffälligkeiten;en;Cardial abnormalities;Cardial abnormalities;SELECT_MANY_CHECKBOX
32;2;urn:osse-91:dataelement:32:2;Hexadaktylie;en;Hexadaktyly;Hexadaktyly;SELECT_MANY_CHECKBOX
32;2;urn:osse-91:dataelement:32:2;Cerebrale Auffälligkeiten;en;Cerebrale abnormalities;Cerebrale abnormalities;SELECT_MANY_CHECKBOX
32;2;urn:osse-91:dataelement:32:2;sonstige;en;Other;Other;SELECT_MANY_CHECKBOX
35;2;urn:osse-91:dataelement:35:2;kA;de;kA;kA;SELECT_ONE_RADIO
35;2;urn:osse-91:dataelement:35:2;nein;de;Nein;Nein;SELECT_ONE_RADIO
35;2;urn:osse-91:dataelement:35:2;ja;de;Ja;Ja;SELECT_ONE_RADIO
29;2;urn:osse-91:dataelement:29:2;ja;en;Yes;Yes;SELECT_ONE_RADIO
29;2;urn:osse-91:dataelement:29:2;nein;en;No;No;SELECT_ONE_RADIO
29;2;urn:osse-91:dataelement:29:2;kA;en;na;na;SELECT_ONE_RADIO
5;2;urn:osse-91:dataelement:5:2;Fehlbildungen der Nieren +/- Harnwege;de;Fehlbildungen der Nieren +/- Harnwege;Fehlbildungen der Nieren +/- Harnwege;SELECT_MANY_CHECKBOX
5;2;urn:osse-91:dataelement:5:2;Genitale Fehlbildungen;de;Genitale Fehlbildungen;Genitale Fehlbildungen;SELECT_MANY_CHECKBOX
5;2;urn:osse-91:dataelement:5:2;Nierenzysten;de;Nierenzysten;Nierenzysten;SELECT_MANY_CHECKBOX
5;2;urn:osse-91:dataelement:5:2;Diabetes mellitus (MODY-Diabetes);de;Diabetes mellitus (MODY-Diabetes);Diabetes mellitus (MODY-Diabetes);SELECT_MANY_CHECKBOX
5;2;urn:osse-91:dataelement:5:2;Hyperurikämie;de;Hyperurikämie;Hyperurikämie;SELECT_MANY_CHECKBOX
5;2;urn:osse-91:dataelement:5:2;Hypomagnesiämie;de;Hypomagnesiämie;Hypomagnesiämie;SELECT_MANY_CHECKBOX
5;2;urn:osse-91:dataelement:5:2;Erhöhte Transaminasen;de;Erhöhte Transaminasen;Erhöhte Transaminasen;SELECT_MANY_CHECKBOX
5;2;urn:osse-91:dataelement:5:2;Positive Familienanamnese für Diabetes mellitus;de;Positive Familienanamnese für Diabetes mellitus;Positive Familienanamnese für Diabetes mellitus;SELECT_MANY_CHECKBOX
5;2;urn:osse-91:dataelement:5:2;Positive Familienanamnese für Gichterkrankung;de;Positive Familienanamnese für Gichterkrankung;Positive Familienanamnese für Gichterkrankung;SELECT_MANY_CHECKBOX
6;2;urn:osse-91:dataelement:6:2;Mentale Retardierung;de;Mentale Retardierung;Mentale Retardierung;SELECT_MANY_CHECKBOX
6;2;urn:osse-91:dataelement:6:2;Postaxiale Hexadaktylie;de;Postaxiale Hexadaktylie;Postaxiale Hexadaktylie;SELECT_MANY_CHECKBOX
6;2;urn:osse-91:dataelement:6:2;Hypogenitalismus;de;Hypogenitalismus;Hypogenitalismus;SELECT_MANY_CHECKBOX
6;2;urn:osse-91:dataelement:6:2;Tapetoretinale Degeneration;de;Tapetoretinale Degeneration;Tapetoretinale Degeneration;SELECT_MANY_CHECKBOX
6;2;urn:osse-91:dataelement:6:2;Adipositas;de;Adipositas;Adipositas;SELECT_MANY_CHECKBOX
14;2;urn:osse-91:dataelement:14:2;fetale Tachypnoe;en;fetal Tachypnoe/Apnoe;fetal Tachypnoe/Apnoe;SELECT_MANY_CHECKBOX
14;2;urn:osse-91:dataelement:14:2;mentale Retardierung;en;mental retardation;mental retardation;SELECT_MANY_CHECKBOX
14;2;urn:osse-91:dataelement:14:2;Kleinhirnwurmaplasie;en;agenesis of cerebellar vermis (Molar Tooth-Sign);agenesis of cerebellar vermis (Molar Tooth-Sign);SELECT_MANY_CHECKBOX
14;2;urn:osse-91:dataelement:14:2;Ataxie;en;ataxia;ataxia;SELECT_MANY_CHECKBOX
14;2;urn:osse-91:dataelement:14:2;Nystagmus;en;nystagmus/ rotatoric nystagmus;nystagmus/ rotatoric nystagmus;SELECT_MANY_CHECKBOX
14;2;urn:osse-91:dataelement:14:2;Sehnervkolobom;en;coloboma of the optic nerve;coloboma of the optic nerve;SELECT_MANY_CHECKBOX
14;2;urn:osse-91:dataelement:14:2;Niereninsuffizienz;en;chronic kidney disease;chronic kidney disease;SELECT_MANY_CHECKBOX
14;2;urn:osse-91:dataelement:14:2;Hepatopathie;en;hepatopathy;hepatopathy;SELECT_MANY_CHECKBOX
58;2;urn:osse-91:dataelement:58:2;kA;en;na;na;SELECT_ONE_RADIO
58;2;urn:osse-91:dataelement:58:2;Nein;en;No;No;SELECT_ONE_RADIO
58;2;urn:osse-91:dataelement:58:2;Ja;en;Yes;Yes;SELECT_ONE_RADIO
54;2;urn:osse-91:dataelement:54:2;Female;en;Female;Gender of the sibling is female;SELECT_ONE_RADIO
54;2;urn:osse-91:dataelement:54:2;Male;en;Male;Gender of the sibling is male;SELECT_ONE_RADIO
76;1;urn:osse-91:dataelement:76:1;Ja;de;Ja;Ja;SELECT_ONE_RADIO
76;1;urn:osse-91:dataelement:76:1;Nein;de;Nein;Nein;SELECT_ONE_RADIO
76;1;urn:osse-91:dataelement:76:1;kA;de;kA;kA;SELECT_ONE_RADIO
81;1;urn:osse-91:dataelement:81:1;De novo;de;De novo;De novo;SELECT_MANY_CHECKBOX
81;1;urn:osse-91:dataelement:81:1;maternal;de;maternal vererbt;maternal vererbt;SELECT_MANY_CHECKBOX
81;1;urn:osse-91:dataelement:81:1;paternal;de;paternal vererbt;paternal vererbt;SELECT_MANY_CHECKBOX
81;1;urn:osse-91:dataelement:81:1;unbekannt;de;unbekannt;unbekannt;SELECT_MANY_CHECKBOX
91;1;urn:osse-91:dataelement:91:1;Ja;de;Ja;Ja;SELECT_ONE_RADIO
91;1;urn:osse-91:dataelement:91:1;Nein;de;Nein;Nein;SELECT_ONE_RADIO
91;1;urn:osse-91:dataelement:91:1;kA;de;kA;kA;SELECT_ONE_RADIO
93;1;urn:osse-91:dataelement:93:1;Ja;de;Ja;Ja;SELECT_ONE_RADIO
93;1;urn:osse-91:dataelement:93:1;Nein;de;Nein;Nein;SELECT_ONE_RADIO
93;1;urn:osse-91:dataelement:93:1;kA;de;kA;kA;SELECT_ONE_RADIO
95;1;urn:osse-91:dataelement:95:1;kA;de;kA;kA;SELECT_ONE_RADIO
95;1;urn:osse-91:dataelement:95:1;Nein;de;Nein;Nein;SELECT_ONE_RADIO
95;1;urn:osse-91:dataelement:95:1;Ja;de;Ja;Ja;SELECT_ONE_RADIO
97;1;urn:osse-91:dataelement:97:1;Ja;de;Ja;Ja;SELECT_ONE_RADIO
97;1;urn:osse-91:dataelement:97:1;Nein;de;Nein;Nein;SELECT_ONE_RADIO
97;1;urn:osse-91:dataelement:97:1;kA;de;kA;kA;SELECT_ONE_RADIO
99;1;urn:osse-91:dataelement:99:1;Ja;de;Ja;Ja;SELECT_ONE_RADIO
99;1;urn:osse-91:dataelement:99:1;Nein;de;Nein;Nein;SELECT_ONE_RADIO
99;1;urn:osse-91:dataelement:99:1;kA;de;kA;kA;SELECT_ONE_RADIO
101;1;urn:osse-91:dataelement:101:1;kA;de;kA;kA;SELECT_ONE_RADIO
101;1;urn:osse-91:dataelement:101:1;Nein;de;Nein;Nein;SELECT_ONE_RADIO
101;1;urn:osse-91:dataelement:101:1;Ja;de;Ja;Ja;SELECT_ONE_RADIO
102;1;urn:osse-91:dataelement:102:1;ACE-Hemmer;en;ACE-Inhibitor;ACE-Inhibitor;SELECT_MANY_CHECKBOX
102;1;urn:osse-91:dataelement:102:1;AT1-Rezeptorantagonist;en;AT1-receptor antagonist;AT1-receptor antagonist;SELECT_MANY_CHECKBOX
103;1;urn:osse-91:dataelement:103:1;kA;de;kA;kA;SELECT_ONE_RADIO
103;1;urn:osse-91:dataelement:103:1;Nein;de;Nein;Nein;SELECT_ONE_RADIO
103;1;urn:osse-91:dataelement:103:1;Ja;de;Ja;Ja;SELECT_ONE_RADIO
107;1;urn:osse-91:dataelement:107:1;kA;en;na;na;SELECT_ONE_RADIO
107;1;urn:osse-91:dataelement:107:1;Nein;de;Nein;Nein;SELECT_ONE_RADIO
107;1;urn:osse-91:dataelement:107:1;Ja;de;Ja;Ja;SELECT_ONE_RADIO
109;1;urn:osse-91:dataelement:109:1;Azidose;en;acidosis;acidosis;SELECT_ONE_RADIO
109;1;urn:osse-91:dataelement:109:1;Alkalose;en;alcalosis;alcalosis;SELECT_ONE_RADIO
109;1;urn:osse-91:dataelement:109:1;ausgeglichen;en;balanced;balanced;SELECT_ONE_RADIO
109;1;urn:osse-91:dataelement:109:1;kA;en;na;na;SELECT_ONE_RADIO
112;1;urn:osse-91:dataelement:112:1;kA;de;kA;kA;SELECT_ONE_RADIO
112;1;urn:osse-91:dataelement:112:1;Nein;de;Nein;Nein;SELECT_ONE_RADIO
112;1;urn:osse-91:dataelement:112:1;Ja;de;Ja;Ja;SELECT_ONE_RADIO
123;1;urn:osse-91:dataelement:123:1;kA;de;kA;kA;SELECT_ONE_RADIO
123;1;urn:osse-91:dataelement:123:1;Nein;de;Nein;Nein;SELECT_ONE_RADIO
123;1;urn:osse-91:dataelement:123:1;Ja;de;Ja;Ja;SELECT_ONE_RADIO
125;1;urn:osse-91:dataelement:125:1;kA;de;kA;kA;SELECT_ONE_RADIO
125;1;urn:osse-91:dataelement:125:1;Nein;de;Nein;Nein;SELECT_ONE_RADIO
125;1;urn:osse-91:dataelement:125:1;Ja;de;Ja;Ja;SELECT_ONE_RADIO
129;1;urn:osse-91:dataelement:129:1;kA;de;kA;kA;SELECT_ONE_RADIO
129;1;urn:osse-91:dataelement:129:1;Nein;de;Nein;Nein;SELECT_ONE_RADIO
129;1;urn:osse-91:dataelement:129:1;Ja;de;Ja;Ja;SELECT_ONE_RADIO
130;1;urn:osse-91:dataelement:130:1;Enuresis > 6. Lebensjahr;en;enuresis > 6. year of life;enuresis > 6. year of life;SELECT_MANY_CHECKBOX
130;1;urn:osse-91:dataelement:130:1;Rezidivierende Harnwegsinfekte;en;recurrent urinary tract infections;recurrent urinary tract infections;SELECT_MANY_CHECKBOX
130;1;urn:osse-91:dataelement:130:1;Sonstige;en;other;other;SELECT_MANY_CHECKBOX
137;1;urn:osse-91:dataelement:137:1;kA;de;kA;kA;SELECT_ONE_RADIO
137;1;urn:osse-91:dataelement:137:1;Nein;de;Nein;Nein;SELECT_ONE_RADIO
137;1;urn:osse-91:dataelement:137:1;Ja;de;Ja;Ja;SELECT_ONE_RADIO
137;2;urn:osse-91:dataelement:137:2;kA;de;kA;kA;SELECT_ONE_RADIO
137;2;urn:osse-91:dataelement:137:2;Nein;de;Nein;Nein;SELECT_ONE_RADIO
137;2;urn:osse-91:dataelement:137:2;Ja;de;Ja;Ja;SELECT_ONE_RADIO
139;1;urn:osse-91:dataelement:139:1;kA;de;kA;kA;SELECT_ONE_RADIO
139;1;urn:osse-91:dataelement:139:1;Nein;de;Nein;Nein;SELECT_ONE_RADIO
139;1;urn:osse-91:dataelement:139:1;Ja;de;Ja;Ja;SELECT_ONE_RADIO
141;1;urn:osse-91:dataelement:141:1;kA;de;kA;kA;SELECT_ONE_RADIO
141;1;urn:osse-91:dataelement:141:1;Nein;de;Nein;Nein;SELECT_ONE_RADIO
141;1;urn:osse-91:dataelement:141:1;Ja;de;Ja;Ja;SELECT_ONE_RADIO
105;1;urn:osse-91:dataelement:105:1;kA;de;kA;kA;SELECT_ONE_RADIO
105;1;urn:osse-91:dataelement:105:1;Nein;de;Nein;Nein;SELECT_ONE_RADIO
105;1;urn:osse-91:dataelement:105:1;Ja;de;Ja;Ja;SELECT_ONE_RADIO
127;1;urn:osse-91:dataelement:127:1;kA;de;kA;kA;SELECT_ONE_RADIO
127;1;urn:osse-91:dataelement:127:1;Nein;de;Nein;Nein;SELECT_ONE_RADIO
127;1;urn:osse-91:dataelement:127:1;Ja;de;Ja;Ja;SELECT_ONE_RADIO
85;1;urn:osse-91:dataelement:85:1;Keine Auffälligkeiten;de;Keine Auffälligkeiten;Keine Auffälligkeiten;SELECT_MANY_CHECKBOX
85;1;urn:osse-91:dataelement:85:1;Verdickte tubuläre Basalmembran;de;Verdickte tubuläre Basalmembran;Verdickte tubuläre Basalmembran;SELECT_MANY_CHECKBOX
85;1;urn:osse-91:dataelement:85:1;Dilatierte tubuläre Lumen;de;Dilatierte tubuläre Lumen;Dilatierte tubuläre Lumen;SELECT_MANY_CHECKBOX
85;1;urn:osse-91:dataelement:85:1;Glomeruläre Veränderungen;de;Glomeruläre Veränderungen;Glomeruläre Veränderungen;SELECT_MANY_CHECKBOX
85;1;urn:osse-91:dataelement:85:1;Periglomeruläre Fibrose;de;Periglomeruläre Fibrose;Periglomeruläre Fibrose;SELECT_MANY_CHECKBOX
85;1;urn:osse-91:dataelement:85:1;Peritubuläre Lymphozyteninflitrate;de;Peritubuläre Lymphozyteninflitrate;Peritubuläre Lymphozyteninflitrate;SELECT_MANY_CHECKBOX
85;1;urn:osse-91:dataelement:85:1;Tubulointerstitielle Fibrose;de;Tubulointerstitielle Fibrose;Tubulointerstitielle Fibrose;SELECT_MANY_CHECKBOX
85;1;urn:osse-91:dataelement:85:1;Nachweis von Nierenzysten;de;Nachweis von Nierenzysten;Nachweis von Nierenzysten;SELECT_MANY_CHECKBOX
85;1;urn:osse-91:dataelement:85:1;Andere;de;Andere;Andere;SELECT_MANY_CHECKBOX
116;1;urn:osse-91:dataelement:116:1;ACE – Hemmer;en;ACE – inhibitor;ACE – inhibitor;SELECT_MANY_CHECKBOX
116;1;urn:osse-91:dataelement:116:1;Beta-Blocker;en;betablocker;betablocker;SELECT_MANY_CHECKBOX
116;1;urn:osse-91:dataelement:116:1;AT1-Rezeptorantagonist;en;AT1- receptor antagonist;AT1- receptor antagonist;SELECT_MANY_CHECKBOX
116;1;urn:osse-91:dataelement:116:1;Diuretikum;en;Diuretics;Diuretics;SELECT_MANY_CHECKBOX
116;1;urn:osse-91:dataelement:116:1;Calciumantagonist;en;Calcium antagonist;Calcium antagonist;SELECT_MANY_CHECKBOX
116;1;urn:osse-91:dataelement:116:1;Sonstige Antihypertensiva;en;other antihypertensive treatment;other antihypertensive treatment;SELECT_MANY_CHECKBOX
79;1;urn:osse-91:dataelement:79:1;Sequenzierung von Kandidatengenen;de;Sequenzierung von Kandidatengenen;Sequenzierung von Kandidatengenen;SELECT_MANY_CHECKBOX
79;1;urn:osse-91:dataelement:79:1;Next Generation Sequencing - Panel;de;Next Generation Sequencing - Panel;Next Generation Sequencing - Panel;SELECT_MANY_CHECKBOX
79;1;urn:osse-91:dataelement:79:1;Whole Exome Sequencing;de;Whole Exome Sequencing;Whole Exome Sequencing;SELECT_MANY_CHECKBOX
79;1;urn:osse-91:dataelement:79:1;kA;de;kA;kA;SELECT_MANY_CHECKBOX
82;1;urn:osse-91:dataelement:82:1;Ja;de;Ja;Ja;SELECT_ONE_RADIO
82;1;urn:osse-91:dataelement:82:1;Nein;de;Nein;Nein;SELECT_ONE_RADIO
82;1;urn:osse-91:dataelement:82:1;kA;de;kA;kA;SELECT_ONE_RADIO
87;1;urn:osse-91:dataelement:87:1;Ja;de;Ja;Ja;SELECT_ONE_RADIO
87;1;urn:osse-91:dataelement:87:1;Nein;de;Nein;Nein;SELECT_ONE_RADIO
87;1;urn:osse-91:dataelement:87:1;kA;en;na;na;SELECT_ONE_RADIO
91;2;urn:osse-91:dataelement:91:2;Ja;de;Ja;Ja;SELECT_ONE_RADIO
91;2;urn:osse-91:dataelement:91:2;Nein;de;Nein;Nein;SELECT_ONE_RADIO
91;2;urn:osse-91:dataelement:91:2;kA;de;kA;kA;SELECT_ONE_RADIO
135;1;urn:osse-91:dataelement:135:1;kA;de;kA;kA;SELECT_ONE_RADIO
135;1;urn:osse-91:dataelement:135:1;Nein;de;Nein;Nein;SELECT_ONE_RADIO
135;1;urn:osse-91:dataelement:135:1;Ja;de;Ja;Ja;SELECT_ONE_RADIO
114;1;urn:osse-91:dataelement:114:1;kA;de;kA;kA;SELECT_ONE_RADIO
114;1;urn:osse-91:dataelement:114:1;Nein;de;Nein;Nein;SELECT_ONE_RADIO
114;1;urn:osse-91:dataelement:114:1;Ja;de;Ja;Ja;SELECT_ONE_RADIO
143;1;urn:osse-91:dataelement:143:1;kA;de;kA;kA;SELECT_ONE_RADIO
143;1;urn:osse-91:dataelement:143:1;Nein;de;Nein;Nein;SELECT_ONE_RADIO
143;1;urn:osse-91:dataelement:143:1;Ja;de;Ja;Ja;SELECT_ONE_RADIO
145;1;urn:osse-91:dataelement:145:1;kA;de;kA;kA;SELECT_ONE_RADIO
145;1;urn:osse-91:dataelement:145:1;Nein;de;Nein;Nein;SELECT_ONE_RADIO
145;1;urn:osse-91:dataelement:145:1;Ja;de;Ja;Ja;SELECT_ONE_RADIO
147;1;urn:osse-91:dataelement:147:1;kA;de;kA;kA;SELECT_ONE_RADIO
147;1;urn:osse-91:dataelement:147:1;Nein;de;Nein;Nein;SELECT_ONE_RADIO
147;1;urn:osse-91:dataelement:147:1;Ja;de;Ja;Ja;SELECT_ONE_RADIO
149;1;urn:osse-91:dataelement:149:1;kA;de;kA;kA;SELECT_ONE_RADIO
149;1;urn:osse-91:dataelement:149:1;Nein;de;Nein;Nein;SELECT_ONE_RADIO
149;1;urn:osse-91:dataelement:149:1;Ja;de;Ja;Ja;SELECT_ONE_RADIO
219;1;urn:osse-91:dataelement:219:1;unauffällig;en;EEG normal;EEG normal;SELECT_ONE_RADIO
219;1;urn:osse-91:dataelement:219:1;auffällig;en;EEG pathologic;EEG pathologic;SELECT_ONE_RADIO
219;1;urn:osse-91:dataelement:219:1;kA;en;na;na;SELECT_ONE_RADIO
151;1;urn:osse-91:dataelement:151:1;kA;de;kA;kA;SELECT_ONE_RADIO
151;1;urn:osse-91:dataelement:151:1;Nein;de;Nein;Nein;SELECT_ONE_RADIO
151;1;urn:osse-91:dataelement:151:1;Ja;de;Ja;Ja;SELECT_ONE_RADIO
153;1;urn:osse-91:dataelement:153:1;kA;de;kA;kA;SELECT_ONE_RADIO
153;1;urn:osse-91:dataelement:153:1;Nein;de;Nein;Nein;SELECT_ONE_RADIO
153;1;urn:osse-91:dataelement:153:1;Ja;de;Ja;Ja;SELECT_ONE_RADIO
155;1;urn:osse-91:dataelement:155:1;kA;de;kA;kA;SELECT_ONE_RADIO
155;1;urn:osse-91:dataelement:155:1;Nein;de;Nein;Nein;SELECT_ONE_RADIO
155;1;urn:osse-91:dataelement:155:1;Ja;de;Ja;Ja;SELECT_ONE_RADIO
181;1;urn:osse-91:dataelement:181:1;Ja;de;Ja;Ja;SELECT_ONE_RADIO
181;1;urn:osse-91:dataelement:181:1;Nein;de;Nein;Nein;SELECT_ONE_RADIO
181;1;urn:osse-91:dataelement:181:1;kA;de;kA;kA;SELECT_ONE_RADIO
194;1;urn:osse-91:dataelement:194:1;Ja;de;Ja;Ja;SELECT_ONE_RADIO
194;1;urn:osse-91:dataelement:194:1;Nein;de;Nein;Nein;SELECT_ONE_RADIO
194;1;urn:osse-91:dataelement:194:1;kA;de;kA;kA;SELECT_ONE_RADIO
161;1;urn:osse-91:dataelement:161:1;Ja;de;Ja;Ja;SELECT_ONE_RADIO
161;1;urn:osse-91:dataelement:161:1;Nein;de;Nein;Nein;SELECT_ONE_RADIO
161;1;urn:osse-91:dataelement:161:1;kA;de;kA;kA;SELECT_ONE_RADIO
168;1;urn:osse-91:dataelement:168:1;kA;de;kA;kA;SELECT_ONE_RADIO
168;1;urn:osse-91:dataelement:168:1;Nein;de;Nein;Nein;SELECT_ONE_RADIO
168;1;urn:osse-91:dataelement:168:1;Ja;de;Ja;Ja;SELECT_ONE_RADIO
169;1;urn:osse-91:dataelement:169:1;Ja, angeboren;de;Ja, angeboren;Ja, angeboren;SELECT_ONE_RADIO
169;1;urn:osse-91:dataelement:169:1;Nein;de;Nein;Nein;SELECT_ONE_RADIO
169;1;urn:osse-91:dataelement:169:1;kA;de;kA;kA;SELECT_ONE_RADIO
169;1;urn:osse-91:dataelement:169:1;Ja, Zeitpunkt;en;Yes, since specific date;Yes, since specific date;SELECT_ONE_RADIO
171;1;urn:osse-91:dataelement:171:1;kA;de;kA;kA;SELECT_ONE_RADIO
171;1;urn:osse-91:dataelement:171:1;Nein;de;Nein;Nein;SELECT_ONE_RADIO
171;1;urn:osse-91:dataelement:171:1;Ja;de;Ja;Ja;SELECT_ONE_RADIO
173;1;urn:osse-91:dataelement:173:1;Ja;de;Ja;Ja;SELECT_ONE_RADIO
173;1;urn:osse-91:dataelement:173:1;Nein;de;Nein;Nein;SELECT_ONE_RADIO
173;1;urn:osse-91:dataelement:173:1;kA;de;kA;kA;SELECT_ONE_RADIO
177;1;urn:osse-91:dataelement:177:1;Ja;de;Ja;Ja;SELECT_ONE_RADIO
177;1;urn:osse-91:dataelement:177:1;Nein;de;Nein;Nein;SELECT_ONE_RADIO
177;1;urn:osse-91:dataelement:177:1;kA;de;kA;kA;SELECT_ONE_RADIO
185;1;urn:osse-91:dataelement:185:1;Ja;de;Ja;Ja;SELECT_ONE_RADIO
185;1;urn:osse-91:dataelement:185:1;Nein;de;Nein;Nein;SELECT_ONE_RADIO
185;1;urn:osse-91:dataelement:185:1;kA;de;kA;kA;SELECT_ONE_RADIO
187;1;urn:osse-91:dataelement:187:1;Ja;de;Ja;Ja;SELECT_ONE_RADIO
187;1;urn:osse-91:dataelement:187:1;Nein;de;Nein;Nein;SELECT_ONE_RADIO
187;1;urn:osse-91:dataelement:187:1;kA;de;kA;kA;SELECT_ONE_RADIO
189;1;urn:osse-91:dataelement:189:1;Ja;de;Ja;Ja;SELECT_ONE_RADIO
189;1;urn:osse-91:dataelement:189:1;Nein;de;Nein;Nein;SELECT_ONE_RADIO
189;1;urn:osse-91:dataelement:189:1;kA;de;kA;kA;SELECT_ONE_RADIO
191;1;urn:osse-91:dataelement:191:1;Ja;de;Ja;Ja;SELECT_ONE_RADIO
191;1;urn:osse-91:dataelement:191:1;Nein;de;Nein;Nein;SELECT_ONE_RADIO
191;1;urn:osse-91:dataelement:191:1;kA;de;kA;kA;SELECT_ONE_RADIO
193;1;urn:osse-91:dataelement:193:1;Ja;de;Ja;Ja;SELECT_ONE_RADIO
193;1;urn:osse-91:dataelement:193:1;Nein;de;Nein;Nein;SELECT_ONE_RADIO
193;1;urn:osse-91:dataelement:193:1;kA;de;kA;kA;SELECT_ONE_RADIO
207;1;urn:osse-91:dataelement:207:1;Ja;de;Ja;Ja;SELECT_ONE_RADIO
207;1;urn:osse-91:dataelement:207:1;Nein;de;Nein;Nein;SELECT_ONE_RADIO
207;1;urn:osse-91:dataelement:207:1;kA;de;kA;kA;SELECT_ONE_RADIO
216;1;urn:osse-91:dataelement:216:1;Ja;de;Ja;Ja;SELECT_ONE_RADIO
216;1;urn:osse-91:dataelement:216:1;Nein;de;Nein;Nein;SELECT_ONE_RADIO
216;1;urn:osse-91:dataelement:216:1;kA;de;kA;kA;SELECT_ONE_RADIO
157;1;urn:osse-91:dataelement:157:1;kA;de;kA;kA;SELECT_ONE_RADIO
157;1;urn:osse-91:dataelement:157:1;Nein;de;Nein;Nein;SELECT_ONE_RADIO
157;1;urn:osse-91:dataelement:157:1;Ja;de;Ja;Ja;SELECT_ONE_RADIO
159;1;urn:osse-91:dataelement:159:1;Ja;de;Ja;Ja;SELECT_ONE_RADIO
159;1;urn:osse-91:dataelement:159:1;Nein;de;Nein;Nein;SELECT_ONE_RADIO
159;1;urn:osse-91:dataelement:159:1;kA;de;kA;kA;SELECT_ONE_RADIO
175;1;urn:osse-91:dataelement:175:1;Ja;de;Ja;Ja;SELECT_ONE_RADIO
175;1;urn:osse-91:dataelement:175:1;Nein;de;Nein;Nein;SELECT_ONE_RADIO
175;1;urn:osse-91:dataelement:175:1;kA;de;kA;kA;SELECT_ONE_RADIO
179;1;urn:osse-91:dataelement:179:1;Ja;de;Ja;Ja;SELECT_ONE_RADIO
179;1;urn:osse-91:dataelement:179:1;Nein;de;Nein;Nein;SELECT_ONE_RADIO
179;1;urn:osse-91:dataelement:179:1;kA;de;kA;kA;SELECT_ONE_RADIO
183;1;urn:osse-91:dataelement:183:1;Ja;de;Ja;Ja;SELECT_ONE_RADIO
183;1;urn:osse-91:dataelement:183:1;Nein;de;Nein;Nein;SELECT_ONE_RADIO
183;1;urn:osse-91:dataelement:183:1;kA;de;kA;kA;SELECT_ONE_RADIO
197;1;urn:osse-91:dataelement:197:1;kA;de;kA;kA;SELECT_ONE_RADIO
197;1;urn:osse-91:dataelement:197:1;Nein;de;Nein;Nein;SELECT_ONE_RADIO
197;1;urn:osse-91:dataelement:197:1;Ja;de;Ja;Ja;SELECT_ONE_RADIO
201;1;urn:osse-91:dataelement:201:1;Ja;de;Ja;Ja;SELECT_ONE_RADIO
201;1;urn:osse-91:dataelement:201:1;Nein;de;Nein;Nein;SELECT_ONE_RADIO
201;1;urn:osse-91:dataelement:201:1;kA;de;kA;kA;SELECT_ONE_RADIO
203;1;urn:osse-91:dataelement:203:1;kA;de;kA;kA;SELECT_ONE_RADIO
203;1;urn:osse-91:dataelement:203:1;Nein;de;Nein;Nein;SELECT_ONE_RADIO
203;1;urn:osse-91:dataelement:203:1;Ja;de;Ja;Ja;SELECT_ONE_RADIO
205;1;urn:osse-91:dataelement:205:1;Ja;de;Ja;Ja;SELECT_ONE_RADIO
205;1;urn:osse-91:dataelement:205:1;Nein;de;Nein;Nein;SELECT_ONE_RADIO
205;1;urn:osse-91:dataelement:205:1;kA;de;kA;kA;SELECT_ONE_RADIO
210;1;urn:osse-91:dataelement:210:1;Ja;de;Ja;Ja;SELECT_ONE_RADIO
210;1;urn:osse-91:dataelement:210:1;Nein;de;Nein;Nein;SELECT_ONE_RADIO
210;1;urn:osse-91:dataelement:210:1;kA;de;kA;kA;SELECT_ONE_RADIO
212;1;urn:osse-91:dataelement:212:1;Ja;de;Ja;Ja;SELECT_ONE_RADIO
212;1;urn:osse-91:dataelement:212:1;Nein;de;Nein;Nein;SELECT_ONE_RADIO
212;1;urn:osse-91:dataelement:212:1;kA;de;kA;kA;SELECT_ONE_RADIO
200;1;urn:osse-91:dataelement:200:1;kA;de;kA;kA;SELECT_ONE_RADIO
200;1;urn:osse-91:dataelement:200:1;Nein;de;Nein;Nein;SELECT_ONE_RADIO
200;1;urn:osse-91:dataelement:200:1;Ja;de;Ja;Ja;SELECT_ONE_RADIO
214;1;urn:osse-91:dataelement:214:1;Ja;de;Ja;Ja;SELECT_ONE_RADIO
214;1;urn:osse-91:dataelement:214:1;Nein;de;Nein;Nein;SELECT_ONE_RADIO
214;1;urn:osse-91:dataelement:214:1;kA;de;kA;kA;SELECT_ONE_RADIO
217;1;urn:osse-91:dataelement:217:1;Ja;de;Ja;Ja;SELECT_ONE_RADIO
217;1;urn:osse-91:dataelement:217:1;Nein;de;Nein;Nein;SELECT_ONE_RADIO
217;1;urn:osse-91:dataelement:217:1;kA;de;kA;kA;SELECT_ONE_RADIO
222;1;urn:osse-91:dataelement:222:1;Ja;de;Ja;Ja;SELECT_ONE_RADIO
222;1;urn:osse-91:dataelement:222:1;Nein;de;Nein;Nein;SELECT_ONE_RADIO
222;1;urn:osse-91:dataelement:222:1;kA;de;kA;kA;SELECT_ONE_RADIO
251;1;urn:osse-91:dataelement:251:1;kA;en;na;na;SELECT_ONE_RADIO
251;1;urn:osse-91:dataelement:251:1;Nein;en;No;No;SELECT_ONE_RADIO
251;1;urn:osse-91:dataelement:251:1;Ja;en;Yes;Yes;SELECT_ONE_RADIO
227;1;urn:osse-91:dataelement:227:1;Ja;de;Ja;Ja;SELECT_ONE_RADIO
227;1;urn:osse-91:dataelement:227:1;Nein;de;Nein;Nein;SELECT_ONE_RADIO
227;1;urn:osse-91:dataelement:227:1;kA;de;kA;kA;SELECT_ONE_RADIO
229;1;urn:osse-91:dataelement:229:1;kA;en;na;na;SELECT_ONE_RADIO
229;1;urn:osse-91:dataelement:229:1;Nein;en;No;No;SELECT_ONE_RADIO
229;1;urn:osse-91:dataelement:229:1;Ja;en;Yes;Yes;SELECT_ONE_RADIO
231;1;urn:osse-91:dataelement:231:1;Ja;de;Ja;Ja;SELECT_ONE_RADIO
231;1;urn:osse-91:dataelement:231:1;Nein;de;Nein;Nein;SELECT_ONE_RADIO
231;1;urn:osse-91:dataelement:231:1;kA;de;kA;kA;SELECT_ONE_RADIO
233;1;urn:osse-91:dataelement:233:1;kA;en;na;na;SELECT_ONE_RADIO
233;1;urn:osse-91:dataelement:233:1;Nein;en;No;No;SELECT_ONE_RADIO
233;1;urn:osse-91:dataelement:233:1;Ja;en;Yes;Yes;SELECT_ONE_RADIO
241;1;urn:osse-91:dataelement:241:1;kA;en;na;na;SELECT_ONE_RADIO
241;1;urn:osse-91:dataelement:241:1;Nein;en;No;No;SELECT_ONE_RADIO
241;1;urn:osse-91:dataelement:241:1;Ja;en;Yes;Yes;SELECT_ONE_RADIO
243;1;urn:osse-91:dataelement:243:1;Ja;de;Ja;Ja;SELECT_ONE_RADIO
243;1;urn:osse-91:dataelement:243:1;Nein;de;Nein;Nein;SELECT_ONE_RADIO
243;1;urn:osse-91:dataelement:243:1;kA;de;kA;kA;SELECT_ONE_RADIO
247;1;urn:osse-91:dataelement:247:1;kA;en;na;na;SELECT_ONE_RADIO
247;1;urn:osse-91:dataelement:247:1;Nein;en;No;No;SELECT_ONE_RADIO
247;1;urn:osse-91:dataelement:247:1;Ja;en;Yes;Yes;SELECT_ONE_RADIO
249;1;urn:osse-91:dataelement:249:1;Ja;de;Ja;Ja;SELECT_ONE_RADIO
249;1;urn:osse-91:dataelement:249:1;Nein;de;Nein;Nein;SELECT_ONE_RADIO
249;1;urn:osse-91:dataelement:249:1;kA;de;kA;kA;SELECT_ONE_RADIO
239;1;urn:osse-91:dataelement:239:1;Ja;de;Ja;Ja;SELECT_ONE_RADIO
239;1;urn:osse-91:dataelement:239:1;Nein;de;Nein;Nein;SELECT_ONE_RADIO
239;1;urn:osse-91:dataelement:239:1;kA;de;kA;kA;SELECT_ONE_RADIO
244;1;urn:osse-91:dataelement:244:1;Schallleitungsstörung;en;conductive hearing loss;conductive hearing loss;SELECT_MANY_CHECKBOX
244;1;urn:osse-91:dataelement:244:1;Innenohrschwerhörigkeit;en;inner ear hearing loss;inner ear hearing loss;SELECT_MANY_CHECKBOX
244;1;urn:osse-91:dataelement:244:1;kA;en;na;na;SELECT_MANY_CHECKBOX
225;1;urn:osse-91:dataelement:225:1;kA;en;na;na;SELECT_ONE_RADIO
225;1;urn:osse-91:dataelement:225:1;Nein;en;No;No;SELECT_ONE_RADIO
225;1;urn:osse-91:dataelement:225:1;Ja;en;Yes;Yes;SELECT_ONE_RADIO
235;1;urn:osse-91:dataelement:235:1;Ja;de;Ja;Ja;SELECT_ONE_RADIO
235;1;urn:osse-91:dataelement:235:1;Nein;de;Nein;Nein;SELECT_ONE_RADIO
235;1;urn:osse-91:dataelement:235:1;kA;de;kA;kA;SELECT_ONE_RADIO
237;1;urn:osse-91:dataelement:237:1;kA;en;na;na;SELECT_ONE_RADIO
237;1;urn:osse-91:dataelement:237:1;Nein;en;No;No;SELECT_ONE_RADIO
237;1;urn:osse-91:dataelement:237:1;Ja;en;Yes;Yes;SELECT_ONE_RADIO
255;1;urn:osse-91:dataelement:255:1;persistierender ductus arteriosus;en;Patent ductus arteriosus;Patent ductus arteriosus;
255;1;urn:osse-91:dataelement:255:1;Vorhofseptumdefekt;en;Atrial septal defect;Atrial septal defect;
255;1;urn:osse-91:dataelement:255:1;Ventrikelseptumdefekt;en;Ventricular septal defect;Ventricular septal defect;
255;1;urn:osse-91:dataelement:255:1;Offenes Foramen ovale;en;Patent foramen ovale;Patent foramen ovale;
255;1;urn:osse-91:dataelement:255:1;Komplexer Herzfehler;en;Complex structural heart defect;Complex structural heart defect;
255;1;urn:osse-91:dataelement:255:1;Kardiomyopathie;en;Cardiomyopathy;Cardiomyopathy;
255;1;urn:osse-91:dataelement:255:1;Dextrocardia;en;Dextrocardia;Dextrocardia;
255;1;urn:osse-91:dataelement:255:1;Heterotaxiesyndrom;en;Heterotaxy syndrome;Heterotaxy syndrome;
255;1;urn:osse-91:dataelement:255:1;kA;en;na;na;
268;1;urn:osse-91:dataelement:268:1;kA;en;na;na;SELECT_ONE_RADIO
268;1;urn:osse-91:dataelement:268:1;Nein;en;No;No;SELECT_ONE_RADIO
268;1;urn:osse-91:dataelement:268:1;Ja;en;Yes;Yes;SELECT_ONE_RADIO
308;1;urn:osse-91:dataelement:308:1;kA;en;na;na;SELECT_ONE_RADIO
308;1;urn:osse-91:dataelement:308:1;Nein;en;No;No;SELECT_ONE_RADIO
308;1;urn:osse-91:dataelement:308:1;Ja;en;Yes;Yes;SELECT_ONE_RADIO
272;1;urn:osse-91:dataelement:272:1;kA;en;na;na;SELECT_ONE_RADIO
272;1;urn:osse-91:dataelement:272:1;Nein;en;No;No;SELECT_ONE_RADIO
272;1;urn:osse-91:dataelement:272:1;Ja;en;Yes;Yes;SELECT_ONE_RADIO
257;1;urn:osse-91:dataelement:257:1;kA;de;kA;kA;SELECT_MANY_CHECKBOX
257;1;urn:osse-91:dataelement:257:1;Heterotaxiesyndrom;de;Heterotaxiesyndrom;Heterotaxiesyndrom;SELECT_MANY_CHECKBOX
257;1;urn:osse-91:dataelement:257:1;Dextrocardia;de;Dextrocardia;Dextrocardia;SELECT_MANY_CHECKBOX
257;1;urn:osse-91:dataelement:257:1;Kardiomyopathie;de;Kardiomyopathie;Kardiomyopathie;SELECT_MANY_CHECKBOX
257;1;urn:osse-91:dataelement:257:1;Komplexer Herzfehler;de;Komplexer Herzfehler;Komplexer Herzfehler;SELECT_MANY_CHECKBOX
257;1;urn:osse-91:dataelement:257:1;Offenes Foramen ovale;de;Offenes Foramen ovale (PFO);Offenes Foramen ovale (PFO);SELECT_MANY_CHECKBOX
257;1;urn:osse-91:dataelement:257:1;Ventrikelseptumdefekt;de;Ventrikelseptumdefekt (VSD);Ventrikelseptumdefekt (VSD);SELECT_MANY_CHECKBOX
257;1;urn:osse-91:dataelement:257:1;Vorhofseptumdefekt;de;Vorhofseptumdefekt (ASD);Vorhofseptumdefekt (ASD);SELECT_MANY_CHECKBOX
257;1;urn:osse-91:dataelement:257:1;persistierender ductus arteriosus;de;Persistierender ductus arteriosus (PDA);Persistierender ductus arteriosus (PDA);SELECT_MANY_CHECKBOX
270;1;urn:osse-91:dataelement:270:1;Ja;de;Ja;Ja;SELECT_ONE_RADIO
270;1;urn:osse-91:dataelement:270:1;Nein;de;Nein;Nein;SELECT_ONE_RADIO
270;1;urn:osse-91:dataelement:270:1;kA;de;kA;kA;SELECT_ONE_RADIO
276;1;urn:osse-91:dataelement:276:1;kA;en;na;na;SELECT_ONE_RADIO
276;1;urn:osse-91:dataelement:276:1;Nein;en;No;No;SELECT_ONE_RADIO
276;1;urn:osse-91:dataelement:276:1;Ja;en;Yes;Yes;SELECT_ONE_RADIO
278;1;urn:osse-91:dataelement:278:1;Ja;de;Ja;Ja;SELECT_ONE_RADIO
278;1;urn:osse-91:dataelement:278:1;Nein;de;Nein;Nein;SELECT_ONE_RADIO
278;1;urn:osse-91:dataelement:278:1;kA;de;kA;kA;SELECT_ONE_RADIO
271;1;urn:osse-91:dataelement:271:1;auffällige Finger-/Zehennägel;de;Auffällige Finger-/Zehennägel;Auffällige Finger-/Zehennägel;SELECT_MANY_CHECKBOX
271;1;urn:osse-91:dataelement:271:1;Zahnanomalien;de;Zahnanomalien (spitz, verformt, fehlend);Zahnanomalien (spitz, verformt, fehlend);SELECT_MANY_CHECKBOX
271;1;urn:osse-91:dataelement:271:1;Exanthem;de;Exanthem;Exanthem;SELECT_MANY_CHECKBOX
280;1;urn:osse-91:dataelement:280:1;kA;en;na;na;SELECT_ONE_RADIO
280;1;urn:osse-91:dataelement:280:1;Nein;en;No;No;SELECT_ONE_RADIO
280;1;urn:osse-91:dataelement:280:1;Ja;en;Yes;Yes;SELECT_ONE_RADIO
282;1;urn:osse-91:dataelement:282:1;kA;en;na;na;SELECT_ONE_RADIO
282;1;urn:osse-91:dataelement:282:1;Nein;en;No;No;SELECT_ONE_RADIO
282;1;urn:osse-91:dataelement:282:1;Ja;en;Yes;Yes;SELECT_ONE_RADIO
285;1;urn:osse-91:dataelement:285:1;kA;en;na;na;SELECT_ONE_RADIO
285;1;urn:osse-91:dataelement:285:1;Nein;en;No;No;SELECT_ONE_RADIO
285;1;urn:osse-91:dataelement:285:1;Ja;en;Yes;Yes;SELECT_ONE_RADIO
287;1;urn:osse-91:dataelement:287:1;Ja;de;Ja;Ja;SELECT_ONE_RADIO
287;1;urn:osse-91:dataelement:287:1;Nein;de;Nein;Nein;SELECT_ONE_RADIO
287;1;urn:osse-91:dataelement:287:1;kA;de;kA;kA;SELECT_ONE_RADIO
265;1;urn:osse-91:dataelement:265:1;kA;en;na;na;SELECT_ONE_RADIO
265;1;urn:osse-91:dataelement:265:1;Nein;en;No;No;SELECT_ONE_RADIO
265;1;urn:osse-91:dataelement:265:1;Ja;en;Yes;Yes;SELECT_ONE_RADIO
293;1;urn:osse-91:dataelement:293:1;kA;en;na;na;SELECT_ONE_RADIO
293;1;urn:osse-91:dataelement:293:1;Nein;en;No;No;SELECT_ONE_RADIO
293;1;urn:osse-91:dataelement:293:1;Ja;en;Yes;Yes;SELECT_ONE_RADIO
294;1;urn:osse-91:dataelement:294:1;Dextracordia;en;Dextracordia;Dextracordia;SELECT_MANY_CHECKBOX
294;1;urn:osse-91:dataelement:294:1;Situs ambiguus;en;Situs ambiguus;Situs ambiguus;SELECT_MANY_CHECKBOX
294;1;urn:osse-91:dataelement:294:1;Situs inversus totalis;en;Situs inversus totalis;Situs inversus totalis;SELECT_MANY_CHECKBOX
294;1;urn:osse-91:dataelement:294:1;kA;en;na;na;SELECT_MANY_CHECKBOX
295;1;urn:osse-91:dataelement:295:1;Ja;de;Ja;Ja;SELECT_ONE_RADIO
295;1;urn:osse-91:dataelement:295:1;Nein;de;Nein;Nein;SELECT_ONE_RADIO
295;1;urn:osse-91:dataelement:295:1;kA;de;kA;kA;SELECT_ONE_RADIO
305;1;urn:osse-91:dataelement:305:1;Nein;en;No;No;SELECT_ONE_RADIO
305;1;urn:osse-91:dataelement:305:1;Ja;en;Yes;Yes;SELECT_ONE_RADIO
311;1;urn:osse-91:dataelement:311:1;Ja;de;Ja;Ja;SELECT_ONE_RADIO
311;1;urn:osse-91:dataelement:311:1;Nein;de;Nein;Nein;SELECT_ONE_RADIO
269;1;urn:osse-91:dataelement:269:1;Postaxiale Hexadaktylie;en;Postaxial Hexadaktyly;Postaxial Hexadaktyly;SELECT_MANY_CHECKBOX
269;1;urn:osse-91:dataelement:269:1;Brachydaktylie;en;Brachydaktyly;Brachydaktyly;SELECT_MANY_CHECKBOX
269;1;urn:osse-91:dataelement:269:1;Syndaktylie;en;Syndaktyly;Syndaktyly;SELECT_MANY_CHECKBOX
269;1;urn:osse-91:dataelement:269:1;Thoraxhypoplasie;en;Thoracic dystrophy;Thoracic dystrophy;SELECT_MANY_CHECKBOX
269;1;urn:osse-91:dataelement:269:1;Kurze Rippen;en;Short ribs;Short ribs;SELECT_MANY_CHECKBOX
269;1;urn:osse-91:dataelement:269:1;Zapfenepiphysen;en;Cone shaped epiphysis;Cone shaped epiphysis;SELECT_MANY_CHECKBOX
291;1;urn:osse-91:dataelement:291:1;Ja;de;Ja;Ja;SELECT_ONE_RADIO
291;1;urn:osse-91:dataelement:291:1;Nein;de;Nein;Nein;SELECT_ONE_RADIO
291;1;urn:osse-91:dataelement:291:1;kA;de;kA;kA;SELECT_ONE_RADIO
275;1;urn:osse-91:dataelement:275:1;Weiblich;de;Weiblich;Weiblich;SELECT_ONE_RADIO
275;1;urn:osse-91:dataelement:275:1;Männlich;en;Male;Male;SELECT_ONE_RADIO
275;1;urn:osse-91:dataelement:275:1;Unklar;en;Unclear;Unclear;SELECT_ONE_RADIO
275;1;urn:osse-91:dataelement:275:1;Unbekannt;en;Not known;Not known;SELECT_ONE_RADIO
315;1;urn:osse-91:dataelement:315:1;Nein;en;No;No;SELECT_ONE_RADIO
315;1;urn:osse-91:dataelement:315:1;Ja;en;Yes;Yes;SELECT_ONE_RADIO
314;1;urn:osse-91:dataelement:314:1;Maldeszensus Testis;de;Maldeszensus Testis;Maldeszensus Testis;SELECT_MANY_CHECKBOX
314;1;urn:osse-91:dataelement:314:1;Hypospadie;de;Hypospadie;Hypospadie;SELECT_MANY_CHECKBOX
314;1;urn:osse-91:dataelement:314:1;Scrotum bifidum;de;Scrotum bifidum;Scrotum bifidum;SELECT_MANY_CHECKBOX
314;1;urn:osse-91:dataelement:314:1;Mikropenis;de;Mikropenis (Definition siehe Anhang Penislänge);Mikropenis (Definition siehe Anhang Penislänge);SELECT_MANY_CHECKBOX
307;1;urn:osse-91:dataelement:307:1;Strang-Gonaden;en;Streak ovaries;Streak ovaries;SELECT_MANY_CHECKBOX
307;1;urn:osse-91:dataelement:307:1;Vaginalatresie;en;Vaginal atresia;Vaginal atresia;SELECT_MANY_CHECKBOX
307;1;urn:osse-91:dataelement:307:1;Uterusfehlbildungen;en;Malformation of the uterus;Malformation of the uterus;SELECT_MANY_CHECKBOX
307;1;urn:osse-91:dataelement:307:1;Polyzystische Ovarien;en;Polycystic ovaries;Polycystic ovaries;SELECT_MANY_CHECKBOX
281;1;urn:osse-91:dataelement:281:1;Ja;de;Ja;Ja;SELECT_ONE_RADIO
281;1;urn:osse-91:dataelement:281:1;Nein;de;Nein;Nein;SELECT_ONE_RADIO
281;1;urn:osse-91:dataelement:281:1;kA;de;kA;kA;SELECT_ONE_RADIO
289;1;urn:osse-91:dataelement:289:1;kA;en;na;na;SELECT_ONE_RADIO
289;1;urn:osse-91:dataelement:289:1;Nein;en;No;No;SELECT_ONE_RADIO
289;1;urn:osse-91:dataelement:289:1;Ja;en;Yes;Yes;SELECT_ONE_RADIO
283;1;urn:osse-91:dataelement:283:1;Ja;de;Ja;Ja;SELECT_ONE_RADIO
283;1;urn:osse-91:dataelement:283:1;Nein;de;Nein;Nein;SELECT_ONE_RADIO
283;1;urn:osse-91:dataelement:283:1;kA;de;kA;kA;SELECT_ONE_RADIO
319;1;urn:osse-91:dataelement:319:1;Jaffe;en;Jaffe;Jaffe;SELECT_ONE_RADIO
319;1;urn:osse-91:dataelement:319:1;enzymatisch;en;enzymatic;enzymatic;SELECT_ONE_RADIO
319;1;urn:osse-91:dataelement:319:1;kA;en;na;na;SELECT_ONE_RADIO
332;1;urn:osse-91:dataelement:332:1;kA;en;na;na;SELECT_ONE_RADIO
332;1;urn:osse-91:dataelement:332:1;Nein;en;No;No;SELECT_ONE_RADIO
332;1;urn:osse-91:dataelement:332:1;Ja;en;Yes;Yes;SELECT_ONE_RADIO
335;1;urn:osse-91:dataelement:335:1;Ja;de;Ja;Ja;SELECT_ONE_RADIO
335;1;urn:osse-91:dataelement:335:1;Nein;de;Nein;Nein;SELECT_ONE_RADIO
335;1;urn:osse-91:dataelement:335:1;kA;de;kA;kA;SELECT_ONE_RADIO
359;1;urn:osse-91:dataelement:359:1;unauffällig;en;normal;normal;SELECT_ONE_RADIO
359;1;urn:osse-91:dataelement:359:1;erhöhte Echogenität;en;hight echogenicity;hight echogenicity;SELECT_ONE_RADIO
359;1;urn:osse-91:dataelement:359:1;kA;en;na;na;SELECT_ONE_RADIO
360;1;urn:osse-91:dataelement:360:1;kA;de;kA;kA;SELECT_ONE_RADIO
360;1;urn:osse-91:dataelement:360:1;erhöhte Echogenität;de;erhöhte Echogenität;erhöhte Echogenität;SELECT_ONE_RADIO
360;1;urn:osse-91:dataelement:360:1;unauffällig;de;unauffällig;unauffällig;SELECT_ONE_RADIO
364;1;urn:osse-91:dataelement:364:1;Ja;en;Yes;Yes;SELECT_ONE_RADIO
364;1;urn:osse-91:dataelement:364:1;Nein;en;No;No;SELECT_ONE_RADIO
364;1;urn:osse-91:dataelement:364:1;kA;en;na;na;SELECT_ONE_RADIO
367;1;urn:osse-91:dataelement:367:1;< 5 Zysten;de;< 5 Zysten;< 5 Zysten;SELECT_ONE_RADIO
367;1;urn:osse-91:dataelement:367:1;> 5 Zysten;de;> 5 Zysten;> 5 Zysten;SELECT_ONE_RADIO
367;1;urn:osse-91:dataelement:367:1;Größe < 10 mm;en;size < 10 mm;size < 10 mm;SELECT_ONE_RADIO
367;1;urn:osse-91:dataelement:367:1;Größe > 10 mm;en;size > 10 mm;size > 10 mm;SELECT_ONE_RADIO
368;1;urn:osse-91:dataelement:368:1;Größe > 10 mm;de;Größe > 10 mm;Größe > 10 mm;SELECT_ONE_RADIO
368;1;urn:osse-91:dataelement:368:1;Größe < 10 mm;de;Größe < 10 mm;Größe < 10 mm;SELECT_ONE_RADIO
368;1;urn:osse-91:dataelement:368:1;> 5 Zysten;en;> 5 cysts;> 5 cysts;SELECT_ONE_RADIO
368;1;urn:osse-91:dataelement:368:1;< 5 Zysten;en;< 5 cysts;< 5 cysts;SELECT_ONE_RADIO
361;1;urn:osse-91:dataelement:361:1;unauffällig;de;unauffällig;unauffällig;SELECT_ONE_RADIO
361;1;urn:osse-91:dataelement:361:1;reduziert;en;reduced;reduced;SELECT_ONE_RADIO
361;1;urn:osse-91:dataelement:361:1;aufgehoben;en;abolished;abolished;SELECT_ONE_RADIO
361;1;urn:osse-91:dataelement:361:1;kA;en;na;na;SELECT_ONE_RADIO
362;1;urn:osse-91:dataelement:362:1;kA;de;kA;kA;SELECT_ONE_RADIO
362;1;urn:osse-91:dataelement:362:1;aufgehoben;de;aufgehoben;aufgehoben;SELECT_ONE_RADIO
362;1;urn:osse-91:dataelement:362:1;reduziert;de;reduziert;reduziert;SELECT_ONE_RADIO
362;1;urn:osse-91:dataelement:362:1;unauffällig;de;unauffällig;unauffällig;SELECT_ONE_RADIO
363;1;urn:osse-91:dataelement:363:1;kA;de;kA;kA;SELECT_ONE_RADIO
363;1;urn:osse-91:dataelement:363:1;Nein;de;Nein;Nein;SELECT_ONE_RADIO
363;1;urn:osse-91:dataelement:363:1;Ja;de;Ja;Ja;SELECT_ONE_RADIO
331;1;urn:osse-91:dataelement:331:1;kA;de;kA;kA;SELECT_ONE_RADIO
331;1;urn:osse-91:dataelement:331:1;Lebendspende;de;Lebendspende;Lebendspende;SELECT_ONE_RADIO
331;1;urn:osse-91:dataelement:331:1;Verstorbenenspende;de;Verstorbenenspende;Verstorbenenspende;SELECT_ONE_RADIO
324;1;urn:osse-91:dataelement:324:1;kA;de;kA;kA;SELECT_ONE_RADIO
324;1;urn:osse-91:dataelement:324:1;Peritonealdialyse;de;Peritonealdialyse;Peritonealdialyse;SELECT_ONE_RADIO
324;1;urn:osse-91:dataelement:324:1;Hämodialyse;de;Hämodialyse;Hämodialyse;SELECT_ONE_RADIO
365;1;urn:osse-91:dataelement:365:1;kA;de;kA;kA;SELECT_ONE_RADIO
365;1;urn:osse-91:dataelement:365:1;kortikal;de;kortikal;kortikal;SELECT_ONE_RADIO
365;1;urn:osse-91:dataelement:365:1;medullär;de;medullär;medullär;SELECT_ONE_RADIO
365;1;urn:osse-91:dataelement:365:1;unklar;en;not clear;not clear;SELECT_ONE_RADIO
366;1;urn:osse-91:dataelement:366:1;unklar;de;unklar;unklar;SELECT_ONE_RADIO
366;1;urn:osse-91:dataelement:366:1;medullär;en;medullary;medullary;SELECT_ONE_RADIO
366;1;urn:osse-91:dataelement:366:1;kortikal;en;cortical;cortical;SELECT_ONE_RADIO
366;1;urn:osse-91:dataelement:366:1;kA;en;na;na;SELECT_ONE_RADIO
321;1;urn:osse-91:dataelement:321:1;Ja;en;Yes;Yes;SELECT_ONE_RADIO
321;1;urn:osse-91:dataelement:321:1;Nein;en;No;No;SELECT_ONE_RADIO
321;1;urn:osse-91:dataelement:321:1;kA;en;na;na;SELECT_ONE_RADIO
323;1;urn:osse-91:dataelement:323:1;Ja;en;Yes;Yes;SELECT_ONE_RADIO
323;1;urn:osse-91:dataelement:323:1;Nein;en;No;No;SELECT_ONE_RADIO
323;1;urn:osse-91:dataelement:323:1;kA;en;na;na;SELECT_ONE_RADIO
369;1;urn:osse-91:dataelement:369:1;kA;de;kA;kA;SELECT_ONE_RADIO
369;1;urn:osse-91:dataelement:369:1;Nein;de;Nein;Nein;SELECT_ONE_RADIO
369;1;urn:osse-91:dataelement:369:1;Ja;de;Ja;Ja;SELECT_ONE_RADIO
370;1;urn:osse-91:dataelement:370:1;Ja;en;Yes;Yes;SELECT_ONE_RADIO
370;1;urn:osse-91:dataelement:370:1;Nein;en;No;No;SELECT_ONE_RADIO
370;1;urn:osse-91:dataelement:370:1;kA;en;na;na;SELECT_ONE_RADIO
371;1;urn:osse-91:dataelement:371:1;kA;de;kA;kA;SELECT_ONE_RADIO
371;1;urn:osse-91:dataelement:371:1;Nein;de;Nein;Nein;SELECT_ONE_RADIO
371;1;urn:osse-91:dataelement:371:1;Ja;de;Ja;Ja;SELECT_ONE_RADIO
372;1;urn:osse-91:dataelement:372:1;Ja;en;Yes;Yes;SELECT_ONE_RADIO
372;1;urn:osse-91:dataelement:372:1;Nein;en;No;No;SELECT_ONE_RADIO
372;1;urn:osse-91:dataelement:372:1;kA;en;na;na;SELECT_ONE_RADIO
373;1;urn:osse-91:dataelement:373:1;kA;de;kA;kA;SELECT_ONE_RADIO
373;1;urn:osse-91:dataelement:373:1;Nein;de;Nein;Nein;SELECT_ONE_RADIO
373;1;urn:osse-91:dataelement:373:1;Ja;de;Ja;Ja;SELECT_ONE_RADIO
375;1;urn:osse-91:dataelement:375:1;Hydronephrose;en;Hydronephrosis;Hydronephrosis;SELECT_MANY_CHECKBOX
375;1;urn:osse-91:dataelement:375:1;Megaureter;en;Megaureter;Megaureter;SELECT_MANY_CHECKBOX
375;1;urn:osse-91:dataelement:375:1;Doppelniere;en;Duplex kidneys;Duplex kidneys;SELECT_MANY_CHECKBOX
375;1;urn:osse-91:dataelement:375:1;Dysplasie;en;Renal dysplasia;Renal dysplasia;SELECT_MANY_CHECKBOX
375;1;urn:osse-91:dataelement:375:1;Nierenagenesie;de;Nierenagenesie;Nierenagenesie;SELECT_MANY_CHECKBOX
374;1;urn:osse-91:dataelement:374:1;Nierenagenesie;en;Renal agenesis;Renal agenesis;SELECT_MANY_CHECKBOX
374;1;urn:osse-91:dataelement:374:1;Dysplasie;de;Dysplasie;Dysplasie;SELECT_MANY_CHECKBOX
374;1;urn:osse-91:dataelement:374:1;Doppelniere;de;Doppelniere;Doppelniere;SELECT_MANY_CHECKBOX
374;1;urn:osse-91:dataelement:374:1;Megaureter;de;Megaureter;Megaureter;SELECT_MANY_CHECKBOX
374;1;urn:osse-91:dataelement:374:1;Hydronephrose;de;Hydronephrose;Hydronephrose;SELECT_MANY_CHECKBOX
374;2;urn:osse-91:dataelement:374:2;Nierenagenesie;de;Nierenagenesie;Nierenagenesie;SELECT_MANY_CHECKBOX
374;2;urn:osse-91:dataelement:374:2;Dysplasie;en;Renal dysplasia;Renal dysplasia;SELECT_MANY_CHECKBOX
374;2;urn:osse-91:dataelement:374:2;Doppelniere;en;Duplex kidneys;Duplex kidneys;SELECT_MANY_CHECKBOX
374;2;urn:osse-91:dataelement:374:2;Megaureter;en;Megaureter;Megaureter;SELECT_MANY_CHECKBOX
374;2;urn:osse-91:dataelement:374:2;Hydronephrose;en;Hydronephrosis;Hydronephrosis;SELECT_MANY_CHECKBOX
376;1;urn:osse-91:dataelement:376:1;Dystope Niere;en;Dystopic kidneys;Dystopic kidneys;SELECT_MANY_CHECKBOX
376;1;urn:osse-91:dataelement:376:1;Gekreuzte Dystopie;de;Gekreuzte Dystopie;Gekreuzte Dystopie;SELECT_MANY_CHECKBOX
376;1;urn:osse-91:dataelement:376:1;Hufeisenniere;de;Hufeisenniere;Hufeisenniere;SELECT_MANY_CHECKBOX
376;1;urn:osse-91:dataelement:376:1;Verschmelzungsniere;de;Verschmelzungsniere;Verschmelzungsniere;SELECT_MANY_CHECKBOX
381;1;urn:osse-91:dataelement:381:1;g;en;g;g;
381;1;urn:osse-91:dataelement:381:1;mg;en;mg;mg;
381;1;urn:osse-91:dataelement:381:1;µg;en;µg;µg;
381;1;urn:osse-91:dataelement:381:1;ml;en;ml;ml;
381;1;urn:osse-91:dataelement:381:1;Tropfen;en;Drops;Drops;
381;1;urn:osse-91:dataelement:381:1;Stück;en;Pieces;Pieces;
381;1;urn:osse-91:dataelement:381:1;Tabletten;en;Tablets;Tablets;
381;1;urn:osse-91:dataelement:381:1;Brausetabletten;en;Effervescent tablets;Effervescent tablets;
381;1;urn:osse-91:dataelement:381:1;Suppositorien;en;Suppository;Suppository;
381;1;urn:osse-91:dataelement:381:1;Hub;en;Hub;Hub;
381;1;urn:osse-91:dataelement:381:1;Inhalation;en;Inhalation;Inhalation;
382;1;urn:osse-91:dataelement:382:1;einmal täglich;en;Once daily;Once daily;
382;1;urn:osse-91:dataelement:382:1;Zweimal täglich;en;Bid - twice daily;Bid - twice daily;
382;1;urn:osse-91:dataelement:382:1;dreimal täglich;en;Tid - three times a day;Tid - three times a day;
382;1;urn:osse-91:dataelement:382:1;viermal täglich;en;Qid - four times a day;Qid - four times a day;
382;1;urn:osse-91:dataelement:382:1;alle 2 Stunden;en;q2h - every 2 hours;q2h - every 2 hours;
382;1;urn:osse-91:dataelement:382:1;alle 3 Stunden;en;q3h - every 3 hours;q3h - every 3 hours;
382;1;urn:osse-91:dataelement:382:1;alle 4 Stunden;en;q4h - every 4 hours;q4h - every 4 hours;
382;1;urn:osse-91:dataelement:382:1;alle 6 Stunden;en;q6h - every 6 hours;q6h - every 6 hours;
382;1;urn:osse-91:dataelement:382:1;alle 8 Stunden;en;q8h - every 8 hours;q8h - every 8 hours;
382;1;urn:osse-91:dataelement:382:1;alle 12 Stunden;en;q12h - every 12 hours;q12h - every 12 hours;
382;1;urn:osse-91:dataelement:382:1;wie verordnet;en;prn - as prescribed by physician;prn - as prescribed by physician;
382;1;urn:osse-91:dataelement:382:1;ad libidum;en;ad lib - ad libidum;ad lib - ad libidum;
382;1;urn:osse-91:dataelement:382:1;jeden zweiten tag;en;alt d - every other day;alt d - every other day;
382;1;urn:osse-91:dataelement:382:1;einmal wöchentlich;en;once a week;once a week;
382;1;urn:osse-91:dataelement:382:1;Sonstige;en;Other;Other;
393;1;urn:osse-91:dataelement:393:1;Ja;de;Ja;Ja;SELECT_ONE_RADIO
393;1;urn:osse-91:dataelement:393:1;Nein;de;Nein;Nein;SELECT_ONE_RADIO
393;1;urn:osse-91:dataelement:393:1;kA;de;kA;kA;SELECT_ONE_RADIO
395;1;urn:osse-91:dataelement:395:1;Ja;de;Ja;Ja;SELECT_ONE_RADIO
395;1;urn:osse-91:dataelement:395:1;Nein;de;Nein;Nein;SELECT_ONE_RADIO
395;1;urn:osse-91:dataelement:395:1;kA;de;kA;kA;SELECT_ONE_RADIO
398;1;urn:osse-91:dataelement:398:1;Ja;de;Ja;Ja;SELECT_ONE_RADIO
398;1;urn:osse-91:dataelement:398:1;Nein;de;Nein;Nein;SELECT_ONE_RADIO
398;1;urn:osse-91:dataelement:398:1;kA;de;kA;kA;SELECT_ONE_RADIO
400;1;urn:osse-91:dataelement:400:1;Ja;de;Ja;Ja;SELECT_ONE_RADIO
400;1;urn:osse-91:dataelement:400:1;Nein;de;Nein;Nein;SELECT_ONE_RADIO
400;1;urn:osse-91:dataelement:400:1;kA;de;kA;kA;SELECT_ONE_RADIO
402;1;urn:osse-91:dataelement:402:1;Ja;en;Yes;Yes;SELECT_ONE_RADIO
402;1;urn:osse-91:dataelement:402:1;Nein;en;No;No;SELECT_ONE_RADIO
402;1;urn:osse-91:dataelement:402:1;kA;en;na;na;SELECT_ONE_RADIO
403;1;urn:osse-91:dataelement:403:1;kA;de;kA;kA;SELECT_ONE_RADIO
403;1;urn:osse-91:dataelement:403:1;Nein;de;Nein;Nein;SELECT_ONE_RADIO
403;1;urn:osse-91:dataelement:403:1;Ja;de;Ja;Ja;SELECT_ONE_RADIO
64;3;urn:osse-91:dataelement:64:3;Ja;de;Ja;Ja;SELECT_ONE_RADIO
64;3;urn:osse-91:dataelement:64:3;Nein;de;Nein;Nein;SELECT_ONE_RADIO
64;3;urn:osse-91:dataelement:64:3;kA;de;kA;kA;SELECT_ONE_RADIO
70;3;urn:osse-91:dataelement:70:3;Ja;de;Ja;Ja;SELECT_ONE_RADIO
70;3;urn:osse-91:dataelement:70:3;Nein;de;Nein;Nein;SELECT_ONE_RADIO
70;3;urn:osse-91:dataelement:70:3;kA;de;kA;kA;SELECT_ONE_RADIO
25;3;urn:osse-91:dataelement:25:3;ja;en;Yes;Yes;SELECT_ONE_RADIO
25;3;urn:osse-91:dataelement:25:3;Nein;en;No;No;SELECT_ONE_RADIO
25;3;urn:osse-91:dataelement:25:3;ka;en;na;na;SELECT_ONE_RADIO
60;3;urn:osse-91:dataelement:60:3;Ja;de;Ja;Ja;SELECT_ONE_RADIO
60;3;urn:osse-91:dataelement:60:3;Nein;de;Nein;Nein;SELECT_ONE_RADIO
60;3;urn:osse-91:dataelement:60:3;kA;de;kA;kA;SELECT_ONE_RADIO
27;3;urn:osse-91:dataelement:27:3;Ja;en;Yes;Yes;SELECT_ONE_RADIO
27;3;urn:osse-91:dataelement:27:3;Nein;en;No;No;SELECT_ONE_RADIO
27;3;urn:osse-91:dataelement:27:3;kA;en;na;na;SELECT_ONE_RADIO
35;3;urn:osse-91:dataelement:35:3;kA;en;na;na;SELECT_ONE_RADIO
35;3;urn:osse-91:dataelement:35:3;nein;en;No;No;SELECT_ONE_RADIO
35;3;urn:osse-91:dataelement:35:3;ja;en;Yes;Yes;SELECT_ONE_RADIO
39;2;urn:osse-91:dataelement:39:2;kA;de;kA;kA;SELECT_ONE_RADIO
39;2;urn:osse-91:dataelement:39:2;nein;de;Nein;Nein;SELECT_ONE_RADIO
39;2;urn:osse-91:dataelement:39:2;ja;de;Ja;Ja;SELECT_ONE_RADIO
32;3;urn:osse-91:dataelement:32:3;Hypo/Dysplastische Nieren;de;Hypo/Dysplastische Nieren;Hypo/Dysplastische Nieren;SELECT_MANY_CHECKBOX
32;3;urn:osse-91:dataelement:32:3;Vergrößerte Nieren;de;Vergrößerte Nieren;Vergrößerte Nieren;SELECT_MANY_CHECKBOX
32;3;urn:osse-91:dataelement:32:3;Hyperechogene Nieren;de;Hyperechogene Nieren;Hyperechogene Nieren;SELECT_MANY_CHECKBOX
32;3;urn:osse-91:dataelement:32:3;Nierenzysten;de;Nierenzysten;Nierenzysten;SELECT_MANY_CHECKBOX
32;3;urn:osse-91:dataelement:32:3;Potter – Sequenz;de;Potter – Sequenz;Potter – Sequenz;SELECT_MANY_CHECKBOX
32;3;urn:osse-91:dataelement:32:3;Hydronephrose;de;Hydronephrose;Hydronephrose;SELECT_MANY_CHECKBOX
32;3;urn:osse-91:dataelement:32:3;Dystope Nieren;de;Dystope Nieren;Dystope Nieren;SELECT_MANY_CHECKBOX
32;3;urn:osse-91:dataelement:32:3;Kardiale Auffälligkeiten;de;Kardiale Auffälligkeiten;Kardiale Auffälligkeiten;SELECT_MANY_CHECKBOX
32;3;urn:osse-91:dataelement:32:3;Hexadaktylie;de;Hexadaktylie;Hexadaktylie;SELECT_MANY_CHECKBOX
32;3;urn:osse-91:dataelement:32:3;Cerebrale Auffälligkeiten;de;Cerebrale Auffälligkeiten;Cerebrale Auffälligkeiten;SELECT_MANY_CHECKBOX
32;3;urn:osse-91:dataelement:32:3;sonstige;de;Sonstige;Sonstige;SELECT_MANY_CHECKBOX
29;3;urn:osse-91:dataelement:29:3;ja;de;Ja;Ja;SELECT_ONE_RADIO
29;3;urn:osse-91:dataelement:29:3;nein;de;Nein;Nein;SELECT_ONE_RADIO
29;3;urn:osse-91:dataelement:29:3;kA;de;kA;kA;SELECT_ONE_RADIO
396;1;urn:osse-91:dataelement:396:1;kA;de;kA;kA;SELECT_MANY_CHECKBOX
396;1;urn:osse-91:dataelement:396:1;umbilikal;de;umbilikal;umbilikal;SELECT_MANY_CHECKBOX
396;1;urn:osse-91:dataelement:396:1;Omentum minus;de;Omentum minus;Omentum minus;SELECT_MANY_CHECKBOX
396;1;urn:osse-91:dataelement:396:1;Leberunterrand;de;Leberunterrand;Leberunterrand;SELECT_MANY_CHECKBOX
396;1;urn:osse-91:dataelement:396:1;Milz;de;Milz;Milz;SELECT_MANY_CHECKBOX
394;1;urn:osse-91:dataelement:394:1;kA;en;na;na;SELECT_MANY_CHECKBOX
394;1;urn:osse-91:dataelement:394:1;intrahepatisch;en;intrahepatic;intrahepatic;SELECT_MANY_CHECKBOX
394;1;urn:osse-91:dataelement:394:1;extrahepatisch;en;extrahepatic;extrahepatic;SELECT_MANY_CHECKBOX
39;3;urn:osse-91:dataelement:39:3;kA;en;na;na;SELECT_ONE_RADIO
39;3;urn:osse-91:dataelement:39:3;nein;en;No;No;SELECT_ONE_RADIO
39;3;urn:osse-91:dataelement:39:3;ja;en;Yes;Yes;SELECT_ONE_RADIO
31;3;urn:osse-91:dataelement:31:3;kA;en;na;na;SELECT_ONE_RADIO
31;3;urn:osse-91:dataelement:31:3;nein;en;No;No;SELECT_ONE_RADIO
31;3;urn:osse-91:dataelement:31:3;ja;en;Yes;Yes;SELECT_ONE_RADIO
32;4;urn:osse-91:dataelement:32:4;Hypo/Dysplastische Nieren;en;hypo/dysplastic kidneys;hypo/dysplastic kidneys;SELECT_MANY_CHECKBOX
32;4;urn:osse-91:dataelement:32:4;Vergrößerte Nieren;en;enlarged kidneys;enlarged kidneys;SELECT_MANY_CHECKBOX
32;4;urn:osse-91:dataelement:32:4;Hyperechogene Nieren;en;Hyperechogenic kidneys;Hyperechogenic kidneys;SELECT_MANY_CHECKBOX
32;4;urn:osse-91:dataelement:32:4;Nierenzysten;en;cystsic kidneys;cystsic kidneys;SELECT_MANY_CHECKBOX
32;4;urn:osse-91:dataelement:32:4;Potter – Sequenz;de;Potter – Sequenz;Potter – Sequenz;SELECT_MANY_CHECKBOX
32;4;urn:osse-91:dataelement:32:4;Hydronephrose;en;Hydronephrosis;Hydronephrosis;SELECT_MANY_CHECKBOX
32;4;urn:osse-91:dataelement:32:4;Dystope Nieren;en;Dystopic kidneys;Dystopic kidneys;SELECT_MANY_CHECKBOX
32;4;urn:osse-91:dataelement:32:4;Kardiale Auffälligkeiten;en;Cardial abnormalities;Cardial abnormalities;SELECT_MANY_CHECKBOX
32;4;urn:osse-91:dataelement:32:4;Hexadaktylie;en;Hexadaktyly;Hexadaktyly;SELECT_MANY_CHECKBOX
32;4;urn:osse-91:dataelement:32:4;Cerebrale Auffälligkeiten;en;Cerebrale abnormalities;Cerebrale abnormalities;SELECT_MANY_CHECKBOX
32;4;urn:osse-91:dataelement:32:4;sonstige;en;Other;Other;SELECT_MANY_CHECKBOX
391;1;urn:osse-91:dataelement:391:1;Ja;de;Ja;Ja;SELECT_ONE_RADIO
391;1;urn:osse-91:dataelement:391:1;Nein;de;Nein;Nein;SELECT_ONE_RADIO
391;1;urn:osse-91:dataelement:391:1;kA;de;kA;kA;SELECT_ONE_RADIO
392;1;urn:osse-91:dataelement:392:1;kA;en;na;na;SELECT_ONE_RADIO
392;1;urn:osse-91:dataelement:392:1;Nein;en;No;No;SELECT_ONE_RADIO
392;1;urn:osse-91:dataelement:392:1;Ja;en;Yes;Yes;SELECT_ONE_RADIO
433;1;urn:osse-91:dataelement:433:1;Positive Familienanamnese für Gichterkrankung;en;gout disease in familiy;gout disease in familiy;SELECT_MANY_CHECKBOX
433;1;urn:osse-91:dataelement:433:1;Positive Familienanamnese für Diabetes mellitus;en;diabetes mellitus in familiy;diabetes mellitus in familiy;SELECT_MANY_CHECKBOX
433;1;urn:osse-91:dataelement:433:1;Erhöhte Transaminasen;en;increased transaminases;increased transaminases;SELECT_MANY_CHECKBOX
433;1;urn:osse-91:dataelement:433:1;Hypomagnesiämie;en;hypermagnesaemia;hypermagnesaemia;SELECT_MANY_CHECKBOX
433;1;urn:osse-91:dataelement:433:1;Hyperurikämie;en;hyperuricaemia;hyperuricaemia;SELECT_MANY_CHECKBOX
433;1;urn:osse-91:dataelement:433:1;Diabetes mellitus (MODY-Diabetes);en;diabetes mellitus (MODY-Diabetes);diabetes mellitus (MODY-Diabetes);SELECT_MANY_CHECKBOX
433;1;urn:osse-91:dataelement:433:1;Nierenzysten;en;renal cysts;renal cysts;SELECT_MANY_CHECKBOX
433;1;urn:osse-91:dataelement:433:1;Genitale Fehlbildungen;en;genital malformation;genital malformation;SELECT_MANY_CHECKBOX
433;1;urn:osse-91:dataelement:433:1;Fehlbildungen der Nieren +/- Harnwege;en;Malformation of kindneys + / - urinary tract;Malformation of kindneys + / - urinary tract;SELECT_MANY_CHECKBOX
434;1;urn:osse-91:dataelement:434:1;Fehlbildungen der Nieren +/- Harnwege;de;Fehlbildungen der Nieren +/- Harnwege;Fehlbildungen der Nieren +/- Harnwege;SELECT_MANY_CHECKBOX
434;1;urn:osse-91:dataelement:434:1;Genitale Fehlbildungen;de;Genitale Fehlbildungen;Genitale Fehlbildungen;SELECT_MANY_CHECKBOX
434;1;urn:osse-91:dataelement:434:1;Nierenzysten;de;Nierenzysten;Nierenzysten;SELECT_MANY_CHECKBOX
434;1;urn:osse-91:dataelement:434:1;Diabetes mellitus (MODY-Diabetes);de;Diabetes mellitus (MODY-Diabetes);Diabetes mellitus (MODY-Diabetes);SELECT_MANY_CHECKBOX
434;1;urn:osse-91:dataelement:434:1;Hyperurikämie;de;Hyperurikämie;Hyperurikämie;SELECT_MANY_CHECKBOX
434;1;urn:osse-91:dataelement:434:1;Hypomagnesiämie;de;Hypomagnesiämie;Hypomagnesiämie;SELECT_MANY_CHECKBOX
434;1;urn:osse-91:dataelement:434:1;Erhöhte Transaminasen;de;Erhöhte Transaminasen;Erhöhte Transaminasen;SELECT_MANY_CHECKBOX
434;1;urn:osse-91:dataelement:434:1;Positive Familienanamnese für Diabetes mellitus;de;Positive Familienanamnese für Diabetes mellitus;Positive Familienanamnese für Diabetes mellitus;SELECT_MANY_CHECKBOX
434;1;urn:osse-91:dataelement:434:1;Positive Familienanamnese für Gichterkrankung;de;Positive Familienanamnese für Gichterkrankung;Positive Familienanamnese für Gichterkrankung;SELECT_MANY_CHECKBOX
434;1;urn:osse-91:dataelement:434:1;Verhaltensaufälligkeiten;de;Verhaltensaufälligkeiten;Verhaltensaufälligkeiten;SELECT_MANY_CHECKBOX
434;1;urn:osse-91:dataelement:434:1;Positive Familienanamnese für Nierenerkrankgungen;de;Positive Familienanamnese für Nierenerkrankgungen;Positive Familienanamnese für Nierenerkrankgungen;SELECT_MANY_CHECKBOX
434;2;urn:osse-91:dataelement:434:2;Fehlbildungen der Nieren +/- Harnwege;en;Malformation of kindneys + / - urinary tract;Malformation of kindneys + / - urinary tract;SELECT_MANY_CHECKBOX
434;2;urn:osse-91:dataelement:434:2;Genitale Fehlbildungen;en;genital malformation;genital malformation;SELECT_MANY_CHECKBOX
434;2;urn:osse-91:dataelement:434:2;Nierenzysten;en;renal cysts;renal cysts;SELECT_MANY_CHECKBOX
434;2;urn:osse-91:dataelement:434:2;Diabetes mellitus (MODY-Diabetes);en;diabetes mellitus (MODY-Diabetes);diabetes mellitus (MODY-Diabetes);SELECT_MANY_CHECKBOX
434;2;urn:osse-91:dataelement:434:2;Hyperurikämie;en;hyperuricaemia;hyperuricaemia;SELECT_MANY_CHECKBOX
434;2;urn:osse-91:dataelement:434:2;Hypomagnesiämie;en;hypermagnesaemia;hypermagnesaemia;SELECT_MANY_CHECKBOX
434;2;urn:osse-91:dataelement:434:2;Erhöhte Transaminasen;en;increased transaminases;increased transaminases;SELECT_MANY_CHECKBOX
434;2;urn:osse-91:dataelement:434:2;Positive Familienanamnese für Diabetes mellitus;en;diabetes mellitus in familiy;diabetes mellitus in familiy;SELECT_MANY_CHECKBOX
434;2;urn:osse-91:dataelement:434:2;Positive Familienanamnese für Gichterkrankung;en;gout disease in familiy;gout disease in familiy;SELECT_MANY_CHECKBOX
434;2;urn:osse-91:dataelement:434:2;Verhaltensaufälligkeiten;de;Verhaltensaufälligkeiten;Verhaltensaufälligkeiten;SELECT_MANY_CHECKBOX
434;2;urn:osse-91:dataelement:434:2;Positive Familienanamnese für Nierenerkrankgungen;de;Positive Familienanamnese für Nierenerkrankgungen;Positive Familienanamnese für Nierenerkrankgungen;SELECT_MANY_CHECKBOX
437;1;urn:osse-91:dataelement:437:1;Okulomotorische Apraxie;en;Okulomotorische Apraxie;Okulomotorische Apraxie;SELECT_MANY_CHECKBOX
437;1;urn:osse-91:dataelement:437:1;Eingeschränkte Augenfolgebewegungen;en;Eingeschränkte Augenfolgebewegungen;Eingeschränkte Augenfolgebewegungen;SELECT_MANY_CHECKBOX
437;1;urn:osse-91:dataelement:437:1;Ataxie;en;Ataxie;Ataxie;SELECT_MANY_CHECKBOX
437;1;urn:osse-91:dataelement:437:1;Jaktationen des Kopfes;en;Jaktationen des Kopfes;Jaktationen des Kopfes;SELECT_MANY_CHECKBOX
437;1;urn:osse-91:dataelement:437:1;Muskulärer Hypotonie;en;Muskulärer Hypotonie;Muskulärer Hypotonie;SELECT_MANY_CHECKBOX
437;1;urn:osse-91:dataelement:437:1;Entwicklungsverzögerung;en;Entwicklungsverzögerung;Entwicklungsverzögerung;SELECT_MANY_CHECKBOX
442;1;urn:osse-91:dataelement:442:1;Diätetisch eingestellt;en;Diätetisch eingestellt;Diätetisch eingestellt;SELECT_ONE_RADIO
442;1;urn:osse-91:dataelement:442:1;Orale Medikation;en;Orale Medikation;Orale Medikation;SELECT_ONE_RADIO
442;1;urn:osse-91:dataelement:442:1;Insulinpflichtig;en;Insulinpflichtig;Insulinpflichtig;SELECT_ONE_RADIO
442;1;urn:osse-91:dataelement:442:1;Nach SS persistent Ja/nein/kA;en;Nach SS persistent Ja/nein/kA;Nach SS persistent Ja/nein/kA;SELECT_ONE_RADIO
443;1;urn:osse-91:dataelement:443:1;ja;en;Yes;Yes;SELECT_ONE_RADIO
443;1;urn:osse-91:dataelement:443:1;nein;en;No;No;SELECT_ONE_RADIO
443;1;urn:osse-91:dataelement:443:1;kA;en;na;na;SELECT_ONE_RADIO
458;1;urn:osse-91:dataelement:458:1;Other:;de;Sonstige:;Sonstige:;SELECT_MANY_CHECKBOX
458;1;urn:osse-91:dataelement:458:1;Nierenzysten;de;Nierenzysten;Nierenzysten;SELECT_MANY_CHECKBOX
458;1;urn:osse-91:dataelement:458:1;Chron. Niereninsuffizienz;de;Chron. Niereninsuffizienz;Chron. Niereninsuffizienz;SELECT_MANY_CHECKBOX
458;1;urn:osse-91:dataelement:458:1;Dialyse;de;Dialyse;Dialyse;SELECT_MANY_CHECKBOX
458;1;urn:osse-91:dataelement:458:1;Nierentransplantation;de;Nierentransplantation;Nierentransplantation;SELECT_MANY_CHECKBOX
458;1;urn:osse-91:dataelement:458:1;ARPKD;de;ARPKD;ARPKD;SELECT_MANY_CHECKBOX
458;1;urn:osse-91:dataelement:458:1;ADPKD;de;ADPKD;ADPKD;SELECT_MANY_CHECKBOX
458;1;urn:osse-91:dataelement:458:1;Nephoronophthise;de;Nephoronophthise;Nephoronophthise;SELECT_MANY_CHECKBOX
458;1;urn:osse-91:dataelement:458:1;HFN1ß;de;HFN1ß;HFN1ß;SELECT_MANY_CHECKBOX
442;2;urn:osse-91:dataelement:442:2;Diätetisch eingestellt;de;Diätetisch eingestellt;Diätetisch eingestellt;SELECT_ONE_RADIO
442;2;urn:osse-91:dataelement:442:2;Orale Medikation;de;Orale Medikation;Orale Medikation;SELECT_ONE_RADIO
442;2;urn:osse-91:dataelement:442:2;Insulinpflichtig;de;Insulinpflichtig;Insulinpflichtig;SELECT_ONE_RADIO
442;2;urn:osse-91:dataelement:442:2;Nach SS persistent Ja/nein/kA;de;Nach SS persistent Ja/nein/kA;Nach SS persistent Ja/nein/kA;SELECT_ONE_RADIO
467;1;urn:osse-91:dataelement:467:1;kA;de;kA;kA;SELECT_ONE_RADIO
467;1;urn:osse-91:dataelement:467:1;Nein;de;Nein;Nein;SELECT_ONE_RADIO
467;1;urn:osse-91:dataelement:467:1;Ja;de;Ja;Ja;SELECT_ONE_RADIO
466;1;urn:osse-91:dataelement:466:1;Ja;en;Yes;Yes;SELECT_ONE_RADIO
466;1;urn:osse-91:dataelement:466:1;Nein;en;No;No;SELECT_ONE_RADIO
466;1;urn:osse-91:dataelement:466:1;unclear;en;unclear;unclear;SELECT_ONE_RADIO
442;3;urn:osse-91:dataelement:442:3;Diätetisch eingestellt;en;Diätetisch eingestellt;Diätetisch eingestellt;SELECT_ONE_RADIO
442;3;urn:osse-91:dataelement:442:3;Orale Medikation;en;Orale Medikation;Orale Medikation;SELECT_ONE_RADIO
442;3;urn:osse-91:dataelement:442:3;Insulinpflichtig;en;Insulinpflichtig;Insulinpflichtig;SELECT_ONE_RADIO
442;3;urn:osse-91:dataelement:442:3;Nach SS persistent Ja/nein/kA;en;Nach SS persistent Ja/nein/kA;Nach SS persistent Ja/nein/kA;SELECT_ONE_RADIO
445;1;urn:osse-91:dataelement:445:1;Polyhydramnion;en;Polyhydramnion;Polyhydramnion;SELECT_MANY_CHECKBOX
445;1;urn:osse-91:dataelement:445:1;Medikamente:;en;Medikamente:;Medikamente:;SELECT_MANY_CHECKBOX
445;1;urn:osse-91:dataelement:445:1;Arterielle Hypertonie;en;Arterielle Hypertonie;Arterielle Hypertonie;SELECT_MANY_CHECKBOX
445;1;urn:osse-91:dataelement:445:1;Other:;en;Other;Other;SELECT_MANY_CHECKBOX
456;1;urn:osse-91:dataelement:456:1;kA;de;kA;kA;SELECT_ONE_RADIO
456;1;urn:osse-91:dataelement:456:1;Nein;de;Nein;Nein;SELECT_ONE_RADIO
456;1;urn:osse-91:dataelement:456:1;Ja;de;Ja;Ja;SELECT_ONE_RADIO
458;2;urn:osse-91:dataelement:458:2;Other:;en;Other;Other;SELECT_MANY_CHECKBOX
458;2;urn:osse-91:dataelement:458:2;Nierenzysten;en;Nierenzysten;Nierenzysten;SELECT_MANY_CHECKBOX
458;2;urn:osse-91:dataelement:458:2;Chron. Niereninsuffizienz;en;Chron. Niereninsuffizienz;Chron. Niereninsuffizienz;SELECT_MANY_CHECKBOX
458;2;urn:osse-91:dataelement:458:2;Dialyse;en;Dialyse;Dialyse;SELECT_MANY_CHECKBOX
458;2;urn:osse-91:dataelement:458:2;Nierentransplantation;en;Nierentransplantation;Nierentransplantation;SELECT_MANY_CHECKBOX
458;2;urn:osse-91:dataelement:458:2;ARPKD;en;ARPKD;ARPKD;SELECT_MANY_CHECKBOX
458;2;urn:osse-91:dataelement:458:2;ADPKD;en;ADPKD;ADPKD;SELECT_MANY_CHECKBOX
458;2;urn:osse-91:dataelement:458:2;Nephoronophthise;en;Nephoronophthise;Nephoronophthise;SELECT_MANY_CHECKBOX
458;2;urn:osse-91:dataelement:458:2;HFN1ß;de;HFN1ß;HFN1ß;SELECT_MANY_CHECKBOX
462;1;urn:osse-91:dataelement:462:1;Ja;en;Yes;Yes;SELECT_ONE_RADIO
462;1;urn:osse-91:dataelement:462:1;Nein;en;No;No;SELECT_ONE_RADIO
462;1;urn:osse-91:dataelement:462:1;kA;en;na;na;SELECT_ONE_RADIO
473;1;urn:osse-91:dataelement:473:1;ARegPKD;de;ARegPKD;ARegPKD;SELECT_ONE_RADIO
473;1;urn:osse-91:dataelement:473:1;Nephronophthise;de;Nephronophthise;Nephronophthise;SELECT_ONE_RADIO
473;1;urn:osse-91:dataelement:473:1;BBS;de;BBS;BBS;SELECT_ONE_RADIO
473;1;urn:osse-91:dataelement:473:1;HNF1ß;de;HNF1ß;HNF1ß;SELECT_ONE_RADIO
473;1;urn:osse-91:dataelement:473:1;Andere: ;de;Andere:;Andere:;SELECT_ONE_RADIO
457;1;urn:osse-91:dataelement:457:1;Ja;en;Yes;Yes;SELECT_ONE_RADIO
457;1;urn:osse-91:dataelement:457:1;Nein;en;No;No;SELECT_ONE_RADIO
457;1;urn:osse-91:dataelement:457:1;kA;en;na;na;SELECT_ONE_RADIO
459;1;urn:osse-91:dataelement:459:1;HFN1ß;en;HFN1ß;HFN1ß;SELECT_MANY_CHECKBOX
459;1;urn:osse-91:dataelement:459:1;Nephoronophthise;en;Nephoronophthise;Nephoronophthise;SELECT_MANY_CHECKBOX
459;1;urn:osse-91:dataelement:459:1;ADPKD;en;ADPKD;ADPKD;SELECT_MANY_CHECKBOX
459;1;urn:osse-91:dataelement:459:1;ARPKD;en;ARPKD;ARPKD;SELECT_MANY_CHECKBOX
459;1;urn:osse-91:dataelement:459:1;Nierentransplantation;en;Nierentransplantation;Nierentransplantation;SELECT_MANY_CHECKBOX
459;1;urn:osse-91:dataelement:459:1;Dialyse;en;Dialyse;Dialyse;SELECT_MANY_CHECKBOX
459;1;urn:osse-91:dataelement:459:1;Chron. Niereninsuffizienz;en;Chron. Niereninsuffizienz;Chron. Niereninsuffizienz;SELECT_MANY_CHECKBOX
459;1;urn:osse-91:dataelement:459:1;Nierenzysten;en;Nierenzysten;Nierenzysten;SELECT_MANY_CHECKBOX
459;1;urn:osse-91:dataelement:459:1;Other:;en;Other;Other;SELECT_MANY_CHECKBOX
463;1;urn:osse-91:dataelement:463:1;kA;de;kA;kA;SELECT_ONE_RADIO
463;1;urn:osse-91:dataelement:463:1;Nein;de;Nein;Nein;SELECT_ONE_RADIO
463;1;urn:osse-91:dataelement:463:1;Ja;de;Ja;Ja;SELECT_ONE_RADIO
472;1;urn:osse-91:dataelement:472:1;Andere: ;en;Other:;other;SELECT_ONE_RADIO
472;1;urn:osse-91:dataelement:472:1;HNF1ß;en;HNF1ß;HNF1ß;SELECT_ONE_RADIO
472;1;urn:osse-91:dataelement:472:1;BBS;en;BBS;BBS;SELECT_ONE_RADIO
472;1;urn:osse-91:dataelement:472:1;Nephronophthise;en;Nephronophthise;Nephronophthise;SELECT_ONE_RADIO
472;1;urn:osse-91:dataelement:472:1;ARegPKD;en;ARegPKD;ARegPKD;SELECT_ONE_RADIO
468;1;urn:osse-91:dataelement:468:1;Großvater mütterlicherseits;de;Großvater mütterlicherseits;Großvater mütterlicherseits;SELECT_MANY_CHECKBOX
468;1;urn:osse-91:dataelement:468:1;Großmutter mütterlicherseits;de;Großmutter mütterlicherseits;Großmutter mütterlicherseits;SELECT_MANY_CHECKBOX
468;1;urn:osse-91:dataelement:468:1;Onkel mütterlicherseits;de;Onkel mütterlicherseits;Onkel mütterlicherseits;SELECT_MANY_CHECKBOX
468;1;urn:osse-91:dataelement:468:1;Tante mütterlicherseits;de;Tante mütterlicherseits;Tante mütterlicherseits;SELECT_MANY_CHECKBOX
468;1;urn:osse-91:dataelement:468:1;Cousin/Cousine mütterlicherseits;de;Cousin/Cousine mütterlicherseits;Cousin/Cousine mütterlicherseits;SELECT_MANY_CHECKBOX
468;1;urn:osse-91:dataelement:468:1;Großvater väterlicherseits;de;Großvater väterlicherseits;Großvater väterlicherseits;SELECT_MANY_CHECKBOX
468;1;urn:osse-91:dataelement:468:1;Großmutter väterlicherseits;de;Großmutter väterlicherseits;Großmutter väterlicherseits;SELECT_MANY_CHECKBOX
468;1;urn:osse-91:dataelement:468:1;Onkel väterlicherseits;de;Onkel väterlicherseits;Onkel väterlicherseits;SELECT_MANY_CHECKBOX
468;1;urn:osse-91:dataelement:468:1;Tante väterlicherseits;de;Tante väterlicherseits;Tante väterlicherseits;SELECT_MANY_CHECKBOX
468;1;urn:osse-91:dataelement:468:1;Cousin/Cousine väterlicherseits;de;Cousin/Cousine väterlicherseits;Cousin/Cousine väterlicherseits;SELECT_MANY_CHECKBOX
468;1;urn:osse-91:dataelement:468:1;Andere:;de;Andere;Andere;SELECT_MANY_CHECKBOX
467;2;urn:osse-91:dataelement:467:2;kA;en;kA;kA;SELECT_ONE_RADIO
467;2;urn:osse-91:dataelement:467:2;Nein;en;No;No;SELECT_ONE_RADIO
467;2;urn:osse-91:dataelement:467:2;Ja;en;Yes;Yes;SELECT_ONE_RADIO
471;1;urn:osse-91:dataelement:471:1;ARegPKD;de;ARegPKD;ARegPKD;SELECT_ONE_RADIO
471;1;urn:osse-91:dataelement:471:1;Nephronophthise;de;Nephronophthise;Nephronophthise;SELECT_ONE_RADIO
471;1;urn:osse-91:dataelement:471:1;BBS;de;BBS;BBS;SELECT_ONE_RADIO
471;1;urn:osse-91:dataelement:471:1;HNF1ß;de;HNF1ß;HNF1ß;SELECT_ONE_RADIO
471;1;urn:osse-91:dataelement:471:1;Andere: ;de;Andere:;Andere:;SELECT_ONE_RADIO
444;1;urn:osse-91:dataelement:444:1;ja;en;Yes;Yes;SELECT_ONE_RADIO
444;1;urn:osse-91:dataelement:444:1;nein;en;No;No;SELECT_ONE_RADIO
444;1;urn:osse-91:dataelement:444:1;kA;en;na;na;SELECT_ONE_RADIO
438;1;urn:osse-91:dataelement:438:1;kA;en;na;na;SELECT_ONE_RADIO
438;1;urn:osse-91:dataelement:438:1;nein;en;No;No;SELECT_ONE_RADIO
438;1;urn:osse-91:dataelement:438:1;ja;en;Yes;Yes;SELECT_ONE_RADIO
434;3;urn:osse-91:dataelement:434:3;Fehlbildungen der Nieren +/- Harnwege;de;Fehlbildungen der Nieren +/- Harnwege;Fehlbildungen der Nieren +/- Harnwege;SELECT_MANY_CHECKBOX
434;3;urn:osse-91:dataelement:434:3;Genitale Fehlbildungen;de;Genitale Fehlbildungen;Genitale Fehlbildungen;SELECT_MANY_CHECKBOX
434;3;urn:osse-91:dataelement:434:3;Nierenzysten;de;Nierenzysten;Nierenzysten;SELECT_MANY_CHECKBOX
434;3;urn:osse-91:dataelement:434:3;Diabetes mellitus (MODY-Diabetes);de;Diabetes mellitus (MODY-Diabetes);Diabetes mellitus (MODY-Diabetes);SELECT_MANY_CHECKBOX
434;3;urn:osse-91:dataelement:434:3;Hyperurikämie;de;Hyperurikämie;Hyperurikämie;SELECT_MANY_CHECKBOX
434;3;urn:osse-91:dataelement:434:3;Hypomagnesiämie;de;Hypomagnesiämie;Hypomagnesiämie;SELECT_MANY_CHECKBOX
434;3;urn:osse-91:dataelement:434:3;Erhöhte Transaminasen;de;Erhöhte Transaminasen;Erhöhte Transaminasen;SELECT_MANY_CHECKBOX
434;3;urn:osse-91:dataelement:434:3;Positive Familienanamnese für Diabetes mellitus;de;Positive Familienanamnese für Diabetes mellitus;Positive Familienanamnese für Diabetes mellitus;SELECT_MANY_CHECKBOX
434;3;urn:osse-91:dataelement:434:3;Positive Familienanamnese für Gichterkrankung;de;Positive Familienanamnese für Gichterkrankung;Positive Familienanamnese für Gichterkrankung;SELECT_MANY_CHECKBOX
434;3;urn:osse-91:dataelement:434:3;Verhaltensaufälligkeiten;de;Verhaltensaufälligkeiten;Verhaltensaufälligkeiten;SELECT_MANY_CHECKBOX
434;3;urn:osse-91:dataelement:434:3;Positive Familienanamnese für Nierenerkrankgungen;de;Positive Familienanamnese für Nierenerkrankgungen;Positive Familienanamnese für Nierenerkrankgungen;SELECT_MANY_CHECKBOX
435;1;urn:osse-91:dataelement:435:1;Adipositas;en;obesity;obesity;SELECT_MANY_CHECKBOX
435;1;urn:osse-91:dataelement:435:1;Tapetoretinale Degeneration;en;tapetoretinal degeneration;tapetoretinal degeneration;SELECT_MANY_CHECKBOX
435;1;urn:osse-91:dataelement:435:1;Hypogenitalismus;en;hypogenitalism;hypogenitalism;SELECT_MANY_CHECKBOX
435;1;urn:osse-91:dataelement:435:1;Postaxiale Hexadaktylie;en;postaxial hexadactyly;postaxial hexadactyly;SELECT_MANY_CHECKBOX
435;1;urn:osse-91:dataelement:435:1;Mentale Retardierung;en;mental retardation;mental retardation;SELECT_MANY_CHECKBOX
435;1;urn:osse-91:dataelement:435:1;Verhaltensauffälligkeiten;de;Verhaltensauffälligkeiten;Verhaltensaufflälligkeiten;SELECT_MANY_CHECKBOX
439;1;urn:osse-91:dataelement:439:1;Amnioveskaler Shunt;en;Amnioveskaler Shunt;Amnioveskaler Shunt;SELECT_MANY_CHECKBOX
439;1;urn:osse-91:dataelement:439:1;Amnioninfusion;en;Amnioninfusion;Amnioninfusion;SELECT_MANY_CHECKBOX
439;1;urn:osse-91:dataelement:439:1;Other;en;Other:;Other:;SELECT_MANY_CHECKBOX
441;1;urn:osse-91:dataelement:441:1;kA;de;kA;kA;SELECT_ONE_RADIO
441;1;urn:osse-91:dataelement:441:1;nein;de;Nein;Nein;SELECT_ONE_RADIO
441;1;urn:osse-91:dataelement:441:1;ja;de;Ja;Ja;SELECT_ONE_RADIO
486;1;urn:osse-91:dataelement:486:1;Ja;de;Ja;Ja;SELECT_ONE_RADIO
486;1;urn:osse-91:dataelement:486:1;Nein;de;Nein;Nein;SELECT_ONE_RADIO
486;1;urn:osse-91:dataelement:486:1;unclear;de;unklar;unklar;SELECT_ONE_RADIO
487;1;urn:osse-91:dataelement:487:1;unclear;en;unclear;unclear;SELECT_ONE_RADIO
487;1;urn:osse-91:dataelement:487:1;Nein;en;No;No;SELECT_ONE_RADIO
487;1;urn:osse-91:dataelement:487:1;Ja;en;Yes;Yes;SELECT_ONE_RADIO
488;1;urn:osse-91:dataelement:488:1;Ja;de;Ja;Ja;SELECT_ONE_RADIO
488;1;urn:osse-91:dataelement:488:1;Nein;de;Nein;Nein;SELECT_ONE_RADIO
488;1;urn:osse-91:dataelement:488:1;unclear;de;unklar;unklar;SELECT_ONE_RADIO
489;1;urn:osse-91:dataelement:489:1;unclear;en;unclear;unclear;SELECT_ONE_RADIO
489;1;urn:osse-91:dataelement:489:1;Nein;en;No;No;SELECT_ONE_RADIO
489;1;urn:osse-91:dataelement:489:1;Ja;en;Yes;Yes;SELECT_ONE_RADIO
492;1;urn:osse-91:dataelement:492:1;Ja;de;Ja;Ja;SELECT_ONE_RADIO
492;1;urn:osse-91:dataelement:492:1;Nein;de;Nein;Nein;SELECT_ONE_RADIO
492;1;urn:osse-91:dataelement:492:1;unclear;de;unklar;unklar;SELECT_ONE_RADIO
493;1;urn:osse-91:dataelement:493:1;unclear;en;unclear;unclear;SELECT_ONE_RADIO
493;1;urn:osse-91:dataelement:493:1;Nein;en;No;No;SELECT_ONE_RADIO
493;1;urn:osse-91:dataelement:493:1;Ja;en;Yes;Yes;SELECT_ONE_RADIO
493;2;urn:osse-91:dataelement:493:2;unclear;de;unklar;unklar;SELECT_ONE_RADIO
493;2;urn:osse-91:dataelement:493:2;Nein;de;Nein;Nein;SELECT_ONE_RADIO
493;2;urn:osse-91:dataelement:493:2;Ja;de;Ja;Ja;SELECT_ONE_RADIO
494;1;urn:osse-91:dataelement:494:1;Ja;en;Yes;Yes;SELECT_ONE_RADIO
494;1;urn:osse-91:dataelement:494:1;Nein;en;No;No;SELECT_ONE_RADIO
494;1;urn:osse-91:dataelement:494:1;unclear;en;unclear;unclear;SELECT_ONE_RADIO
495;1;urn:osse-91:dataelement:495:1;unclear;de;unklar;unklar;SELECT_ONE_RADIO
495;1;urn:osse-91:dataelement:495:1;Nein;de;Nein;Nein;SELECT_ONE_RADIO
495;1;urn:osse-91:dataelement:495:1;Ja;de;Ja;Ja;SELECT_ONE_RADIO
496;1;urn:osse-91:dataelement:496:1;Ja;en;Yes;Yes;SELECT_ONE_RADIO
496;1;urn:osse-91:dataelement:496:1;Nein;en;No;No;SELECT_ONE_RADIO
496;1;urn:osse-91:dataelement:496:1;unclear;en;unclear;unclear;SELECT_ONE_RADIO
496;2;urn:osse-91:dataelement:496:2;Ja;de;Ja;Ja;SELECT_ONE_RADIO
496;2;urn:osse-91:dataelement:496:2;Nein;de;Nein;Nein;SELECT_ONE_RADIO
496;2;urn:osse-91:dataelement:496:2;unclear;de;unklar;unklar;SELECT_ONE_RADIO
511;1;urn:osse-91:dataelement:511:1;Keine Auffälligkeiten;en;Keine Auffälligkeiten;Keine Auffälligkeiten;
511;1;urn:osse-91:dataelement:511:1;Verdickte tubuläre Basalmembran;en;Verdickte tubuläre Basalmembran;Verdickte tubuläre Basalmembran;
511;1;urn:osse-91:dataelement:511:1;Glomerulosklerose;en;Glomerulosklerose;Glomerulosklerose;
511;1;urn:osse-91:dataelement:511:1;Periglomeruläre Fibrose;en;Periglomeruläre Fibrose;Periglomäre Fibrose;
511;1;urn:osse-91:dataelement:511:1;Peritubuläre Lymphozysteninflitrate;en;Peritubuläre Lymphozysteninflitrate;Peritubuläre Lymphozysteninflitrate;
511;1;urn:osse-91:dataelement:511:1;Tubulointerstitielle Fibrose;en;Tubulointerstitielle Fibrose;Tubulointerstitielle Fibrose;
511;1;urn:osse-91:dataelement:511:1;Dilatierte tubuläre Lumina;en;Dilatierte tubuläre Lumina;Dilatierte tubuläre Lumina;
511;1;urn:osse-91:dataelement:511:1;Nachweis von Nierenzysten;en;Nachweis von Nierenzysten;Nachweis von Nierenzysten;
511;1;urn:osse-91:dataelement:511:1;Andere:;en;Andere:;Andere:;
511;2;urn:osse-91:dataelement:511:2;Keine Auffälligkeiten;de;Keine Auffälligkeiten;Keine Auffälligkeiten;
511;2;urn:osse-91:dataelement:511:2;Verdickte tubuläre Basalmembran;de;Verdickte tubuläre Basalmembran;Verdickte tubuläre Basalmembran;
511;2;urn:osse-91:dataelement:511:2;Glomerulosklerose;de;Glomerulosklerose;Glomerulosklerose;
511;2;urn:osse-91:dataelement:511:2;Periglomeruläre Fibrose;de;Periglomeruläre Fibrose;Periglomeruläre Fibrose;
511;2;urn:osse-91:dataelement:511:2;Peritubuläre Lymphozysteninflitrate;de;Peritubuläre Lymphozysteninflitrate;Peritubuläre Lymphozysteninflitrate;
511;2;urn:osse-91:dataelement:511:2;Tubulointerstitielle Fibrose;de;Tubulointerstitielle Fibrose;Tubulointerstitielle Fibrose;
511;2;urn:osse-91:dataelement:511:2;Dilatierte tubuläre Lumina;de;Dilatierte tubuläre Lumina;Dilatierte tubuläre Lumina;
511;2;urn:osse-91:dataelement:511:2;Nachweis von Nierenzysten;de;Nachweis von Nierenzysten;Nachweis von Nierenzysten;
511;2;urn:osse-91:dataelement:511:2;Andere:;de;Andere:;Andere:;
510;1;urn:osse-91:dataelement:510:1;kA;en;kA;kA;SELECT_ONE_RADIO
510;1;urn:osse-91:dataelement:510:1;Nein;en;No;No;SELECT_ONE_RADIO
510;1;urn:osse-91:dataelement:510:1;Ja;en;Yes;Yes;SELECT_ONE_RADIO
510;2;urn:osse-91:dataelement:510:2;kA;de;kA;kA;SELECT_ONE_RADIO
510;2;urn:osse-91:dataelement:510:2;Nein;de;Nein;Nein;SELECT_ONE_RADIO
510;2;urn:osse-91:dataelement:510:2;Ja;de;Ja;Ja;SELECT_ONE_RADIO
508;1;urn:osse-91:dataelement:508:1;Einzelgenuntersuchung;de;Einzelgenuntersuchung;Einzelgenuntersuchung;SELECT_ONE_RADIO
508;1;urn:osse-91:dataelement:508:1;NGS-Panel;de;NGS-Panel;NGS-Panel;SELECT_ONE_RADIO
508;1;urn:osse-91:dataelement:508:1;Whole Exome Sequencing;de;Whole Exome Sequencing;Whole Exome Sequencing;SELECT_ONE_RADIO
508;1;urn:osse-91:dataelement:508:1;Whole Genome;de;Whole Genome;Whole Genome;SELECT_ONE_RADIO
509;1;urn:osse-91:dataelement:509:1;homozygot;en;homozygot;homozygot;SELECT_ONE_RADIO
509;1;urn:osse-91:dataelement:509:1;heterozygot;en;heterozygot;heterozygot;SELECT_ONE_RADIO
509;1;urn:osse-91:dataelement:509:1;compound heterozygot;en;compound heterozygot;compound heterozygot;SELECT_ONE_RADIO
509;1;urn:osse-91:dataelement:509:1;keine Mutation gefunden;en;keine Mutation gefunden;keine Mutation gefunden;SELECT_ONE_RADIO
509;1;urn:osse-91:dataelement:509:1;Befund ausstehend;en;Befund ausstehend;Befund ausstehend;SELECT_ONE_RADIO
485;1;urn:osse-91:dataelement:485:1;unclear;en;unclear;unclear;SELECT_ONE_RADIO
485;1;urn:osse-91:dataelement:485:1;Nein;en;No;No;SELECT_ONE_RADIO
485;1;urn:osse-91:dataelement:485:1;Ja;en;Yes;Yes;SELECT_ONE_RADIO
466;2;urn:osse-91:dataelement:466:2;Ja;en;Yes;Yes;SELECT_ONE_RADIO
466;2;urn:osse-91:dataelement:466:2;Nein;de;Nein;Nein;SELECT_ONE_RADIO
466;2;urn:osse-91:dataelement:466:2;unclear;de;unklar;unklar;SELECT_ONE_RADIO
490;1;urn:osse-91:dataelement:490:1;Ja;de;Ja;Ja;SELECT_ONE_RADIO
490;1;urn:osse-91:dataelement:490:1;Nein;de;Nein;Nein;SELECT_ONE_RADIO
490;1;urn:osse-91:dataelement:490:1;unclear;de;unklar;unklar;SELECT_ONE_RADIO
491;1;urn:osse-91:dataelement:491:1;unclear;en;unclear;unclear;SELECT_ONE_RADIO
491;1;urn:osse-91:dataelement:491:1;Nein;en;No;No;SELECT_ONE_RADIO
491;1;urn:osse-91:dataelement:491:1;Ja;en;Yes;Yes;SELECT_ONE_RADIO
505;1;urn:osse-91:dataelement:505:1;Ja;de;Ja;Ja;SELECT_ONE_RADIO
505;1;urn:osse-91:dataelement:505:1;Nein;de;Nein;Nein;SELECT_ONE_RADIO
505;1;urn:osse-91:dataelement:505:1;kA;de;kA;kA;SELECT_ONE_RADIO
927;1;urn:osse-91:dataelement:927:1;Ja;de;Ja;Ja;
927;1;urn:osse-91:dataelement:927:1;Nein;de;Nein;Nein;
927;1;urn:osse-91:dataelement:927:1;unbekannt;de;unbekannt;unbekannt;
516;1;urn:osse-91:dataelement:516:1;Ja;de;Ja;Ja;
516;1;urn:osse-91:dataelement:516:1;Nein;de;Nein;Nein;
516;1;urn:osse-91:dataelement:516:1;kA;de;kA;kA;
518;1;urn:osse-91:dataelement:518:1;kontinuierlich fortbestehend;de;kontinuierlich fortbestehend;kontinuierlich fortbestehend;
518;1;urn:osse-91:dataelement:518:1;Therapie beendet seit:;de;Therapie beendet seit:;Therapie beendet seit:;
518;1;urn:osse-91:dataelement:518:1;Therapie wieder aufgenommen seit:;de;Therapie wieder aufgenommen seit:;Therapie wieder aufgenommen seit:;
519;1;urn:osse-91:dataelement:519:1;Ja;de;Ja;Ja;SELECT_ONE_RADIO
519;1;urn:osse-91:dataelement:519:1;Nein;de;Nein;Nein;SELECT_ONE_RADIO
519;1;urn:osse-91:dataelement:519:1;kA;de;kA;kA;SELECT_ONE_RADIO
442;4;urn:osse-91:dataelement:442:4;Diätetisch eingestellt;de;Diätetisch eingestellt;Diätetisch eingestellt;SELECT_ONE_RADIO
442;4;urn:osse-91:dataelement:442:4;Orale Medikation;de;Orale Medikation;Orale Medikation;SELECT_ONE_RADIO
442;4;urn:osse-91:dataelement:442:4;Insulinpflichtig;de;Insulinpflichtig;Insulinpflichtig;SELECT_ONE_RADIO
442;4;urn:osse-91:dataelement:442:4;Nach SS persistent Ja/nein/kA;de;Nach SS persistent Ja/nein/kA;Nach SS persistent Ja/nein/kA;SELECT_ONE_RADIO
932;1;urn:osse-91:dataelement:932:1;Ja;de;Ja;Ja;
932;1;urn:osse-91:dataelement:932:1;Nein;de;Nein;Nein;
932;1;urn:osse-91:dataelement:932:1;keine Angaben;de;keine Angaben;keine Angaben;
458;3;urn:osse-91:dataelement:458:3;Other:;de;Sonstige:;Sonstige:;SELECT_MANY_CHECKBOX
458;3;urn:osse-91:dataelement:458:3;Nierenzysten;de;Nierenzysten;Nierenzysten;SELECT_MANY_CHECKBOX
458;3;urn:osse-91:dataelement:458:3;Chron. Niereninsuffizienz;de;Chron. Niereninsuffizienz;Chron. Niereninsuffizienz;SELECT_MANY_CHECKBOX
458;3;urn:osse-91:dataelement:458:3;Dialyse;de;Dialyse;Dialyse;SELECT_MANY_CHECKBOX
458;3;urn:osse-91:dataelement:458:3;Nierentransplantation;de;Nierentransplantation;Nierentransplantation;SELECT_MANY_CHECKBOX
458;3;urn:osse-91:dataelement:458:3;ARPKD;de;ARPKD;ARPKD;SELECT_MANY_CHECKBOX
458;3;urn:osse-91:dataelement:458:3;ADPKD;de;ADPKD;ADPKD;SELECT_MANY_CHECKBOX
458;3;urn:osse-91:dataelement:458:3;Nephoronophthise;de;Nephoronophthise;Nephoronophthise;SELECT_MANY_CHECKBOX
458;3;urn:osse-91:dataelement:458:3;HFN1ß;de;HFN1ß;HFN1ß;SELECT_MANY_CHECKBOX
456;2;urn:osse-91:dataelement:456:2;kA;en;na;na;SELECT_ONE_RADIO
456;2;urn:osse-91:dataelement:456:2;Nein;en;No;No;SELECT_ONE_RADIO
456;2;urn:osse-91:dataelement:456:2;Ja;en;Yes;Yes;SELECT_ONE_RADIO
473;2;urn:osse-91:dataelement:473:2;ARegPKD;en;ARegPKD;ARegPKD;SELECT_ONE_RADIO
473;2;urn:osse-91:dataelement:473:2;Nephronophthise;en;Nephronophthise;Nephronophthise;SELECT_ONE_RADIO
473;2;urn:osse-91:dataelement:473:2;BBS;en;BBS;BBS;SELECT_ONE_RADIO
473;2;urn:osse-91:dataelement:473:2;HNF1ß;en;HNF1ß;HNF1ß;SELECT_ONE_RADIO
473;2;urn:osse-91:dataelement:473:2;Andere: ;en;Other:;other;SELECT_ONE_RADIO
457;2;urn:osse-91:dataelement:457:2;Ja;de;Ja;Ja;SELECT_ONE_RADIO
457;2;urn:osse-91:dataelement:457:2;Nein;de;Nein;Nein;SELECT_ONE_RADIO
457;2;urn:osse-91:dataelement:457:2;kA;de;kA;kA;SELECT_ONE_RADIO
457;3;urn:osse-91:dataelement:457:3;Ja;en;Yes;Yes;SELECT_ONE_RADIO
457;3;urn:osse-91:dataelement:457:3;Nein;en;No;No;SELECT_ONE_RADIO
457;3;urn:osse-91:dataelement:457:3;kA;en;na;na;SELECT_ONE_RADIO
459;2;urn:osse-91:dataelement:459:2;HFN1ß;de;HFN1ß;HFN1ß;SELECT_MANY_CHECKBOX
459;2;urn:osse-91:dataelement:459:2;Nephoronophthise;de;Nephoronophthise;Nephoronophthise;SELECT_MANY_CHECKBOX
459;2;urn:osse-91:dataelement:459:2;ADPKD;de;ADPKD;ADPKD;SELECT_MANY_CHECKBOX
459;2;urn:osse-91:dataelement:459:2;ARPKD;de;ARPKD;ARPKD;SELECT_MANY_CHECKBOX
459;2;urn:osse-91:dataelement:459:2;Nierentransplantation;de;Nierentransplantation;Nierentransplantation;SELECT_MANY_CHECKBOX
459;2;urn:osse-91:dataelement:459:2;Dialyse;de;Dialyse;Dialyse;SELECT_MANY_CHECKBOX
459;2;urn:osse-91:dataelement:459:2;Chron. Niereninsuffizienz;de;Chron. Niereninsuffizienz;Chron. Niereninsuffizienz;SELECT_MANY_CHECKBOX
459;2;urn:osse-91:dataelement:459:2;Nierenzysten;de;Nierenzysten;Nierenzysten;SELECT_MANY_CHECKBOX
459;2;urn:osse-91:dataelement:459:2;Other:;de;Sonstige:;Sonstige:;SELECT_MANY_CHECKBOX
463;2;urn:osse-91:dataelement:463:2;kA;en;na;na;SELECT_ONE_RADIO
463;2;urn:osse-91:dataelement:463:2;Nein;en;No;No;SELECT_ONE_RADIO
463;2;urn:osse-91:dataelement:463:2;Ja;en;Yes;Yes;SELECT_ONE_RADIO
472;2;urn:osse-91:dataelement:472:2;Andere: ;de;Andere:;Andere:;SELECT_ONE_RADIO
472;2;urn:osse-91:dataelement:472:2;HNF1ß;de;HNF1ß;HNF1ß;SELECT_ONE_RADIO
472;2;urn:osse-91:dataelement:472:2;BBS;de;BBS;BBS;SELECT_ONE_RADIO
472;2;urn:osse-91:dataelement:472:2;Nephronophthise;de;Nephronophthise;Nephronophthise;SELECT_ONE_RADIO
472;2;urn:osse-91:dataelement:472:2;ARegPKD;de;ARegPKD;ARegPKD;SELECT_ONE_RADIO
47;3;urn:osse-91:dataelement:47:3;Ja;en;Yes;Yes;SELECT_ONE_RADIO
47;3;urn:osse-91:dataelement:47:3;Möglich;de;Möglich;Möglich;SELECT_ONE_RADIO
47;3;urn:osse-91:dataelement:47:3;Nein;de;Nein;Nein;SELECT_ONE_RADIO
47;3;urn:osse-91:dataelement:47:3;kA;de;kA;kA;SELECT_ONE_RADIO
523;1;urn:osse-91:dataelement:523:1;unbekannt;de;not known;inconnu;
523;1;urn:osse-91:dataelement:523:1;männlich;de;male;masculin;
523;1;urn:osse-91:dataelement:523:1;weiblich;de;female;feminin;
523;1;urn:osse-91:dataelement:523:1;nicht zutreffend;de;gegenstandslos, nicht anwendbar;not applicable;
526;1;urn:osse-91:dataelement:526:1;Ja;de;Ja;Ja;
526;1;urn:osse-91:dataelement:526:1;Nein;de;Nein;Nein;
526;1;urn:osse-91:dataelement:526:1;kA;de;kA;kA;
527;1;urn:osse-91:dataelement:527:1;Andere: ;de;Andere:;Andere:;SELECT_ONE_RADIO
527;1;urn:osse-91:dataelement:527:1;HNF1ß;de;HNF1ß;HNF1ß;SELECT_ONE_RADIO
527;1;urn:osse-91:dataelement:527:1;BBS;de;BBS;BBS;SELECT_ONE_RADIO
527;1;urn:osse-91:dataelement:527:1;Nephronophthise;de;Nephronophthise;Nephronophthise;SELECT_ONE_RADIO
527;1;urn:osse-91:dataelement:527:1;ARegPKD;de;ARegPKD;ARegPKD;SELECT_ONE_RADIO
531;1;urn:osse-91:dataelement:531:1;Ja;de;Ja;Ja;
531;1;urn:osse-91:dataelement:531:1;Nein;de;Nein;Nein;
531;1;urn:osse-91:dataelement:531:1;kA;de;kA;kA;
538;1;urn:osse-91:dataelement:538:1;Ja;de;Ja;Ja;
538;1;urn:osse-91:dataelement:538:1;Nein;de;Nein;Nein;
538;1;urn:osse-91:dataelement:538:1;kA;de;kA;kA;
550;1;urn:osse-91:dataelement:550:1;Ja;de;Ja;Ja;
550;1;urn:osse-91:dataelement:550:1;Nein;de;Nein;Nein;
550;1;urn:osse-91:dataelement:550:1;kA;de;kA;kA;
553;1;urn:osse-91:dataelement:553:1;Type I;en;Type I ;Type I Diabetes Mellitus;
553;1;urn:osse-91:dataelement:553:1;Type II;en;Type II;Type II Diabetes Mellitus;
553;1;urn:osse-91:dataelement:553:1;Type III;en;Type III;Type II Diabetes Mellitus;
378;1;urn:osse-91:dataelement:378:1;Verschmelzungsniere;en;Fused kidney;Fused kidney;SELECT_MANY_CHECKBOX
378;1;urn:osse-91:dataelement:378:1;Hufeisenniere;en;Horseshoe kidney;Horseshoe kidney;SELECT_MANY_CHECKBOX
378;1;urn:osse-91:dataelement:378:1;Gekreuzte Dystopie;en;Crossed dystopia;Crossed dystopia;SELECT_MANY_CHECKBOX
378;1;urn:osse-91:dataelement:378:1;Dystope Niere;de;Dystope Niere;Dystope Niere;SELECT_MANY_CHECKBOX
378;1;urn:osse-91:dataelement:378:1;Sonstige;en;Other;Other;SELECT_MANY_CHECKBOX
555;1;urn:osse-91:dataelement:555:1;Rechts;en;Right side;Right side;SELECT_ONE_RADIO
555;1;urn:osse-91:dataelement:555:1;Links;en;Left side;Left side;SELECT_ONE_RADIO
555;1;urn:osse-91:dataelement:555:1;Beidseits;en;Both sides ;Both sides;SELECT_ONE_RADIO
468;2;urn:osse-91:dataelement:468:2;Großvater mütterlicherseits;en;Großvater mütterlicherseits;Großvater mütterlicherseits;SELECT_MANY_CHECKBOX
468;2;urn:osse-91:dataelement:468:2;Großmutter mütterlicherseits;en;Großmutter mütterlicherseits;Großmutter mütterlicherseits;SELECT_MANY_CHECKBOX
468;2;urn:osse-91:dataelement:468:2;Onkel mütterlicherseits;en;Onkel mütterlicherseits;Onkel mütterlicherseits;SELECT_MANY_CHECKBOX
468;2;urn:osse-91:dataelement:468:2;Tante mütterlicherseits;en;Tante mütterlicherseits;Tante mütterlicherseits;SELECT_MANY_CHECKBOX
468;2;urn:osse-91:dataelement:468:2;Cousin/Cousine mütterlicherseits;en;Cousin/Cousine mütterlicherseits;Cousin/Cousine mütterlicherseits;SELECT_MANY_CHECKBOX
468;2;urn:osse-91:dataelement:468:2;Großvater väterlicherseits;en;Großvater väterlicherseits;Großvater väterlicherseits;SELECT_MANY_CHECKBOX
468;2;urn:osse-91:dataelement:468:2;Großmutter väterlicherseits;en;Großmutter väterlicherseits;Großmutter väterlicherseits;SELECT_MANY_CHECKBOX
468;2;urn:osse-91:dataelement:468:2;Onkel väterlicherseits;en;Onkel väterlicherseits;Onkel väterlicherseits;SELECT_MANY_CHECKBOX
468;2;urn:osse-91:dataelement:468:2;Tante väterlicherseits;en;Tante väterlicherseits;Tante väterlicherseits;SELECT_MANY_CHECKBOX
468;2;urn:osse-91:dataelement:468:2;Cousin/Cousine väterlicherseits;en;Cousin/Cousine väterlicherseits;Cousin/Cousine väterlicherseits;SELECT_MANY_CHECKBOX
468;2;urn:osse-91:dataelement:468:2;Andere:;en;Other: ;other ;SELECT_MANY_CHECKBOX
467;3;urn:osse-91:dataelement:467:3;kA;de;kA;kA;SELECT_ONE_RADIO
467;3;urn:osse-91:dataelement:467:3;Nein;de;Nein;Nein;SELECT_ONE_RADIO
467;3;urn:osse-91:dataelement:467:3;Ja;de;Ja;Ja;SELECT_ONE_RADIO
471;2;urn:osse-91:dataelement:471:2;ARegPKD;en;ARegPKD;ARegPKD;SELECT_ONE_RADIO
471;2;urn:osse-91:dataelement:471:2;Nephronophthise;en;Nephronophthise;Nephronophthise;SELECT_ONE_RADIO
471;2;urn:osse-91:dataelement:471:2;BBS;en;BBS;BBS;SELECT_ONE_RADIO
471;2;urn:osse-91:dataelement:471:2;HNF1ß;en;HNF1ß;HNF1ß;SELECT_ONE_RADIO
471;2;urn:osse-91:dataelement:471:2;Andere: ;en;Other:;other;SELECT_ONE_RADIO
456;3;urn:osse-91:dataelement:456:3;kA;de;kA;kA;SELECT_ONE_RADIO
456;3;urn:osse-91:dataelement:456:3;Nein;de;Nein;Nein;SELECT_ONE_RADIO
456;3;urn:osse-91:dataelement:456:3;Ja;de;Ja;Ja;SELECT_ONE_RADIO
458;4;urn:osse-91:dataelement:458:4;Other:;en;Other;Other;SELECT_MANY_CHECKBOX
458;4;urn:osse-91:dataelement:458:4;Nierenzysten;en;Nierenzysten;Nierenzysten;SELECT_MANY_CHECKBOX
458;4;urn:osse-91:dataelement:458:4;Chron. Niereninsuffizienz;en;Chron. Niereninsuffizienz;Chron. Niereninsuffizienz;SELECT_MANY_CHECKBOX
458;4;urn:osse-91:dataelement:458:4;Dialyse;en;Dialyse;Dialyse;SELECT_MANY_CHECKBOX
458;4;urn:osse-91:dataelement:458:4;Nierentransplantation;en;Nierentransplantation;Nierentransplantation;SELECT_MANY_CHECKBOX
458;4;urn:osse-91:dataelement:458:4;ARPKD;en;ARPKD;ARPKD;SELECT_MANY_CHECKBOX
458;4;urn:osse-91:dataelement:458:4;ADPKD;en;ADPKD;ADPKD;SELECT_MANY_CHECKBOX
458;4;urn:osse-91:dataelement:458:4;Nephoronophthise;en;Nephoronophthise;Nephoronophthise;SELECT_MANY_CHECKBOX
458;4;urn:osse-91:dataelement:458:4;HFN1ß;en;HFN1ß;HFN1ß;SELECT_MANY_CHECKBOX
462;2;urn:osse-91:dataelement:462:2;Ja;de;Ja;Ja;SELECT_ONE_RADIO
462;2;urn:osse-91:dataelement:462:2;Nein;de;Nein;Nein;SELECT_ONE_RADIO
462;2;urn:osse-91:dataelement:462:2;kA;de;kA;kA;SELECT_ONE_RADIO
524;1;urn:osse-91:dataelement:524:1;Ja;de;Ja;Ja;
524;1;urn:osse-91:dataelement:524:1;Nein;de;Nein;Nein;
524;1;urn:osse-91:dataelement:524:1;kA;de;kA;kA;
508;2;urn:osse-91:dataelement:508:2;Einzelgenuntersuchung;en;Einzelgenuntersuchung;Einzelgenuntersuchung;SELECT_ONE_RADIO
508;2;urn:osse-91:dataelement:508:2;NGS-Panel;en;NGS-Panel;NGS-Panel;SELECT_ONE_RADIO
508;2;urn:osse-91:dataelement:508:2;Whole Exome Sequencing;en;Whole Exome Sequencing;Whole Exome Sequencing;SELECT_ONE_RADIO
508;2;urn:osse-91:dataelement:508:2;Whole Genome;en;Whole Genome;Whole Genome;SELECT_ONE_RADIO
509;2;urn:osse-91:dataelement:509:2;homozygot;de;homozygot;homozygot;SELECT_ONE_RADIO
509;2;urn:osse-91:dataelement:509:2;heterozygot;de;heterozygot;heterozygot;SELECT_ONE_RADIO
509;2;urn:osse-91:dataelement:509:2;compound heterozygot;de;compound heterozygot;compound heterozygot;SELECT_ONE_RADIO
509;2;urn:osse-91:dataelement:509:2;keine Mutation gefunden;de;keine Mutation gefunden;keine Mutation gefunden;SELECT_ONE_RADIO
509;2;urn:osse-91:dataelement:509:2;Befund ausstehend;de;Befund ausstehend;Befund ausstehend;SELECT_ONE_RADIO
548;1;urn:osse-91:dataelement:548:1;Ja;de;Ja;Ja;
548;1;urn:osse-91:dataelement:548:1;Nein;de;Nein;Nein;
548;1;urn:osse-91:dataelement:548:1;kA;de;kA;kA;
547;1;urn:osse-91:dataelement:547:1;Ja;de;Ja;Ja;
547;1;urn:osse-91:dataelement:547:1;Nein;de;Nein;Nein;
547;1;urn:osse-91:dataelement:547:1;kA;de;kA;kA;
532;1;urn:osse-91:dataelement:532:1;Ja;de;Ja;Ja;
532;1;urn:osse-91:dataelement:532:1;Nein;de;Nein;Nein;
532;1;urn:osse-91:dataelement:532:1;kA;de;kA;kA;
553;2;urn:osse-91:dataelement:553:2;Type I;de;Typ I ;Typ I Diabetes Mellitus;
553;2;urn:osse-91:dataelement:553:2;Type II;de;Typ II;Typ II Diabetes Mellitus;
553;2;urn:osse-91:dataelement:553:2;Type III;de;Typ III;Typ III Diabetes Mellitus;
539;1;urn:osse-91:dataelement:539:1;Ja;de;Ja;Ja;
539;1;urn:osse-91:dataelement:539:1;Nein;de;Nein;Nein;
539;1;urn:osse-91:dataelement:539:1;kA;de;kA;kA;
557;1;urn:osse-91:dataelement:557:1;orthotopic;en;orthotopic;orthotopic;SELECT_ONE_RADIO
557;1;urn:osse-91:dataelement:557:1;dystopic;en;dystopic;dystopic;SELECT_ONE_RADIO
558;1;urn:osse-91:dataelement:558:1;Glatt;en;Smooth;Smooth;SELECT_ONE_RADIO
558;1;urn:osse-91:dataelement:558:1;Fetal lobulation of the kidney;en;Fetal lobulation of the kidney;Fetal lobulation of the kidney;SELECT_ONE_RADIO
561;1;urn:osse-91:dataelement:561:1;erhöhte Echogenität;de;erhöhte Echogenität;erhöhte Echogenität;SELECT_ONE_RADIO
561;1;urn:osse-91:dataelement:561:1;unauffällig;de;unauffällig;unauffällig;SELECT_ONE_RADIO
563;1;urn:osse-91:dataelement:563:1;unauffällig;en;normal;normal;SELECT_ONE_RADIO
563;1;urn:osse-91:dataelement:563:1;reduziert;en;reduced;reduced;SELECT_ONE_RADIO
563;1;urn:osse-91:dataelement:563:1;aufgehoben;en;abolished;abolished;SELECT_ONE_RADIO
562;1;urn:osse-91:dataelement:562:1;aufgehoben;de;aufgehoben;aufgehoben;SELECT_ONE_RADIO
562;1;urn:osse-91:dataelement:562:1;reduziert;de;reduziert;reduziert;SELECT_ONE_RADIO
562;1;urn:osse-91:dataelement:562:1;unauffällig;de;unauffällig;unauffällig;SELECT_ONE_RADIO
363;2;urn:osse-91:dataelement:363:2;kA;en;Unclear;Unclear;SELECT_ONE_RADIO
363;2;urn:osse-91:dataelement:363:2;Nein;en;No;No;SELECT_ONE_RADIO
363;2;urn:osse-91:dataelement:363:2;Ja;en;Yes;Yes;SELECT_ONE_RADIO
363;3;urn:osse-91:dataelement:363:3;kA;de;Unklar;Unklar;SELECT_ONE_RADIO
363;3;urn:osse-91:dataelement:363:3;Nein;de;Nein;Nein;SELECT_ONE_RADIO
363;3;urn:osse-91:dataelement:363:3;Ja;de;Ja;Ja;SELECT_ONE_RADIO
564;1;urn:osse-91:dataelement:564:1;Medullär;en;Medullary;Medullary;SELECT_ONE_RADIO
564;1;urn:osse-91:dataelement:564:1;Kortikal;en;Cortical;Cortical;SELECT_ONE_RADIO
565;1;urn:osse-91:dataelement:565:1;< 5 Zysten;de;< 5 Zysten;< 5 Zysten;SELECT_ONE_RADIO
565;1;urn:osse-91:dataelement:565:1;> 5 Zysten;de;> 5 Zysten;> 5 Zysten;SELECT_ONE_RADIO
566;1;urn:osse-91:dataelement:566:1;Größe  < 10 mm (alle Zysten dieser Niere);en;Size < 10 mm (all cysts in this kidney);Size < 10 mm (all cysts in this kidney);SELECT_ONE_RADIO
566;1;urn:osse-91:dataelement:566:1;Größe  > 10 mm (mind. 1 Zyste);en;Size > 10 mm (at least 1 cyst);Size > 10 mm (at least 1 cyst);SELECT_ONE_RADIO
567;1;urn:osse-91:dataelement:567:1;Ja;en;Yes;Yes;SELECT_ONE_RADIO
567;1;urn:osse-91:dataelement:567:1;Nein;en;No;No;SELECT_ONE_RADIO
567;1;urn:osse-91:dataelement:567:1;kA;en;na;na;SELECT_ONE_RADIO
605;1;urn:osse-91:dataelement:605:1;Nein;en;No;No;SELECT_ONE_RADIO
605;1;urn:osse-91:dataelement:605:1;Ja;de;Ja;Ja;SELECT_ONE_RADIO
254;1;urn:osse-91:dataelement:254:1;kA;en;na;na;SELECT_ONE_RADIO
254;1;urn:osse-91:dataelement:254:1;Nein;en;No;No;SELECT_ONE_RADIO
254;1;urn:osse-91:dataelement:254:1;Ja;en;Yes;Yes;SELECT_ONE_RADIO
573;1;urn:osse-91:dataelement:573:1;kA;en;na;na;SELECT_ONE_RADIO
573;1;urn:osse-91:dataelement:573:1;Nein;en;No;No;SELECT_ONE_RADIO
573;1;urn:osse-91:dataelement:573:1;Ja;en;Yes;Yes;SELECT_ONE_RADIO
574;1;urn:osse-91:dataelement:574:1;Ja;en;Yes;Yes;SELECT_ONE_RADIO
574;1;urn:osse-91:dataelement:574:1;Nein;en;No;No;SELECT_ONE_RADIO
574;1;urn:osse-91:dataelement:574:1;kA;en;na;na;SELECT_ONE_RADIO
582;1;urn:osse-91:dataelement:582:1;Zapfenepiphysen;de;Zapfenepiphysen;Zapfenepiphysen;SELECT_MANY_CHECKBOX
582;1;urn:osse-91:dataelement:582:1;Kurze Rippen;de;Kurze Rippen;Kurze Rippen;SELECT_MANY_CHECKBOX
582;1;urn:osse-91:dataelement:582:1;Thoraxhypoplasie;de;Thoraxhypoplasie;Thoraxhypoplasie;SELECT_MANY_CHECKBOX
582;1;urn:osse-91:dataelement:582:1;Syndaktylie;en;Syndaktyly;Syndaktyly;SELECT_MANY_CHECKBOX
582;1;urn:osse-91:dataelement:582:1;Brachydaktylie;de;Brachydaktylie;Brachydaktylie;SELECT_MANY_CHECKBOX
582;1;urn:osse-91:dataelement:582:1;Postaxiale Hexadaktylie;de;Postaxiale Hexadaktylie;Postaxiale Hexadaktylie;SELECT_MANY_CHECKBOX
582;1;urn:osse-91:dataelement:582:1;Sonstige Dysmorphien;de;Sonstige Dysmorphien;Sonstige Dysmorphien;SELECT_MANY_CHECKBOX
105;2;urn:osse-91:dataelement:105:2;kA;en;na;na;SELECT_ONE_RADIO
105;2;urn:osse-91:dataelement:105:2;Nein;en;No;No;SELECT_ONE_RADIO
105;2;urn:osse-91:dataelement:105:2;Ja;en;Yes;Yes;SELECT_ONE_RADIO
586;1;urn:osse-91:dataelement:586:1;kA;de;kA;kA;SELECT_ONE_RADIO
586;1;urn:osse-91:dataelement:586:1;Nein;de;Nein;Nein;SELECT_ONE_RADIO
586;1;urn:osse-91:dataelement:586:1;Ja;de;Ja;Ja;SELECT_ONE_RADIO
587;1;urn:osse-91:dataelement:587:1;Ja;en;Yes;Yes;SELECT_ONE_RADIO
587;1;urn:osse-91:dataelement:587:1;Nein;en;No;No;SELECT_ONE_RADIO
587;1;urn:osse-91:dataelement:587:1;kA;en;na;na;SELECT_ONE_RADIO
588;1;urn:osse-91:dataelement:588:1;kA;de;kA;kA;SELECT_ONE_RADIO
588;1;urn:osse-91:dataelement:588:1;Nein;de;Nein;Nein;SELECT_ONE_RADIO
588;1;urn:osse-91:dataelement:588:1;Ja;de;Ja;Ja;SELECT_ONE_RADIO
589;1;urn:osse-91:dataelement:589:1;extrahepatisch;de;extrahepatisch;extrahepatisch;SELECT_MANY_CHECKBOX
589;1;urn:osse-91:dataelement:589:1;intrahepatisch;en;intrahepatic;intrahepatic;SELECT_MANY_CHECKBOX
590;1;urn:osse-91:dataelement:590:1;Milz;en;Spleen;Spleen;SELECT_MANY_CHECKBOX
590;1;urn:osse-91:dataelement:590:1;Leberunterrand;en;Lower liver border;Lower liver border;SELECT_MANY_CHECKBOX
590;1;urn:osse-91:dataelement:590:1;Omentum minus;en;Omentum minus;Omentum minus;SELECT_MANY_CHECKBOX
590;1;urn:osse-91:dataelement:590:1;umbilikal;en;umbilical;umbilical;SELECT_MANY_CHECKBOX
594;1;urn:osse-91:dataelement:594:1;Blut;en;Blood;Blood;SELECT_MANY_CHECKBOX
594;1;urn:osse-91:dataelement:594:1;Urin;en;Urine;Urine;SELECT_MANY_CHECKBOX
594;1;urn:osse-91:dataelement:594:1;Nasenschleimhaut;en;Nasal mucosa;Nasal musosa;SELECT_MANY_CHECKBOX
599;1;urn:osse-91:dataelement:599:1;Ja;en;Yes;Yes;SELECT_ONE_RADIO
599;1;urn:osse-91:dataelement:599:1;Nein;en;No;No;SELECT_ONE_RADIO
127;2;urn:osse-91:dataelement:127:2;kA;en;na;na;SELECT_ONE_RADIO
127;2;urn:osse-91:dataelement:127:2;Nein;en;No;No;SELECT_ONE_RADIO
127;2;urn:osse-91:dataelement:127:2;Ja;en;Yes;Yes;SELECT_ONE_RADIO
603;1;urn:osse-91:dataelement:603:1;Ja;de;Ja;Ja;SELECT_ONE_RADIO
603;1;urn:osse-91:dataelement:603:1;Nein;de;Nein;Nein;SELECT_ONE_RADIO
603;1;urn:osse-91:dataelement:603:1;kA;de;kA;kA;SELECT_ONE_RADIO
604;1;urn:osse-91:dataelement:604:1;kA;en;na;na;SELECT_ONE_RADIO
604;1;urn:osse-91:dataelement:604:1;Nein;en;No;No;SELECT_ONE_RADIO
604;1;urn:osse-91:dataelement:604:1;Ja;en;Yes;Yes;SELECT_ONE_RADIO
485;2;urn:osse-91:dataelement:485:2;unclear;de;unklar;unklar;SELECT_ONE_RADIO
485;2;urn:osse-91:dataelement:485:2;Nein;de;Nein;Nein;SELECT_ONE_RADIO
485;2;urn:osse-91:dataelement:485:2;Ja;de;Ja;Ja;SELECT_ONE_RADIO
471;3;urn:osse-91:dataelement:471:3;ARegPKD;de;ARegPKD;ARegPKD;SELECT_ONE_RADIO
471;3;urn:osse-91:dataelement:471:3;Nephronophthise;de;Nephronophthise;Nephronophthise;SELECT_ONE_RADIO
471;3;urn:osse-91:dataelement:471:3;BBS;de;BBS;BBS;SELECT_ONE_RADIO
471;3;urn:osse-91:dataelement:471:3;HNF1ß;de;HNF1ß;HNF1ß;SELECT_ONE_RADIO
471;3;urn:osse-91:dataelement:471:3;Andere: ;de;Andere:;Andere:;SELECT_ONE_RADIO
607;1;urn:osse-91:dataelement:607:1;Ja;de;Ja;Ja;SELECT_ONE_RADIO
607;1;urn:osse-91:dataelement:607:1;Nein;de;Nein;Nein;SELECT_ONE_RADIO
607;1;urn:osse-91:dataelement:607:1;unclear;de;unklar;unklar;SELECT_ONE_RADIO
485;3;urn:osse-91:dataelement:485:3;unclear;en;unclear;unclear;SELECT_ONE_RADIO
485;3;urn:osse-91:dataelement:485:3;Nein;en;No;No;SELECT_ONE_RADIO
485;3;urn:osse-91:dataelement:485:3;Ja;en;Yes;Yes;SELECT_ONE_RADIO
581;1;urn:osse-91:dataelement:581:1;Ja;en;Yes;Yes;
581;1;urn:osse-91:dataelement:581:1;Nein;en;No;No;
569;1;urn:osse-91:dataelement:569:1;Yes;en;Yes;Yes;
569;1;urn:osse-91:dataelement:569:1;No;en;No;No;
569;1;urn:osse-91:dataelement:569:1;na;en;na;na;
591;1;urn:osse-91:dataelement:591:1;Yes;en;Yes;Yes;
591;1;urn:osse-91:dataelement:591:1;Nein;en;No;No;
591;1;urn:osse-91:dataelement:591:1;kA;en;na;na;
600;1;urn:osse-91:dataelement:600:1;Nein;de;Nein;Nein;SELECT_ONE_RADIO
600;1;urn:osse-91:dataelement:600:1;Ja;de;Ja;Ja;SELECT_ONE_RADIO
471;4;urn:osse-91:dataelement:471:4;ARegPKD;en;ARegPKD;ARegPKD;SELECT_ONE_RADIO
471;4;urn:osse-91:dataelement:471:4;Nephronophthise;en;Nephreg;Nephreg;SELECT_ONE_RADIO
471;4;urn:osse-91:dataelement:471:4;BBS;en;BBS;BBS;SELECT_ONE_RADIO
471;4;urn:osse-91:dataelement:471:4;HNF1ß;de;HNF1ß;HNF1ß;SELECT_ONE_RADIO
471;4;urn:osse-91:dataelement:471:4;Andere: ;en;Other:;other;SELECT_ONE_RADIO
466;3;urn:osse-91:dataelement:466:3;Ja;en;Yes;Yes;SELECT_ONE_RADIO
466;3;urn:osse-91:dataelement:466:3;Nein;en;No;No;SELECT_ONE_RADIO
466;3;urn:osse-91:dataelement:466:3;unclear;en;unclear;unclear;SELECT_ONE_RADIO
467;4;urn:osse-91:dataelement:467:4;kA;en;unclear;unclear;SELECT_ONE_RADIO
467;4;urn:osse-91:dataelement:467:4;Nein;en;No;No;SELECT_ONE_RADIO
467;4;urn:osse-91:dataelement:467:4;Ja;en;Yes;Yes;SELECT_ONE_RADIO
254;2;urn:osse-91:dataelement:254:2;kA;de;kA;kA;SELECT_ONE_RADIO
254;2;urn:osse-91:dataelement:254:2;Nein;de;Nein;Nein;SELECT_ONE_RADIO
254;2;urn:osse-91:dataelement:254:2;Ja;de;Ja;Ja;SELECT_ONE_RADIO
570;1;urn:osse-91:dataelement:570:1;Aortic stenosis;en;Aortic stenosis;Aortic stenosis;SELECT_MANY_CHECKBOX
570;1;urn:osse-91:dataelement:570:1;Vorhofseptumdefekt;en;Atrial septal defect;Atrial septal defect;SELECT_MANY_CHECKBOX
570;1;urn:osse-91:dataelement:570:1;Ventrikelseptumdefekt (VSD);en;Ventricular septal defect (VSD);Ventricular septal defect (VSD);SELECT_MANY_CHECKBOX
570;1;urn:osse-91:dataelement:570:1;Offenes Foramen ovale;en;Patent foramen ovale;Patent foramen ovale;SELECT_MANY_CHECKBOX
570;1;urn:osse-91:dataelement:570:1;Komplexer Herzfehler;en;Complex heart defect;Complex heart defect;SELECT_MANY_CHECKBOX
570;1;urn:osse-91:dataelement:570:1;Kardiomyopathie;en;Cardiomyopathy;Cardiomyopathy;SELECT_MANY_CHECKBOX
570;1;urn:osse-91:dataelement:570:1;Linksventrikuläre Hypertrophie (LVH);en;Left ventricular hypertrophy ;Left ventricular hypertrophy ;SELECT_MANY_CHECKBOX
573;2;urn:osse-91:dataelement:573:2;kA;de;kA;kA;SELECT_ONE_RADIO
573;2;urn:osse-91:dataelement:573:2;Nein;de;Nein;Nein;SELECT_ONE_RADIO
573;2;urn:osse-91:dataelement:573:2;Ja;de;Ja;Ja;SELECT_ONE_RADIO
575;1;urn:osse-91:dataelement:575:1;kA;en;na;na;SELECT_ONE_RADIO
575;1;urn:osse-91:dataelement:575:1;Nein;en;No;No;SELECT_ONE_RADIO
575;1;urn:osse-91:dataelement:575:1;Ja;en;Yes;Yes;SELECT_ONE_RADIO
574;2;urn:osse-91:dataelement:574:2;Ja;de;Ja;Ja;SELECT_ONE_RADIO
574;2;urn:osse-91:dataelement:574:2;Nein;de;Nein;Nein;SELECT_ONE_RADIO
574;2;urn:osse-91:dataelement:574:2;kA;de;kA;kA;SELECT_ONE_RADIO
105;3;urn:osse-91:dataelement:105:3;kA;de;kA;kA;SELECT_ONE_RADIO
105;3;urn:osse-91:dataelement:105:3;Nein;de;Nein;Nein;SELECT_ONE_RADIO
105;3;urn:osse-91:dataelement:105:3;Ja;de;Ja;Ja;SELECT_ONE_RADIO
585;1;urn:osse-91:dataelement:585:1;Ja;en;Yes;Yes;SELECT_ONE_RADIO
585;1;urn:osse-91:dataelement:585:1;Nein;en;No;No;SELECT_ONE_RADIO
585;1;urn:osse-91:dataelement:585:1;kA;en;na;na;SELECT_ONE_RADIO
593;1;urn:osse-91:dataelement:593:1;Ja;en;Yes;Yes;SELECT_ONE_RADIO
593;1;urn:osse-91:dataelement:593:1;Nein;en;No;No;SELECT_ONE_RADIO
593;1;urn:osse-91:dataelement:593:1;kA;en;na;na;SELECT_ONE_RADIO
468;3;urn:osse-91:dataelement:468:3;Großvater mütterlicherseits;de;Großvater mütterlicherseits;Großvater mütterlicherseits;SELECT_MANY_CHECKBOX
468;3;urn:osse-91:dataelement:468:3;Großmutter mütterlicherseits;de;Großmutter mütterlicherseits;Großmutter mütterlicherseits;SELECT_MANY_CHECKBOX
468;3;urn:osse-91:dataelement:468:3;Onkel mütterlicherseits;de;Onkel mütterlicherseits;Onkel mütterlicherseits;SELECT_MANY_CHECKBOX
468;3;urn:osse-91:dataelement:468:3;Tante mütterlicherseits;de;Tante mütterlicherseits;Tante mütterlicherseits;SELECT_MANY_CHECKBOX
468;3;urn:osse-91:dataelement:468:3;Cousin/Cousine mütterlicherseits;de;Cousin/Cousine mütterlicherseits;Cousin/Cousine mütterlicherseits;SELECT_MANY_CHECKBOX
468;3;urn:osse-91:dataelement:468:3;Großvater väterlicherseits;de;Großvater väterlicherseits;Großvater väterlicherseits;SELECT_MANY_CHECKBOX
468;3;urn:osse-91:dataelement:468:3;Großmutter väterlicherseits;de;Großmutter väterlicherseits;Großmutter väterlicherseits;SELECT_MANY_CHECKBOX
468;3;urn:osse-91:dataelement:468:3;Onkel väterlicherseits;de;Onkel väterlicherseits;Onkel väterlicherseits;SELECT_MANY_CHECKBOX
468;3;urn:osse-91:dataelement:468:3;Tante väterlicherseits;de;Tante väterlicherseits;Tante väterlicherseits;SELECT_MANY_CHECKBOX
468;3;urn:osse-91:dataelement:468:3;Cousin/Cousine väterlicherseits;de;Cousin/Cousine väterlicherseits;Cousin/Cousine väterlicherseits;SELECT_MANY_CHECKBOX
468;3;urn:osse-91:dataelement:468:3;Andere:;de;Andere;Andere;SELECT_MANY_CHECKBOX
609;1;urn:osse-91:dataelement:609:1;Ja;de;Ja;Ja;SELECT_ONE_RADIO
609;1;urn:osse-91:dataelement:609:1;Nein;de;Nein;Nein;SELECT_ONE_RADIO
609;1;urn:osse-91:dataelement:609:1;unclear;de;unklar;unklar;SELECT_ONE_RADIO
638;1;urn:osse-91:dataelement:638:1;Ja;en;Yes;Yes;SELECT_ONE_RADIO
638;1;urn:osse-91:dataelement:638:1;Nein;en;No;No;SELECT_ONE_RADIO
638;1;urn:osse-91:dataelement:638:1;kA;en;na;na;SELECT_ONE_RADIO
608;1;urn:osse-91:dataelement:608:1;unclear;en;unclear;unclear;SELECT_ONE_RADIO
608;1;urn:osse-91:dataelement:608:1;Nein;en;No;No;SELECT_ONE_RADIO
608;1;urn:osse-91:dataelement:608:1;Ja;en;Yes;Yes;SELECT_ONE_RADIO
644;1;urn:osse-91:dataelement:644:1;Ja;en;Yes;Yes;SELECT_ONE_RADIO
644;1;urn:osse-91:dataelement:644:1;Nein;en;No;No;SELECT_ONE_RADIO
644;1;urn:osse-91:dataelement:644:1;kA;en;na;na;SELECT_ONE_RADIO
643;1;urn:osse-91:dataelement:643:1;kA;de;kA;kA;SELECT_ONE_RADIO
643;1;urn:osse-91:dataelement:643:1;Nein;de;Nein;Nein;SELECT_ONE_RADIO
643;1;urn:osse-91:dataelement:643:1;Ja;de;Ja;Ja;SELECT_ONE_RADIO
646;1;urn:osse-91:dataelement:646:1;Ja;en;Yes;Yes;SELECT_ONE_RADIO
646;1;urn:osse-91:dataelement:646:1;Nein;en;No;No;SELECT_ONE_RADIO
646;1;urn:osse-91:dataelement:646:1;kA;en;na;na;SELECT_ONE_RADIO
647;1;urn:osse-91:dataelement:647:1;kA;de;kA;kA;SELECT_ONE_RADIO
647;1;urn:osse-91:dataelement:647:1;Nein;de;Nein;Nein;SELECT_ONE_RADIO
647;1;urn:osse-91:dataelement:647:1;Ja;de;Ja;Ja;SELECT_ONE_RADIO
648;1;urn:osse-91:dataelement:648:1;Ja;en;Yes;Yes;SELECT_ONE_RADIO
648;1;urn:osse-91:dataelement:648:1;Nein;en;No;No;SELECT_ONE_RADIO
648;1;urn:osse-91:dataelement:648:1;kA;en;na;na;SELECT_ONE_RADIO
645;1;urn:osse-91:dataelement:645:1;kA;en;na;na;SELECT_ONE_RADIO
645;1;urn:osse-91:dataelement:645:1;Nein;de;Nein;Nein;SELECT_ONE_RADIO
645;1;urn:osse-91:dataelement:645:1;Ja;de;Ja;Ja;SELECT_ONE_RADIO
634;1;urn:osse-91:dataelement:634:1;Andere:;en;Other;Other family member which is not mentioned above.;SELECT_ONE_RADIO
634;1;urn:osse-91:dataelement:634:1;Cousin/Cousine väterlicherseits;en;Paternal cousin;Paternal cousin;SELECT_ONE_RADIO
634;1;urn:osse-91:dataelement:634:1;Tante väterlicherseits;en;Paternal aunt;Paternal aunt;SELECT_ONE_RADIO
634;1;urn:osse-91:dataelement:634:1;Onkel väterlicherseits;en;Paternal uncle;Paternal uncle;SELECT_ONE_RADIO
634;1;urn:osse-91:dataelement:634:1;Großmutter väterlicherseits;en;Paternal grandmother;Paternal grandmother;SELECT_ONE_RADIO
634;1;urn:osse-91:dataelement:634:1;Großvater väterlicherseits;en;Paternal grandfather;Paternal grandfather;SELECT_ONE_RADIO
634;1;urn:osse-91:dataelement:634:1;Cousin/Cousine mütterlicherseits;en;Maternal cousin;Maternal cousin;SELECT_ONE_RADIO
634;1;urn:osse-91:dataelement:634:1;Tante mütterlicherseits;en;Maternal aunt;Maternal aunt;SELECT_ONE_RADIO
634;1;urn:osse-91:dataelement:634:1;Onkel mütterlicherseits;en;Maternal uncle;Maternal uncle;SELECT_ONE_RADIO
634;1;urn:osse-91:dataelement:634:1;Großmutter mütterlicherseits;en;Maternal grandmother;Maternal grandmother;SELECT_ONE_RADIO
634;1;urn:osse-91:dataelement:634:1;Großvater mütterlicherseits;en;Maternal grandfather;Maternal grandfather;SELECT_ONE_RADIO
291;2;urn:osse-91:dataelement:291:2;Ja;en;Yes;Yes;SELECT_ONE_RADIO
291;2;urn:osse-91:dataelement:291:2;Nein;en;No;No;SELECT_ONE_RADIO
291;2;urn:osse-91:dataelement:291:2;kA;en;na;na;SELECT_ONE_RADIO
331;2;urn:osse-91:dataelement:331:2;kA;en;na;na;SELECT_ONE_RADIO
331;2;urn:osse-91:dataelement:331:2;Lebendspende;en;Living donor;Living donor;SELECT_ONE_RADIO
331;2;urn:osse-91:dataelement:331:2;Verstorbenenspende;en;Deceased donor;Deceased donor;SELECT_ONE_RADIO
485;4;urn:osse-91:dataelement:485:4;unclear;de;unklar;unklar;SELECT_ONE_RADIO
485;4;urn:osse-91:dataelement:485:4;Nein;de;Nein;Nein;SELECT_ONE_RADIO
485;4;urn:osse-91:dataelement:485:4;Ja;de;Ja;Ja;SELECT_ONE_RADIO
607;2;urn:osse-91:dataelement:607:2;Ja;en;Yes;Yes;SELECT_ONE_RADIO
607;2;urn:osse-91:dataelement:607:2;Nein;en;No;No;SELECT_ONE_RADIO
607;2;urn:osse-91:dataelement:607:2;unclear;en;unclear;unclear;SELECT_ONE_RADIO
608;2;urn:osse-91:dataelement:608:2;unclear;de;unklar;unklar;SELECT_ONE_RADIO
608;2;urn:osse-91:dataelement:608:2;Nein;de;Nein;Nein;SELECT_ONE_RADIO
608;2;urn:osse-91:dataelement:608:2;Ja;de;Ja;Ja;SELECT_ONE_RADIO
610;1;urn:osse-91:dataelement:610:1;Ja;en;Yes;Yes;SELECT_ONE_RADIO
610;1;urn:osse-91:dataelement:610:1;Nein;en;No;No;SELECT_ONE_RADIO
610;1;urn:osse-91:dataelement:610:1;unclear;en;unclear;unclear;SELECT_ONE_RADIO
611;1;urn:osse-91:dataelement:611:1;unclear;de;unklar;unklar;SELECT_ONE_RADIO
611;1;urn:osse-91:dataelement:611:1;Nein;de;Nein;Nein;SELECT_ONE_RADIO
611;1;urn:osse-91:dataelement:611:1;Ja;de;Ja;Ja;SELECT_ONE_RADIO
612;1;urn:osse-91:dataelement:612:1;Ja;en;Yes;Yes;SELECT_ONE_RADIO
612;1;urn:osse-91:dataelement:612:1;Nein;en;No;No;SELECT_ONE_RADIO
612;1;urn:osse-91:dataelement:612:1;unclear;en;unclear;unclear;SELECT_ONE_RADIO
613;1;urn:osse-91:dataelement:613:1;unclear;de;unklar;unklar;SELECT_ONE_RADIO
613;1;urn:osse-91:dataelement:613:1;Nein;de;Nein;Nein;SELECT_ONE_RADIO
613;1;urn:osse-91:dataelement:613:1;Ja;de;Ja;Ja;SELECT_ONE_RADIO
614;1;urn:osse-91:dataelement:614:1;Ja;en;Yes;Yes;SELECT_ONE_RADIO
614;1;urn:osse-91:dataelement:614:1;Nein;en;No;No;SELECT_ONE_RADIO
614;1;urn:osse-91:dataelement:614:1;unclear;en;unclear;unclear;SELECT_ONE_RADIO
615;1;urn:osse-91:dataelement:615:1;unclear;de;unklar;unklar;SELECT_ONE_RADIO
615;1;urn:osse-91:dataelement:615:1;Nein;de;Nein;Nein;SELECT_ONE_RADIO
615;1;urn:osse-91:dataelement:615:1;Ja;de;Ja;Ja;SELECT_ONE_RADIO
616;1;urn:osse-91:dataelement:616:1;Ja;en;Yes;Yes;SELECT_ONE_RADIO
616;1;urn:osse-91:dataelement:616:1;Nein;en;No;No;SELECT_ONE_RADIO
616;1;urn:osse-91:dataelement:616:1;unclear;en;unclear;unclear;SELECT_ONE_RADIO
617;1;urn:osse-91:dataelement:617:1;unclear;de;unklar;unklar;SELECT_ONE_RADIO
617;1;urn:osse-91:dataelement:617:1;Nein;de;Nein;Nein;SELECT_ONE_RADIO
617;1;urn:osse-91:dataelement:617:1;Ja;de;Ja;Ja;SELECT_ONE_RADIO
618;1;urn:osse-91:dataelement:618:1;Ja;en;Yes;Yes;SELECT_ONE_RADIO
618;1;urn:osse-91:dataelement:618:1;Nein;en;No;No;SELECT_ONE_RADIO
618;1;urn:osse-91:dataelement:618:1;unclear;en;unclear;unclear;SELECT_ONE_RADIO
85;2;urn:osse-91:dataelement:85:2;Keine Auffälligkeiten;en;normal;normal;SELECT_MANY_CHECKBOX
85;2;urn:osse-91:dataelement:85:2;Verdickte tubuläre Basalmembran;en;thickened tubular basement membrane;thickened tubular basement membrane;SELECT_MANY_CHECKBOX
85;2;urn:osse-91:dataelement:85:2;Dilatierte tubuläre Lumen;en;dilated tubular lumen;dilated tubular lumen;SELECT_MANY_CHECKBOX
85;2;urn:osse-91:dataelement:85:2;Glomeruläre Veränderungen;en;glomerular sclerosis ;glomerular sclerosis ;SELECT_MANY_CHECKBOX
85;2;urn:osse-91:dataelement:85:2;Periglomeruläre Fibrose;en;periglomerular fibrosis;periglomerular fibrosis;SELECT_MANY_CHECKBOX
85;2;urn:osse-91:dataelement:85:2;Peritubuläre Lymphozyteninflitrate;en;peritubular lymphatic infiltrates;peritubular lymphatic infiltrates;SELECT_MANY_CHECKBOX
85;2;urn:osse-91:dataelement:85:2;Tubulointerstitielle Fibrose;en;tubulointerstital fibrosis;tubulointerstital fibrosis;SELECT_MANY_CHECKBOX
85;2;urn:osse-91:dataelement:85:2;Nachweis von Nierenzysten;en;renal cysts;renal cysts;SELECT_MANY_CHECKBOX
85;2;urn:osse-91:dataelement:85:2;Andere;en;other;other;SELECT_MANY_CHECKBOX
636;1;urn:osse-91:dataelement:636:1;Persistent;en;persistent;persistent;
636;1;urn:osse-91:dataelement:636:1;Progredient;en;progressive;progressive;
636;1;urn:osse-91:dataelement:636:1;Regredient;en;regressive;regressive;
636;1;urn:osse-91:dataelement:636:1;Komplette Remission;en;complete remission;complete remission;
656;1;urn:osse-91:dataelement:656:1;auffällig;de;EEG auffällig;EEG auffällig;SELECT_ONE_RADIO
656;1;urn:osse-91:dataelement:656:1;unauffällig;de;EEG unauffällig;EEG unauffällig;SELECT_ONE_RADIO
660;1;urn:osse-91:dataelement:660:1;Ja;en;Yes;Yes;SELECT_ONE_RADIO
660;1;urn:osse-91:dataelement:660:1;Nein;en;No;No;SELECT_ONE_RADIO
660;1;urn:osse-91:dataelement:660:1;unclear;en;unclear;unclear;SELECT_ONE_RADIO
663;2;urn:osse-91:dataelement:663:2;Insulinpflichtig;en;Insulin dependent;Insulin dependent;SELECT_ONE_RADIO
663;2;urn:osse-91:dataelement:663:2;Orale Medikation;de;Orale Medikation;Orale Medikation;SELECT_ONE_RADIO
663;2;urn:osse-91:dataelement:663:2;Diätetisch eingestellt;en;Dietetic treatment;Dietetic treatment;SELECT_ONE_RADIO
442;5;urn:osse-91:dataelement:442:5;Diätetisch eingestellt;en;Diätetisch eingestellt;Diätetisch eingestellt;SELECT_ONE_RADIO
442;5;urn:osse-91:dataelement:442:5;Orale Medikation;en;Orale Medikation;Orale Medikation;SELECT_ONE_RADIO
442;5;urn:osse-91:dataelement:442:5;Insulinpflichtig;en;Insulinpflichtig;Insulinpflichtig;SELECT_ONE_RADIO
442;5;urn:osse-91:dataelement:442:5;Nach SS persistent Ja/nein/kA;en;Nach Schwanger persistent Ja/nein/kA;Nach SS persistent Ja/nein/kA;SELECT_ONE_RADIO
444;2;urn:osse-91:dataelement:444:2;ja;de;Ja;Ja;SELECT_ONE_RADIO
444;2;urn:osse-91:dataelement:444:2;nein;de;Nein;Nein;SELECT_ONE_RADIO
444;2;urn:osse-91:dataelement:444:2;kA;de;kA;kA;SELECT_ONE_RADIO
445;2;urn:osse-91:dataelement:445:2;Polyhydramnion;de;Polyhydramnion;Polyhydramnion;SELECT_MANY_CHECKBOX
445;2;urn:osse-91:dataelement:445:2;Medikamente:;de;Medikamente:;Medikamente:;SELECT_MANY_CHECKBOX
445;2;urn:osse-91:dataelement:445:2;Arterielle Hypertonie;de;Arterielle Hypertonie;Arterielle Hypertonie;SELECT_MANY_CHECKBOX
445;2;urn:osse-91:dataelement:445:2;Other:;de;Sonstige:;Sonstige:;SELECT_MANY_CHECKBOX
445;3;urn:osse-91:dataelement:445:3;Polyhydramnion;en;polyhydramnios;polyhydramnios;SELECT_MANY_CHECKBOX
445;3;urn:osse-91:dataelement:445:3;Medikamente:;en;medication;medication;SELECT_MANY_CHECKBOX
445;3;urn:osse-91:dataelement:445:3;Arterielle Hypertonie;en;arterial hypertension;arterial hypertension;SELECT_MANY_CHECKBOX
445;3;urn:osse-91:dataelement:445:3;Other:;en;Other;Other;SELECT_MANY_CHECKBOX
438;2;urn:osse-91:dataelement:438:2;kA;de;kA;kA;SELECT_ONE_RADIO
438;2;urn:osse-91:dataelement:438:2;nein;de;Nein;Nein;SELECT_ONE_RADIO
438;2;urn:osse-91:dataelement:438:2;ja;de;Ja;Ja;SELECT_ONE_RADIO
31;4;urn:osse-91:dataelement:31:4;kA;de;kA;kA;SELECT_ONE_RADIO
31;4;urn:osse-91:dataelement:31:4;nein;de;Nein;Nein;SELECT_ONE_RADIO
31;4;urn:osse-91:dataelement:31:4;ja;de;Ja;Ja;SELECT_ONE_RADIO
32;5;urn:osse-91:dataelement:32:5;Hypo/Dysplastische Nieren;de;Hypo/Dysplastische Nieren;Hypo/Dysplastische Nieren;SELECT_MANY_CHECKBOX
32;5;urn:osse-91:dataelement:32:5;Vergrößerte Nieren;de;Vergrößerte Nieren;Vergrößerte Nieren;SELECT_MANY_CHECKBOX
32;5;urn:osse-91:dataelement:32:5;Hyperechogene Nieren;de;Hyperechogene Nieren;Hyperechogene Nieren;SELECT_MANY_CHECKBOX
32;5;urn:osse-91:dataelement:32:5;Nierenzysten;de;Nierenzysten;Nierenzysten;SELECT_MANY_CHECKBOX
32;5;urn:osse-91:dataelement:32:5;Potter – Sequenz;de;Potter – Sequenz;Potter – Sequenz;SELECT_MANY_CHECKBOX
32;5;urn:osse-91:dataelement:32:5;Hydronephrose;de;Hydronephrose;Hydronephrose;SELECT_MANY_CHECKBOX
32;5;urn:osse-91:dataelement:32:5;Dystope Nieren;de;Dystope Nieren;Dystope Nieren;SELECT_MANY_CHECKBOX
32;5;urn:osse-91:dataelement:32:5;Kardiale Auffälligkeiten;de;Kardiale Auffälligkeiten;Kardiale Auffälligkeiten;SELECT_MANY_CHECKBOX
32;5;urn:osse-91:dataelement:32:5;Hexadaktylie;de;Hexadaktylie;Hexadaktylie;SELECT_MANY_CHECKBOX
32;5;urn:osse-91:dataelement:32:5;Cerebrale Auffälligkeiten;de;Cerebrale Auffälligkeiten;Cerebrale Auffälligkeiten;SELECT_MANY_CHECKBOX
32;5;urn:osse-91:dataelement:32:5;sonstige;de;Sonstige;Sonstige;SELECT_MANY_CHECKBOX
663;1;urn:osse-91:dataelement:663:1;Insulinpflichtig;de;Insulinpflichtig;Insulinpflichtig;SELECT_ONE_RADIO
663;1;urn:osse-91:dataelement:663:1;Orale Medikation;de;Oral medication;Oral medication;SELECT_ONE_RADIO
663;1;urn:osse-91:dataelement:663:1;Diätetisch eingestellt;de;Diätetisch eingestellt;Diätetisch eingestellt;SELECT_ONE_RADIO
664;1;urn:osse-91:dataelement:664:1;Other;de;Sonstige;Sonstige;SELECT_MANY_CHECKBOX
664;1;urn:osse-91:dataelement:664:1;Arterielle Hypertonie;de;Arterielle Hypertonie;Arterielle Hypertonie;SELECT_MANY_CHECKBOX
664;1;urn:osse-91:dataelement:664:1;Medikamente;de;Medikamente;Medikamente;SELECT_MANY_CHECKBOX
664;1;urn:osse-91:dataelement:664:1;Polyhydramnion;de;Polyhydramnion;Polyhydramnion;SELECT_MANY_CHECKBOX
664;2;urn:osse-91:dataelement:664:2;Other;en;other;other;SELECT_MANY_CHECKBOX
664;2;urn:osse-91:dataelement:664:2;Arterielle Hypertonie;en;arterial hypertension;arterial hypertension;SELECT_MANY_CHECKBOX
664;2;urn:osse-91:dataelement:664:2;Medikamente;de;Medikamente;Medikamente;SELECT_MANY_CHECKBOX
664;2;urn:osse-91:dataelement:664:2;Polyhydramnion;en;polyhydramnios;polyhydramnios;SELECT_MANY_CHECKBOX
434;4;urn:osse-91:dataelement:434:4;Fehlbildungen der Nieren +/- Harnwege;en;malformation of kindneys + / - urinary tract;malformation of kindneys + / - urinary tract;SELECT_MANY_CHECKBOX
434;4;urn:osse-91:dataelement:434:4;Genitale Fehlbildungen;en;genital malformation;genital malformation;SELECT_MANY_CHECKBOX
434;4;urn:osse-91:dataelement:434:4;Nierenzysten;en;renal cysts;renal cysts;SELECT_MANY_CHECKBOX
434;4;urn:osse-91:dataelement:434:4;Diabetes mellitus (MODY-Diabetes);en;diabetes mellitus (MODY-Diabetes);diabetes mellitus (MODY-Diabetes);SELECT_MANY_CHECKBOX
434;4;urn:osse-91:dataelement:434:4;Hyperurikämie;en;hyperuricaemia;hyperuricaemia;SELECT_MANY_CHECKBOX
434;4;urn:osse-91:dataelement:434:4;Hypomagnesiämie;en;hypermagnesaemia;hypermagnesaemia;SELECT_MANY_CHECKBOX
434;4;urn:osse-91:dataelement:434:4;Erhöhte Transaminasen;en;increased transaminases;increased transaminases;SELECT_MANY_CHECKBOX
434;4;urn:osse-91:dataelement:434:4;Positive Familienanamnese für Diabetes mellitus;en;diabetes mellitus in familiy;diabetes mellitus in familiy;SELECT_MANY_CHECKBOX
434;4;urn:osse-91:dataelement:434:4;Positive Familienanamnese für Gichterkrankung;en;gout disease in familiy;gout disease in familiy;SELECT_MANY_CHECKBOX
434;4;urn:osse-91:dataelement:434:4;Verhaltensaufälligkeiten;en;behavioral syndromes;behavioral syndromes;SELECT_MANY_CHECKBOX
434;4;urn:osse-91:dataelement:434:4;Positive Familienanamnese für Nierenerkrankgungen;en;kidney disease in family;kidney disease in family;SELECT_MANY_CHECKBOX
458;5;urn:osse-91:dataelement:458:5;Other:;de;Sonstige;Sonstige;SELECT_MANY_CHECKBOX
458;5;urn:osse-91:dataelement:458:5;Nierenzysten;de;Nierenzysten;Nierenzysten;SELECT_MANY_CHECKBOX
458;5;urn:osse-91:dataelement:458:5;Chron. Niereninsuffizienz;de;Chron. Niereninsuffizienz;Chron. Niereninsuffizienz;SELECT_MANY_CHECKBOX
458;5;urn:osse-91:dataelement:458:5;Dialyse;de;Dialyse;Dialyse;SELECT_MANY_CHECKBOX
458;5;urn:osse-91:dataelement:458:5;Nierentransplantation;de;Nierentransplantation;Nierentransplantation;SELECT_MANY_CHECKBOX
458;5;urn:osse-91:dataelement:458:5;ARPKD;de;ARPKD;ARPKD;SELECT_MANY_CHECKBOX
458;5;urn:osse-91:dataelement:458:5;ADPKD;de;ADPKD;ADPKD;SELECT_MANY_CHECKBOX
458;5;urn:osse-91:dataelement:458:5;Nephoronophthise;de;Nephoronophthise;Nephoronophthise;SELECT_MANY_CHECKBOX
458;5;urn:osse-91:dataelement:458:5;HFN1ß;de;HFN1ß;HFN1ß;SELECT_MANY_CHECKBOX
673;1;urn:osse-91:dataelement:673:1;HFN1ß;en;HFN1ß;HFN1ß;SELECT_MANY_CHECKBOX
673;1;urn:osse-91:dataelement:673:1;Nephoronophthise;en;nephronophthisis;nephronophthisis;SELECT_MANY_CHECKBOX
673;1;urn:osse-91:dataelement:673:1;ADPKD;en;ADPKD;ADPKD;SELECT_MANY_CHECKBOX
673;1;urn:osse-91:dataelement:673:1;ARPKD;en;ARPKD;ARPKD;SELECT_MANY_CHECKBOX
673;1;urn:osse-91:dataelement:673:1;Nierentransplantation;en;renal transplantation ;renal transplantation ;SELECT_MANY_CHECKBOX
673;1;urn:osse-91:dataelement:673:1;Dialyse;en;dialysis;dialysis;SELECT_MANY_CHECKBOX
673;1;urn:osse-91:dataelement:673:1;Chron. Niereninsuffizienz;en;chronic kidney disease;chronic kidney disease;SELECT_MANY_CHECKBOX
673;1;urn:osse-91:dataelement:673:1;Nierenzysten;en;renal cysts;renal cysts;SELECT_MANY_CHECKBOX
673;1;urn:osse-91:dataelement:673:1;Other:;en;Other;Other;SELECT_MANY_CHECKBOX
505;2;urn:osse-91:dataelement:505:2;Ja;en;Yes;Yes;SELECT_ONE_RADIO
505;2;urn:osse-91:dataelement:505:2;Nein;en;No;No;SELECT_ONE_RADIO
505;2;urn:osse-91:dataelement:505:2;kA;en;kA;kA;SELECT_ONE_RADIO
462;3;urn:osse-91:dataelement:462:3;Ja;en;Yes;Yes;SELECT_ONE_RADIO
462;3;urn:osse-91:dataelement:462:3;Nein;en;No;No;SELECT_ONE_RADIO
462;3;urn:osse-91:dataelement:462:3;kA;en;na;na;SELECT_ONE_RADIO
665;1;urn:osse-91:dataelement:665:1;Andere;de;Andere;Andere;SELECT_ONE_RADIO
665;1;urn:osse-91:dataelement:665:1;Nephreg;de;Nephreg;Nephreg;SELECT_ONE_RADIO
665;1;urn:osse-91:dataelement:665:1;BBS;de;BBS;BBS;SELECT_ONE_RADIO
665;1;urn:osse-91:dataelement:665:1;ARegPKD;de;ARegPKD;ARegPKD;SELECT_ONE_RADIO
665;1;urn:osse-91:dataelement:665:1;HNF1ß;de;HNF1ß;HNF1ß;SELECT_ONE_RADIO
677;1;urn:osse-91:dataelement:677:1;HNF1ß;en;HNF1ß;HNF1ß;SELECT_ONE_RADIO
677;1;urn:osse-91:dataelement:677:1;ARegPKD;en;ARegPKD;ARegPKD;SELECT_ONE_RADIO
677;1;urn:osse-91:dataelement:677:1;BBS;en;BBS;BBS;SELECT_ONE_RADIO
677;1;urn:osse-91:dataelement:677:1;Nephreg;en;Nephreg;Nephreg;SELECT_ONE_RADIO
677;1;urn:osse-91:dataelement:677:1;Andere;en;Other;Other patient register study;SELECT_ONE_RADIO
47;4;urn:osse-91:dataelement:47:4;Ja;de;Ja;Ja;SELECT_ONE_RADIO
47;4;urn:osse-91:dataelement:47:4;Möglich;en;Possible;Possible;SELECT_ONE_RADIO
47;4;urn:osse-91:dataelement:47:4;Nein;en;No;No;SELECT_ONE_RADIO
47;4;urn:osse-91:dataelement:47:4;kA;en;na;na;SELECT_ONE_RADIO
47;5;urn:osse-91:dataelement:47:5;Ja;en;Yes;Yes;SELECT_ONE_RADIO
47;5;urn:osse-91:dataelement:47:5;Möglich;de;Möglich;Möglich;SELECT_ONE_RADIO
47;5;urn:osse-91:dataelement:47:5;Nein;de;Nein;Nein;SELECT_ONE_RADIO
47;5;urn:osse-91:dataelement:47:5;kA;de;kA;kA;SELECT_ONE_RADIO
435;2;urn:osse-91:dataelement:435:2;Adipositas;de;Adipositas;Adipositas;SELECT_MANY_CHECKBOX
435;2;urn:osse-91:dataelement:435:2;Tapetoretinale Degeneration;de;Tapetoretinale Degeneration;Tapetoretinale Degeneration;SELECT_MANY_CHECKBOX
435;2;urn:osse-91:dataelement:435:2;Hypogenitalismus;de;Hypogenitalismus;Hypogenitalismus;SELECT_MANY_CHECKBOX
435;2;urn:osse-91:dataelement:435:2;Postaxiale Hexadaktylie;de;Postaxiale Hexadaktylie;Postaxiale Hexadaktylie;SELECT_MANY_CHECKBOX
435;2;urn:osse-91:dataelement:435:2;Mentale Retardierung;de;Mentale Retardierung;Mentale Retardierung;SELECT_MANY_CHECKBOX
435;2;urn:osse-91:dataelement:435:2;Verhaltensauffälligkeiten;en;behavioral syndroms;behavioral syndroms;SELECT_MANY_CHECKBOX
54;3;urn:osse-91:dataelement:54:3;Female;de;Weiblich;Geschlecht des Geschwisters ist weiblich;SELECT_ONE_RADIO
54;3;urn:osse-91:dataelement:54:3;Male;de;Männlich;Geschlecht des Geschwisters ist männlich;SELECT_ONE_RADIO
524;2;urn:osse-91:dataelement:524:2;Ja;de;Ja;Ja;
524;2;urn:osse-91:dataelement:524:2;Nein;de;Nein;Nein;
524;2;urn:osse-91:dataelement:524:2;kA;de;kA;kA;
682;1;urn:osse-91:dataelement:682:1;HNF1ß;en;HNF1ß;HNF1ß;SELECT_ONE_RADIO
682;1;urn:osse-91:dataelement:682:1;ARegPKD;en;ARegPKD;ARegPKD;SELECT_ONE_RADIO
682;1;urn:osse-91:dataelement:682:1;BBS;en;BBS;BBS;SELECT_ONE_RADIO
682;1;urn:osse-91:dataelement:682:1;Nephreg;en;Nephreg;Nephreg;SELECT_ONE_RADIO
682;1;urn:osse-91:dataelement:682:1;Andere;en;Other;Other patient register study;SELECT_ONE_RADIO
684;1;urn:osse-91:dataelement:684:1;unclear;de;unklar;unklar;SELECT_ONE_RADIO
684;1;urn:osse-91:dataelement:684:1;Nein;de;Nein;Nein;SELECT_ONE_RADIO
684;1;urn:osse-91:dataelement:684:1;Ja;de;Ja;Ja;SELECT_ONE_RADIO
508;3;urn:osse-91:dataelement:508:3;Einzelgenuntersuchung;de;Einzelgenuntersuchung;Einzelgenuntersuchung;SELECT_ONE_RADIO
508;3;urn:osse-91:dataelement:508:3;NGS-Panel;de;NGS-Panel;NGS-Panel;SELECT_ONE_RADIO
508;3;urn:osse-91:dataelement:508:3;Whole Exome Sequencing;de;Whole Exome Sequencing;Whole Exome Sequencing;SELECT_ONE_RADIO
508;3;urn:osse-91:dataelement:508:3;Whole Genome;de;Whole Genome;Whole Genome;SELECT_ONE_RADIO
509;3;urn:osse-91:dataelement:509:3;homozygot;en;homozygot;homozygot;SELECT_ONE_RADIO
509;3;urn:osse-91:dataelement:509:3;heterozygot;en;heterozygot;heterozygot;SELECT_ONE_RADIO
509;3;urn:osse-91:dataelement:509:3;compound heterozygot;en;compound heterozygot;compound heterozygot;SELECT_ONE_RADIO
509;3;urn:osse-91:dataelement:509:3;keine Mutation gefunden;en;keine Mutation gefunden;keine Mutation gefunden;SELECT_ONE_RADIO
509;3;urn:osse-91:dataelement:509:3;Befund ausstehend;en;Befund ausstehend;Befund ausstehend;SELECT_ONE_RADIO
54;4;urn:osse-91:dataelement:54:4;Female;en;Female;Gender of the sibling is female;SELECT_ONE_RADIO
54;4;urn:osse-91:dataelement:54:4;Male;en;Male;Gender of the sibling is male;SELECT_ONE_RADIO
683;1;urn:osse-91:dataelement:683:1;kA;de;kA;kA;SELECT_ONE_RADIO
683;1;urn:osse-91:dataelement:683:1;Nein;de;Nein;Nein;SELECT_ONE_RADIO
683;1;urn:osse-91:dataelement:683:1;Ja;de;Ja;Ja;SELECT_ONE_RADIO
682;2;urn:osse-91:dataelement:682:2;HNF1ß;de;HNF1ß;HNF1ß;SELECT_ONE_RADIO
682;2;urn:osse-91:dataelement:682:2;ARegPKD;de;ARegPKD;ARegPKD;SELECT_ONE_RADIO
682;2;urn:osse-91:dataelement:682:2;BBS;de;BBS;BBS;SELECT_ONE_RADIO
682;2;urn:osse-91:dataelement:682:2;Nephreg;de;Nephreg;Nephreg;SELECT_ONE_RADIO
682;2;urn:osse-91:dataelement:682:2;Andere;de;Andere;Andere;SELECT_ONE_RADIO
456;4;urn:osse-91:dataelement:456:4;kA;en;na;na;SELECT_ONE_RADIO
456;4;urn:osse-91:dataelement:456:4;Nein;en;No;No;SELECT_ONE_RADIO
456;4;urn:osse-91:dataelement:456:4;Ja;en;Yes;Yes;SELECT_ONE_RADIO
672;1;urn:osse-91:dataelement:672:1;Ja;en;Yes;Yes;SELECT_ONE_RADIO
672;1;urn:osse-91:dataelement:672:1;Nein;de;Nein;Nein;SELECT_ONE_RADIO
672;1;urn:osse-91:dataelement:672:1;kA;de;kA;kA;SELECT_ONE_RADIO
676;1;urn:osse-91:dataelement:676:1;kA;de;kA;kA;SELECT_ONE_RADIO
676;1;urn:osse-91:dataelement:676:1;Nein;de;Nein;Nein;SELECT_ONE_RADIO
676;1;urn:osse-91:dataelement:676:1;Ja;de;Ja;Ja;SELECT_ONE_RADIO
547;2;urn:osse-91:dataelement:547:2;Ja;de;Ja;Ja;
547;2;urn:osse-91:dataelement:547:2;Nein;de;Nein;Nein;
547;2;urn:osse-91:dataelement:547:2;kA;de;kA;kA;
329;1;urn:osse-91:dataelement:329:1;Ja;en;Yes;Yes;SELECT_ONE_RADIO
329;1;urn:osse-91:dataelement:329:1;Nein;en;No;No;SELECT_ONE_RADIO
329;1;urn:osse-91:dataelement:329:1;kA;en;na;na;SELECT_ONE_RADIO
319;2;urn:osse-91:dataelement:319:2;Jaffe;de;Jaffé;Jaffé;
319;2;urn:osse-91:dataelement:319:2;enzymatisch;de;enzymatisch;enzymatisch;
319;2;urn:osse-91:dataelement:319:2;kA;de;kA;kA;
509;4;urn:osse-91:dataelement:509:4;homozygot;de;homozygot;homozygot;SELECT_ONE_RADIO
509;4;urn:osse-91:dataelement:509:4;heterozygot;de;heterozygot;heterozygot;SELECT_ONE_RADIO
509;4;urn:osse-91:dataelement:509:4;compound heterozygot;de;compound heterozygot;compound heterozygot;SELECT_ONE_RADIO
509;4;urn:osse-91:dataelement:509:4;keine Mutation gefunden;de;No mutation found;No mutation found;SELECT_ONE_RADIO
509;4;urn:osse-91:dataelement:509:4;Befund ausstehend;de;Befund ausstehend;Befund ausstehend;SELECT_ONE_RADIO
508;4;urn:osse-91:dataelement:508:4;Einzelgenuntersuchung;en;Single gene ;Single gene test;SELECT_ONE_RADIO
508;4;urn:osse-91:dataelement:508:4;NGS-Panel;en;NGS-Panel;NGS-Panel;SELECT_ONE_RADIO
508;4;urn:osse-91:dataelement:508:4;Whole Exome Sequencing;en;Whole Exome Sequencing;Whole Exome Sequencing;SELECT_ONE_RADIO
508;4;urn:osse-91:dataelement:508:4;Whole Genome;en;Whole Genome;Whole Genome;SELECT_ONE_RADIO
329;2;urn:osse-91:dataelement:329:2;Ja;de;Ja;Ja;SELECT_ONE_RADIO
329;2;urn:osse-91:dataelement:329:2;Nein;de;Nein;Nein;SELECT_ONE_RADIO
329;2;urn:osse-91:dataelement:329:2;kA;de;kA;kA;SELECT_ONE_RADIO
532;2;urn:osse-91:dataelement:532:2;Ja;de;Ja;Ja;SELECT_ONE_RADIO
532;2;urn:osse-91:dataelement:532:2;Nein;de;Nein;Nein;SELECT_ONE_RADIO
532;2;urn:osse-91:dataelement:532:2;kA;de;kA;kA;SELECT_ONE_RADIO
687;1;urn:osse-91:dataelement:687:1;kA;de;kA;kA;SELECT_ONE_RADIO
687;1;urn:osse-91:dataelement:687:1;Nein;de;Nein;Nein;SELECT_ONE_RADIO
687;1;urn:osse-91:dataelement:687:1;Ja;de;Ja;Ja;SELECT_ONE_RADIO
548;2;urn:osse-91:dataelement:548:2;Ja;de;Ja;Ja;
548;2;urn:osse-91:dataelement:548:2;Nein;de;Nein;Nein;
548;2;urn:osse-91:dataelement:548:2;kA;de;kA;kA;
548;3;urn:osse-91:dataelement:548:3;Ja;de;Ja;Ja;
548;3;urn:osse-91:dataelement:548:3;Nein;de;Nein;Nein;
548;3;urn:osse-91:dataelement:548:3;kA;de;kA;kA;
689;1;urn:osse-91:dataelement:689:1;Männlich;de;Männlich;Männlich;SELECT_ONE_RADIO
689;1;urn:osse-91:dataelement:689:1;Weiblich;de;Weiblich;Weiblich;SELECT_ONE_RADIO
553;3;urn:osse-91:dataelement:553:3;Type I;en;Type I ;Type I Diabetes Mellitus;SELECT_ONE_RADIO
553;3;urn:osse-91:dataelement:553:3;Type II;en;Type II;Type II Diabetes Mellitus;SELECT_ONE_RADIO
553;3;urn:osse-91:dataelement:553:3;Type III;en;Type III;Type II Diabetes Mellitus;SELECT_ONE_RADIO
619;1;urn:osse-91:dataelement:619:1;Ja;de;Ja;Ja;
619;1;urn:osse-91:dataelement:619:1;Nein;de;Nein;Nein;
319;3;urn:osse-91:dataelement:319:3;Jaffe;en;Jaffé;Jaffé;
319;3;urn:osse-91:dataelement:319:3;enzymatisch;en;enzymatic;enzymatic;
319;3;urn:osse-91:dataelement:319:3;kA;en;na;na;
619;2;urn:osse-91:dataelement:619:2;Ja;en;Yes;Yes;SELECT_ONE_RADIO
619;2;urn:osse-91:dataelement:619:2;Nein;en;No;No;SELECT_ONE_RADIO
687;2;urn:osse-91:dataelement:687:2;kA;de;kA;kA;SELECT_ONE_RADIO
687;2;urn:osse-91:dataelement:687:2;Nein;de;Nein;Nein;SELECT_ONE_RADIO
687;2;urn:osse-91:dataelement:687:2;Ja;de;Ja;Ja;SELECT_ONE_RADIO
581;2;urn:osse-91:dataelement:581:2;Ja;de;Ja;Ja;SELECT_ONE_RADIO
581;2;urn:osse-91:dataelement:581:2;Nein;de;Nein;Nein;SELECT_ONE_RADIO
539;2;urn:osse-91:dataelement:539:2;Ja;de;Ja;Ja;SELECT_ONE_RADIO
539;2;urn:osse-91:dataelement:539:2;Nein;de;Nein;Nein;SELECT_ONE_RADIO
539;2;urn:osse-91:dataelement:539:2;kA;de;kA;kA;SELECT_ONE_RADIO
548;4;urn:osse-91:dataelement:548:4;Ja;en;Yes;Yes;SELECT_ONE_RADIO
548;4;urn:osse-91:dataelement:548:4;Nein;en;No;No;SELECT_ONE_RADIO
548;4;urn:osse-91:dataelement:548:4;kA;en;na;na;SELECT_ONE_RADIO
547;3;urn:osse-91:dataelement:547:3;Ja;de;Ja;Ja;SELECT_ONE_RADIO
547;3;urn:osse-91:dataelement:547:3;Nein;de;Nein;Nein;SELECT_ONE_RADIO
547;3;urn:osse-91:dataelement:547:3;kA;de;kA;kA;SELECT_ONE_RADIO
569;2;urn:osse-91:dataelement:569:2;Yes;de;Ja;Ja;SELECT_ONE_RADIO
569;2;urn:osse-91:dataelement:569:2;No;de;Nein;Nein;SELECT_ONE_RADIO
569;2;urn:osse-91:dataelement:569:2;na;de;kA;kA;SELECT_ONE_RADIO
591;2;urn:osse-91:dataelement:591:2;Yes;de;Ja;Ja;SELECT_ONE_RADIO
591;2;urn:osse-91:dataelement:591:2;Nein;de;Nein;Nein;SELECT_ONE_RADIO
591;2;urn:osse-91:dataelement:591:2;kA;de;kA;kA;SELECT_ONE_RADIO
709;1;urn:osse-91:dataelement:709:1;Innenohrschwerhörigkeit;de;Innenohrschwerhörigkeit;Innenohrschwerhörigkeit;SELECT_MANY_CHECKBOX
709;1;urn:osse-91:dataelement:709:1;Schallleitungsstörung;de;Schallleitungsstörung;Schallleitungsstörung;SELECT_MANY_CHECKBOX
116;2;urn:osse-91:dataelement:116:2;ACE – Hemmer;de;ACE – Hemmer;ACE – Hemmer;SELECT_MANY_CHECKBOX
116;2;urn:osse-91:dataelement:116:2;Beta-Blocker;de;Beta-Blocker;Beta-Blocker;SELECT_MANY_CHECKBOX
116;2;urn:osse-91:dataelement:116:2;AT1-Rezeptorantagonist;de;AT1-Rezeptorantagonist;AT1-Rezeptorantagonist;SELECT_MANY_CHECKBOX
116;2;urn:osse-91:dataelement:116:2;Diuretikum;de;Diuretikum;Diuretikum;SELECT_MANY_CHECKBOX
116;2;urn:osse-91:dataelement:116:2;Calciumantagonist;de;Calciumantagonist;Calciumantagonist;SELECT_MANY_CHECKBOX
116;2;urn:osse-91:dataelement:116:2;Sonstige Antihypertensiva;de;Sonstige Antihypertensiva;Sonstige Antihypertensiva;SELECT_MANY_CHECKBOX
116;3;urn:osse-91:dataelement:116:3;ACE – Hemmer;en;ACE – inhibitor;ACE – inhibitor;SELECT_MANY_CHECKBOX
116;3;urn:osse-91:dataelement:116:3;Beta-Blocker;en;Beta-Blocker;Beta-Blocker;SELECT_MANY_CHECKBOX
116;3;urn:osse-91:dataelement:116:3;AT1-Rezeptorantagonist;en;AT1- receptor antagonist;AT1- receptor antagonist;SELECT_MANY_CHECKBOX
116;3;urn:osse-91:dataelement:116:3;Diuretikum;en;Diuretics;Diuretics;SELECT_MANY_CHECKBOX
116;3;urn:osse-91:dataelement:116:3;Calciumantagonist;en;Calcium antagonist;Calcium antagonist;SELECT_MANY_CHECKBOX
116;3;urn:osse-91:dataelement:116:3;Sonstige Antihypertensiva;en;..other antihypertensive treatment;..other antihypertensive treatment;SELECT_MANY_CHECKBOX
703;1;urn:osse-91:dataelement:703:1;Ja;de;Ja;Ja;SELECT_ONE_RADIO
703;1;urn:osse-91:dataelement:703:1;Nein;de;Nein;Nein;SELECT_ONE_RADIO
703;1;urn:osse-91:dataelement:703:1;kA;de;kA;kA;SELECT_ONE_RADIO
711;1;urn:osse-91:dataelement:711:1;Nein;de;Nein;Nein;SELECT_ONE_RADIO
711;1;urn:osse-91:dataelement:711:1;Ja;de;Ja;Ja;SELECT_ONE_RADIO
600;2;urn:osse-91:dataelement:600:2;Nein;en;No;No;SELECT_ONE_RADIO
600;2;urn:osse-91:dataelement:600:2;Ja;en;Yes;Yes;SELECT_ONE_RADIO
714;1;urn:osse-91:dataelement:714:1;Ja;de;Ja;Ja;SELECT_ONE_RADIO
714;1;urn:osse-91:dataelement:714:1;Nein;de;Nein;Nein;SELECT_ONE_RADIO
716;1;urn:osse-91:dataelement:716:1;Ja;en;Yes;Yes;SELECT_ONE_RADIO
716;1;urn:osse-91:dataelement:716:1;Nein;en;No;No;SELECT_ONE_RADIO
716;2;urn:osse-91:dataelement:716:2;Ja;de;Ja;Ja;SELECT_ONE_RADIO
716;2;urn:osse-91:dataelement:716:2;Nein;de;Nein;Nein;SELECT_ONE_RADIO
719;1;urn:osse-91:dataelement:719:1;Nein;en;No;No;SELECT_ONE_RADIO
719;1;urn:osse-91:dataelement:719:1;Ja;en;Yes;Yes;SELECT_ONE_RADIO
721;1;urn:osse-91:dataelement:721:1;Ja;en;Mutation found;Mutation found;SELECT_ONE_RADIO
721;1;urn:osse-91:dataelement:721:1;Nein;en;No mutation found;No mutation found;SELECT_ONE_RADIO
893;1;urn:osse-91:dataelement:893:1;unbekannt;de;unbekannt;unbekannt;
893;1;urn:osse-91:dataelement:893:1;Mutter;de;Mutter;Mutter;
893;1;urn:osse-91:dataelement:893:1;Vater;de;Vater;Vater;
893;1;urn:osse-91:dataelement:893:1;Schwester;de;Schwester;Schwester;
893;1;urn:osse-91:dataelement:893:1;Bruder;de;Bruder;Bruder;
893;1;urn:osse-91:dataelement:893:1;Großmutter;de;Großmutter;Großmutter;
893;1;urn:osse-91:dataelement:893:1;Großvater;de;Großvater;Großvater;
893;1;urn:osse-91:dataelement:893:1;sonstige;de;sonstige;sonstige;
896;1;urn:osse-91:dataelement:896:1;unbekannt;de;unbekannt;unbekannt;
896;1;urn:osse-91:dataelement:896:1;Mutter;de;Mutter;Mutter;
896;1;urn:osse-91:dataelement:896:1;Vater;de;Vater;Vater;
896;1;urn:osse-91:dataelement:896:1;Schwester;de;Schwester;Schwester;
896;1;urn:osse-91:dataelement:896:1;Bruder;de;Bruder;Bruder;
896;1;urn:osse-91:dataelement:896:1;Großmutter;de;Großmutter;Großmutter;
896;1;urn:osse-91:dataelement:896:1;Großvater;de;Großvater;Großvater;
896;1;urn:osse-91:dataelement:896:1;Sonstige;de;Sonstige;Sonstige;
898;1;urn:osse-91:dataelement:898:1;Ja;de;Ja;Ja;
898;1;urn:osse-91:dataelement:898:1;Nein;de;Nein;Nein;
898;1;urn:osse-91:dataelement:898:1;unbekannt;de;unbekannt;unbekannt;
900;1;urn:osse-91:dataelement:900:1;Ja;de;Ja;Ja;
900;1;urn:osse-91:dataelement:900:1;Nein;de;Nein;Nein;
900;1;urn:osse-91:dataelement:900:1;unbekannt;de;unbekannt;unbekannt;
903;1;urn:osse-91:dataelement:903:1;Ja;de;Ja;Ja;
903;1;urn:osse-91:dataelement:903:1;Nein;de;Nein;Nein;
903;1;urn:osse-91:dataelement:903:1;unbekannt;de;unbekannt;unbekannt;
906;1;urn:osse-91:dataelement:906:1;Ja;de;Ja;Ja;
906;1;urn:osse-91:dataelement:906:1;Nein;de;Nein;Nein;
906;1;urn:osse-91:dataelement:906:1;unbekannt;de;unbekannt;unbekannt;
909;1;urn:osse-91:dataelement:909:1;Ja;de;Ja;Ja;
909;1;urn:osse-91:dataelement:909:1;Nein;de;Nein;Nein;
909;1;urn:osse-91:dataelement:909:1;unbekannt;de;unbekannt;unbekannt;
912;1;urn:osse-91:dataelement:912:1;Ja;de;Ja;Ja;
912;1;urn:osse-91:dataelement:912:1;Nein;de;Nein;Nein;
912;1;urn:osse-91:dataelement:912:1;unbekannt;de;unbekannt;unbekannt;
509;5;urn:osse-91:dataelement:509:5;homozygot;en;homozygot;homozygot;SELECT_ONE_RADIO
509;5;urn:osse-91:dataelement:509:5;heterozygot;en;heterozygot;heterozygot;SELECT_ONE_RADIO
509;5;urn:osse-91:dataelement:509:5;compound heterozygot;en;compound heterozygot;compound heterozygot;SELECT_ONE_RADIO
509;5;urn:osse-91:dataelement:509:5;keine Mutation gefunden;de;keine Mutation gefunden;keine Mutation gefunden;SELECT_ONE_RADIO
509;5;urn:osse-91:dataelement:509:5;Befund ausstehend;en;Result pending;Result pending;SELECT_ONE_RADIO
509;6;urn:osse-91:dataelement:509:6;homozygot;de;homozygot;homozygot;SELECT_ONE_RADIO
509;6;urn:osse-91:dataelement:509:6;heterozygot;de;heterozygot;heterozygot;SELECT_ONE_RADIO
509;6;urn:osse-91:dataelement:509:6;compound heterozygot;de;compound heterozygous;compound heterozygous;SELECT_ONE_RADIO
509;6;urn:osse-91:dataelement:509:6;keine Mutation gefunden;en;No mutation found;No mutation found;SELECT_ONE_RADIO
509;6;urn:osse-91:dataelement:509:6;Befund ausstehend;de;Befund ausstehend;Befund ausstehend;SELECT_ONE_RADIO
740;1;urn:osse-91:dataelement:740:1;Nein;de;Keine Mutation gefunden;Keine Mutation gefunden;SELECT_ONE_RADIO
740;1;urn:osse-91:dataelement:740:1;Ja;de;Mutation gefunden;Mutation gefunden;SELECT_ONE_RADIO
741;1;urn:osse-91:dataelement:741:1;Ja;en;Mutation found;Mutation found;SELECT_ONE_RADIO
741;1;urn:osse-91:dataelement:741:1;Nein;en;No mutation found;No mutation found;SELECT_ONE_RADIO
743;1;urn:osse-91:dataelement:743:1;homozygot;de;homozygot;homozygot;SELECT_ONE_RADIO
743;1;urn:osse-91:dataelement:743:1;heterozygot;de;heterozygot;heterozygot;SELECT_ONE_RADIO
744;1;urn:osse-91:dataelement:744:1;heterozygot;en;heterozygous;heterozygous;SELECT_ONE_RADIO
744;1;urn:osse-91:dataelement:744:1;homozygot;en;homozygous;homozygous;SELECT_ONE_RADIO
742;1;urn:osse-91:dataelement:742:1;Befund ausstehend;en;Result pending;Result pending;SELECT_ONE_RADIO
742;1;urn:osse-91:dataelement:742:1;keine Mutation gefunden;de;keine Mutation gefunden;keine Mutation gefunden;SELECT_ONE_RADIO
742;1;urn:osse-91:dataelement:742:1;compound heterozygot;en;compound heterozygous;compound heterozygous;SELECT_ONE_RADIO
742;1;urn:osse-91:dataelement:742:1;heterozygot;en;heterozygous;heterozygous;SELECT_ONE_RADIO
742;1;urn:osse-91:dataelement:742:1;homozygot;en;homozygous;homozygous;SELECT_ONE_RADIO
439;3;urn:osse-91:dataelement:439:3;Amnioveskaler Shunt;en;vesico-amniotic shunt;vesico-amniotic shunt;SELECT_MANY_CHECKBOX
439;3;urn:osse-91:dataelement:439:3;Amnioninfusion;en;amnioinfusion;amnioinfusion;SELECT_MANY_CHECKBOX
439;3;urn:osse-91:dataelement:439:3;Other;en;other:;other type of intervention;SELECT_MANY_CHECKBOX
682;3;urn:osse-91:dataelement:682:3;HNF1ß;en;HNF1ß;HNF1ß;
682;3;urn:osse-91:dataelement:682:3;ARegPKD;en;ARegPKD;ARegPKD;
682;3;urn:osse-91:dataelement:682:3;BBS;en;BBS;BBS;
682;3;urn:osse-91:dataelement:682:3;Nephreg;en;Nephreg;Nephreg;
682;3;urn:osse-91:dataelement:682:3;Andere;en;Other;Other patient register study;
439;2;urn:osse-91:dataelement:439:2;Amnioveskaler Shunt;de;Amnioveskaler Shunt;Amnioveskaler Shunt;SELECT_MANY_CHECKBOX
439;2;urn:osse-91:dataelement:439:2;Amnioninfusion;de;Amnioinfusion;Amnioinfusion;SELECT_MANY_CHECKBOX
439;2;urn:osse-91:dataelement:439:2;Other;de;Andere:;Andere:;SELECT_MANY_CHECKBOX
758;1;urn:osse-91:dataelement:758:1;Hämodialyse;en;hemodialysis;hemodialysis;SELECT_MANY_CHECKBOX
758;1;urn:osse-91:dataelement:758:1;Peritonealdialyse;en;peritoneal dialysis;peritoneal dialysis;SELECT_MANY_CHECKBOX
54;5;urn:osse-91:dataelement:54:5;Female;de;Weiblich;Geschlecht des Geschwisters ist weiblich;
54;5;urn:osse-91:dataelement:54:5;Male;de;Männlich;Geschlecht des Geschwisters ist männlich;
683;2;urn:osse-91:dataelement:683:2;kA;en;na;na;
683;2;urn:osse-91:dataelement:683:2;Nein;en;No;No;
683;2;urn:osse-91:dataelement:683:2;Ja;en;Yes;Yes;
811;1;urn:osse-91:dataelement:811:1;kA;de;kA;kA;SELECT_ONE_RADIO
811;1;urn:osse-91:dataelement:811:1;Nein;de;Nein;Nein;SELECT_ONE_RADIO
811;1;urn:osse-91:dataelement:811:1;Ja;de;Ja;Ja;SELECT_ONE_RADIO
809;1;urn:osse-91:dataelement:809:1;kA;de;kA;kA;
809;1;urn:osse-91:dataelement:809:1;Nein;de;Nein;Nein;
809;1;urn:osse-91:dataelement:809:1;Ja;de;Ja;Ja;
810;1;urn:osse-91:dataelement:810:1;Ja;en;Yes;Yes;SELECT_ONE_RADIO
810;1;urn:osse-91:dataelement:810:1;Nein;en;No;No;SELECT_ONE_RADIO
810;1;urn:osse-91:dataelement:810:1;kA;en;na;na;SELECT_ONE_RADIO
812;1;urn:osse-91:dataelement:812:1;Verstorbenenspende;de;Verstorbenenspende;Verstorbenenspende;SELECT_ONE_RADIO
812;1;urn:osse-91:dataelement:812:1;Lebendspende;de;Lebendspende;Lebendspende;SELECT_ONE_RADIO
813;1;urn:osse-91:dataelement:813:1;enzymatisch;de;enzymatisch;enzymatisch;
813;1;urn:osse-91:dataelement:813:1;Jaffe;de;Jaffé;Jaffé;
785;1;urn:osse-91:dataelement:785:1;Ja;de;Ja;Ja;SELECT_ONE_RADIO
785;1;urn:osse-91:dataelement:785:1;Nein;de;Nein;Nein;SELECT_ONE_RADIO
815;1;urn:osse-91:dataelement:815:1;Großvater mütterlicherseits;de;Großvater mütterlicherseits;Großvater mütterlicherseits;SELECT_MANY_CHECKBOX
815;1;urn:osse-91:dataelement:815:1;Großmutter mütterlicherseits;de;Großmutter mütterlicherseits;Großmutter mütterlicherseits;SELECT_MANY_CHECKBOX
815;1;urn:osse-91:dataelement:815:1;Onkel mütterlicherseits;de;Onkel mütterlicherseits;Onkel mütterlicherseits;SELECT_MANY_CHECKBOX
815;1;urn:osse-91:dataelement:815:1;Tante mütterlicherseits;de;Tante mütterlicherseits;Tante mütterlicherseits;SELECT_MANY_CHECKBOX
815;1;urn:osse-91:dataelement:815:1;Cousin/Cousine mütterlicherseits;de;Cousin/Cousine mütterlicherseits;Cousin/Cousine mütterlicherseits;SELECT_MANY_CHECKBOX
815;1;urn:osse-91:dataelement:815:1;Großvater väterlicherseits;de;Großvater väterlicherseits;Großvater väterlicherseits;SELECT_MANY_CHECKBOX
815;1;urn:osse-91:dataelement:815:1;Großmutter väterlicherseits;de;Großmutter väterlicherseits;Großmutter väterlicherseits;SELECT_MANY_CHECKBOX
815;1;urn:osse-91:dataelement:815:1;Onkel väterlicherseits;de;Onkel väterlicherseits;Onkel väterlicherseits;SELECT_MANY_CHECKBOX
815;1;urn:osse-91:dataelement:815:1;Tante väterlicherseits;de;Tante väterlicherseits;Tante väterlicherseits;SELECT_MANY_CHECKBOX
815;1;urn:osse-91:dataelement:815:1;Cousin/Cousine väterlicherseits;de;Cousin/Cousine väterlicherseits;Cousin/Cousine väterlicherseits;SELECT_MANY_CHECKBOX
815;1;urn:osse-91:dataelement:815:1;Andere:;de;Andere;Andere;SELECT_MANY_CHECKBOX
816;1;urn:osse-91:dataelement:816:1;Andere:;en;Other: ;other ;SELECT_MANY_CHECKBOX
816;1;urn:osse-91:dataelement:816:1;Cousin/Cousine väterlicherseits;en;Paternal cousin;Paternal cousin;SELECT_MANY_CHECKBOX
816;1;urn:osse-91:dataelement:816:1;Tante väterlicherseits;en;Paternal aunt;Paternal aunt;SELECT_MANY_CHECKBOX
816;1;urn:osse-91:dataelement:816:1;Onkel väterlicherseits;en;Paternal uncle;Paternal uncle;SELECT_MANY_CHECKBOX
816;1;urn:osse-91:dataelement:816:1;Großmutter väterlicherseits;en;Paternal grandmother;Paternal grandmother;SELECT_MANY_CHECKBOX
816;1;urn:osse-91:dataelement:816:1;Großvater väterlicherseits;en;Paternal grandfather;Paternal grandfather;SELECT_MANY_CHECKBOX
816;1;urn:osse-91:dataelement:816:1;Cousin/Cousine mütterlicherseits;en;Maternal cousin;Maternal cousin;SELECT_MANY_CHECKBOX
816;1;urn:osse-91:dataelement:816:1;Tante mütterlicherseits;en;Maternal aunt;Maternal aunt;SELECT_MANY_CHECKBOX
816;1;urn:osse-91:dataelement:816:1;Onkel mütterlicherseits;en;Maternal uncle;Maternal uncle;SELECT_MANY_CHECKBOX
816;1;urn:osse-91:dataelement:816:1;Großmutter mütterlicherseits;en;Maternal grandmother;Maternal grandmother;SELECT_MANY_CHECKBOX
816;1;urn:osse-91:dataelement:816:1;Großvater mütterlicherseits;en;Maternal grandfather;Maternal grandfather;SELECT_MANY_CHECKBOX
817;1;urn:osse-91:dataelement:817:1;Großvater mütterlicherseits;de;Großvater mütterlicherseits;Großvater mütterlicherseits;SELECT_MANY_CHECKBOX
817;1;urn:osse-91:dataelement:817:1;Großmutter mütterlicherseits;de;Großmutter mütterlicherseits;Großmutter mütterlicherseits;SELECT_MANY_CHECKBOX
817;1;urn:osse-91:dataelement:817:1;Onkel mütterlicherseits;de;Onkel mütterlicherseits;Onkel mütterlicherseits;SELECT_MANY_CHECKBOX
817;1;urn:osse-91:dataelement:817:1;Tante mütterlicherseits;de;Tante mütterlicherseits;Tante mütterlicherseits;SELECT_MANY_CHECKBOX
817;1;urn:osse-91:dataelement:817:1;Cousin/Cousine mütterlicherseits;de;Cousin/Cousine mütterlicherseits;Cousin/Cousine mütterlicherseits;SELECT_MANY_CHECKBOX
817;1;urn:osse-91:dataelement:817:1;Großvater väterlicherseits;de;Großvater väterlicherseits;Großvater väterlicherseits;SELECT_MANY_CHECKBOX
817;1;urn:osse-91:dataelement:817:1;Großmutter väterlicherseits;de;Großmutter väterlicherseits;Großmutter väterlicherseits;SELECT_MANY_CHECKBOX
817;1;urn:osse-91:dataelement:817:1;Onkel väterlicherseits;de;Onkel väterlicherseits;Onkel väterlicherseits;SELECT_MANY_CHECKBOX
817;1;urn:osse-91:dataelement:817:1;Tante väterlicherseits;de;Tante väterlicherseits;Tante väterlicherseits;SELECT_MANY_CHECKBOX
817;1;urn:osse-91:dataelement:817:1;Cousin/Cousine väterlicherseits;de;Cousin/Cousine väterlicherseits;Cousin/Cousine väterlicherseits;SELECT_MANY_CHECKBOX
817;1;urn:osse-91:dataelement:817:1;Andere:;de;Andere;Andere;SELECT_MANY_CHECKBOX
818;1;urn:osse-91:dataelement:818:1;Andere:;en;Other: ;other ;SELECT_MANY_CHECKBOX
818;1;urn:osse-91:dataelement:818:1;Cousin/Cousine väterlicherseits;en;Paternal cousin;Paternal cousin;SELECT_MANY_CHECKBOX
818;1;urn:osse-91:dataelement:818:1;Tante väterlicherseits;en;Paternal aunt;Paternal aunt;SELECT_MANY_CHECKBOX
818;1;urn:osse-91:dataelement:818:1;Onkel väterlicherseits;en;Paternal uncle;Paternal uncle;SELECT_MANY_CHECKBOX
818;1;urn:osse-91:dataelement:818:1;Großmutter väterlicherseits;en;Paternal grandmother;Paternal grandmother;SELECT_MANY_CHECKBOX
818;1;urn:osse-91:dataelement:818:1;Großvater väterlicherseits;en;Paternal grandfather;Paternal grandfather;SELECT_MANY_CHECKBOX
818;1;urn:osse-91:dataelement:818:1;Cousin/Cousine mütterlicherseits;en;Maternal cousin;Maternal cousin;SELECT_MANY_CHECKBOX
818;1;urn:osse-91:dataelement:818:1;Tante mütterlicherseits;en;Maternal aunt;Maternal aunt;SELECT_MANY_CHECKBOX
818;1;urn:osse-91:dataelement:818:1;Onkel mütterlicherseits;en;Maternal uncle;Maternal uncle;SELECT_MANY_CHECKBOX
818;1;urn:osse-91:dataelement:818:1;Großmutter mütterlicherseits;en;Maternal grandmother;Maternal grandmother;SELECT_MANY_CHECKBOX
818;1;urn:osse-91:dataelement:818:1;Großvater mütterlicherseits;en;Maternal grandfather;Maternal grandfather;SELECT_MANY_CHECKBOX
819;1;urn:osse-91:dataelement:819:1;Großvater mütterlicherseits;de;Großvater mütterlicherseits;Großvater mütterlicherseits;SELECT_MANY_CHECKBOX
819;1;urn:osse-91:dataelement:819:1;Großmutter mütterlicherseits;de;Großmutter mütterlicherseits;Großmutter mütterlicherseits;SELECT_MANY_CHECKBOX
819;1;urn:osse-91:dataelement:819:1;Onkel mütterlicherseits;de;Onkel mütterlicherseits;Onkel mütterlicherseits;SELECT_MANY_CHECKBOX
819;1;urn:osse-91:dataelement:819:1;Tante mütterlicherseits;de;Tante mütterlicherseits;Tante mütterlicherseits;SELECT_MANY_CHECKBOX
819;1;urn:osse-91:dataelement:819:1;Cousin/Cousine mütterlicherseits;de;Cousin/Cousine mütterlicherseits;Cousin/Cousine mütterlicherseits;SELECT_MANY_CHECKBOX
819;1;urn:osse-91:dataelement:819:1;Großvater väterlicherseits;de;Großvater väterlicherseits;Großvater väterlicherseits;SELECT_MANY_CHECKBOX
819;1;urn:osse-91:dataelement:819:1;Großmutter väterlicherseits;de;Großmutter väterlicherseits;Großmutter väterlicherseits;SELECT_MANY_CHECKBOX
819;1;urn:osse-91:dataelement:819:1;Onkel väterlicherseits;de;Onkel väterlicherseits;Onkel väterlicherseits;SELECT_MANY_CHECKBOX
819;1;urn:osse-91:dataelement:819:1;Tante väterlicherseits;de;Tante väterlicherseits;Tante väterlicherseits;SELECT_MANY_CHECKBOX
819;1;urn:osse-91:dataelement:819:1;Cousin/Cousine väterlicherseits;de;Cousin/Cousine väterlicherseits;Cousin/Cousine väterlicherseits;SELECT_MANY_CHECKBOX
819;1;urn:osse-91:dataelement:819:1;Andere:;de;Andere;Andere;SELECT_MANY_CHECKBOX
821;1;urn:osse-91:dataelement:821:1;Großvater mütterlicherseits;de;Großvater mütterlicherseits;Großvater mütterlicherseits;SELECT_MANY_CHECKBOX
821;1;urn:osse-91:dataelement:821:1;Großmutter mütterlicherseits;de;Großmutter mütterlicherseits;Großmutter mütterlicherseits;SELECT_MANY_CHECKBOX
821;1;urn:osse-91:dataelement:821:1;Onkel mütterlicherseits;de;Onkel mütterlicherseits;Onkel mütterlicherseits;SELECT_MANY_CHECKBOX
821;1;urn:osse-91:dataelement:821:1;Tante mütterlicherseits;de;Tante mütterlicherseits;Tante mütterlicherseits;SELECT_MANY_CHECKBOX
821;1;urn:osse-91:dataelement:821:1;Cousin/Cousine mütterlicherseits;de;Cousin/Cousine mütterlicherseits;Cousin/Cousine mütterlicherseits;SELECT_MANY_CHECKBOX
821;1;urn:osse-91:dataelement:821:1;Großvater väterlicherseits;de;Großvater väterlicherseits;Großvater väterlicherseits;SELECT_MANY_CHECKBOX
821;1;urn:osse-91:dataelement:821:1;Großmutter väterlicherseits;de;Großmutter väterlicherseits;Großmutter väterlicherseits;SELECT_MANY_CHECKBOX
821;1;urn:osse-91:dataelement:821:1;Onkel väterlicherseits;de;Onkel väterlicherseits;Onkel väterlicherseits;SELECT_MANY_CHECKBOX
821;1;urn:osse-91:dataelement:821:1;Tante väterlicherseits;de;Tante väterlicherseits;Tante väterlicherseits;SELECT_MANY_CHECKBOX
821;1;urn:osse-91:dataelement:821:1;Cousin/Cousine väterlicherseits;de;Cousin/Cousine väterlicherseits;Cousin/Cousine väterlicherseits;SELECT_MANY_CHECKBOX
821;1;urn:osse-91:dataelement:821:1;Andere:;de;Andere;Andere;SELECT_MANY_CHECKBOX
822;1;urn:osse-91:dataelement:822:1;Andere:;en;Other: ;other ;SELECT_MANY_CHECKBOX
822;1;urn:osse-91:dataelement:822:1;Cousin/Cousine väterlicherseits;en;Paternal cousin;Paternal cousin;SELECT_MANY_CHECKBOX
822;1;urn:osse-91:dataelement:822:1;Tante väterlicherseits;en;Paternal aunt;Paternal aunt;SELECT_MANY_CHECKBOX
822;1;urn:osse-91:dataelement:822:1;Onkel väterlicherseits;en;Paternal uncle;Paternal uncle;SELECT_MANY_CHECKBOX
822;1;urn:osse-91:dataelement:822:1;Großmutter väterlicherseits;en;Paternal grandmother;Paternal grandmother;SELECT_MANY_CHECKBOX
822;1;urn:osse-91:dataelement:822:1;Großvater väterlicherseits;en;Paternal grandfather;Paternal grandfather;SELECT_MANY_CHECKBOX
822;1;urn:osse-91:dataelement:822:1;Cousin/Cousine mütterlicherseits;en;Maternal cousin;Maternal cousin;SELECT_MANY_CHECKBOX
822;1;urn:osse-91:dataelement:822:1;Tante mütterlicherseits;en;Maternal aunt;Maternal aunt;SELECT_MANY_CHECKBOX
822;1;urn:osse-91:dataelement:822:1;Onkel mütterlicherseits;en;Maternal uncle;Maternal uncle;SELECT_MANY_CHECKBOX
822;1;urn:osse-91:dataelement:822:1;Großmutter mütterlicherseits;en;Maternal grandmother;Maternal grandmother;SELECT_MANY_CHECKBOX
822;1;urn:osse-91:dataelement:822:1;Großvater mütterlicherseits;en;Maternal grandfather;Maternal grandfather;SELECT_MANY_CHECKBOX
823;1;urn:osse-91:dataelement:823:1;Großvater mütterlicherseits;de;Großvater mütterlicherseits;Großvater mütterlicherseits;SELECT_MANY_CHECKBOX
823;1;urn:osse-91:dataelement:823:1;Großmutter mütterlicherseits;de;Großmutter mütterlicherseits;Großmutter mütterlicherseits;SELECT_MANY_CHECKBOX
823;1;urn:osse-91:dataelement:823:1;Onkel mütterlicherseits;de;Onkel mütterlicherseits;Onkel mütterlicherseits;SELECT_MANY_CHECKBOX
823;1;urn:osse-91:dataelement:823:1;Tante mütterlicherseits;de;Tante mütterlicherseits;Tante mütterlicherseits;SELECT_MANY_CHECKBOX
823;1;urn:osse-91:dataelement:823:1;Cousin/Cousine mütterlicherseits;de;Cousin/Cousine mütterlicherseits;Cousin/Cousine mütterlicherseits;SELECT_MANY_CHECKBOX
823;1;urn:osse-91:dataelement:823:1;Großvater väterlicherseits;de;Großvater väterlicherseits;Großvater väterlicherseits;SELECT_MANY_CHECKBOX
823;1;urn:osse-91:dataelement:823:1;Großmutter väterlicherseits;de;Großmutter väterlicherseits;Großmutter väterlicherseits;SELECT_MANY_CHECKBOX
823;1;urn:osse-91:dataelement:823:1;Onkel väterlicherseits;de;Onkel väterlicherseits;Onkel väterlicherseits;SELECT_MANY_CHECKBOX
823;1;urn:osse-91:dataelement:823:1;Tante väterlicherseits;de;Tante väterlicherseits;Tante väterlicherseits;SELECT_MANY_CHECKBOX
823;1;urn:osse-91:dataelement:823:1;Cousin/Cousine väterlicherseits;de;Cousin/Cousine väterlicherseits;Cousin/Cousine väterlicherseits;SELECT_MANY_CHECKBOX
823;1;urn:osse-91:dataelement:823:1;Andere:;de;Andere;Andere;SELECT_MANY_CHECKBOX
824;1;urn:osse-91:dataelement:824:1;Andere:;en;Other: ;other ;SELECT_MANY_CHECKBOX
824;1;urn:osse-91:dataelement:824:1;Cousin/Cousine väterlicherseits;en;Paternal cousin;Paternal cousin;SELECT_MANY_CHECKBOX
824;1;urn:osse-91:dataelement:824:1;Tante väterlicherseits;en;Paternal aunt;Paternal aunt;SELECT_MANY_CHECKBOX
824;1;urn:osse-91:dataelement:824:1;Onkel väterlicherseits;en;Paternal uncle;Paternal uncle;SELECT_MANY_CHECKBOX
824;1;urn:osse-91:dataelement:824:1;Großmutter väterlicherseits;en;Paternal grandmother;Paternal grandmother;SELECT_MANY_CHECKBOX
824;1;urn:osse-91:dataelement:824:1;Großvater väterlicherseits;en;Paternal grandfather;Paternal grandfather;SELECT_MANY_CHECKBOX
824;1;urn:osse-91:dataelement:824:1;Cousin/Cousine mütterlicherseits;en;Maternal cousin;Maternal cousin;SELECT_MANY_CHECKBOX
824;1;urn:osse-91:dataelement:824:1;Tante mütterlicherseits;en;Maternal aunt;Maternal aunt;SELECT_MANY_CHECKBOX
824;1;urn:osse-91:dataelement:824:1;Onkel mütterlicherseits;en;Maternal uncle;Maternal uncle;SELECT_MANY_CHECKBOX
824;1;urn:osse-91:dataelement:824:1;Großmutter mütterlicherseits;en;Maternal grandmother;Maternal grandmother;SELECT_MANY_CHECKBOX
824;1;urn:osse-91:dataelement:824:1;Großvater mütterlicherseits;en;Maternal grandfather;Maternal grandfather;SELECT_MANY_CHECKBOX
826;1;urn:osse-91:dataelement:826:1;Andere:;en;Other: ;other ;SELECT_MANY_CHECKBOX
826;1;urn:osse-91:dataelement:826:1;Cousin/Cousine väterlicherseits;en;Paternal cousin;Paternal cousin;SELECT_MANY_CHECKBOX
826;1;urn:osse-91:dataelement:826:1;Tante väterlicherseits;en;Paternal aunt;Paternal aunt;SELECT_MANY_CHECKBOX
826;1;urn:osse-91:dataelement:826:1;Onkel väterlicherseits;en;Paternal uncle;Paternal uncle;SELECT_MANY_CHECKBOX
826;1;urn:osse-91:dataelement:826:1;Großmutter väterlicherseits;en;Paternal grandmother;Paternal grandmother;SELECT_MANY_CHECKBOX
826;1;urn:osse-91:dataelement:826:1;Großvater väterlicherseits;en;Paternal grandfather;Paternal grandfather;SELECT_MANY_CHECKBOX
826;1;urn:osse-91:dataelement:826:1;Cousin/Cousine mütterlicherseits;en;Maternal cousin;Maternal cousin;SELECT_MANY_CHECKBOX
826;1;urn:osse-91:dataelement:826:1;Tante mütterlicherseits;en;Maternal aunt;Maternal aunt;SELECT_MANY_CHECKBOX
826;1;urn:osse-91:dataelement:826:1;Onkel mütterlicherseits;en;Maternal uncle;Maternal uncle;SELECT_MANY_CHECKBOX
826;1;urn:osse-91:dataelement:826:1;Großmutter mütterlicherseits;en;Maternal grandmother;Maternal grandmother;SELECT_MANY_CHECKBOX
826;1;urn:osse-91:dataelement:826:1;Großvater mütterlicherseits;en;Maternal grandfather;Maternal grandfather;SELECT_MANY_CHECKBOX
832;1;urn:osse-91:dataelement:832:1;kA;en;na;na;SELECT_ONE_RADIO
832;1;urn:osse-91:dataelement:832:1;Nein;en;No;No;SELECT_ONE_RADIO
832;1;urn:osse-91:dataelement:832:1;Ja;en;Yes;Yes;SELECT_ONE_RADIO
833;1;urn:osse-91:dataelement:833:1;dystopic;de;dystop;dystop;SELECT_ONE_RADIO
833;1;urn:osse-91:dataelement:833:1;orthotopic;de;orthotop;orthotop;SELECT_ONE_RADIO
834;1;urn:osse-91:dataelement:834:1;dystopic;de;dystop;dystop;SELECT_ONE_RADIO
834;1;urn:osse-91:dataelement:834:1;orthotopic;de;orthotop;orthotop;SELECT_ONE_RADIO
836;1;urn:osse-91:dataelement:836:1;Kortikal;de;Kortikal;Kortikal;SELECT_ONE_RADIO
836;1;urn:osse-91:dataelement:836:1;Medullär;de;Medullär;Medullär;SELECT_ONE_RADIO
837;1;urn:osse-91:dataelement:837:1;Ja;en;Yes;Yes;SELECT_ONE_RADIO
837;1;urn:osse-91:dataelement:837:1;Nein;en;No;No;SELECT_ONE_RADIO
837;1;urn:osse-91:dataelement:837:1;kA;en;Unclear;Unclear;SELECT_ONE_RADIO
838;1;urn:osse-91:dataelement:838:1;> 5 Zysten;en;> 5 Cysts;> 5 Cysts;SELECT_ONE_RADIO
838;1;urn:osse-91:dataelement:838:1;< 5 Zysten;en;< 5 Cysts;< 5 Cysts;SELECT_ONE_RADIO
839;1;urn:osse-91:dataelement:839:1;Größe  > 10 mm (mind. 1 Zyste);de;Größe  > 10 mm (mind. 1 Zyste);Größe  > 10 mm (mind. 1 Zyste);SELECT_ONE_RADIO
839;1;urn:osse-91:dataelement:839:1;Größe  < 10 mm (alle Zysten dieser Niere);de;Größe  < 10 mm (alle Zysten dieser Niere);Größe  < 10 mm (alle Zysten dieser Niere);SELECT_ONE_RADIO
840;1;urn:osse-91:dataelement:840:1;kA;de;kA;kA;SELECT_ONE_RADIO
840;1;urn:osse-91:dataelement:840:1;Nein;de;Nein;Nein;SELECT_ONE_RADIO
840;1;urn:osse-91:dataelement:840:1;Ja;de;Ja;Ja;SELECT_ONE_RADIO
842;1;urn:osse-91:dataelement:842:1;HNF1ß;en;HNF1ß;HNF1ß;SELECT_ONE_RADIO
842;1;urn:osse-91:dataelement:842:1;ARegPKD;en;ARegPKD;ARegPKD;SELECT_ONE_RADIO
842;1;urn:osse-91:dataelement:842:1;BBS;en;BBS;BBS;SELECT_ONE_RADIO
842;1;urn:osse-91:dataelement:842:1;Nephreg;en;Nephreg;Nephreg;SELECT_ONE_RADIO
842;1;urn:osse-91:dataelement:842:1;Andere;en;Other;Other patient register study;SELECT_ONE_RADIO
842;1;urn:osse-91:dataelement:842:1;Neocyst;en;Neocyst;Neocyst;SELECT_ONE_RADIO
843;1;urn:osse-91:dataelement:843:1;Andere;de;Andere;Andere;SELECT_ONE_RADIO
843;1;urn:osse-91:dataelement:843:1;Nephreg;de;Nephreg;Nephreg;SELECT_ONE_RADIO
843;1;urn:osse-91:dataelement:843:1;BBS;de;BBS;BBS;SELECT_ONE_RADIO
843;1;urn:osse-91:dataelement:843:1;ARegPKD;de;ARegPKD;ARegPKD;SELECT_ONE_RADIO
843;1;urn:osse-91:dataelement:843:1;HNF1ß;de;HNF1ß;HNF1ß;SELECT_ONE_RADIO
843;1;urn:osse-91:dataelement:843:1;Neocyst;de;Neocyst;Neocyst;SELECT_ONE_RADIO
845;1;urn:osse-91:dataelement:845:1;Andere: ;de;Andere:;Andere:;SELECT_ONE_RADIO
845;1;urn:osse-91:dataelement:845:1;HNF1ß;de;HNF1ß;HNF1ß;SELECT_ONE_RADIO
845;1;urn:osse-91:dataelement:845:1;BBS;de;BBS;BBS;SELECT_ONE_RADIO
845;1;urn:osse-91:dataelement:845:1;Nephronophthise;de;Nephronophthise;Nephronophthise;SELECT_ONE_RADIO
845;1;urn:osse-91:dataelement:845:1;ARegPKD;de;ARegPKD;ARegPKD;SELECT_ONE_RADIO
845;1;urn:osse-91:dataelement:845:1;Neocyst;de;Neocyst;Neocyst;SELECT_ONE_RADIO
915;1;urn:osse-91:dataelement:915:1;Ja;de;Ja;Ja;
915;1;urn:osse-91:dataelement:915:1;Nein;de;Nein;Nein;
915;1;urn:osse-91:dataelement:915:1;unbekannt;de;unbekannt;unbekannt;
842;3;urn:osse-91:dataelement:842:3;HNF1ß;en;HNF1ß;HNF1ß;SELECT_ONE_RADIO
842;3;urn:osse-91:dataelement:842:3;ARegPKD;en;ARegPKD;ARegPKD;SELECT_ONE_RADIO
842;3;urn:osse-91:dataelement:842:3;BBS;en;BBS;BBS;SELECT_ONE_RADIO
842;3;urn:osse-91:dataelement:842:3;Nephreg;en;Nephreg;Nephreg;SELECT_ONE_RADIO
842;3;urn:osse-91:dataelement:842:3;Andere;en;Other;Other patient register study;SELECT_ONE_RADIO
842;3;urn:osse-91:dataelement:842:3;Neocyst;en;Neocyst;Neocyst;SELECT_ONE_RADIO
703;2;urn:osse-91:dataelement:703:2;Ja;en;Yes;Yes;SELECT_ONE_RADIO
703;2;urn:osse-91:dataelement:703:2;Nein;en;No;No;SELECT_ONE_RADIO
703;2;urn:osse-91:dataelement:703:2;kA;en;na;na;SELECT_ONE_RADIO
703;3;urn:osse-91:dataelement:703:3;Ja;de;Ja;Ja;SELECT_ONE_RADIO
703;3;urn:osse-91:dataelement:703:3;Nein;de;Nein;Nein;SELECT_ONE_RADIO
703;3;urn:osse-91:dataelement:703:3;kA;de;kA;kA;SELECT_ONE_RADIO
441;2;urn:osse-91:dataelement:441:2;kA;en;na;na;SELECT_ONE_RADIO
441;2;urn:osse-91:dataelement:441:2;nein;en;No;No;SELECT_ONE_RADIO
441;2;urn:osse-91:dataelement:441:2;ja;en;Yes;Yes;SELECT_ONE_RADIO
456;5;urn:osse-91:dataelement:456:5;kA;de;kA;kA;SELECT_ONE_RADIO
456;5;urn:osse-91:dataelement:456:5;Nein;de;Nein;Nein;SELECT_ONE_RADIO
456;5;urn:osse-91:dataelement:456:5;Ja;en;Yes;Yes;SELECT_ONE_RADIO
672;2;urn:osse-91:dataelement:672:2;Ja;en;Yes;Yes;SELECT_ONE_RADIO
672;2;urn:osse-91:dataelement:672:2;Nein;en;No;No;SELECT_ONE_RADIO
672;2;urn:osse-91:dataelement:672:2;kA;en;na;na;SELECT_ONE_RADIO
676;2;urn:osse-91:dataelement:676:2;kA;en;na;na;SELECT_ONE_RADIO
676;2;urn:osse-91:dataelement:676:2;Nein;en;No;No;SELECT_ONE_RADIO
676;2;urn:osse-91:dataelement:676:2;Ja;en;Yes;Yes;SELECT_ONE_RADIO
842;2;urn:osse-91:dataelement:842:2;HNF1ß;de;HNF1ß;HNF1ß;SELECT_ONE_RADIO
842;2;urn:osse-91:dataelement:842:2;ARegPKD;de;ARegPKD;ARegPKD;SELECT_ONE_RADIO
842;2;urn:osse-91:dataelement:842:2;BBS;de;BBS;BBS;SELECT_ONE_RADIO
842;2;urn:osse-91:dataelement:842:2;Nephreg;de;Nephreg;Nephreg;SELECT_ONE_RADIO
842;2;urn:osse-91:dataelement:842:2;Andere;de;Andere;Andere;SELECT_ONE_RADIO
842;2;urn:osse-91:dataelement:842:2;Neocyst;de;Neocyst;Neocyst;SELECT_ONE_RADIO
79;2;urn:osse-91:dataelement:79:2;Sequenzierung von Kandidatengenen;en;candidate gene sequencing;candidate gene sequencing;SELECT_MANY_CHECKBOX
79;2;urn:osse-91:dataelement:79:2;Next Generation Sequencing - Panel;en;Next Generation Sequencing - Panel;Next Generation Sequencing - Panel;SELECT_MANY_CHECKBOX
79;2;urn:osse-91:dataelement:79:2;Whole Exome Sequencing;en;Whole Exome Sequencing;Whole Exome Sequencing;SELECT_MANY_CHECKBOX
79;2;urn:osse-91:dataelement:79:2;kA;en;na;na;SELECT_MANY_CHECKBOX
508;5;urn:osse-91:dataelement:508:5;Einzelgenuntersuchung;de;Einzelgenuntersuchung;Einzelgenuntersuchung;SELECT_ONE_RADIO
508;5;urn:osse-91:dataelement:508:5;NGS-Panel;de;NGS-Panel;NGS-Panel;SELECT_ONE_RADIO
508;5;urn:osse-91:dataelement:508:5;Whole Exome Sequencing;de;Whole Exome Sequencing;Whole Exome Sequencing;SELECT_ONE_RADIO
508;5;urn:osse-91:dataelement:508:5;Whole Genome;de;Whole Genome;Whole Genome;SELECT_ONE_RADIO
485;5;urn:osse-91:dataelement:485:5;unclear;en;unclear;unclear;SELECT_ONE_RADIO
485;5;urn:osse-91:dataelement:485:5;Nein;en;No;No;SELECT_ONE_RADIO
485;5;urn:osse-91:dataelement:485:5;Ja;en;Yes;Yes;SELECT_ONE_RADIO
607;3;urn:osse-91:dataelement:607:3;Ja;de;Ja;Ja;SELECT_ONE_RADIO
607;3;urn:osse-91:dataelement:607:3;Nein;de;Nein;Nein;SELECT_ONE_RADIO
607;3;urn:osse-91:dataelement:607:3;unclear;de;unklar;unklar;SELECT_ONE_RADIO
608;3;urn:osse-91:dataelement:608:3;unclear;en;unclear;unclear;SELECT_ONE_RADIO
608;3;urn:osse-91:dataelement:608:3;Nein;en;No;No;SELECT_ONE_RADIO
608;3;urn:osse-91:dataelement:608:3;Ja;en;Yes;Yes;SELECT_ONE_RADIO
609;2;urn:osse-91:dataelement:609:2;Ja;en;Yes;Yes;SELECT_ONE_RADIO
609;2;urn:osse-91:dataelement:609:2;Nein;en;No;No;SELECT_ONE_RADIO
609;2;urn:osse-91:dataelement:609:2;unclear;en;unclear;unclear;SELECT_ONE_RADIO
609;3;urn:osse-91:dataelement:609:3;Ja;de;Ja;Ja;SELECT_ONE_RADIO
609;3;urn:osse-91:dataelement:609:3;Nein;de;Nein;Nein;SELECT_ONE_RADIO
609;3;urn:osse-91:dataelement:609:3;unclear;de;unklar;unklar;SELECT_ONE_RADIO
610;2;urn:osse-91:dataelement:610:2;Ja;de;Ja;Ja;SELECT_ONE_RADIO
610;2;urn:osse-91:dataelement:610:2;Nein;de;Nein;Nein;SELECT_ONE_RADIO
610;2;urn:osse-91:dataelement:610:2;unclear;de;unklar;unklar;SELECT_ONE_RADIO
611;2;urn:osse-91:dataelement:611:2;unclear;en;unclear;unclear;SELECT_ONE_RADIO
611;2;urn:osse-91:dataelement:611:2;Nein;en;No;No;SELECT_ONE_RADIO
611;2;urn:osse-91:dataelement:611:2;Ja;en;Yes;Yes;SELECT_ONE_RADIO
612;2;urn:osse-91:dataelement:612:2;Ja;de;Ja;Ja;SELECT_ONE_RADIO
612;2;urn:osse-91:dataelement:612:2;Nein;de;Nein;Nein;SELECT_ONE_RADIO
612;2;urn:osse-91:dataelement:612:2;unclear;de;unklar;unklar;SELECT_ONE_RADIO
613;2;urn:osse-91:dataelement:613:2;unclear;en;unclear;unclear;SELECT_ONE_RADIO
613;2;urn:osse-91:dataelement:613:2;Nein;en;No;No;SELECT_ONE_RADIO
613;2;urn:osse-91:dataelement:613:2;Ja;en;Yes;Yes;SELECT_ONE_RADIO
614;2;urn:osse-91:dataelement:614:2;Ja;de;Ja;Ja;SELECT_ONE_RADIO
614;2;urn:osse-91:dataelement:614:2;Nein;de;Nein;Nein;SELECT_ONE_RADIO
614;2;urn:osse-91:dataelement:614:2;unclear;de;unklar;unklar;SELECT_ONE_RADIO
615;2;urn:osse-91:dataelement:615:2;unclear;en;unclear;unclear;SELECT_ONE_RADIO
615;2;urn:osse-91:dataelement:615:2;Nein;en;No;No;SELECT_ONE_RADIO
615;2;urn:osse-91:dataelement:615:2;Ja;en;Yes;Yes;SELECT_ONE_RADIO
616;2;urn:osse-91:dataelement:616:2;Ja;de;Ja;Ja;SELECT_ONE_RADIO
616;2;urn:osse-91:dataelement:616:2;Nein;de;Nein;Nein;SELECT_ONE_RADIO
616;2;urn:osse-91:dataelement:616:2;unclear;de;unklar;unklar;SELECT_ONE_RADIO
617;2;urn:osse-91:dataelement:617:2;unclear;en;unclear;unclear;SELECT_ONE_RADIO
617;2;urn:osse-91:dataelement:617:2;Nein;en;No;No;SELECT_ONE_RADIO
617;2;urn:osse-91:dataelement:617:2;Ja;en;Yes;Yes;SELECT_ONE_RADIO
619;3;urn:osse-91:dataelement:619:3;Ja;de;Ja;Ja;SELECT_ONE_RADIO
619;3;urn:osse-91:dataelement:619:3;Nein;de;Nein;Nein;SELECT_ONE_RADIO
466;4;urn:osse-91:dataelement:466:4;Ja;de;Ja;Ja;SELECT_ONE_RADIO
466;4;urn:osse-91:dataelement:466:4;Nein;de;Nein;Nein;SELECT_ONE_RADIO
466;4;urn:osse-91:dataelement:466:4;unclear;de;unklar;unklar;SELECT_ONE_RADIO
843;2;urn:osse-91:dataelement:843:2;Andere;en;Other;Other patient register study;SELECT_ONE_RADIO
843;2;urn:osse-91:dataelement:843:2;Nephreg;en;Nephreg;Nephreg;SELECT_ONE_RADIO
843;2;urn:osse-91:dataelement:843:2;BBS;en;BBS;BBS;SELECT_ONE_RADIO
843;2;urn:osse-91:dataelement:843:2;ARegPKD;en;ARegPKD;ARegPKD;SELECT_ONE_RADIO
843;2;urn:osse-91:dataelement:843:2;HNF1ß;en;HNF1ß;HNF1ß;SELECT_ONE_RADIO
843;2;urn:osse-91:dataelement:843:2;Neocyst;en;Neocyst;Neocyst;SELECT_ONE_RADIO
82;2;urn:osse-91:dataelement:82:2;Ja;en;Yes;Yes;SELECT_ONE_RADIO
82;2;urn:osse-91:dataelement:82:2;Nein;en;No;No;SELECT_ONE_RADIO
82;2;urn:osse-91:dataelement:82:2;kA;en;na;na;SELECT_ONE_RADIO
82;3;urn:osse-91:dataelement:82:3;Ja;de;Ja;Ja;SELECT_ONE_RADIO
82;3;urn:osse-91:dataelement:82:3;Nein;de;Nein;Nein;SELECT_ONE_RADIO
82;3;urn:osse-91:dataelement:82:3;kA;de;kA;kA;SELECT_ONE_RADIO
85;3;urn:osse-91:dataelement:85:3;Keine Auffälligkeiten;de;Keine Auffälligkeiten;Keine Auffälligkeiten;SELECT_MANY_CHECKBOX
85;3;urn:osse-91:dataelement:85:3;Verdickte tubuläre Basalmembran;de;Verdickte tubuläre Basalmembran;Verdickte tubuläre Basalmembran;SELECT_MANY_CHECKBOX
85;3;urn:osse-91:dataelement:85:3;Dilatierte tubuläre Lumen;de;Dilatierte tubuläre Lumen;Dilatierte tubuläre Lumen;SELECT_MANY_CHECKBOX
85;3;urn:osse-91:dataelement:85:3;Glomeruläre Veränderungen;de;Glomerulosklerose;Glomerulosklerose;SELECT_MANY_CHECKBOX
85;3;urn:osse-91:dataelement:85:3;Periglomeruläre Fibrose;de;Periglomeruläre Fibrose;Periglomeruläre Fibrose;SELECT_MANY_CHECKBOX
85;3;urn:osse-91:dataelement:85:3;Peritubuläre Lymphozyteninflitrate;de;Peritubuläre Lymphozyteninflitrate;Peritubuläre Lymphozyteninflitrate;SELECT_MANY_CHECKBOX
85;3;urn:osse-91:dataelement:85:3;Tubulointerstitielle Fibrose;de;Tubulointerstitielle Fibrose;Tubulointerstitielle Fibrose;SELECT_MANY_CHECKBOX
85;3;urn:osse-91:dataelement:85:3;Nachweis von Nierenzysten;de;Nachweis von Nierenzysten;Nachweis von Nierenzysten;SELECT_MANY_CHECKBOX
85;3;urn:osse-91:dataelement:85:3;Andere;de;Andere;Andere;SELECT_MANY_CHECKBOX
844;2;urn:osse-91:dataelement:844:2;Andere;en;Other;Other patient register study;
844;2;urn:osse-91:dataelement:844:2;Nephreg;en;Nephreg;Nephreg;
844;2;urn:osse-91:dataelement:844:2;BBS;en;BBS;BBS;
844;2;urn:osse-91:dataelement:844:2;ARegPKD;en;ARegPKD;ARegPKD;
844;2;urn:osse-91:dataelement:844:2;HNF1ß;en;HNF1ß;HNF1ß;
844;2;urn:osse-91:dataelement:844:2;Neocyst;en;Neocyst;Neocyst;
87;2;urn:osse-91:dataelement:87:2;Ja;en;Yes;Yes;SELECT_ONE_RADIO
87;2;urn:osse-91:dataelement:87:2;Nein;en;No;No;SELECT_ONE_RADIO
87;2;urn:osse-91:dataelement:87:2;kA;en;na;na;SELECT_ONE_RADIO
323;2;urn:osse-91:dataelement:323:2;Ja;de;Ja;Ja;SELECT_ONE_RADIO
323;2;urn:osse-91:dataelement:323:2;Nein;de;Nein;Nein;SELECT_ONE_RADIO
323;2;urn:osse-91:dataelement:323:2;kA;de;kA;kA;SELECT_ONE_RADIO
329;3;urn:osse-91:dataelement:329:3;Ja;en;Yes;Yes;SELECT_ONE_RADIO
329;3;urn:osse-91:dataelement:329:3;Nein;en;No;No;SELECT_ONE_RADIO
329;3;urn:osse-91:dataelement:329:3;kA;en;na;na;SELECT_ONE_RADIO
843;3;urn:osse-91:dataelement:843:3;Andere;de;Andere;Andere;SELECT_ONE_RADIO
843;3;urn:osse-91:dataelement:843:3;Nephreg;de;Nephreg;Nephreg;SELECT_ONE_RADIO
843;3;urn:osse-91:dataelement:843:3;BBS;de;BBS;BBS;SELECT_ONE_RADIO
843;3;urn:osse-91:dataelement:843:3;ARegPKD;de;ARegPKD;ARegPKD;SELECT_ONE_RADIO
843;3;urn:osse-91:dataelement:843:3;HNF1ß;de;HNF1ß;HNF1ß;SELECT_ONE_RADIO
843;3;urn:osse-91:dataelement:843:3;Neocyst;de;Neocyst;Neocyst;SELECT_ONE_RADIO
863;1;urn:osse-91:dataelement:863:1;kA;de;kA;kA;SELECT_ONE_RADIO
863;1;urn:osse-91:dataelement:863:1;Nein;de;Nein;Nein;SELECT_ONE_RADIO
863;1;urn:osse-91:dataelement:863:1;Ja;de;Ja;Ja;SELECT_ONE_RADIO
91;3;urn:osse-91:dataelement:91:3;Ja;en;Yes;Yes;SELECT_ONE_RADIO
91;3;urn:osse-91:dataelement:91:3;Nein;en;No;No;SELECT_ONE_RADIO
91;3;urn:osse-91:dataelement:91:3;kA;en;na;na;SELECT_ONE_RADIO
636;2;urn:osse-91:dataelement:636:2;Persistent;de;Persistent;Persistent;
636;2;urn:osse-91:dataelement:636:2;Progredient;de;Progredient;Progredient;
636;2;urn:osse-91:dataelement:636:2;Regredient;de;Regredient;Regredient;
636;2;urn:osse-91:dataelement:636:2;Komplette Remission;de;Komplette Remission;Komplette Remission;
844;1;urn:osse-91:dataelement:844:1;Andere;de;Andere;Andere;
844;1;urn:osse-91:dataelement:844:1;Nephreg;de;Nephreg;Nephreg;
844;1;urn:osse-91:dataelement:844:1;BBS;de;BBS;BBS;
844;1;urn:osse-91:dataelement:844:1;ARegPKD;de;ARegPKD;ARegPKD;
844;1;urn:osse-91:dataelement:844:1;HNF1ß;de;HNF1ß;HNF1ß;
844;1;urn:osse-91:dataelement:844:1;Neocyst;de;Neocyst;Neocyst;
114;2;urn:osse-91:dataelement:114:2;kA;en;na;na;SELECT_ONE_RADIO
114;2;urn:osse-91:dataelement:114:2;Nein;en;No;No;SELECT_ONE_RADIO
114;2;urn:osse-91:dataelement:114:2;Ja;en;Yes;Yes;SELECT_ONE_RADIO
862;1;urn:osse-91:dataelement:862:1;Ja;en;Yes;Yes;SELECT_ONE_RADIO
862;1;urn:osse-91:dataelement:862:1;Nein;en;No;No;SELECT_ONE_RADIO
862;1;urn:osse-91:dataelement:862:1;kA;en;na;na;SELECT_ONE_RADIO
862;2;urn:osse-91:dataelement:862:2;Ja;de;Ja;Ja;SELECT_ONE_RADIO
862;2;urn:osse-91:dataelement:862:2;Nein;de;Nein;Nein;SELECT_ONE_RADIO
862;2;urn:osse-91:dataelement:862:2;kA;de;kA;kA;SELECT_ONE_RADIO
636;3;urn:osse-91:dataelement:636:3;Persistent;en;persistent;persistent;
636;3;urn:osse-91:dataelement:636:3;Progredient;en;progressive;progressive;
636;3;urn:osse-91:dataelement:636:3;Regredient;en;regressive;regressive;
636;3;urn:osse-91:dataelement:636:3;Komplette Remission;en;complete remission;complete remission;
581;4;urn:osse-91:dataelement:581:4;Ja;de;Ja;Ja;SELECT_ONE_RADIO
581;4;urn:osse-91:dataelement:581:4;Nein;de;Nein;Nein;SELECT_ONE_RADIO
197;2;urn:osse-91:dataelement:197:2;kA;en;na;na;SELECT_ONE_RADIO
197;2;urn:osse-91:dataelement:197:2;Nein;en;No;No;SELECT_ONE_RADIO
197;2;urn:osse-91:dataelement:197:2;Ja;en;Yes;Yes;SELECT_ONE_RADIO
201;2;urn:osse-91:dataelement:201:2;Ja;en;Yes;Yes;SELECT_ONE_RADIO
201;2;urn:osse-91:dataelement:201:2;Nein;en;No;No;SELECT_ONE_RADIO
201;2;urn:osse-91:dataelement:201:2;kA;en;na;na;SELECT_ONE_RADIO
175;2;urn:osse-91:dataelement:175:2;Ja;de;Ja;Ja;SELECT_ONE_RADIO
175;2;urn:osse-91:dataelement:175:2;Nein;en;No;No;SELECT_ONE_RADIO
175;2;urn:osse-91:dataelement:175:2;kA;en;na;na;SELECT_ONE_RADIO
179;2;urn:osse-91:dataelement:179:2;Ja;en;Yes;Yes;SELECT_ONE_RADIO
179;2;urn:osse-91:dataelement:179:2;Nein;en;No;No;SELECT_ONE_RADIO
179;2;urn:osse-91:dataelement:179:2;kA;en;na;na;SELECT_ONE_RADIO
183;2;urn:osse-91:dataelement:183:2;Ja;en;Yes;Yes;SELECT_ONE_RADIO
183;2;urn:osse-91:dataelement:183:2;Nein;en;No;No;SELECT_ONE_RADIO
183;2;urn:osse-91:dataelement:183:2;kA;en;na;na;SELECT_ONE_RADIO
539;3;urn:osse-91:dataelement:539:3;Ja;en;Yes;Yes;SELECT_ONE_RADIO
539;3;urn:osse-91:dataelement:539:3;Nein;en;No;No;SELECT_ONE_RADIO
539;3;urn:osse-91:dataelement:539:3;kA;en;na;na;SELECT_ONE_RADIO
581;3;urn:osse-91:dataelement:581:3;Ja;en;Yes;Yes;SELECT_ONE_RADIO
581;3;urn:osse-91:dataelement:581:3;Nein;en;No;No;SELECT_ONE_RADIO
467;5;urn:osse-91:dataelement:467:5;kA;de;kA;kA;SELECT_ONE_RADIO
467;5;urn:osse-91:dataelement:467:5;Nein;de;Nein;Nein;SELECT_ONE_RADIO
467;5;urn:osse-91:dataelement:467:5;Ja;de;Ja;Ja;SELECT_ONE_RADIO
157;2;urn:osse-91:dataelement:157:2;kA;en;na;na;SELECT_ONE_RADIO
157;2;urn:osse-91:dataelement:157:2;Nein;en;No;No;SELECT_ONE_RADIO
157;2;urn:osse-91:dataelement:157:2;Ja;en;Yes;Yes;SELECT_ONE_RADIO
159;2;urn:osse-91:dataelement:159:2;Ja;en;Yes;Yes;SELECT_ONE_RADIO
159;2;urn:osse-91:dataelement:159:2;Nein;en;No;No;SELECT_ONE_RADIO
159;2;urn:osse-91:dataelement:159:2;kA;en;na;na;SELECT_ONE_RADIO
865;1;urn:osse-91:dataelement:865:1;Ja;en;Yes;Yes;SELECT_ONE_RADIO
865;1;urn:osse-91:dataelement:865:1;Nein;en;No;No;SELECT_ONE_RADIO
865;1;urn:osse-91:dataelement:865:1;kA;en;kA;kA;SELECT_ONE_RADIO
864;1;urn:osse-91:dataelement:864:1;kA;de;kA;kA;SELECT_ONE_RADIO
864;1;urn:osse-91:dataelement:864:1;Nein;de;Nein;Nein;SELECT_ONE_RADIO
864;1;urn:osse-91:dataelement:864:1;Ja;de;Ja;Ja;SELECT_ONE_RADIO
321;2;urn:osse-91:dataelement:321:2;Ja;de;Ja;Ja;SELECT_ONE_RADIO
321;2;urn:osse-91:dataelement:321:2;Nein;de;Nein;Nein;SELECT_ONE_RADIO
321;2;urn:osse-91:dataelement:321:2;kA;de;kA;kA;SELECT_ONE_RADIO
135;2;urn:osse-91:dataelement:135:2;kA;en;na;na;SELECT_ONE_RADIO
135;2;urn:osse-91:dataelement:135:2;Nein;en;No;No;SELECT_ONE_RADIO
135;2;urn:osse-91:dataelement:135:2;Ja;en;Yes;Yes;SELECT_ONE_RADIO
82;4;urn:osse-91:dataelement:82:4;Ja;en;Yes;Yes;SELECT_ONE_RADIO
82;4;urn:osse-91:dataelement:82:4;Nein;en;No;No;SELECT_ONE_RADIO
82;4;urn:osse-91:dataelement:82:4;kA;en;na;na;SELECT_ONE_RADIO
687;3;urn:osse-91:dataelement:687:3;kA;en;na;na;SELECT_ONE_RADIO
687;3;urn:osse-91:dataelement:687:3;Nein;en;No;No;SELECT_ONE_RADIO
687;3;urn:osse-91:dataelement:687:3;Ja;en;Yes;Yes;SELECT_ONE_RADIO
532;3;urn:osse-91:dataelement:532:3;Ja;en;Yes;Yes;SELECT_ONE_RADIO
532;3;urn:osse-91:dataelement:532:3;Nein;en;No;No;SELECT_ONE_RADIO
532;3;urn:osse-91:dataelement:532:3;kA;en;na;na;SELECT_ONE_RADIO
205;2;urn:osse-91:dataelement:205:2;Ja;en;Yes;Yes;SELECT_ONE_RADIO
205;2;urn:osse-91:dataelement:205:2;Nein;en;No;No;SELECT_ONE_RADIO
205;2;urn:osse-91:dataelement:205:2;kA;en;na;na;SELECT_ONE_RADIO
200;2;urn:osse-91:dataelement:200:2;kA;en;na;na;SELECT_ONE_RADIO
200;2;urn:osse-91:dataelement:200:2;Nein;en;No;No;SELECT_ONE_RADIO
200;2;urn:osse-91:dataelement:200:2;Ja;en;Yes;Yes;SELECT_ONE_RADIO
200;3;urn:osse-91:dataelement:200:3;kA;de;kA;kA;SELECT_ONE_RADIO
200;3;urn:osse-91:dataelement:200:3;Nein;de;Nein;Nein;SELECT_ONE_RADIO
200;3;urn:osse-91:dataelement:200:3;Ja;de;Ja;Ja;SELECT_ONE_RADIO
217;2;urn:osse-91:dataelement:217:2;Ja;en;Yes;Yes;SELECT_ONE_RADIO
217;2;urn:osse-91:dataelement:217:2;Nein;en;No;No;SELECT_ONE_RADIO
217;2;urn:osse-91:dataelement:217:2;kA;en;na;na;SELECT_ONE_RADIO
222;2;urn:osse-91:dataelement:222:2;Ja;en;Yes;Yes;SELECT_ONE_RADIO
222;2;urn:osse-91:dataelement:222:2;Nein;en;No;No;SELECT_ONE_RADIO
222;2;urn:osse-91:dataelement:222:2;kA;en;na;na;SELECT_ONE_RADIO
222;3;urn:osse-91:dataelement:222:3;Ja;de;Ja;Ja;SELECT_ONE_RADIO
222;3;urn:osse-91:dataelement:222:3;Nein;de;Nein;Nein;SELECT_ONE_RADIO
222;3;urn:osse-91:dataelement:222:3;kA;de;kA;kA;SELECT_ONE_RADIO
203;2;urn:osse-91:dataelement:203:2;kA;en;na;na;SELECT_ONE_RADIO
203;2;urn:osse-91:dataelement:203:2;Nein;de;Nein;Nein;SELECT_ONE_RADIO
203;2;urn:osse-91:dataelement:203:2;Ja;en;Yes;Yes;SELECT_ONE_RADIO
205;3;urn:osse-91:dataelement:205:3;Ja;de;Ja;Ja;SELECT_ONE_RADIO
205;3;urn:osse-91:dataelement:205:3;Nein;de;Nein;Nein;SELECT_ONE_RADIO
205;3;urn:osse-91:dataelement:205:3;kA;de;kA;kA;SELECT_ONE_RADIO
548;5;urn:osse-91:dataelement:548:5;Ja;de;Ja;Ja;SELECT_ONE_RADIO
548;5;urn:osse-91:dataelement:548:5;Nein;de;Nein;Nein;SELECT_ONE_RADIO
548;5;urn:osse-91:dataelement:548:5;kA;de;kA;kA;SELECT_ONE_RADIO
547;4;urn:osse-91:dataelement:547:4;Ja;en;Yes;Yes;SELECT_ONE_RADIO
547;4;urn:osse-91:dataelement:547:4;Nein;en;No;No;SELECT_ONE_RADIO
547;4;urn:osse-91:dataelement:547:4;kA;en;na;na;SELECT_ONE_RADIO
210;2;urn:osse-91:dataelement:210:2;Ja;en;Yes;Yes;SELECT_ONE_RADIO
210;2;urn:osse-91:dataelement:210:2;Nein;en;No;No;SELECT_ONE_RADIO
210;2;urn:osse-91:dataelement:210:2;kA;en;na;na;SELECT_ONE_RADIO
212;2;urn:osse-91:dataelement:212:2;Ja;en;Yes;Yes;SELECT_ONE_RADIO
212;2;urn:osse-91:dataelement:212:2;Nein;en;No;No;SELECT_ONE_RADIO
212;2;urn:osse-91:dataelement:212:2;kA;en;na;na;SELECT_ONE_RADIO
214;2;urn:osse-91:dataelement:214:2;Ja;en;Yes;Yes;SELECT_ONE_RADIO
214;2;urn:osse-91:dataelement:214:2;Nein;en;No;No;SELECT_ONE_RADIO
214;2;urn:osse-91:dataelement:214:2;kA;en;na;na;SELECT_ONE_RADIO
225;2;urn:osse-91:dataelement:225:2;kA;de;kA;kA;SELECT_ONE_RADIO
225;2;urn:osse-91:dataelement:225:2;Nein;de;Nein;Nein;SELECT_ONE_RADIO
225;2;urn:osse-91:dataelement:225:2;Ja;de;Ja;Ja;SELECT_ONE_RADIO
569;3;urn:osse-91:dataelement:569:3;Yes;en;Yes;Yes;SELECT_ONE_RADIO
569;3;urn:osse-91:dataelement:569:3;No;en;No;No;SELECT_ONE_RADIO
569;3;urn:osse-91:dataelement:569:3;na;en;na;na;SELECT_ONE_RADIO
235;2;urn:osse-91:dataelement:235:2;Ja;en;Yes;Yes;SELECT_ONE_RADIO
235;2;urn:osse-91:dataelement:235:2;Nein;en;No;No;SELECT_ONE_RADIO
235;2;urn:osse-91:dataelement:235:2;kA;en;na;na;SELECT_ONE_RADIO
237;2;urn:osse-91:dataelement:237:2;kA;de;kA;kA;SELECT_ONE_RADIO
237;2;urn:osse-91:dataelement:237:2;Nein;de;Nein;Nein;SELECT_ONE_RADIO
237;2;urn:osse-91:dataelement:237:2;Ja;de;Ja;Ja;SELECT_ONE_RADIO
235;3;urn:osse-91:dataelement:235:3;Ja;de;Ja;Ja;SELECT_ONE_RADIO
235;3;urn:osse-91:dataelement:235:3;Nein;de;Nein;Nein;SELECT_ONE_RADIO
235;3;urn:osse-91:dataelement:235:3;kA;de;kA;kA;SELECT_ONE_RADIO
785;2;urn:osse-91:dataelement:785:2;Ja;en;Yes;Yes;SELECT_ONE_RADIO
785;2;urn:osse-91:dataelement:785:2;Nein;en;No;No;SELECT_ONE_RADIO
315;2;urn:osse-91:dataelement:315:2;Nein;de;Nein;Nein;SELECT_ONE_RADIO
315;2;urn:osse-91:dataelement:315:2;Ja;de;Ja;Ja;SELECT_ONE_RADIO
314;2;urn:osse-91:dataelement:314:2;Maldeszensus Testis;en;Maldescensus testis;Maldescensus testis;SELECT_MANY_CHECKBOX
314;2;urn:osse-91:dataelement:314:2;Hypospadie;en;Hypospadia;Hypospadia;SELECT_MANY_CHECKBOX
314;2;urn:osse-91:dataelement:314:2;Scrotum bifidum;en;Scrotum bifidum;Scrotum bifidum;SELECT_MANY_CHECKBOX
314;2;urn:osse-91:dataelement:314:2;Mikropenis;en;Micropenis;Micropenis;SELECT_MANY_CHECKBOX
307;2;urn:osse-91:dataelement:307:2;Strang-Gonaden;de;Strang-Gonaden;Strang-Gonaden;SELECT_MANY_CHECKBOX
307;2;urn:osse-91:dataelement:307:2;Vaginalatresie;de;Vaginalatresie;Vaginalatresie;SELECT_MANY_CHECKBOX
307;2;urn:osse-91:dataelement:307:2;Uterusfehlbildungen;de;Uterusfehlbildungen;Uterusfehlbildungen;SELECT_MANY_CHECKBOX
307;2;urn:osse-91:dataelement:307:2;Polyzystische Ovarien;de;Polyzystische Ovarien;Polyzystische Ovarien;SELECT_MANY_CHECKBOX
281;2;urn:osse-91:dataelement:281:2;Ja;en;Yes;Yes;SELECT_ONE_RADIO
281;2;urn:osse-91:dataelement:281:2;Nein;en;No;No;SELECT_ONE_RADIO
281;2;urn:osse-91:dataelement:281:2;kA;en;na;na;SELECT_ONE_RADIO
578;1;urn:osse-91:dataelement:578:1;kA;en;na;na;SELECT_ONE_RADIO
578;1;urn:osse-91:dataelement:578:1;Nein;en;No;No;SELECT_ONE_RADIO
578;1;urn:osse-91:dataelement:578:1;Ja;en;Yes;Yes;SELECT_ONE_RADIO
573;3;urn:osse-91:dataelement:573:3;kA;en;na;na;SELECT_ONE_RADIO
573;3;urn:osse-91:dataelement:573:3;Nein;en;No;No;SELECT_ONE_RADIO
573;3;urn:osse-91:dataelement:573:3;Ja;en;Yes;Yes;SELECT_ONE_RADIO
575;2;urn:osse-91:dataelement:575:2;kA;de;kA;kA;SELECT_ONE_RADIO
575;2;urn:osse-91:dataelement:575:2;Nein;de;Nein;Nein;SELECT_ONE_RADIO
575;2;urn:osse-91:dataelement:575:2;Ja;de;Ja;Ja;SELECT_ONE_RADIO
574;3;urn:osse-91:dataelement:574:3;Ja;en;Yes;Yes;SELECT_ONE_RADIO
574;3;urn:osse-91:dataelement:574:3;Nein;en;No;No;SELECT_ONE_RADIO
574;3;urn:osse-91:dataelement:574:3;kA;en;na;na;SELECT_ONE_RADIO
283;2;urn:osse-91:dataelement:283:2;Ja;en;Yes;Yes;SELECT_ONE_RADIO
283;2;urn:osse-91:dataelement:283:2;Nein;en;No;No;SELECT_ONE_RADIO
283;2;urn:osse-91:dataelement:283:2;kA;en;na;na;SELECT_ONE_RADIO
578;2;urn:osse-91:dataelement:578:2;kA;de;kA;kA;SELECT_ONE_RADIO
578;2;urn:osse-91:dataelement:578:2;Nein;de;Nein;Nein;SELECT_ONE_RADIO
578;2;urn:osse-91:dataelement:578:2;Ja;de;Ja;Ja;SELECT_ONE_RADIO
289;2;urn:osse-91:dataelement:289:2;kA;de;kA;kA;SELECT_ONE_RADIO
289;2;urn:osse-91:dataelement:289:2;Nein;de;Nein;Nein;SELECT_ONE_RADIO
289;2;urn:osse-91:dataelement:289:2;Ja;de;Ja;Ja;SELECT_ONE_RADIO
254;3;urn:osse-91:dataelement:254:3;kA;en;na;na;SELECT_ONE_RADIO
254;3;urn:osse-91:dataelement:254:3;Nein;en;No;No;SELECT_ONE_RADIO
254;3;urn:osse-91:dataelement:254:3;Ja;en;Yes;Yes;SELECT_ONE_RADIO
570;2;urn:osse-91:dataelement:570:2;Aortic stenosis;de;Aortenistmusstenose;Aortenistmusstenose;SELECT_MANY_CHECKBOX
570;2;urn:osse-91:dataelement:570:2;Vorhofseptumdefekt;de;Vorhofseptumdefekt (ASD);Vorhofseptumdefekt (ASD);SELECT_MANY_CHECKBOX
570;2;urn:osse-91:dataelement:570:2;Ventrikelseptumdefekt (VSD);de;Ventrikelseptumdefekt (VSD);Ventrikelseptumdefekt (VSD);SELECT_MANY_CHECKBOX
570;2;urn:osse-91:dataelement:570:2;Offenes Foramen ovale;de;Offenes Foramen ovale (PFO);Offenes Foramen ovale (PFO);SELECT_MANY_CHECKBOX
570;2;urn:osse-91:dataelement:570:2;Komplexer Herzfehler;de;Komplexer Herzfehler;Komplexer Herzfehler;SELECT_MANY_CHECKBOX
570;2;urn:osse-91:dataelement:570:2;Kardiomyopathie;de;Kardiomyopathie;Kardiomyopathie;SELECT_MANY_CHECKBOX
570;2;urn:osse-91:dataelement:570:2;Linksventrikuläre Hypertrophie (LVH);de;Linksventrikuläre Hypertrophie (LVH);Linksventrikuläre Hypertrophie (LVH);SELECT_MANY_CHECKBOX
585;2;urn:osse-91:dataelement:585:2;Ja;de;Ja;Ja;SELECT_ONE_RADIO
585;2;urn:osse-91:dataelement:585:2;Nein;de;Nein;Nein;SELECT_ONE_RADIO
585;2;urn:osse-91:dataelement:585:2;kA;de;kA;kA;SELECT_ONE_RADIO
105;4;urn:osse-91:dataelement:105:4;kA;en;na;na;SELECT_ONE_RADIO
105;4;urn:osse-91:dataelement:105:4;Nein;en;No;No;SELECT_ONE_RADIO
105;4;urn:osse-91:dataelement:105:4;Ja;en;Yes;Yes;SELECT_ONE_RADIO
391;2;urn:osse-91:dataelement:391:2;Ja;en;Yes;Yes;SELECT_ONE_RADIO
391;2;urn:osse-91:dataelement:391:2;Nein;en;No;No;SELECT_ONE_RADIO
391;2;urn:osse-91:dataelement:391:2;kA;en;na;na;SELECT_ONE_RADIO
392;2;urn:osse-91:dataelement:392:2;kA;de;kA;kA;SELECT_ONE_RADIO
392;2;urn:osse-91:dataelement:392:2;Nein;de;Nein;Nein;SELECT_ONE_RADIO
392;2;urn:osse-91:dataelement:392:2;Ja;de;Ja;Ja;SELECT_ONE_RADIO
591;3;urn:osse-91:dataelement:591:3;Yes;en;Yes;Yes;SELECT_ONE_RADIO
591;3;urn:osse-91:dataelement:591:3;Nein;en;No;No;SELECT_ONE_RADIO
591;3;urn:osse-91:dataelement:591:3;kA;en;na;na;SELECT_ONE_RADIO
593;2;urn:osse-91:dataelement:593:2;Ja;de;Ja;Ja;SELECT_ONE_RADIO
593;2;urn:osse-91:dataelement:593:2;Nein;de;Nein;Nein;SELECT_ONE_RADIO
593;2;urn:osse-91:dataelement:593:2;kA;de;kA;kA;SELECT_ONE_RADIO
239;2;urn:osse-91:dataelement:239:2;Ja;en;Yes;Yes;SELECT_ONE_RADIO
239;2;urn:osse-91:dataelement:239:2;Nein;en;No;No;SELECT_ONE_RADIO
239;2;urn:osse-91:dataelement:239:2;kA;en;na;na;SELECT_ONE_RADIO
867;1;urn:osse-91:dataelement:867:1;Ja;en;Yes;Yes;SELECT_ONE_RADIO
867;1;urn:osse-91:dataelement:867:1;Nein;en;No;No;SELECT_ONE_RADIO
867;1;urn:osse-91:dataelement:867:1;kA;en;na;na;SELECT_ONE_RADIO
877;1;urn:osse-91:dataelement:877:1;Ja;en;Yes;Yes;SELECT_ONE_RADIO
877;1;urn:osse-91:dataelement:877:1;Nein;de;Nein;Nein;SELECT_ONE_RADIO
878;1;urn:osse-91:dataelement:878:1;Nein;de;Nein;Nein;SELECT_ONE_RADIO
878;1;urn:osse-91:dataelement:878:1;Ja;de;Ja;Ja;SELECT_ONE_RADIO
881;1;urn:osse-91:dataelement:881:1;Ja;de;Ja;Ja;SELECT_ONE_RADIO
881;1;urn:osse-91:dataelement:881:1;Nein;de;Nein;Nein;SELECT_ONE_RADIO
882;1;urn:osse-91:dataelement:882:1;Nein;en;No;No;SELECT_ONE_RADIO
882;1;urn:osse-91:dataelement:882:1;Ja;en;Yes;Yes;SELECT_ONE_RADIO
467;6;urn:osse-91:dataelement:467:6;kA;en;unclear;unclear;
467;6;urn:osse-91:dataelement:467:6;Nein;en;No;No;
467;6;urn:osse-91:dataelement:467:6;Ja;en;Yes;Yes;
845;2;urn:osse-91:dataelement:845:2;Andere: ;en;Other:;other;
845;2;urn:osse-91:dataelement:845:2;HNF1ß;en;HNF1ß;HNF1ß;
845;2;urn:osse-91:dataelement:845:2;BBS;en;BBS;BBS;
845;2;urn:osse-91:dataelement:845:2;Nephronophthise;en;Nephreg;Nephreg;
845;2;urn:osse-91:dataelement:845:2;ARegPKD;en;ARegPKD;ARegPKD;
845;2;urn:osse-91:dataelement:845:2;Neocyst;en;Neocyst;Neocyst;
468;4;urn:osse-91:dataelement:468:4;Großvater mütterlicherseits;en;Maternal grandfather;Maternal grandfather;
468;4;urn:osse-91:dataelement:468:4;Großmutter mütterlicherseits;en;Maternal grandmother;Maternal grandmother;
468;4;urn:osse-91:dataelement:468:4;Onkel mütterlicherseits;en;Maternal uncle;Maternal uncle;
468;4;urn:osse-91:dataelement:468:4;Tante mütterlicherseits;en;Maternal aunt;Maternal aunt;
468;4;urn:osse-91:dataelement:468:4;Cousin/Cousine mütterlicherseits;en;Maternal cousin;Maternal cousin;
468;4;urn:osse-91:dataelement:468:4;Großvater väterlicherseits;en;Paternal grandfather;Paternal grandfather;
468;4;urn:osse-91:dataelement:468:4;Großmutter väterlicherseits;en;Paternal grandmother;Paternal grandmother;
468;4;urn:osse-91:dataelement:468:4;Onkel väterlicherseits;en;Paternal uncle;Paternal uncle;
468;4;urn:osse-91:dataelement:468:4;Tante väterlicherseits;en;Paternal aunt;Paternal aunt;
468;4;urn:osse-91:dataelement:468:4;Cousin/Cousine väterlicherseits;en;Paternal cousin;Paternal cousin;
468;4;urn:osse-91:dataelement:468:4;Andere:;en;Other: ;other ;
889;1;urn:osse-91:dataelement:889:1;prozent;de;%;%;
889;1;urn:osse-91:dataelement:889:1;1000/µl;de;1000/µl;1000/µl;
889;1;urn:osse-91:dataelement:889:1;copies/ml;de;copies/ml;copies/ml;
889;1;urn:osse-91:dataelement:889:1;s;de;s;s;
889;1;urn:osse-91:dataelement:889:1;µg/l;de;µg/l;µg/l;
889;1;urn:osse-91:dataelement:889:1;µg/dl;de;µg/dl;µg/dl;
889;1;urn:osse-91:dataelement:889:1;MFI;de;MFI;MFI;
889;1;urn:osse-91:dataelement:889:1;cm;de;cm;cm;
889;1;urn:osse-91:dataelement:889:1;kg;de;kg;kg;
889;1;urn:osse-91:dataelement:889:1;g/dl;de;g/dl;g/dl;
889;1;urn:osse-91:dataelement:889:1;pmol/l;de;pmol/l;pmol/l;
889;1;urn:osse-91:dataelement:889:1;U/l;de;U/l;U/l;
889;1;urn:osse-91:dataelement:889:1;Gpt/l;de;Gpt/l;Gpt/l;
889;1;urn:osse-91:dataelement:889:1;g/mol Crea;de;g/mol Crea;g/mol Crea;
889;1;urn:osse-91:dataelement:889:1;g/l;de;g/l;g/l;
889;1;urn:osse-91:dataelement:889:1;mmol/l;de;mmol/l;mmol/l;
889;1;urn:osse-91:dataelement:889:1;ml/minx1.73 qm;de;ml/min·1.73 m²;ml/min·1.73 m²;
889;1;urn:osse-91:dataelement:889:1;mg/l;de;mg/l;mg/l;
889;1;urn:osse-91:dataelement:889:1;Titre;de;Titre;Titre;
889;1;urn:osse-91:dataelement:889:1;opt. Density;de;opt. Density;opt. Density;
889;1;urn:osse-91:dataelement:889:1;promill;de;‰;‰;
889;1;urn:osse-91:dataelement:889:1;I.U.;de;I.U.;I.U.;
889;1;urn:osse-91:dataelement:889:1;ng;de;ng;ng;
889;1;urn:osse-91:dataelement:889:1;g;de;g;g;
889;1;urn:osse-91:dataelement:889:1;µg;de;µg;µg;
889;1;urn:osse-91:dataelement:889:1;mg;de;mg;mg;
889;1;urn:osse-91:dataelement:889:1;g/g Crea;de;g/g Crea;g/g Crea;
889;1;urn:osse-91:dataelement:889:1;mg/qm/d;de;mg/m²/d;mg/m²/d;
889;1;urn:osse-91:dataelement:889:1;ml;de;ml;ml;
889;1;urn:osse-91:dataelement:889:1;U/ml;de;U/ml;U/ml;
889;1;urn:osse-91:dataelement:889:1;mgxh/l;de;mg*h/l;mg*h/l;
889;1;urn:osse-91:dataelement:889:1;mmol/ml;de;mmol/ml;mmol/ml;
889;1;urn:osse-91:dataelement:889:1;ml/min;de;ml/min;ml/min;
889;1;urn:osse-91:dataelement:889:1;mg/dl;de;mg/dl;mg/dl;
889;1;urn:osse-91:dataelement:889:1;µmol/l;de;µmol/l;µmol/l;
889;1;urn:osse-91:dataelement:889:1; µmol/ml;de; µmol/ml; µmol/ml;
889;1;urn:osse-91:dataelement:889:1;nmol/ml;de;nmol/ml;nmol/ml;
889;1;urn:osse-91:dataelement:889:1;mg/ml;de;mg/ml;mg/ml;
889;1;urn:osse-91:dataelement:889:1;µg/ml;de;µg/ml;µg/ml;
889;1;urn:osse-91:dataelement:889:1;ng/ml;de;ng/ml;ng/ml;
889;1;urn:osse-91:dataelement:889:1;mU/l;de;mU/l;mU/l;
889;1;urn:osse-91:dataelement:889:1;µU/ml;de;µU/ml;µU/ml;
889;1;urn:osse-91:dataelement:889:1;mlU/l;de;mlU/l;mlU/l;
889;1;urn:osse-91:dataelement:889:1;ng/dl;de;ng/dl;ng/dl;
404;1;urn:osse-91:dataelement:404:1;ng/ml;en;ng/ml;ng/ml;
404;1;urn:osse-91:dataelement:404:1;µg/ml;en;µg/ml;µg/ml;
404;1;urn:osse-91:dataelement:404:1;mg/ml;en;mg/ml;mg/ml;
404;1;urn:osse-91:dataelement:404:1;nmol/ml;en;nmol/ml;nmol/ml;
404;1;urn:osse-91:dataelement:404:1; µmol/ml;en; µmol/ml; µmol/ml;
404;1;urn:osse-91:dataelement:404:1;µmol/l;en;µmol/l;µmol/l;
404;1;urn:osse-91:dataelement:404:1;mg/dl;en;mg/dl;mg/dl;
404;1;urn:osse-91:dataelement:404:1;ml/min;en;ml/min;ml/min;
404;1;urn:osse-91:dataelement:404:1;mmol/ml;en;mmol/ml;mmol/ml;
404;1;urn:osse-91:dataelement:404:1;mgxh/l;en;mg*h/l;mg*h/l;
404;1;urn:osse-91:dataelement:404:1;U/ml;en;U/ml;U/ml;
404;1;urn:osse-91:dataelement:404:1;ml;en;ml;ml;
404;1;urn:osse-91:dataelement:404:1;mg/qm/d;en;mg/m²/d;mg/m²/d;
404;1;urn:osse-91:dataelement:404:1;g/g Crea;en;g/g Crea;g/g Crea;
404;1;urn:osse-91:dataelement:404:1;mg;en;mg;mg;
404;1;urn:osse-91:dataelement:404:1;µg;en;µg;µg;
404;1;urn:osse-91:dataelement:404:1;g;en;g;g;
404;1;urn:osse-91:dataelement:404:1;ng;en;ng;ng;
404;1;urn:osse-91:dataelement:404:1;I.U.;en;I.U.;I.U.;
404;1;urn:osse-91:dataelement:404:1;promill;en;‰;‰;
404;1;urn:osse-91:dataelement:404:1;opt. Density;en;opt. Density;opt. Density;
404;1;urn:osse-91:dataelement:404:1;Titre;en;Titre;Titre;
404;1;urn:osse-91:dataelement:404:1;mg/l;en;mg/l;mg/l;
404;1;urn:osse-91:dataelement:404:1;ml/minx1.73 qm;en;ml/min·1.73 m²;ml/min·1.73 m²;
404;1;urn:osse-91:dataelement:404:1;mmol/l;en;mmol/l;mmol/l;
404;1;urn:osse-91:dataelement:404:1;g/l;en;g/l;g/l;
404;1;urn:osse-91:dataelement:404:1;g/mol Crea;en;g/mol Crea;g/mol Crea;
404;1;urn:osse-91:dataelement:404:1;Gpt/l;en;Gpt/l;Gpt/l;
404;1;urn:osse-91:dataelement:404:1;U/l;en;U/l;U/l;
404;1;urn:osse-91:dataelement:404:1;pmol/l;en;pmol/l;pmol/l;
404;1;urn:osse-91:dataelement:404:1;g/dl;en;g/dl;g/dl;
404;1;urn:osse-91:dataelement:404:1;kg;en;kg;kg;
404;1;urn:osse-91:dataelement:404:1;cm;en;cm;cm;
404;1;urn:osse-91:dataelement:404:1;MFI;en;MFI;MFI;
404;1;urn:osse-91:dataelement:404:1;µg/dl;en;µg/dl;µg/dl;
404;1;urn:osse-91:dataelement:404:1;µg/l;en;µg/l;µg/l;
404;1;urn:osse-91:dataelement:404:1;s;en;s;s;
404;1;urn:osse-91:dataelement:404:1;copies/ml;en;copies/ml;copies/ml;
404;1;urn:osse-91:dataelement:404:1;1000/µl;en;1000/µl;1000/µl;
404;1;urn:osse-91:dataelement:404:1;prozent;en;%;%;
918;1;urn:osse-91:dataelement:918:1;Ja;de;Ja;Ja;
918;1;urn:osse-91:dataelement:918:1;Nein;de;Nein;Nein;
918;1;urn:osse-91:dataelement:918:1;unbekannt;de;unbekannt;unbekannt;
921;1;urn:osse-91:dataelement:921:1;Ja;de;Ja;Ja;
921;1;urn:osse-91:dataelement:921:1;Nein;de;Nein;Nein;
921;1;urn:osse-91:dataelement:921:1;unbekannt;de;unbekannt;unbekannt;
397;1;urn:osse-91:dataelement:397:1;kA;en;na;na;SELECT_ONE_RADIO
397;1;urn:osse-91:dataelement:397:1;Nein;en;No;No;SELECT_ONE_RADIO
397;1;urn:osse-91:dataelement:397:1;Ja;en;Yes;Yes;SELECT_ONE_RADIO
397;2;urn:osse-91:dataelement:397:2;kA;de;kA;kA;SELECT_ONE_RADIO
397;2;urn:osse-91:dataelement:397:2;Nein;de;Nein;Nein;SELECT_ONE_RADIO
397;2;urn:osse-91:dataelement:397:2;Ja;de;Ja;Ja;SELECT_ONE_RADIO
497;1;urn:osse-91:dataelement:497:1;unclear;de;unklar;unklar;SELECT_ONE_RADIO
497;1;urn:osse-91:dataelement:497:1;Nein;de;Nein;Nein;SELECT_ONE_RADIO
497;1;urn:osse-91:dataelement:497:1;Ja;de;Ja;Ja;SELECT_ONE_RADIO
497;2;urn:osse-91:dataelement:497:2;unclear;en;unclear;unclear;SELECT_ONE_RADIO
497;2;urn:osse-91:dataelement:497:2;Nein;en;No;No;SELECT_ONE_RADIO
497;2;urn:osse-91:dataelement:497:2;Ja;en;Yes;Yes;SELECT_ONE_RADIO
618;2;urn:osse-91:dataelement:618:2;Ja;de;Ja;Ja;SELECT_ONE_RADIO
618;2;urn:osse-91:dataelement:618:2;Nein;de;Nein;Nein;SELECT_ONE_RADIO
618;2;urn:osse-91:dataelement:618:2;unclear;de;unklar;unklar;SELECT_ONE_RADIO
618;3;urn:osse-91:dataelement:618:3;Ja;en;Yes;Yes;SELECT_ONE_RADIO
618;3;urn:osse-91:dataelement:618:3;Nein;en;No;No;SELECT_ONE_RADIO
618;3;urn:osse-91:dataelement:618:3;unclear;en;unclear;unclear;SELECT_ONE_RADIO
825;1;urn:osse-91:dataelement:825:1;Großvater mütterlicherseits;de;Großvater mütterlicherseits;Großvater mütterlicherseits;SELECT_MANY_CHECKBOX
825;1;urn:osse-91:dataelement:825:1;Großmutter mütterlicherseits;de;Großmutter mütterlicherseits;Großmutter mütterlicherseits;SELECT_MANY_CHECKBOX
825;1;urn:osse-91:dataelement:825:1;Onkel mütterlicherseits;de;Onkel mütterlicherseits;Onkel mütterlicherseits;SELECT_MANY_CHECKBOX
825;1;urn:osse-91:dataelement:825:1;Tante mütterlicherseits;de;Tante mütterlicherseits;Tante mütterlicherseits;SELECT_MANY_CHECKBOX
825;1;urn:osse-91:dataelement:825:1;Cousin/Cousine mütterlicherseits;de;Cousin/Cousine mütterlicherseits;Cousin/Cousine mütterlicherseits;SELECT_MANY_CHECKBOX
825;1;urn:osse-91:dataelement:825:1;Großvater väterlicherseits;de;Großvater väterlicherseits;Großvater väterlicherseits;SELECT_MANY_CHECKBOX
825;1;urn:osse-91:dataelement:825:1;Großmutter väterlicherseits;de;Großmutter väterlicherseits;Großmutter väterlicherseits;SELECT_MANY_CHECKBOX
825;1;urn:osse-91:dataelement:825:1;Onkel väterlicherseits;de;Onkel väterlicherseits;Onkel väterlicherseits;SELECT_MANY_CHECKBOX
825;1;urn:osse-91:dataelement:825:1;Tante väterlicherseits;de;Tante väterlicherseits;Tante väterlicherseits;SELECT_MANY_CHECKBOX
825;1;urn:osse-91:dataelement:825:1;Cousin/Cousine väterlicherseits;de;Cousin/Cousine väterlicherseits;Cousin/Cousine väterlicherseits;SELECT_MANY_CHECKBOX
825;1;urn:osse-91:dataelement:825:1;Andere:;de;Andere;Andere;SELECT_MANY_CHECKBOX
618;4;urn:osse-91:dataelement:618:4;Ja;de;Ja;Ja;SELECT_ONE_RADIO
618;4;urn:osse-91:dataelement:618:4;Nein;de;Nein;Nein;SELECT_ONE_RADIO
618;4;urn:osse-91:dataelement:618:4;unclear;de;unklar;unklar;SELECT_ONE_RADIO
618;5;urn:osse-91:dataelement:618:5;Ja;en;Yes;Yes;SELECT_ONE_RADIO
618;5;urn:osse-91:dataelement:618:5;Nein;en;No;No;SELECT_ONE_RADIO
618;5;urn:osse-91:dataelement:618:5;unclear;en;unclear;unclear;SELECT_ONE_RADIO
618;6;urn:osse-91:dataelement:618:6;Ja;en;Yes;Yes;SELECT_ONE_RADIO
618;6;urn:osse-91:dataelement:618:6;Nein;en;No;No;SELECT_ONE_RADIO
618;6;urn:osse-91:dataelement:618:6;unclear;en;unclear;unclear;SELECT_ONE_RADIO
618;7;urn:osse-91:dataelement:618:7;Ja;de;Ja;Ja;SELECT_ONE_RADIO
618;7;urn:osse-91:dataelement:618:7;Nein;de;Nein;Nein;SELECT_ONE_RADIO
618;7;urn:osse-91:dataelement:618:7;unclear;de;unklar;unklar;SELECT_ONE_RADIO
681;1;urn:osse-91:dataelement:681:1;Fettleibigkeit;en;obesity;obesity;SELECT_MANY_CHECKBOX
681;1;urn:osse-91:dataelement:681:1;Verhaltensauffälligkeiten;de;Verhaltensauffälligkeiten;Verhaltensaufflälligkeiten;SELECT_MANY_CHECKBOX
681;1;urn:osse-91:dataelement:681:1;Mentale Retardierung;en;mental retardation;mental retardation;SELECT_MANY_CHECKBOX
681;1;urn:osse-91:dataelement:681:1;Postaxiale Hexadaktylie;en;postaxial hexadactyly;postaxial hexadactyly;SELECT_MANY_CHECKBOX
681;1;urn:osse-91:dataelement:681:1;Hypogenitalismus;en;hypogenitalism;hypogenitalism;SELECT_MANY_CHECKBOX
681;1;urn:osse-91:dataelement:681:1;Tapetoretinale Degeneration;en;tapetoretinal degeneration;tapetoretinal degeneration;SELECT_MANY_CHECKBOX
681;2;urn:osse-91:dataelement:681:2;Fettleibigkeit;de;Fettleibigkeit;Fettleibigkeit;SELECT_MANY_CHECKBOX
681;2;urn:osse-91:dataelement:681:2;Verhaltensauffälligkeiten;en;behavioral syndroms;behavioral syndroms;SELECT_MANY_CHECKBOX
681;2;urn:osse-91:dataelement:681:2;Mentale Retardierung;de;Mentale Retardierung;Mentale Retardierung;SELECT_MANY_CHECKBOX
681;2;urn:osse-91:dataelement:681:2;Postaxiale Hexadaktylie;de;Postaxiale Hexadaktylie;Postaxiale Hexadaktylie;SELECT_MANY_CHECKBOX
681;2;urn:osse-91:dataelement:681:2;Hypogenitalismus;de;Hypogenitalismus;Hypogenitalismus;SELECT_MANY_CHECKBOX
681;2;urn:osse-91:dataelement:681:2;Tapetoretinale Degeneration;de;Tapetoretinale Degeneration;Tapetoretinale Degeneration;SELECT_MANY_CHECKBOX
832;2;urn:osse-91:dataelement:832:2;kA;de;kA;kA;SELECT_ONE_RADIO
832;2;urn:osse-91:dataelement:832:2;Nein;de;Nein;Nein;SELECT_ONE_RADIO
832;2;urn:osse-91:dataelement:832:2;Ja;de;Ja;Ja;SELECT_ONE_RADIO
832;3;urn:osse-91:dataelement:832:3;kA;de;kA;kA;SELECT_ONE_RADIO
832;3;urn:osse-91:dataelement:832:3;Nein;de;Nein;Nein;SELECT_ONE_RADIO
832;3;urn:osse-91:dataelement:832:3;Ja;de;Ja;Ja;SELECT_ONE_RADIO
16;3;urn:osse-91:dataelement:16:3;Okulomotorische Apraxie;de;Okulomotorische Apraxie;Okulomotorische Apraxie;SELECT_MANY_CHECKBOX
16;3;urn:osse-91:dataelement:16:3;Eingeschränkte Augenfolgebewegungen;de;Eingeschränkte Augenfolgebewegungen;Eingeschränkte Augenfolgebewegungen;SELECT_MANY_CHECKBOX
16;3;urn:osse-91:dataelement:16:3;Ataxie;de;Ataxie;Ataxie;SELECT_MANY_CHECKBOX
16;3;urn:osse-91:dataelement:16:3;Jaktationen des Kopfes;de;Jaktationen des Kopfes;Jaktationen des Kopfes;SELECT_MANY_CHECKBOX
16;3;urn:osse-91:dataelement:16:3;Muskulärer Hypotonie;de;Muskuläre Hypotonie;Muskuläre Hypotonie;SELECT_MANY_CHECKBOX
16;3;urn:osse-91:dataelement:16:3;Entwicklungsverzögerung;de;Entwicklungsverzögerung;Entwicklungsverzögerung;SELECT_MANY_CHECKBOX
17;3;urn:osse-91:dataelement:17:3;Postaxiale Polydaktylie;de;Postaxiale Polydaktylie;Postaxiale Polydaktylie;SELECT_MANY_CHECKBOX
17;3;urn:osse-91:dataelement:17:3;Kurze Extremitäten;de;Kurze Extremitäten;Kurze Extremitäten;SELECT_MANY_CHECKBOX
17;3;urn:osse-91:dataelement:17:3;Kleinwuchs;de;Kleinwuchs;Kleinwuchs;SELECT_MANY_CHECKBOX
17;3;urn:osse-91:dataelement:17:3;Kurze Rippen;de;Kurze Rippen;Kurze Rippen;SELECT_MANY_CHECKBOX
17;3;urn:osse-91:dataelement:17:3;Dysplastische Finger-/Zehennägel;de;Dysplastische Finger-/Zehennägel;Dysplastische Finger-/Zehennägel;SELECT_MANY_CHECKBOX
17;3;urn:osse-91:dataelement:17:3;Spitze Zähne;de;Spitze Zähne;Spitze Zähne;SELECT_MANY_CHECKBOX
17;3;urn:osse-91:dataelement:17:3;Herzfehler;de;Herzfehler;Herzfehler;SELECT_MANY_CHECKBOX
17;4;urn:osse-91:dataelement:17:4;Postaxiale Polydaktylie;de;Postaxiale Polydaktylie;Postaxiale Polydaktylie;SELECT_MANY_CHECKBOX
17;4;urn:osse-91:dataelement:17:4;Kurze Extremitäten;de;Kurze Extremitäten;Kurze Extremitäten;SELECT_MANY_CHECKBOX
17;4;urn:osse-91:dataelement:17:4;Kleinwuchs;de;Kleinwuchs;Kleinwuchs;SELECT_MANY_CHECKBOX
17;4;urn:osse-91:dataelement:17:4;Kurze Rippen;de;Kurze Rippen;Kurze Rippen;SELECT_MANY_CHECKBOX
17;4;urn:osse-91:dataelement:17:4;Dysplastische Finger-/Zehennägel;de;Dysplastische Finger-/Zehennägel;Dysplastische Finger-/Zehennägel;SELECT_MANY_CHECKBOX
17;4;urn:osse-91:dataelement:17:4;Spitze Zähne;de;Spitze Zähne;Spitze Zähne;SELECT_MANY_CHECKBOX
17;4;urn:osse-91:dataelement:17:4;Herzfehler;de;Herzfehler;Herzfehler;SELECT_MANY_CHECKBOX
17;5;urn:osse-91:dataelement:17:5;Postaxiale Polydaktylie;de;Postaxiale Polydaktylie;Postaxiale Polydaktylie;SELECT_MANY_CHECKBOX
17;5;urn:osse-91:dataelement:17:5;Kurze Extremitäten;de;Kurze Extremitäten;Kurze Extremitäten;SELECT_MANY_CHECKBOX
17;5;urn:osse-91:dataelement:17:5;Kleinwuchs;de;Kleinwuchs;Kleinwuchs;SELECT_MANY_CHECKBOX
17;5;urn:osse-91:dataelement:17:5;Kurze Rippen;de;Kurze Rippen;Kurze Rippen;SELECT_MANY_CHECKBOX
17;5;urn:osse-91:dataelement:17:5;Dysplastische Finger-/Zehennägel;de;Dysplastische Finger-/Zehennägel;Dysplastische Finger-/Zehennägel;SELECT_MANY_CHECKBOX
17;5;urn:osse-91:dataelement:17:5;Spitze Zähne;de;Spitze Zähne;Spitze Zähne;SELECT_MANY_CHECKBOX
17;5;urn:osse-91:dataelement:17:5;Herzfehler;de;Herzfehler;Herzfehler;SELECT_MANY_CHECKBOX
664;3;urn:osse-91:dataelement:664:3;Other;de;Sonstige;Sonstige;SELECT_MANY_CHECKBOX
664;3;urn:osse-91:dataelement:664:3;Arterielle Hypertonie;de;Arterielle Hypertonie;Arterielle Hypertonie;SELECT_MANY_CHECKBOX
664;3;urn:osse-91:dataelement:664:3;Medikamente;de;Medikamente;Medikamente;SELECT_MANY_CHECKBOX
664;3;urn:osse-91:dataelement:664:3;Polyhydramnion;de;Polyhydramnion;Polyhydramnion;SELECT_MANY_CHECKBOX
17;6;urn:osse-91:dataelement:17:6;Postaxiale Polydaktylie;de;Postaxiale Polydaktylie;Postaxiale Polydaktylie;SELECT_MANY_CHECKBOX
17;6;urn:osse-91:dataelement:17:6;Kurze Extremitäten;de;Kurze Extremitäten;Kurze Extremitäten;SELECT_MANY_CHECKBOX
17;6;urn:osse-91:dataelement:17:6;Kleinwuchs;de;Kleinwuchs;Kleinwuchs;SELECT_MANY_CHECKBOX
17;6;urn:osse-91:dataelement:17:6;Kurze Rippen;de;Kurze Rippen;Kurze Rippen;SELECT_MANY_CHECKBOX
17;6;urn:osse-91:dataelement:17:6;Dysplastische Finger-/Zehennägel;de;Dysplastische Finger-/Zehennägel;Dysplastische Finger-/Zehennägel;SELECT_MANY_CHECKBOX
17;6;urn:osse-91:dataelement:17:6;Spitze Zähne;de;Spitze Zähne;Spitze Zähne;SELECT_MANY_CHECKBOX
17;6;urn:osse-91:dataelement:17:6;Herzfehler;de;Herzfehler;Herzfehler;SELECT_MANY_CHECKBOX
16;4;urn:osse-91:dataelement:16:4;Okulomotorische Apraxie;de;Okulomotorische Apraxie;Okulomotorische Apraxie;SELECT_MANY_CHECKBOX
16;4;urn:osse-91:dataelement:16:4;Eingeschränkte Augenfolgebewegungen;de;Eingeschränkte Augenfolgebewegungen;Eingeschränkte Augenfolgebewegungen;SELECT_MANY_CHECKBOX
16;4;urn:osse-91:dataelement:16:4;Ataxie;de;Ataxie;Ataxie;SELECT_MANY_CHECKBOX
16;4;urn:osse-91:dataelement:16:4;Jaktationen des Kopfes;de;Jaktationen des Kopfes;Jaktationen des Kopfes;SELECT_MANY_CHECKBOX
16;4;urn:osse-91:dataelement:16:4;Muskulärer Hypotonie;de;Muskuläre Hypotonie;Muskuläre Hypotonie;SELECT_MANY_CHECKBOX
16;4;urn:osse-91:dataelement:16:4;Entwicklungsverzögerung;de;Entwicklungsverzögerung;Entwicklungsverzögerung;SELECT_MANY_CHECKBOX
439;4;urn:osse-91:dataelement:439:4;Amnioveskaler Shunt;de;Amniovesikaler Shunt;Amniovesikaler Shunt;SELECT_MANY_CHECKBOX
439;4;urn:osse-91:dataelement:439:4;Amnioninfusion;de;Amnioinfusion;Amnioinfusion;SELECT_MANY_CHECKBOX
439;4;urn:osse-91:dataelement:439:4;Other;de;Andere:;Andere:;SELECT_MANY_CHECKBOX
1173;1;urn:osse-91:dataelement:1173:1;Ja/Yes;en;Yes;Yes;SELECT_ONE_RADIO
1175;1;urn:osse-91:dataelement:1175:1;kA;en;na;na;SELECT_ONE_RADIO
1175;1;urn:osse-91:dataelement:1175:1;Nein;en;No;No;SELECT_ONE_RADIO
1175;1;urn:osse-91:dataelement:1175:1;Ja;en;Yes;Yes;SELECT_ONE_RADIO
1174;1;urn:osse-91:dataelement:1174:1;Ja/Yes;de;Ja;Ja;SELECT_ONE_RADIO
1174;1;urn:osse-91:dataelement:1174:1;Nein/No;de;Nein;Nein;SELECT_ONE_RADIO
1174;1;urn:osse-91:dataelement:1174:1;kA / na;de;kA;kA;SELECT_ONE_RADIO
434;5;urn:osse-91:dataelement:434:5;Fehlbildungen der Nieren +/- Harnwege;de;Fehlbildungen der Nieren +/- Harnwege;Fehlbildungen der Nieren +/- Harnwege;SELECT_MANY_CHECKBOX
434;5;urn:osse-91:dataelement:434:5;Genitale Fehlbildungen;de;Genitale Fehlbildungen;Genitale Fehlbildungen;SELECT_MANY_CHECKBOX
434;5;urn:osse-91:dataelement:434:5;Nierenzysten;de;Nierenzysten;Nierenzysten;SELECT_MANY_CHECKBOX
434;5;urn:osse-91:dataelement:434:5;Diabetes mellitus (MODY-Diabetes);de;Diabetes mellitus (MODY-Diabetes);Diabetes mellitus (MODY-Diabetes);SELECT_MANY_CHECKBOX
434;5;urn:osse-91:dataelement:434:5;Hyperurikämie;de;Hyperurikämie;Hyperurikämie;SELECT_MANY_CHECKBOX
434;5;urn:osse-91:dataelement:434:5;Hypomagnesiämie;de;Hypomagnesiämie;Hypomagnesiämie;SELECT_MANY_CHECKBOX
434;5;urn:osse-91:dataelement:434:5;Erhöhte Transaminasen;de;Erhöhte Transaminasen;Erhöhte Transaminasen;SELECT_MANY_CHECKBOX
434;5;urn:osse-91:dataelement:434:5;Positive Familienanamnese für Diabetes mellitus;de;Positive Familienanamnese für Diabetes mellitus;Positive Familienanamnese für Diabetes mellitus;SELECT_MANY_CHECKBOX
434;5;urn:osse-91:dataelement:434:5;Positive Familienanamnese für Gichterkrankung;de;Positive Familienanamnese für Gichterkrankung;Positive Familienanamnese für Gichterkrankung;SELECT_MANY_CHECKBOX
434;5;urn:osse-91:dataelement:434:5;Verhaltensaufälligkeiten;de;Verhaltensaufälligkeiten;Verhaltensaufälligkeiten;SELECT_MANY_CHECKBOX
434;5;urn:osse-91:dataelement:434:5;Positive Familienanamnese für Nierenerkrankgungen;de;Positive Familienanamnese für Nierenerkrankungen;Positive Familienanamnese für Nierenerkrankungen;SELECT_MANY_CHECKBOX
434;6;urn:osse-91:dataelement:434:6;Fehlbildungen der Nieren +/- Harnwege;en;malformation of kindneys + / - urinary tract;malformation of kindneys + / - urinary tract;SELECT_MANY_CHECKBOX
434;6;urn:osse-91:dataelement:434:6;Genitale Fehlbildungen;en;genital malformation;genital malformation;SELECT_MANY_CHECKBOX
434;6;urn:osse-91:dataelement:434:6;Nierenzysten;en;renal cysts;renal cysts;SELECT_MANY_CHECKBOX
434;6;urn:osse-91:dataelement:434:6;Diabetes mellitus (MODY-Diabetes);en;diabetes mellitus (MODY-Diabetes);diabetes mellitus (MODY-Diabetes);SELECT_MANY_CHECKBOX
434;6;urn:osse-91:dataelement:434:6;Hyperurikämie;en;hyperuricaemia;hyperuricaemia;SELECT_MANY_CHECKBOX
434;6;urn:osse-91:dataelement:434:6;Hypomagnesiämie;en;hypermagnesaemia;hypermagnesaemia;SELECT_MANY_CHECKBOX
434;6;urn:osse-91:dataelement:434:6;Erhöhte Transaminasen;en;increased transaminases;increased transaminases;SELECT_MANY_CHECKBOX
434;6;urn:osse-91:dataelement:434:6;Positive Familienanamnese für Diabetes mellitus;en;diabetes mellitus in familiy;diabetes mellitus in familiy;SELECT_MANY_CHECKBOX
434;6;urn:osse-91:dataelement:434:6;Positive Familienanamnese für Gichterkrankung;en;gout disease in familiy;gout disease in familiy;SELECT_MANY_CHECKBOX
434;6;urn:osse-91:dataelement:434:6;Verhaltensaufälligkeiten;en;behavioral syndromes;behavioral syndromes;SELECT_MANY_CHECKBOX
434;6;urn:osse-91:dataelement:434:6;Positive Familienanamnese für Nierenerkrankgungen;en;kidney disease in family;kidney disease in family;SELECT_MANY_CHECKBOX
14;3;urn:osse-91:dataelement:14:3;fetale Tachypnoe;de;fetale Tachypnoe/Apnoe;fetale Tachypnoe/Apnoe;SELECT_MANY_CHECKBOX
14;3;urn:osse-91:dataelement:14:3;mentale Retardierung;de;mentale Retardierung;mentale Retardierung;SELECT_MANY_CHECKBOX
14;3;urn:osse-91:dataelement:14:3;Kleinhirnwurmaplasie;de;Kleinhirnwurmaplasie (Molar Tooth-Zeichen);Kleinhirnwurmaplasie (Molar Tooth-Zeichen);SELECT_MANY_CHECKBOX
14;3;urn:osse-91:dataelement:14:3;Ataxie;de;Ataxie;Ataxie;SELECT_MANY_CHECKBOX
14;3;urn:osse-91:dataelement:14:3;Nystagmus;de;Nystagmus/ Rotationsnystagmus;Nystagmus/ Rotationsnystagmus;SELECT_MANY_CHECKBOX
14;3;urn:osse-91:dataelement:14:3;Sehnervkolobom;de;Sehnervkolobom;Sehnervkolobom;SELECT_MANY_CHECKBOX
14;3;urn:osse-91:dataelement:14:3;Niereninsuffizienz;de;Niereninsuffizienz;Niereninsuffizienz;SELECT_MANY_CHECKBOX
14;3;urn:osse-91:dataelement:14:3;Hepatopathie;de;Hepatopathie;Hepatopathie;SELECT_MANY_CHECKBOX
14;4;urn:osse-91:dataelement:14:4;fetale Tachypnoe;en;fetal Tachypnoe/Apnoe;fetal Tachypnoe/Apnoe;SELECT_MANY_CHECKBOX
14;4;urn:osse-91:dataelement:14:4;mentale Retardierung;en;mental retardation;mental retardation;SELECT_MANY_CHECKBOX
14;4;urn:osse-91:dataelement:14:4;Kleinhirnwurmaplasie;en;agenesis of cerebellar vermis (Molar Tooth-Sign);agenesis of cerebellar vermis (Molar Tooth-Sign);SELECT_MANY_CHECKBOX
14;4;urn:osse-91:dataelement:14:4;Ataxie;en;ataxia;ataxia;SELECT_MANY_CHECKBOX
14;4;urn:osse-91:dataelement:14:4;Nystagmus;en;nystagmus/ rotatoric nystagmus;nystagmus/ rotatoric nystagmus;SELECT_MANY_CHECKBOX
14;4;urn:osse-91:dataelement:14:4;Sehnervkolobom;en;coloboma of the optic nerve;coloboma of the optic nerve;SELECT_MANY_CHECKBOX
14;4;urn:osse-91:dataelement:14:4;Niereninsuffizienz;en;chronic kidney disease;chronic kidney disease;SELECT_MANY_CHECKBOX
14;4;urn:osse-91:dataelement:14:4;Hepatopathie;en;hepatopathy;hepatopathy;SELECT_MANY_CHECKBOX
18;3;urn:osse-91:dataelement:18:3;Retinitis pigmentosa;de;Retinitis pigmentosa;Retinitis pigmentosa;SELECT_MANY_CHECKBOX
18;3;urn:osse-91:dataelement:18:3;Hypopituitarismus;de;Hypopituitarismus;Hypopituitarismus;SELECT_MANY_CHECKBOX
18;3;urn:osse-91:dataelement:18:3;Nephronophthise;de;Nephronophthise;Nephronophthise;SELECT_MANY_CHECKBOX
18;3;urn:osse-91:dataelement:18:3;Skelettdysplasie;de;Skelettdysplasie;Skelettdysplasie;SELECT_MANY_CHECKBOX
16;5;urn:osse-91:dataelement:16:5;Okulomotorische Apraxie;en;oculomotoric apraxia;oculomotoric apraxia;SELECT_MANY_CHECKBOX
16;5;urn:osse-91:dataelement:16:5;Eingeschränkte Augenfolgebewegungen;en;disturbance of oculomotor smooth pursuit;disturbance of oculomotor smooth pursuit;SELECT_MANY_CHECKBOX
16;5;urn:osse-91:dataelement:16:5;Ataxie;en;ataxia;ataxia;SELECT_MANY_CHECKBOX
16;5;urn:osse-91:dataelement:16:5;Jaktationen des Kopfes;en;Jactatio capitis;Jactatio capitis;SELECT_MANY_CHECKBOX
16;5;urn:osse-91:dataelement:16:5;Muskulärer Hypotonie;en;muscular hypotonia;muscular hypotonia;SELECT_MANY_CHECKBOX
16;5;urn:osse-91:dataelement:16:5;Entwicklungsverzögerung;en;developmental delay;developmental delay;SELECT_MANY_CHECKBOX
17;7;urn:osse-91:dataelement:17:7;Postaxiale Polydaktylie;en;Postaxial polydactily;Postaxial polydactily;SELECT_MANY_CHECKBOX
17;7;urn:osse-91:dataelement:17:7;Kurze Extremitäten;en;short extremities ;short extremities ;SELECT_MANY_CHECKBOX
17;7;urn:osse-91:dataelement:17:7;Kleinwuchs;en;short stature;short stature;SELECT_MANY_CHECKBOX
17;7;urn:osse-91:dataelement:17:7;Kurze Rippen;en;short ribs;short ribs;SELECT_MANY_CHECKBOX
17;7;urn:osse-91:dataelement:17:7;Dysplastische Finger-/Zehennägel;en;dysplastic nails of finger or toes;dysplastic nails of finger or toes;SELECT_MANY_CHECKBOX
17;7;urn:osse-91:dataelement:17:7;Spitze Zähne;en;sharp teeth;sharp teeth;SELECT_MANY_CHECKBOX
17;7;urn:osse-91:dataelement:17:7;Herzfehler;en;cardial abnormalities;cardial abnormalities;SELECT_MANY_CHECKBOX
17;8;urn:osse-91:dataelement:17:8;Postaxiale Polydaktylie;de;Postaxiale Polydaktylie;Postaxiale Polydaktylie;SELECT_MANY_CHECKBOX
17;8;urn:osse-91:dataelement:17:8;Kurze Extremitäten;de;Kurze Extremitäten;Kurze Extremitäten;SELECT_MANY_CHECKBOX
17;8;urn:osse-91:dataelement:17:8;Kleinwuchs;de;Kleinwuchs;Kleinwuchs;SELECT_MANY_CHECKBOX
17;8;urn:osse-91:dataelement:17:8;Kurze Rippen;de;Kurze Rippen;Kurze Rippen;SELECT_MANY_CHECKBOX
17;8;urn:osse-91:dataelement:17:8;Dysplastische Finger-/Zehennägel;de;Dysplastische Finger-/Zehennägel;Dysplastische Finger-/Zehennägel;SELECT_MANY_CHECKBOX
17;8;urn:osse-91:dataelement:17:8;Spitze Zähne;de;Spitze Zähne;Spitze Zähne;SELECT_MANY_CHECKBOX
17;8;urn:osse-91:dataelement:17:8;Herzfehler;de;Herzfehler;Herzfehler;SELECT_MANY_CHECKBOX
20;3;urn:osse-91:dataelement:20:3;Thoraxhypoplasie;de;Thoraxhypoplasie;Thoraxhypoplasie;SELECT_MANY_CHECKBOX
20;3;urn:osse-91:dataelement:20:3;Kurze Extremitäten;de;Kurze Extremitäten;Kurze Extremitäten;SELECT_MANY_CHECKBOX
20;3;urn:osse-91:dataelement:20:3;Kleinwuchs;de;Kleinwuchs;Kleinwuchs;SELECT_MANY_CHECKBOX
20;3;urn:osse-91:dataelement:20:3;Zapfenepiphysen;de;Zapfenepiphysen;Zapfenepiphysen;SELECT_MANY_CHECKBOX
20;3;urn:osse-91:dataelement:20:3;Retinopathie;de;Retinopathie;Retinopathie;SELECT_MANY_CHECKBOX
20;3;urn:osse-91:dataelement:20:3;Niereninsuffizienz;de;Niereninsuffizienz;Niereninsuffizienz;SELECT_MANY_CHECKBOX
439;5;urn:osse-91:dataelement:439:5;Amnioveskaler Shunt;en;vesico-amniotic shunt;vesico-amniotic shunt;SELECT_MANY_CHECKBOX
439;5;urn:osse-91:dataelement:439:5;Amnioninfusion;en;amnioninfusion;amnioninfusion;SELECT_MANY_CHECKBOX
439;5;urn:osse-91:dataelement:439:5;Other;en;other:;other type of intervention;SELECT_MANY_CHECKBOX
844;3;urn:osse-91:dataelement:844:3;Andere;de;Andere;Andere;
844;3;urn:osse-91:dataelement:844:3;Nephreg;de;Nephreg;Nephreg;
844;3;urn:osse-91:dataelement:844:3;BBS;de;BBS;BBS;
844;3;urn:osse-91:dataelement:844:3;ARegPKD;de;ARegPKD;ARegPKD;
844;3;urn:osse-91:dataelement:844:3;HNF1ß;de;HNF1β;HNF1β;
844;3;urn:osse-91:dataelement:844:3;Neocyst;de;Neocyst;Neocyst;
844;4;urn:osse-91:dataelement:844:4;Andere;en;Other;Other patient register study;
844;4;urn:osse-91:dataelement:844:4;Nephreg;en;Nephreg;Nephreg;
844;4;urn:osse-91:dataelement:844:4;BBS;en;BBS;BBS;
844;4;urn:osse-91:dataelement:844:4;ARegPKD;en;ARegPKD;ARegPKD;
844;4;urn:osse-91:dataelement:844:4;HNF1ß;en;HNF1β;HNF1β;
844;4;urn:osse-91:dataelement:844:4;Neocyst;en;Neocyst;Neocyst;
458;6;urn:osse-91:dataelement:458:6;Other:;en;Other;Other;SELECT_MANY_CHECKBOX
458;6;urn:osse-91:dataelement:458:6;Nierenzysten;en;renal cysts;renal cysts;SELECT_MANY_CHECKBOX
458;6;urn:osse-91:dataelement:458:6;Chron. Niereninsuffizienz;en;chronic kidney disease;chronic kidney disease;SELECT_MANY_CHECKBOX
458;6;urn:osse-91:dataelement:458:6;Dialyse;en;dialysis;dialysis;SELECT_MANY_CHECKBOX
458;6;urn:osse-91:dataelement:458:6;Nierentransplantation;en;renal transplantation ;renal transplantation ;SELECT_MANY_CHECKBOX
458;6;urn:osse-91:dataelement:458:6;ARPKD;en;ARPKD;ARPKD;SELECT_MANY_CHECKBOX
458;6;urn:osse-91:dataelement:458:6;ADPKD;en;ADPKD;ADPKD;SELECT_MANY_CHECKBOX
458;6;urn:osse-91:dataelement:458:6;Nephoronophthise;en;nephronophthisis;nephronophthisis;SELECT_MANY_CHECKBOX
458;6;urn:osse-91:dataelement:458:6;HFN1ß;en;HFN1β;HFN1β;SELECT_MANY_CHECKBOX
458;7;urn:osse-91:dataelement:458:7;Other:;de;Andere;Andere;SELECT_MANY_CHECKBOX
458;7;urn:osse-91:dataelement:458:7;Nierenzysten;de;Nierenzysten;Nierenzysten;SELECT_MANY_CHECKBOX
458;7;urn:osse-91:dataelement:458:7;Chron. Niereninsuffizienz;de;Chron. Niereninsuffizienz;Chron. Niereninsuffizienz;SELECT_MANY_CHECKBOX
458;7;urn:osse-91:dataelement:458:7;Dialyse;de;Dialyse;Dialyse;SELECT_MANY_CHECKBOX
458;7;urn:osse-91:dataelement:458:7;Nierentransplantation;de;Nierentransplantation;Nierentransplantation;SELECT_MANY_CHECKBOX
458;7;urn:osse-91:dataelement:458:7;ARPKD;de;ARPKD;ARPKD;SELECT_MANY_CHECKBOX
458;7;urn:osse-91:dataelement:458:7;ADPKD;de;ADPKD;ADPKD;SELECT_MANY_CHECKBOX
458;7;urn:osse-91:dataelement:458:7;Nephoronophthise;de;Nephronophthise;Nephronophthise;SELECT_MANY_CHECKBOX
458;7;urn:osse-91:dataelement:458:7;HFN1ß;de;HFN1β;HFN1β;SELECT_MANY_CHECKBOX
663;3;urn:osse-91:dataelement:663:3;Insulinpflichtig;de;Insulinpflichtig;Insulinpflichtig;SELECT_ONE_RADIO
663;3;urn:osse-91:dataelement:663:3;Orale Medikation;en;Oral medication;Oral medication;SELECT_ONE_RADIO
663;3;urn:osse-91:dataelement:663:3;Diätetisch eingestellt;de;Diätetisch eingestellt;Diätetisch eingestellt;SELECT_ONE_RADIO
843;4;urn:osse-91:dataelement:843:4;Andere;en;Other;Other patient register study;SELECT_ONE_RADIO
843;4;urn:osse-91:dataelement:843:4;Nephreg;en;Nephreg;Nephreg;SELECT_ONE_RADIO
843;4;urn:osse-91:dataelement:843:4;BBS;en;BBS;BBS;SELECT_ONE_RADIO
843;4;urn:osse-91:dataelement:843:4;ARegPKD;en;ARegPKD;ARegPKD;SELECT_ONE_RADIO
843;4;urn:osse-91:dataelement:843:4;HNF1ß;en;HNF1β;HNF1β;SELECT_ONE_RADIO
843;4;urn:osse-91:dataelement:843:4;Neocyst;en;Neocyst;Neocyst;SELECT_ONE_RADIO
842;4;urn:osse-91:dataelement:842:4;HNF1ß;de;HNF1β;HNF1β;SELECT_ONE_RADIO
842;4;urn:osse-91:dataelement:842:4;ARegPKD;de;ARegPKD;ARegPKD;SELECT_ONE_RADIO
842;4;urn:osse-91:dataelement:842:4;BBS;de;BBS;BBS;SELECT_ONE_RADIO
842;4;urn:osse-91:dataelement:842:4;Nephreg;de;Nephreg;Nephreg;SELECT_ONE_RADIO
842;4;urn:osse-91:dataelement:842:4;Andere;de;Andere;Andere;SELECT_ONE_RADIO
842;4;urn:osse-91:dataelement:842:4;Neocyst;de;Neocyst;Neocyst;SELECT_ONE_RADIO
673;2;urn:osse-91:dataelement:673:2;HFN1ß;de;HFN1ß;HFN1ß;SELECT_MANY_CHECKBOX
673;2;urn:osse-91:dataelement:673:2;Nephoronophthise;de;Nephoronophthise;Nephoronophthise;SELECT_MANY_CHECKBOX
673;2;urn:osse-91:dataelement:673:2;ADPKD;de;ADPKD;ADPKD;SELECT_MANY_CHECKBOX
673;2;urn:osse-91:dataelement:673:2;ARPKD;de;ARPKD;ARPKD;SELECT_MANY_CHECKBOX
673;2;urn:osse-91:dataelement:673:2;Nierentransplantation;de;Nierentransplantation;Nierentransplantation;SELECT_MANY_CHECKBOX
673;2;urn:osse-91:dataelement:673:2;Dialyse;de;Dialyse;Dialyse;SELECT_MANY_CHECKBOX
673;2;urn:osse-91:dataelement:673:2;Chron. Niereninsuffizienz;de;Chron. Niereninsuffizienz;Chron. Niereninsuffizienz;SELECT_MANY_CHECKBOX
673;2;urn:osse-91:dataelement:673:2;Nierenzysten;de;Nierenzysten;Nierenzysten;SELECT_MANY_CHECKBOX
673;2;urn:osse-91:dataelement:673:2;Other:;de;Andere;Andere;SELECT_MANY_CHECKBOX
673;3;urn:osse-91:dataelement:673:3;HFN1ß;en;HFN1β;HFN1β;SELECT_MANY_CHECKBOX
673;3;urn:osse-91:dataelement:673:3;Nephoronophthise;en;nephronophthisis;nephronophthisis;SELECT_MANY_CHECKBOX
673;3;urn:osse-91:dataelement:673:3;ADPKD;en;ADPKD;ADPKD;SELECT_MANY_CHECKBOX
673;3;urn:osse-91:dataelement:673:3;ARPKD;en;ARPKD;ARPKD;SELECT_MANY_CHECKBOX
673;3;urn:osse-91:dataelement:673:3;Nierentransplantation;en;renal transplantation ;renal transplantation ;SELECT_MANY_CHECKBOX
673;3;urn:osse-91:dataelement:673:3;Dialyse;en;dialysis;dialysis;SELECT_MANY_CHECKBOX
673;3;urn:osse-91:dataelement:673:3;Chron. Niereninsuffizienz;en;chronic kidney disease;chronic kidney disease;SELECT_MANY_CHECKBOX
673;3;urn:osse-91:dataelement:673:3;Nierenzysten;en;renal cysts;renal cysts;SELECT_MANY_CHECKBOX
673;3;urn:osse-91:dataelement:673:3;Other:;en;Other;Other;SELECT_MANY_CHECKBOX
636;4;urn:osse-91:dataelement:636:4;Persistent;de;Persistent;Persistent;
636;4;urn:osse-91:dataelement:636:4;Progredient;de;Progredient;Progredient;
636;4;urn:osse-91:dataelement:636:4;Regredient;de;Regredient;Regredient;
636;4;urn:osse-91:dataelement:636:4;Komplette Remission;de;Komplette Remission;Komplette Remission;
636;5;urn:osse-91:dataelement:636:5;Persistent;en;persistent;persistent;
636;5;urn:osse-91:dataelement:636:5;Progredient;en;progressive;progressive;
636;5;urn:osse-91:dataelement:636:5;Regredient;en;regressive;regressive;
636;5;urn:osse-91:dataelement:636:5;Komplette Remission;en;complete remission;complete remission;
1177;1;urn:osse-91:dataelement:1177:1;Nein;de;Nein;Nein;SELECT_ONE_RADIO
1177;1;urn:osse-91:dataelement:1177:1;Ja;de;Ja;Ja;SELECT_ONE_RADIO
197;3;urn:osse-91:dataelement:197:3;kA;de;kA;kA;SELECT_ONE_RADIO
197;3;urn:osse-91:dataelement:197:3;Nein;de;Nein;Nein;SELECT_ONE_RADIO
197;3;urn:osse-91:dataelement:197:3;Ja;de;Ja;Ja;SELECT_ONE_RADIO
201;3;urn:osse-91:dataelement:201:3;Ja;de;Ja;Ja;SELECT_ONE_RADIO
201;3;urn:osse-91:dataelement:201:3;Nein;de;Nein;Nein;SELECT_ONE_RADIO
201;3;urn:osse-91:dataelement:201:3;kA;de;kA;kA;SELECT_ONE_RADIO
203;3;urn:osse-91:dataelement:203:3;kA;de;kA;kA;SELECT_ONE_RADIO
203;3;urn:osse-91:dataelement:203:3;Nein;de;Nein;Nein;SELECT_ONE_RADIO
203;3;urn:osse-91:dataelement:203:3;Ja;de;Ja;Ja;SELECT_ONE_RADIO
205;4;urn:osse-91:dataelement:205:4;Ja;en;Yes;Yes;SELECT_ONE_RADIO
205;4;urn:osse-91:dataelement:205:4;Nein;en;No;No;SELECT_ONE_RADIO
205;4;urn:osse-91:dataelement:205:4;kA;en;na;na;SELECT_ONE_RADIO
548;6;urn:osse-91:dataelement:548:6;Ja;en;Yes;Yes;SELECT_ONE_RADIO
548;6;urn:osse-91:dataelement:548:6;Nein;en;No;No;SELECT_ONE_RADIO
548;6;urn:osse-91:dataelement:548:6;kA;en;na;na;SELECT_ONE_RADIO
547;5;urn:osse-91:dataelement:547:5;Ja;de;Ja;Ja;SELECT_ONE_RADIO
547;5;urn:osse-91:dataelement:547:5;Nein;de;Nein;Nein;SELECT_ONE_RADIO
547;5;urn:osse-91:dataelement:547:5;kA;de;kA;kA;SELECT_ONE_RADIO
210;3;urn:osse-91:dataelement:210:3;Ja;de;Ja;Ja;SELECT_ONE_RADIO
210;3;urn:osse-91:dataelement:210:3;Nein;de;Nein;Nein;SELECT_ONE_RADIO
210;3;urn:osse-91:dataelement:210:3;kA;de;kA;kA;SELECT_ONE_RADIO
212;3;urn:osse-91:dataelement:212:3;Ja;de;Ja;Ja;SELECT_ONE_RADIO
212;3;urn:osse-91:dataelement:212:3;Nein;de;Nein;Nein;SELECT_ONE_RADIO
212;3;urn:osse-91:dataelement:212:3;kA;de;kA;kA;SELECT_ONE_RADIO
214;3;urn:osse-91:dataelement:214:3;Ja;de;Ja;Ja;SELECT_ONE_RADIO
214;3;urn:osse-91:dataelement:214:3;Nein;de;Nein;Nein;SELECT_ONE_RADIO
214;3;urn:osse-91:dataelement:214:3;kA;de;kA;kA;SELECT_ONE_RADIO
638;2;urn:osse-91:dataelement:638:2;Ja;de;Ja;Ja;SELECT_ONE_RADIO
638;2;urn:osse-91:dataelement:638:2;Nein;de;Nein;Nein;SELECT_ONE_RADIO
638;2;urn:osse-91:dataelement:638:2;kA;de;kA;kA;SELECT_ONE_RADIO
644;2;urn:osse-91:dataelement:644:2;Ja;de;Ja;Ja;SELECT_ONE_RADIO
644;2;urn:osse-91:dataelement:644:2;Nein;de;Nein;Nein;SELECT_ONE_RADIO
644;2;urn:osse-91:dataelement:644:2;kA;de;kA;kA;SELECT_ONE_RADIO
643;2;urn:osse-91:dataelement:643:2;kA;en;na;na;SELECT_ONE_RADIO
643;2;urn:osse-91:dataelement:643:2;Nein;en;No;No;SELECT_ONE_RADIO
643;2;urn:osse-91:dataelement:643:2;Ja;en;Yes;Yes;SELECT_ONE_RADIO
157;3;urn:osse-91:dataelement:157:3;kA;de;kA;kA;SELECT_ONE_RADIO
157;3;urn:osse-91:dataelement:157:3;Nein;de;Nein;Nein;SELECT_ONE_RADIO
157;3;urn:osse-91:dataelement:157:3;Ja;de;Ja;Ja;SELECT_ONE_RADIO
159;3;urn:osse-91:dataelement:159:3;Ja;de;Ja;Ja;SELECT_ONE_RADIO
159;3;urn:osse-91:dataelement:159:3;Nein;de;Nein;Nein;SELECT_ONE_RADIO
159;3;urn:osse-91:dataelement:159:3;kA;de;kA;kA;SELECT_ONE_RADIO
646;2;urn:osse-91:dataelement:646:2;Ja;de;Ja;Ja;SELECT_ONE_RADIO
646;2;urn:osse-91:dataelement:646:2;Nein;de;Nein;Nein;SELECT_ONE_RADIO
646;2;urn:osse-91:dataelement:646:2;kA;de;kA;kA;SELECT_ONE_RADIO
647;2;urn:osse-91:dataelement:647:2;kA;en;na;na;SELECT_ONE_RADIO
647;2;urn:osse-91:dataelement:647:2;Nein;en;No;No;SELECT_ONE_RADIO
647;2;urn:osse-91:dataelement:647:2;Ja;en;Yes;Yes;SELECT_ONE_RADIO
648;2;urn:osse-91:dataelement:648:2;Ja;de;Ja;Ja;SELECT_ONE_RADIO
648;2;urn:osse-91:dataelement:648:2;Nein;de;Nein;Nein;SELECT_ONE_RADIO
648;2;urn:osse-91:dataelement:648:2;kA;de;kA;kA;SELECT_ONE_RADIO
645;2;urn:osse-91:dataelement:645:2;kA;en;na;na;SELECT_ONE_RADIO
645;2;urn:osse-91:dataelement:645:2;Nein;en;No;No;SELECT_ONE_RADIO
645;2;urn:osse-91:dataelement:645:2;Ja;en;Yes;Yes;SELECT_ONE_RADIO
569;4;urn:osse-91:dataelement:569:4;Yes;de;Ja;Ja;SELECT_ONE_RADIO
569;4;urn:osse-91:dataelement:569:4;No;de;Nein;Nein;SELECT_ONE_RADIO
569;4;urn:osse-91:dataelement:569:4;na;de;kA;kA;SELECT_ONE_RADIO
237;3;urn:osse-91:dataelement:237:3;kA;en;na;na;SELECT_ONE_RADIO
237;3;urn:osse-91:dataelement:237:3;Nein;en;No;No;SELECT_ONE_RADIO
237;3;urn:osse-91:dataelement:237:3;Ja;en;Yes;Yes;SELECT_ONE_RADIO
235;4;urn:osse-91:dataelement:235:4;Ja;en;Yes;Yes;SELECT_ONE_RADIO
235;4;urn:osse-91:dataelement:235:4;Nein;en;No;No;SELECT_ONE_RADIO
235;4;urn:osse-91:dataelement:235:4;kA;en;na;na;SELECT_ONE_RADIO
505;3;urn:osse-91:dataelement:505:3;Ja;de;Ja;Ja;SELECT_ONE_RADIO
505;3;urn:osse-91:dataelement:505:3;Nein;de;Nein;Nein;SELECT_ONE_RADIO
505;3;urn:osse-91:dataelement:505:3;kA;de;kA;kA;SELECT_ONE_RADIO
864;2;urn:osse-91:dataelement:864:2;kA;en;kA;kA;SELECT_ONE_RADIO
864;2;urn:osse-91:dataelement:864:2;Nein;en;No;No;SELECT_ONE_RADIO
864;2;urn:osse-91:dataelement:864:2;Ja;en;Yes;Yes;SELECT_ONE_RADIO
865;2;urn:osse-91:dataelement:865:2;Ja;de;Ja;Ja;SELECT_ONE_RADIO
865;2;urn:osse-91:dataelement:865:2;Nein;de;Nein;Nein;SELECT_ONE_RADIO
865;2;urn:osse-91:dataelement:865:2;kA;de;kA;kA;SELECT_ONE_RADIO
321;3;urn:osse-91:dataelement:321:3;Ja;en;Yes;Yes;SELECT_ONE_RADIO
321;3;urn:osse-91:dataelement:321:3;Nein;en;No;No;SELECT_ONE_RADIO
321;3;urn:osse-91:dataelement:321:3;kA;en;na;na;SELECT_ONE_RADIO
82;5;urn:osse-91:dataelement:82:5;Ja;de;Ja;Ja;SELECT_ONE_RADIO
82;5;urn:osse-91:dataelement:82:5;Nein;de;Nein;Nein;SELECT_ONE_RADIO
82;5;urn:osse-91:dataelement:82:5;kA;de;kA;kA;SELECT_ONE_RADIO
1178;1;urn:osse-91:dataelement:1178:1;Nein;de;Nein;Nein;SELECT_ONE_RADIO
1178;1;urn:osse-91:dataelement:1178:1;Ja;de;Ja;Ja;SELECT_ONE_RADIO
1179;1;urn:osse-91:dataelement:1179:1;Nein;de;Nein;Nein;SELECT_ONE_RADIO
1179;1;urn:osse-91:dataelement:1179:1;Ja;de;Ja;Ja;SELECT_ONE_RADIO
581;5;urn:osse-91:dataelement:581:5;Ja;en;Yes;Yes;SELECT_ONE_RADIO
581;5;urn:osse-91:dataelement:581:5;Nein;en;No;No;SELECT_ONE_RADIO
581;6;urn:osse-91:dataelement:581:6;Ja;de;Ja;Ja;SELECT_ONE_RADIO
581;6;urn:osse-91:dataelement:581:6;Nein;de;Nein;Nein;SELECT_ONE_RADIO
554;1;urn:osse-91:dataelement:554:1;Sonstige;de;Sonstige;Sonstige;SELECT_MANY_CHECKBOX
554;1;urn:osse-91:dataelement:554:1;Dyplasia;en;Dysplasia;Dysplasia;SELECT_MANY_CHECKBOX
554;1;urn:osse-91:dataelement:554:1;Gekreuzte Dystopie;de;Gekreuzte Dystopie;Gekreuzte Dystopie;SELECT_MANY_CHECKBOX
554;1;urn:osse-91:dataelement:554:1;Hufeisenniere;de;Hufeisenniere;Hufeisenniere;SELECT_MANY_CHECKBOX
554;1;urn:osse-91:dataelement:554:1;Verschmelzungsniere;de;Verschmelzungsniere;Verschmelzungsniere/Kuchenniere;SELECT_MANY_CHECKBOX
554;1;urn:osse-91:dataelement:554:1;Nierenagenesie;de;Nierenagenesie;Nierenagenesie;SELECT_MANY_CHECKBOX
554;1;urn:osse-91:dataelement:554:1;Doppelniere;de;Doppelniere;Doppelniere;SELECT_MANY_CHECKBOX
554;1;urn:osse-91:dataelement:554:1;Megaureter;de;Megaureter;Megaureter;SELECT_MANY_CHECKBOX
554;1;urn:osse-91:dataelement:554:1;Hydronephrose;de;Hydronephrose;Hydronephrose;SELECT_MANY_CHECKBOX
554;2;urn:osse-91:dataelement:554:2;Sonstige;en;Other;Other;SELECT_MANY_CHECKBOX
554;2;urn:osse-91:dataelement:554:2;Dyplasia;de;Dysplasie;Dysplasie;SELECT_MANY_CHECKBOX
554;2;urn:osse-91:dataelement:554:2;Gekreuzte Dystopie;en;Crossed dystopia;Crossed dystopia;SELECT_MANY_CHECKBOX
554;2;urn:osse-91:dataelement:554:2;Hufeisenniere;en;Horseshoe kidney;Horseshoe kidney;SELECT_MANY_CHECKBOX
554;2;urn:osse-91:dataelement:554:2;Verschmelzungsniere;en;Fused kidney;Fused kidney;SELECT_MANY_CHECKBOX
554;2;urn:osse-91:dataelement:554:2;Nierenagenesie;en;Renal agenesis;Renal agenesis;SELECT_MANY_CHECKBOX
554;2;urn:osse-91:dataelement:554:2;Doppelniere;en;Duplex kidney;Duplex kidney;SELECT_MANY_CHECKBOX
554;2;urn:osse-91:dataelement:554:2;Megaureter;en;Megaureter;Megaureter;SELECT_MANY_CHECKBOX
554;2;urn:osse-91:dataelement:554:2;Hydronephrose;en;Hydronephrosis;Hydronephrosis;SELECT_MANY_CHECKBOX
554;3;urn:osse-91:dataelement:554:3;Sonstige;de;Sonstige;Sonstige;SELECT_MANY_CHECKBOX
554;3;urn:osse-91:dataelement:554:3;Dyplasia;en;Dysplasia;Dysplasia;SELECT_MANY_CHECKBOX
554;3;urn:osse-91:dataelement:554:3;Gekreuzte Dystopie;de;Gekreuzte Dystopie;Gekreuzte Dystopie;SELECT_MANY_CHECKBOX
554;3;urn:osse-91:dataelement:554:3;Hufeisenniere;de;Hufeisenniere;Hufeisenniere;SELECT_MANY_CHECKBOX
554;3;urn:osse-91:dataelement:554:3;Verschmelzungsniere;de;Verschmelzungsniere;Verschmelzungsniere/Kuchenniere;SELECT_MANY_CHECKBOX
554;3;urn:osse-91:dataelement:554:3;Nierenagenesie;de;Nierenagenesie;Nierenagenesie;SELECT_MANY_CHECKBOX
554;3;urn:osse-91:dataelement:554:3;Doppelniere;de;Doppelniere;Doppelniere;SELECT_MANY_CHECKBOX
554;3;urn:osse-91:dataelement:554:3;Megaureter;de;Megaureter;Megaureter;SELECT_MANY_CHECKBOX
554;3;urn:osse-91:dataelement:554:3;Hydronephrose;de;Hydronephrose;Hydronephrose;SELECT_MANY_CHECKBOX
397;3;urn:osse-91:dataelement:397:3;kA;en;na;na;SELECT_ONE_RADIO
397;3;urn:osse-91:dataelement:397:3;Nein;en;No;No;SELECT_ONE_RADIO
397;3;urn:osse-91:dataelement:397:3;Ja;en;Yes;Yes;SELECT_ONE_RADIO
573;4;urn:osse-91:dataelement:573:4;kA;de;kA;kA;SELECT_ONE_RADIO
573;4;urn:osse-91:dataelement:573:4;Nein;de;Nein;Nein;SELECT_ONE_RADIO
573;4;urn:osse-91:dataelement:573:4;Ja;de;Ja;Ja;SELECT_ONE_RADIO
575;3;urn:osse-91:dataelement:575:3;kA;en;na;na;SELECT_ONE_RADIO
575;3;urn:osse-91:dataelement:575:3;Nein;en;No;No;SELECT_ONE_RADIO
575;3;urn:osse-91:dataelement:575:3;Ja;en;Yes;Yes;SELECT_ONE_RADIO
574;4;urn:osse-91:dataelement:574:4;Ja;de;Ja;Ja;SELECT_ONE_RADIO
574;4;urn:osse-91:dataelement:574:4;Nein;de;Nein;Nein;SELECT_ONE_RADIO
574;4;urn:osse-91:dataelement:574:4;kA;de;kA;kA;SELECT_ONE_RADIO
283;3;urn:osse-91:dataelement:283:3;Ja;de;Ja;Ja;SELECT_ONE_RADIO
283;3;urn:osse-91:dataelement:283:3;Nein;de;Nein;Nein;SELECT_ONE_RADIO
283;3;urn:osse-91:dataelement:283:3;kA;de;kA;kA;SELECT_ONE_RADIO
578;3;urn:osse-91:dataelement:578:3;kA;en;na;na;SELECT_ONE_RADIO
578;3;urn:osse-91:dataelement:578:3;Nein;en;No;No;SELECT_ONE_RADIO
578;3;urn:osse-91:dataelement:578:3;Ja;en;Yes;Yes;SELECT_ONE_RADIO
289;3;urn:osse-91:dataelement:289:3;kA;en;na;na;SELECT_ONE_RADIO
289;3;urn:osse-91:dataelement:289:3;Nein;en;No;No;SELECT_ONE_RADIO
289;3;urn:osse-91:dataelement:289:3;Ja;en;Yes;Yes;SELECT_ONE_RADIO
306;1;urn:osse-91:dataelement:306:1;kA;en;na;na;SELECT_ONE_RADIO
306;1;urn:osse-91:dataelement:306:1;Nein;en;No;No;SELECT_ONE_RADIO
306;1;urn:osse-91:dataelement:306:1;Ja;en;Yes;Yes;SELECT_ONE_RADIO
306;2;urn:osse-91:dataelement:306:2;kA;de;kA;kA;SELECT_ONE_RADIO
306;2;urn:osse-91:dataelement:306:2;Nein;de;Nein;Nein;SELECT_ONE_RADIO
306;2;urn:osse-91:dataelement:306:2;Ja;de;Ja;Ja;SELECT_ONE_RADIO
135;3;urn:osse-91:dataelement:135:3;kA;de;kA;kA;SELECT_ONE_RADIO
135;3;urn:osse-91:dataelement:135:3;Nein;de;Nein;Nein;SELECT_ONE_RADIO
135;3;urn:osse-91:dataelement:135:3;Ja;de;Ja;Ja;SELECT_ONE_RADIO
257;2;urn:osse-91:dataelement:257:2;kA;en;na;na;SELECT_MANY_CHECKBOX
257;2;urn:osse-91:dataelement:257:2;Heterotaxiesyndrom;en;Heterotaxy syndrome;Heterotaxy syndrome;SELECT_MANY_CHECKBOX
257;2;urn:osse-91:dataelement:257:2;Dextrocardia;en;Dextrocardia;Dextrocardia;SELECT_MANY_CHECKBOX
257;2;urn:osse-91:dataelement:257:2;Kardiomyopathie;en;Cardiomyopathy;Cardiomyopathy;SELECT_MANY_CHECKBOX
257;2;urn:osse-91:dataelement:257:2;Komplexer Herzfehler;en;Complex structural heart defect;Complex structural heart defect;SELECT_MANY_CHECKBOX
257;2;urn:osse-91:dataelement:257:2;Offenes Foramen ovale;en;Patent foramen ovale;Patent foramen ovale;SELECT_MANY_CHECKBOX
257;2;urn:osse-91:dataelement:257:2;Ventrikelseptumdefekt;en;Ventricular septal defect;Ventricular septal defect;SELECT_MANY_CHECKBOX
257;2;urn:osse-91:dataelement:257:2;Vorhofseptumdefekt;en;Atrial septal defect;Atrial septal defect;SELECT_MANY_CHECKBOX
257;2;urn:osse-91:dataelement:257:2;persistierender ductus arteriosus;en;Patent ductus arteriosus;Patent ductus arteriosus;SELECT_MANY_CHECKBOX
254;4;urn:osse-91:dataelement:254:4;kA;de;kA;kA;SELECT_ONE_RADIO
254;4;urn:osse-91:dataelement:254:4;Nein;de;Nein;Nein;SELECT_ONE_RADIO
254;4;urn:osse-91:dataelement:254:4;Ja;de;Ja;Ja;SELECT_ONE_RADIO
570;3;urn:osse-91:dataelement:570:3;Aortic stenosis;en;Aortic stenosis;Aortic stenosis;SELECT_MANY_CHECKBOX
570;3;urn:osse-91:dataelement:570:3;Vorhofseptumdefekt;en;Atrial septal defect;Atrial septal defect;SELECT_MANY_CHECKBOX
570;3;urn:osse-91:dataelement:570:3;Ventrikelseptumdefekt (VSD);en;Ventricular septal defect (VSD);Ventricular septal defect (VSD);SELECT_MANY_CHECKBOX
570;3;urn:osse-91:dataelement:570:3;Offenes Foramen ovale;en;Patent foramen ovale;Patent foramen ovale;SELECT_MANY_CHECKBOX
570;3;urn:osse-91:dataelement:570:3;Komplexer Herzfehler;en;Complex heart defect;Complex heart defect;SELECT_MANY_CHECKBOX
570;3;urn:osse-91:dataelement:570:3;Kardiomyopathie;en;Cardiomyopathy;Cardiomyopathy;SELECT_MANY_CHECKBOX
570;3;urn:osse-91:dataelement:570:3;Linksventrikuläre Hypertrophie (LVH);en;Left ventricular hypertrophy ;Left ventricular hypertrophy ;SELECT_MANY_CHECKBOX
570;4;urn:osse-91:dataelement:570:4;Aortic stenosis;de;Aortenisthmusstenose;Aortenisthmusstenose;SELECT_MANY_CHECKBOX
570;4;urn:osse-91:dataelement:570:4;Vorhofseptumdefekt;de;Vorhofseptumdefekt (ASD);Vorhofseptumdefekt (ASD);SELECT_MANY_CHECKBOX
570;4;urn:osse-91:dataelement:570:4;Ventrikelseptumdefekt (VSD);de;Ventrikelseptumdefekt (VSD);Ventrikelseptumdefekt (VSD);SELECT_MANY_CHECKBOX
570;4;urn:osse-91:dataelement:570:4;Offenes Foramen ovale;de;Offenes Foramen ovale (PFO);Offenes Foramen ovale (PFO);SELECT_MANY_CHECKBOX
570;4;urn:osse-91:dataelement:570:4;Komplexer Herzfehler;de;Komplexer Herzfehler;Komplexer Herzfehler;SELECT_MANY_CHECKBOX
570;4;urn:osse-91:dataelement:570:4;Kardiomyopathie;de;Kardiomyopathie;Kardiomyopathie;SELECT_MANY_CHECKBOX
570;4;urn:osse-91:dataelement:570:4;Linksventrikuläre Hypertrophie (LVH);de;Linksventrikuläre Hypertrophie (LVH);Linksventrikuläre Hypertrophie (LVH);SELECT_MANY_CHECKBOX
270;2;urn:osse-91:dataelement:270:2;Ja;en;Yes;Yes;SELECT_ONE_RADIO
270;2;urn:osse-91:dataelement:270:2;Nein;en;No;No;SELECT_ONE_RADIO
270;2;urn:osse-91:dataelement:270:2;kA;en;na;na;SELECT_ONE_RADIO
271;2;urn:osse-91:dataelement:271:2;auffällige Finger-/Zehennägel;en;Abnormal nails of finger or toes;Abnormal nails of finger or toes;SELECT_MANY_CHECKBOX
271;2;urn:osse-91:dataelement:271:2;Zahnanomalien;en;Abnormalities of the teeth (sharp, deformed,  missing);Abnormalities of the teeth (sharp, deformed,  missing);SELECT_MANY_CHECKBOX
271;2;urn:osse-91:dataelement:271:2;Exanthem;de;Exanthem;Exanthem;SELECT_MANY_CHECKBOX
1180;1;urn:osse-91:dataelement:1180:1;right;en;right;right;SELECT_MANY_CHECKBOX
1180;1;urn:osse-91:dataelement:1180:1;left;en;left;left;SELECT_MANY_CHECKBOX
1180;2;urn:osse-91:dataelement:1180:2;right;de;rechts;rechts;SELECT_MANY_CHECKBOX
1180;2;urn:osse-91:dataelement:1180:2;left;de;links;links;SELECT_MANY_CHECKBOX
1181;1;urn:osse-91:dataelement:1181:1;left;en;left;left;SELECT_MANY_CHECKBOX
1181;1;urn:osse-91:dataelement:1181:1;right;en;right;right;SELECT_MANY_CHECKBOX
308;2;urn:osse-91:dataelement:308:2;kA;de;kA;kA;SELECT_ONE_RADIO
308;2;urn:osse-91:dataelement:308:2;Nein;de;Nein;Nein;SELECT_ONE_RADIO
308;2;urn:osse-91:dataelement:308:2;Ja;de;Ja;Ja;SELECT_ONE_RADIO
181;2;urn:osse-91:dataelement:181:2;Ja;en;Yes;Yes;SELECT_ONE_RADIO
181;2;urn:osse-91:dataelement:181:2;Nein;en;No;No;SELECT_ONE_RADIO
181;2;urn:osse-91:dataelement:181:2;kA;en;na;na;SELECT_ONE_RADIO
1184;1;urn:osse-91:dataelement:1184:1;Yes;en;Yes;Yes;SELECT_ONE_RADIO
1184;1;urn:osse-91:dataelement:1184:1;No;en;No;No;SELECT_ONE_RADIO
605;2;urn:osse-91:dataelement:605:2;Nein;de;Nein;Nein;SELECT_ONE_RADIO
605;2;urn:osse-91:dataelement:605:2;Ja;de;Ja;Ja;SELECT_ONE_RADIO
811;2;urn:osse-91:dataelement:811:2;kA;en;na;na;SELECT_ONE_RADIO
811;2;urn:osse-91:dataelement:811:2;Nein;en;No;No;SELECT_ONE_RADIO
811;2;urn:osse-91:dataelement:811:2;Ja;en;Yes;Yes;SELECT_ONE_RADIO
505;4;urn:osse-91:dataelement:505:4;Ja;en;Yes;Yes;SELECT_ONE_RADIO
505;4;urn:osse-91:dataelement:505:4;Nein;en;No;No;SELECT_ONE_RADIO
505;4;urn:osse-91:dataelement:505:4;kA;en;kA;kA;SELECT_ONE_RADIO
864;3;urn:osse-91:dataelement:864:3;kA;de;kA;kA;SELECT_ONE_RADIO
864;3;urn:osse-91:dataelement:864:3;Nein;de;Nein;Nein;SELECT_ONE_RADIO
864;3;urn:osse-91:dataelement:864:3;Ja;de;Ja;Ja;SELECT_ONE_RADIO
865;3;urn:osse-91:dataelement:865:3;Ja;en;Yes;Yes;SELECT_ONE_RADIO
865;3;urn:osse-91:dataelement:865:3;Nein;en;No;No;SELECT_ONE_RADIO
865;3;urn:osse-91:dataelement:865:3;kA;en;kA;kA;SELECT_ONE_RADIO
321;4;urn:osse-91:dataelement:321:4;Ja;de;Ja;Ja;SELECT_ONE_RADIO
321;4;urn:osse-91:dataelement:321:4;Nein;de;Nein;Nein;SELECT_ONE_RADIO
321;4;urn:osse-91:dataelement:321:4;kA;en;na;na;SELECT_ONE_RADIO
1182;1;urn:osse-91:dataelement:1182:1;right;en;right;right;SELECT_MANY_CHECKBOX
1182;1;urn:osse-91:dataelement:1182:1;left;en;left;left;SELECT_MANY_CHECKBOX
1183;1;urn:osse-91:dataelement:1183:1;left;de;links;links;SELECT_MANY_CHECKBOX
1183;1;urn:osse-91:dataelement:1183:1;right;de;rechts;rechts;SELECT_MANY_CHECKBOX
135;4;urn:osse-91:dataelement:135:4;kA;en;na;na;SELECT_ONE_RADIO
135;4;urn:osse-91:dataelement:135:4;Nein;en;No;No;SELECT_ONE_RADIO
135;4;urn:osse-91:dataelement:135:4;Ja;en;Yes;Yes;SELECT_ONE_RADIO
194;2;urn:osse-91:dataelement:194:2;Ja;en;Yes;Yes;SELECT_ONE_RADIO
194;2;urn:osse-91:dataelement:194:2;Nein;en;No;No;SELECT_ONE_RADIO
194;2;urn:osse-91:dataelement:194:2;kA;en;na;na;SELECT_ONE_RADIO
251;2;urn:osse-91:dataelement:251:2;kA;de;kA;kA;SELECT_ONE_RADIO
251;2;urn:osse-91:dataelement:251:2;Nein;de;Nein;Nein;SELECT_ONE_RADIO
251;2;urn:osse-91:dataelement:251:2;Ja;de;Ja;Ja;SELECT_ONE_RADIO
1182;2;urn:osse-91:dataelement:1182:2;right;de;rechts;rechts;SELECT_MANY_CHECKBOX
1182;2;urn:osse-91:dataelement:1182:2;left;de;links;links;SELECT_MANY_CHECKBOX
1183;2;urn:osse-91:dataelement:1183:2;left;en;left;left;SELECT_MANY_CHECKBOX
1183;2;urn:osse-91:dataelement:1183:2;right;en;right;right;SELECT_MANY_CHECKBOX
1187;1;urn:osse-91:dataelement:1187:1;Ja;de;Ja;Ja;SELECT_ONE_RADIO
1187;1;urn:osse-91:dataelement:1187:1;Nein;de;Nein;Nein;SELECT_ONE_RADIO
1187;1;urn:osse-91:dataelement:1187:1;kA;de;kA;kA;SELECT_ONE_RADIO
1177;2;urn:osse-91:dataelement:1177:2;Nein;en;No;No;SELECT_ONE_RADIO
1177;2;urn:osse-91:dataelement:1177:2;Ja;en;Yes;Yes;SELECT_ONE_RADIO
265;2;urn:osse-91:dataelement:265:2;kA;de;kA;kA;SELECT_ONE_RADIO
265;2;urn:osse-91:dataelement:265:2;Nein;de;Nein;Nein;SELECT_ONE_RADIO
265;2;urn:osse-91:dataelement:265:2;Ja;de;Ja;Ja;SELECT_ONE_RADIO
1191;1;urn:osse-91:dataelement:1191:1;Ja;de;Ja;Ja;SELECT_ONE_RADIO
1191;1;urn:osse-91:dataelement:1191:1;Nein;de;Nein;Nein;SELECT_ONE_RADIO
1191;1;urn:osse-91:dataelement:1191:1;kA;de;kA;kA;SELECT_ONE_RADIO
308;3;urn:osse-91:dataelement:308:3;kA;en;na;na;SELECT_ONE_RADIO
308;3;urn:osse-91:dataelement:308:3;Nein;en;No;No;SELECT_ONE_RADIO
308;3;urn:osse-91:dataelement:308:3;Ja;en;Yes;Yes;SELECT_ONE_RADIO
585;3;urn:osse-91:dataelement:585:3;Ja;en;Yes;Yes;SELECT_ONE_RADIO
585;3;urn:osse-91:dataelement:585:3;Nein;en;No;No;SELECT_ONE_RADIO
585;3;urn:osse-91:dataelement:585:3;kA;en;na;na;SELECT_ONE_RADIO
105;5;urn:osse-91:dataelement:105:5;kA;de;kA;kA;SELECT_ONE_RADIO
105;5;urn:osse-91:dataelement:105:5;Nein;de;Nein;Nein;SELECT_ONE_RADIO
105;5;urn:osse-91:dataelement:105:5;Ja;de;Ja;Ja;SELECT_ONE_RADIO
293;2;urn:osse-91:dataelement:293:2;kA;de;kA;kA;SELECT_ONE_RADIO
293;2;urn:osse-91:dataelement:293:2;Nein;de;Nein;Nein;SELECT_ONE_RADIO
293;2;urn:osse-91:dataelement:293:2;Ja;de;Ja;Ja;SELECT_ONE_RADIO
1196;1;urn:osse-91:dataelement:1196:1;ml;de;ml;ml;
1196;1;urn:osse-91:dataelement:1196:1;µg;de;µg;µg;
1196;1;urn:osse-91:dataelement:1196:1;mg;de;mg;mg;
1196;1;urn:osse-91:dataelement:1196:1;g;de;g;g;
1196;1;urn:osse-91:dataelement:1196:1;mmol;de;mmol;mmol;
1196;1;urn:osse-91:dataelement:1196:1;mol;de;mol;mol;
1196;1;urn:osse-91:dataelement:1196:1;I.E.;de;I.E.;I.E.;
687;4;urn:osse-91:dataelement:687:4;kA;de;kA;kA;SELECT_ONE_RADIO
687;4;urn:osse-91:dataelement:687:4;Nein;de;Nein;Nein;SELECT_ONE_RADIO
687;4;urn:osse-91:dataelement:687:4;Ja;de;Ja;Ja;SELECT_ONE_RADIO
532;4;urn:osse-91:dataelement:532:4;Ja;de;Ja;Ja;SELECT_ONE_RADIO
532;4;urn:osse-91:dataelement:532:4;Nein;de;Nein;Nein;SELECT_ONE_RADIO
532;4;urn:osse-91:dataelement:532:4;kA;de;kA;kA;SELECT_ONE_RADIO
1197;1;urn:osse-91:dataelement:1197:1;Ja;de;Ja;Ja;SELECT_ONE_RADIO
1197;1;urn:osse-91:dataelement:1197:1;Nein;de;Nein;Nein;SELECT_ONE_RADIO
1197;1;urn:osse-91:dataelement:1197:1;kA;de;kA;kA;SELECT_ONE_RADIO
1212;1;urn:osse-91:dataelement:1212:1;10 ml Urinmonovette;de;10 ml Urinmonovette;10 ml Urinmonovette;SELECT_ONE_RADIO
1212;1;urn:osse-91:dataelement:1212:1;0.5 ml NUNC;de;0.5 ml NUNC;0.5 ml NUNC;SELECT_ONE_RADIO
1212;1;urn:osse-91:dataelement:1212:1;1.2 ml Monovette;de;1.2 ml Monovette;1.2 ml Monovette;SELECT_ONE_RADIO
1212;1;urn:osse-91:dataelement:1212:1;2.7 ml Monovette;de;2.7 ml Monovette;2.7 ml Monovette;SELECT_ONE_RADIO
1212;1;urn:osse-91:dataelement:1212:1;1.8 ml NUNC;de;1.8 ml NUNC;1.8 ml NUNC;SELECT_ONE_RADIO
1212;1;urn:osse-91:dataelement:1212:1;2.5 ml PAX;de;2.5 ml PAX;2.5 ml PAX;SELECT_ONE_RADIO
1213;1;urn:osse-91:dataelement:1213:1;Urin;de;Urin;Urin;SELECT_ONE_RADIO
1213;1;urn:osse-91:dataelement:1213:1;Serum;de;Serum;Serum;SELECT_ONE_RADIO
1213;1;urn:osse-91:dataelement:1213:1;DNA ;de;DNA ;DNA ;SELECT_ONE_RADIO
1213;1;urn:osse-91:dataelement:1213:1;Restblut;de;Restblut;Restblut;SELECT_ONE_RADIO
1213;1;urn:osse-91:dataelement:1213:1;Plasma;de;Plasma;Plasma;SELECT_ONE_RADIO
1213;1;urn:osse-91:dataelement:1213:1;PAX;de;PAX;PAX;SELECT_ONE_RADIO
1244;1;urn:osse-91:dataelement:1244:1;anderer IQ-Test;de;anderer IQ-Test;anderer IQ-Test;
1244;1;urn:osse-91:dataelement:1244:1;K-ABC;de;K-ABC;K-ABC;
1244;1;urn:osse-91:dataelement:1244:1;SON-R-2-8;de;SON-R-2-8;SON-R-2-8;
1244;1;urn:osse-91:dataelement:1244:1;WAIS-IV;de;WAIS-IV;WAIS-IV;
1244;1;urn:osse-91:dataelement:1244:1;WISC-V;de;WISC-V;WISC-V;
1244;1;urn:osse-91:dataelement:1244:1;WPPSI_IV;de;WPPSI_IV;WPPSI_IV;
814;1;urn:osse-91:dataelement:814:1;Tante väterlicherseits;en;Paternal aunt;Paternal aunt;SELECT_MANY_CHECKBOX
814;1;urn:osse-91:dataelement:814:1;Andere:;en;Other: ;other ;SELECT_MANY_CHECKBOX
814;1;urn:osse-91:dataelement:814:1;Cousin/Cousine väterlicherseits;en;Paternal cousin;Paternal cousin;SELECT_MANY_CHECKBOX
814;1;urn:osse-91:dataelement:814:1;Onkel väterlicherseits;en;Paternal uncle;Paternal uncle;SELECT_MANY_CHECKBOX
814;1;urn:osse-91:dataelement:814:1;Großmutter väterlicherseits;en;Paternal grandmother;Paternal grandmother;SELECT_MANY_CHECKBOX
814;1;urn:osse-91:dataelement:814:1;Großvater väterlicherseits;en;Paternal grandfather;Paternal grandfather;SELECT_MANY_CHECKBOX
814;1;urn:osse-91:dataelement:814:1;Cousin/Cousine mütterlicherseits;en;Maternal cousin;Maternal cousin;SELECT_MANY_CHECKBOX
814;1;urn:osse-91:dataelement:814:1;Tante mütterlicherseits;en;Maternal aunt;Maternal aunt;SELECT_MANY_CHECKBOX
814;1;urn:osse-91:dataelement:814:1;Onkel mütterlicherseits;en;Maternal uncle;Maternal uncle;SELECT_MANY_CHECKBOX
814;1;urn:osse-91:dataelement:814:1;Großmutter mütterlicherseits;en;Maternal grandmother;Maternal grandmother;SELECT_MANY_CHECKBOX
814;1;urn:osse-91:dataelement:814:1;Großvater mütterlicherseits;en;Maternal grandfather;Maternal grandfather;SELECT_MANY_CHECKBOX
814;2;urn:osse-91:dataelement:814:2;Tante väterlicherseits;de;Tante väterlicherseits;Tante väterlicherseits;SELECT_MANY_CHECKBOX
814;2;urn:osse-91:dataelement:814:2;Andere:;de;Andere;Andere;SELECT_MANY_CHECKBOX
814;2;urn:osse-91:dataelement:814:2;Cousin/Cousine väterlicherseits;de;Cousin/Cousine väterlicherseits;Cousin/Cousine väterlicherseits;SELECT_MANY_CHECKBOX
814;2;urn:osse-91:dataelement:814:2;Onkel väterlicherseits;de;Onkel väterlicherseits;Onkel väterlicherseits;SELECT_MANY_CHECKBOX
814;2;urn:osse-91:dataelement:814:2;Großmutter väterlicherseits;de;Großmutter väterlicherseits;Großmutter väterlicherseits;SELECT_MANY_CHECKBOX
814;2;urn:osse-91:dataelement:814:2;Großvater väterlicherseits;de;Großvater väterlicherseits;Großvater väterlicherseits;SELECT_MANY_CHECKBOX
814;2;urn:osse-91:dataelement:814:2;Cousin/Cousine mütterlicherseits;de;Cousin/Cousine mütterlicherseits;Cousin/Cousine mütterlicherseits;SELECT_MANY_CHECKBOX
814;2;urn:osse-91:dataelement:814:2;Tante mütterlicherseits;de;Tante mütterlicherseits;Tante mütterlicherseits;SELECT_MANY_CHECKBOX
814;2;urn:osse-91:dataelement:814:2;Onkel mütterlicherseits;de;Onkel mütterlicherseits;Onkel mütterlicherseits;SELECT_MANY_CHECKBOX
814;2;urn:osse-91:dataelement:814:2;Großmutter mütterlicherseits;de;Großmutter mütterlicherseits;Großmutter mütterlicherseits;SELECT_MANY_CHECKBOX
814;2;urn:osse-91:dataelement:814:2;Großvater mütterlicherseits;de;Großvater mütterlicherseits;Großvater mütterlicherseits;SELECT_MANY_CHECKBOX
815;2;urn:osse-91:dataelement:815:2;Großvater mütterlicherseits;en;Maternal grandfather;Maternal grandfather;SELECT_MANY_CHECKBOX
815;2;urn:osse-91:dataelement:815:2;Großmutter mütterlicherseits;en;Maternal grandmother;Maternal grandmother;SELECT_MANY_CHECKBOX
815;2;urn:osse-91:dataelement:815:2;Onkel mütterlicherseits;en;Maternal uncle;Maternal uncle;SELECT_MANY_CHECKBOX
815;2;urn:osse-91:dataelement:815:2;Tante mütterlicherseits;en;Maternal aunt;Maternal aunt;SELECT_MANY_CHECKBOX
815;2;urn:osse-91:dataelement:815:2;Cousin/Cousine mütterlicherseits;en;Maternal cousin;Maternal cousin;SELECT_MANY_CHECKBOX
815;2;urn:osse-91:dataelement:815:2;Großvater väterlicherseits;en;Paternal grandfather;Paternal grandfather;SELECT_MANY_CHECKBOX
815;2;urn:osse-91:dataelement:815:2;Großmutter väterlicherseits;en;Paternal grandmother;Paternal grandmother;SELECT_MANY_CHECKBOX
815;2;urn:osse-91:dataelement:815:2;Onkel väterlicherseits;en;Paternal uncle;Paternal uncle;SELECT_MANY_CHECKBOX
815;2;urn:osse-91:dataelement:815:2;Tante väterlicherseits;en;Paternal aunt;Paternal aunt;SELECT_MANY_CHECKBOX
815;2;urn:osse-91:dataelement:815:2;Cousin/Cousine väterlicherseits;en;Paternal cousin;Paternal cousin;SELECT_MANY_CHECKBOX
815;2;urn:osse-91:dataelement:815:2;Andere:;en;Other: ;other ;SELECT_MANY_CHECKBOX
816;2;urn:osse-91:dataelement:816:2;Andere:;de;Andere;Andere;SELECT_MANY_CHECKBOX
816;2;urn:osse-91:dataelement:816:2;Cousin/Cousine väterlicherseits;de;Cousin/Cousine väterlicherseits;Cousin/Cousine väterlicherseits;SELECT_MANY_CHECKBOX
816;2;urn:osse-91:dataelement:816:2;Tante väterlicherseits;de;Tante väterlicherseits;Tante väterlicherseits;SELECT_MANY_CHECKBOX
816;2;urn:osse-91:dataelement:816:2;Onkel väterlicherseits;de;Onkel väterlicherseits;Onkel väterlicherseits;SELECT_MANY_CHECKBOX
816;2;urn:osse-91:dataelement:816:2;Großmutter väterlicherseits;de;Großmutter väterlicherseits;Großmutter väterlicherseits;SELECT_MANY_CHECKBOX
816;2;urn:osse-91:dataelement:816:2;Großvater väterlicherseits;de;Großvater väterlicherseits;Großvater väterlicherseits;SELECT_MANY_CHECKBOX
816;2;urn:osse-91:dataelement:816:2;Cousin/Cousine mütterlicherseits;de;Cousin/Cousine mütterlicherseits;Cousin/Cousine mütterlicherseits;SELECT_MANY_CHECKBOX
816;2;urn:osse-91:dataelement:816:2;Tante mütterlicherseits;de;Tante mütterlicherseits;Tante mütterlicherseits;SELECT_MANY_CHECKBOX
816;2;urn:osse-91:dataelement:816:2;Onkel mütterlicherseits;de;Onkel mütterlicherseits;Onkel mütterlicherseits;SELECT_MANY_CHECKBOX
816;2;urn:osse-91:dataelement:816:2;Großmutter mütterlicherseits;de;Großmutter mütterlicherseits;Großmutter mütterlicherseits;SELECT_MANY_CHECKBOX
816;2;urn:osse-91:dataelement:816:2;Großvater mütterlicherseits;de;Großvater mütterlicherseits;Großvater mütterlicherseits;SELECT_MANY_CHECKBOX
817;2;urn:osse-91:dataelement:817:2;Großvater mütterlicherseits;en;Maternal grandfather;Maternal grandfather;SELECT_MANY_CHECKBOX
817;2;urn:osse-91:dataelement:817:2;Großmutter mütterlicherseits;en;Maternal grandmother;Maternal grandmother;SELECT_MANY_CHECKBOX
817;2;urn:osse-91:dataelement:817:2;Onkel mütterlicherseits;en;Maternal uncle;Maternal uncle;SELECT_MANY_CHECKBOX
817;2;urn:osse-91:dataelement:817:2;Tante mütterlicherseits;en;Maternal aunt;Maternal aunt;SELECT_MANY_CHECKBOX
817;2;urn:osse-91:dataelement:817:2;Cousin/Cousine mütterlicherseits;en;Maternal cousin;Maternal cousin;SELECT_MANY_CHECKBOX
817;2;urn:osse-91:dataelement:817:2;Großvater väterlicherseits;en;Paternal grandfather;Paternal grandfather;SELECT_MANY_CHECKBOX
817;2;urn:osse-91:dataelement:817:2;Großmutter väterlicherseits;en;Paternal grandmother;Paternal grandmother;SELECT_MANY_CHECKBOX
817;2;urn:osse-91:dataelement:817:2;Onkel väterlicherseits;en;Paternal uncle;Paternal uncle;SELECT_MANY_CHECKBOX
817;2;urn:osse-91:dataelement:817:2;Tante väterlicherseits;en;Paternal aunt;Paternal aunt;SELECT_MANY_CHECKBOX
817;2;urn:osse-91:dataelement:817:2;Cousin/Cousine väterlicherseits;en;Paternal cousin;Paternal cousin;SELECT_MANY_CHECKBOX
817;2;urn:osse-91:dataelement:817:2;Andere:;en;Other: ;other ;SELECT_MANY_CHECKBOX
818;2;urn:osse-91:dataelement:818:2;Andere:;de;Andere;Andere;SELECT_MANY_CHECKBOX
818;2;urn:osse-91:dataelement:818:2;Cousin/Cousine väterlicherseits;de;Cousin/Cousine väterlicherseits;Cousin/Cousine väterlicherseits;SELECT_MANY_CHECKBOX
818;2;urn:osse-91:dataelement:818:2;Tante väterlicherseits;de;Tante väterlicherseits;Tante väterlicherseits;SELECT_MANY_CHECKBOX
818;2;urn:osse-91:dataelement:818:2;Onkel väterlicherseits;de;Onkel väterlicherseits;Onkel väterlicherseits;SELECT_MANY_CHECKBOX
818;2;urn:osse-91:dataelement:818:2;Großmutter väterlicherseits;de;Großmutter väterlicherseits;Großmutter väterlicherseits;SELECT_MANY_CHECKBOX
818;2;urn:osse-91:dataelement:818:2;Großvater väterlicherseits;de;Großvater väterlicherseits;Großvater väterlicherseits;SELECT_MANY_CHECKBOX
818;2;urn:osse-91:dataelement:818:2;Cousin/Cousine mütterlicherseits;de;Cousin/Cousine mütterlicherseits;Cousin/Cousine mütterlicherseits;SELECT_MANY_CHECKBOX
818;2;urn:osse-91:dataelement:818:2;Tante mütterlicherseits;de;Tante mütterlicherseits;Tante mütterlicherseits;SELECT_MANY_CHECKBOX
818;2;urn:osse-91:dataelement:818:2;Onkel mütterlicherseits;de;Onkel mütterlicherseits;Onkel mütterlicherseits;SELECT_MANY_CHECKBOX
818;2;urn:osse-91:dataelement:818:2;Großmutter mütterlicherseits;de;Großmutter mütterlicherseits;Großmutter mütterlicherseits;SELECT_MANY_CHECKBOX
818;2;urn:osse-91:dataelement:818:2;Großvater mütterlicherseits;de;Großvater mütterlicherseits;Großvater mütterlicherseits;SELECT_MANY_CHECKBOX
819;2;urn:osse-91:dataelement:819:2;Großvater mütterlicherseits;en;Maternal grandfather;Maternal grandfather;SELECT_MANY_CHECKBOX
819;2;urn:osse-91:dataelement:819:2;Großmutter mütterlicherseits;en;Maternal grandmother;Maternal grandmother;SELECT_MANY_CHECKBOX
819;2;urn:osse-91:dataelement:819:2;Onkel mütterlicherseits;en;Maternal uncle;Maternal uncle;SELECT_MANY_CHECKBOX
819;2;urn:osse-91:dataelement:819:2;Tante mütterlicherseits;en;Maternal aunt;Maternal aunt;SELECT_MANY_CHECKBOX
819;2;urn:osse-91:dataelement:819:2;Cousin/Cousine mütterlicherseits;en;Maternal cousin;Maternal cousin;SELECT_MANY_CHECKBOX
819;2;urn:osse-91:dataelement:819:2;Großvater väterlicherseits;en;Paternal grandfather;Paternal grandfather;SELECT_MANY_CHECKBOX
819;2;urn:osse-91:dataelement:819:2;Großmutter väterlicherseits;en;Paternal grandmother;Paternal grandmother;SELECT_MANY_CHECKBOX
819;2;urn:osse-91:dataelement:819:2;Onkel väterlicherseits;en;Paternal uncle;Paternal uncle;SELECT_MANY_CHECKBOX
819;2;urn:osse-91:dataelement:819:2;Tante väterlicherseits;en;Paternal aunt;Paternal aunt;SELECT_MANY_CHECKBOX
819;2;urn:osse-91:dataelement:819:2;Cousin/Cousine väterlicherseits;en;Paternal cousin;Paternal cousin;SELECT_MANY_CHECKBOX
819;2;urn:osse-91:dataelement:819:2;Andere:;en;Other: ;other ;SELECT_MANY_CHECKBOX
820;1;urn:osse-91:dataelement:820:1;Andere:;en;Other: ;other ;SELECT_MANY_CHECKBOX
820;1;urn:osse-91:dataelement:820:1;Cousin/Cousine väterlicherseits;en;Paternal cousin;Paternal cousin;SELECT_MANY_CHECKBOX
820;1;urn:osse-91:dataelement:820:1;Tante väterlicherseits;en;Paternal aunt;Paternal aunt;SELECT_MANY_CHECKBOX
820;1;urn:osse-91:dataelement:820:1;Onkel väterlicherseits;en;Paternal uncle;Paternal uncle;SELECT_MANY_CHECKBOX
820;1;urn:osse-91:dataelement:820:1;Großmutter väterlicherseits;en;Paternal grandmother;Paternal grandmother;SELECT_MANY_CHECKBOX
820;1;urn:osse-91:dataelement:820:1;Großvater väterlicherseits;en;Paternal grandfather;Paternal grandfather;SELECT_MANY_CHECKBOX
820;1;urn:osse-91:dataelement:820:1;Cousin/Cousine mütterlicherseits;en;Maternal cousin;Maternal cousin;SELECT_MANY_CHECKBOX
820;1;urn:osse-91:dataelement:820:1;Tante mütterlicherseits;en;Maternal aunt;Maternal aunt;SELECT_MANY_CHECKBOX
820;1;urn:osse-91:dataelement:820:1;Onkel mütterlicherseits;en;Maternal uncle;Maternal uncle;SELECT_MANY_CHECKBOX
820;1;urn:osse-91:dataelement:820:1;Großmutter mütterlicherseits;en;Maternal grandmother;Maternal grandmother;SELECT_MANY_CHECKBOX
820;1;urn:osse-91:dataelement:820:1;Großvater mütterlicherseits;en;Maternal grandfather;Maternal grandfather;SELECT_MANY_CHECKBOX
820;2;urn:osse-91:dataelement:820:2;Andere:;de;Andere;Andere;SELECT_MANY_CHECKBOX
820;2;urn:osse-91:dataelement:820:2;Cousin/Cousine väterlicherseits;de;Cousin/Cousine väterlicherseits;Cousin/Cousine väterlicherseits;SELECT_MANY_CHECKBOX
820;2;urn:osse-91:dataelement:820:2;Tante väterlicherseits;de;Tante väterlicherseits;Tante väterlicherseits;SELECT_MANY_CHECKBOX
820;2;urn:osse-91:dataelement:820:2;Onkel väterlicherseits;de;Onkel väterlicherseits;Onkel väterlicherseits;SELECT_MANY_CHECKBOX
820;2;urn:osse-91:dataelement:820:2;Großmutter väterlicherseits;de;Großmutter väterlicherseits;Großmutter väterlicherseits;SELECT_MANY_CHECKBOX
820;2;urn:osse-91:dataelement:820:2;Großvater väterlicherseits;de;Großvater väterlicherseits;Großvater väterlicherseits;SELECT_MANY_CHECKBOX
820;2;urn:osse-91:dataelement:820:2;Cousin/Cousine mütterlicherseits;de;Cousin/Cousine mütterlicherseits;Cousin/Cousine mütterlicherseits;SELECT_MANY_CHECKBOX
820;2;urn:osse-91:dataelement:820:2;Tante mütterlicherseits;de;Tante mütterlicherseits;Tante mütterlicherseits;SELECT_MANY_CHECKBOX
820;2;urn:osse-91:dataelement:820:2;Onkel mütterlicherseits;de;Onkel mütterlicherseits;Onkel mütterlicherseits;SELECT_MANY_CHECKBOX
820;2;urn:osse-91:dataelement:820:2;Großmutter mütterlicherseits;de;Großmutter mütterlicherseits;Großmutter mütterlicherseits;SELECT_MANY_CHECKBOX
820;2;urn:osse-91:dataelement:820:2;Großvater mütterlicherseits;de;Großvater mütterlicherseits;Großvater mütterlicherseits;SELECT_MANY_CHECKBOX
821;2;urn:osse-91:dataelement:821:2;Großvater mütterlicherseits;en;Maternal grandfather;Maternal grandfather;SELECT_MANY_CHECKBOX
821;2;urn:osse-91:dataelement:821:2;Großmutter mütterlicherseits;en;Maternal grandmother;Maternal grandmother;SELECT_MANY_CHECKBOX
821;2;urn:osse-91:dataelement:821:2;Onkel mütterlicherseits;en;Maternal uncle;Maternal uncle;SELECT_MANY_CHECKBOX
821;2;urn:osse-91:dataelement:821:2;Tante mütterlicherseits;en;Maternal aunt;Maternal aunt;SELECT_MANY_CHECKBOX
821;2;urn:osse-91:dataelement:821:2;Cousin/Cousine mütterlicherseits;en;Maternal cousin;Maternal cousin;SELECT_MANY_CHECKBOX
821;2;urn:osse-91:dataelement:821:2;Großvater väterlicherseits;en;Paternal grandfather;Paternal grandfather;SELECT_MANY_CHECKBOX
821;2;urn:osse-91:dataelement:821:2;Großmutter väterlicherseits;en;Paternal grandmother;Paternal grandmother;SELECT_MANY_CHECKBOX
821;2;urn:osse-91:dataelement:821:2;Onkel väterlicherseits;en;Paternal uncle;Paternal uncle;SELECT_MANY_CHECKBOX
821;2;urn:osse-91:dataelement:821:2;Tante väterlicherseits;en;Paternal aunt;Paternal aunt;SELECT_MANY_CHECKBOX
821;2;urn:osse-91:dataelement:821:2;Cousin/Cousine väterlicherseits;en;Paternal cousin;Paternal cousin;SELECT_MANY_CHECKBOX
821;2;urn:osse-91:dataelement:821:2;Andere:;en;Other: ;other ;SELECT_MANY_CHECKBOX
822;2;urn:osse-91:dataelement:822:2;Andere:;de;Andere;Andere;SELECT_MANY_CHECKBOX
822;2;urn:osse-91:dataelement:822:2;Cousin/Cousine väterlicherseits;de;Cousin/Cousine väterlicherseits;Cousin/Cousine väterlicherseits;SELECT_MANY_CHECKBOX
822;2;urn:osse-91:dataelement:822:2;Tante väterlicherseits;de;Tante väterlicherseits;Tante väterlicherseits;SELECT_MANY_CHECKBOX
822;2;urn:osse-91:dataelement:822:2;Onkel väterlicherseits;de;Onkel väterlicherseits;Onkel väterlicherseits;SELECT_MANY_CHECKBOX
822;2;urn:osse-91:dataelement:822:2;Großmutter väterlicherseits;de;Großmutter väterlicherseits;Großmutter väterlicherseits;SELECT_MANY_CHECKBOX
822;2;urn:osse-91:dataelement:822:2;Großvater väterlicherseits;de;Großvater väterlicherseits;Großvater väterlicherseits;SELECT_MANY_CHECKBOX
822;2;urn:osse-91:dataelement:822:2;Cousin/Cousine mütterlicherseits;de;Cousin/Cousine mütterlicherseits;Cousin/Cousine mütterlicherseits;SELECT_MANY_CHECKBOX
822;2;urn:osse-91:dataelement:822:2;Tante mütterlicherseits;de;Tante mütterlicherseits;Tante mütterlicherseits;SELECT_MANY_CHECKBOX
822;2;urn:osse-91:dataelement:822:2;Onkel mütterlicherseits;de;Onkel mütterlicherseits;Onkel mütterlicherseits;SELECT_MANY_CHECKBOX
822;2;urn:osse-91:dataelement:822:2;Großmutter mütterlicherseits;de;Großmutter mütterlicherseits;Großmutter mütterlicherseits;SELECT_MANY_CHECKBOX
822;2;urn:osse-91:dataelement:822:2;Großvater mütterlicherseits;de;Großvater mütterlicherseits;Großvater mütterlicherseits;SELECT_MANY_CHECKBOX
823;2;urn:osse-91:dataelement:823:2;Großvater mütterlicherseits;en;Maternal grandfather;Maternal grandfather;SELECT_MANY_CHECKBOX
823;2;urn:osse-91:dataelement:823:2;Großmutter mütterlicherseits;en;Maternal grandmother;Maternal grandmother;SELECT_MANY_CHECKBOX
823;2;urn:osse-91:dataelement:823:2;Onkel mütterlicherseits;en;Maternal uncle;Maternal uncle;SELECT_MANY_CHECKBOX
823;2;urn:osse-91:dataelement:823:2;Tante mütterlicherseits;en;Maternal aunt;Maternal aunt;SELECT_MANY_CHECKBOX
823;2;urn:osse-91:dataelement:823:2;Cousin/Cousine mütterlicherseits;en;Maternal cousin;Maternal cousin;SELECT_MANY_CHECKBOX
823;2;urn:osse-91:dataelement:823:2;Großvater väterlicherseits;en;Paternal grandfather;Paternal grandfather;SELECT_MANY_CHECKBOX
823;2;urn:osse-91:dataelement:823:2;Großmutter väterlicherseits;en;Paternal grandmother;Paternal grandmother;SELECT_MANY_CHECKBOX
823;2;urn:osse-91:dataelement:823:2;Onkel väterlicherseits;en;Paternal uncle;Paternal uncle;SELECT_MANY_CHECKBOX
823;2;urn:osse-91:dataelement:823:2;Tante väterlicherseits;en;Paternal aunt;Paternal aunt;SELECT_MANY_CHECKBOX
823;2;urn:osse-91:dataelement:823:2;Cousin/Cousine väterlicherseits;en;Paternal cousin;Paternal cousin;SELECT_MANY_CHECKBOX
823;2;urn:osse-91:dataelement:823:2;Andere:;en;Other: ;other ;SELECT_MANY_CHECKBOX
824;2;urn:osse-91:dataelement:824:2;Andere:;de;Andere;Andere;SELECT_MANY_CHECKBOX
824;2;urn:osse-91:dataelement:824:2;Cousin/Cousine väterlicherseits;de;Cousin/Cousine väterlicherseits;Cousin/Cousine väterlicherseits;SELECT_MANY_CHECKBOX
824;2;urn:osse-91:dataelement:824:2;Tante väterlicherseits;de;Tante väterlicherseits;Tante väterlicherseits;SELECT_MANY_CHECKBOX
824;2;urn:osse-91:dataelement:824:2;Onkel väterlicherseits;de;Onkel väterlicherseits;Onkel väterlicherseits;SELECT_MANY_CHECKBOX
824;2;urn:osse-91:dataelement:824:2;Großmutter väterlicherseits;de;Großmutter väterlicherseits;Großmutter väterlicherseits;SELECT_MANY_CHECKBOX
824;2;urn:osse-91:dataelement:824:2;Großvater väterlicherseits;de;Großvater väterlicherseits;Großvater väterlicherseits;SELECT_MANY_CHECKBOX
824;2;urn:osse-91:dataelement:824:2;Cousin/Cousine mütterlicherseits;de;Cousin/Cousine mütterlicherseits;Cousin/Cousine mütterlicherseits;SELECT_MANY_CHECKBOX
824;2;urn:osse-91:dataelement:824:2;Tante mütterlicherseits;de;Tante mütterlicherseits;Tante mütterlicherseits;SELECT_MANY_CHECKBOX
824;2;urn:osse-91:dataelement:824:2;Onkel mütterlicherseits;de;Onkel mütterlicherseits;Onkel mütterlicherseits;SELECT_MANY_CHECKBOX
824;2;urn:osse-91:dataelement:824:2;Großmutter mütterlicherseits;de;Großmutter mütterlicherseits;Großmutter mütterlicherseits;SELECT_MANY_CHECKBOX
824;2;urn:osse-91:dataelement:824:2;Großvater mütterlicherseits;de;Großvater mütterlicherseits;Großvater mütterlicherseits;SELECT_MANY_CHECKBOX
825;2;urn:osse-91:dataelement:825:2;Großvater mütterlicherseits;en;Maternal grandfather;Maternal grandfather;SELECT_MANY_CHECKBOX
825;2;urn:osse-91:dataelement:825:2;Großmutter mütterlicherseits;en;Maternal grandmother;Maternal grandmother;SELECT_MANY_CHECKBOX
825;2;urn:osse-91:dataelement:825:2;Onkel mütterlicherseits;en;Maternal uncle;Maternal uncle;SELECT_MANY_CHECKBOX
825;2;urn:osse-91:dataelement:825:2;Tante mütterlicherseits;en;Maternal aunt;Maternal aunt;SELECT_MANY_CHECKBOX
825;2;urn:osse-91:dataelement:825:2;Cousin/Cousine mütterlicherseits;en;Maternal cousin;Maternal cousin;SELECT_MANY_CHECKBOX
825;2;urn:osse-91:dataelement:825:2;Großvater väterlicherseits;en;Paternal grandfather;Paternal grandfather;SELECT_MANY_CHECKBOX
825;2;urn:osse-91:dataelement:825:2;Großmutter väterlicherseits;en;Paternal grandmother;Paternal grandmother;SELECT_MANY_CHECKBOX
825;2;urn:osse-91:dataelement:825:2;Onkel väterlicherseits;en;Paternal uncle;Paternal uncle;SELECT_MANY_CHECKBOX
825;2;urn:osse-91:dataelement:825:2;Tante väterlicherseits;en;Paternal aunt;Paternal aunt;SELECT_MANY_CHECKBOX
825;2;urn:osse-91:dataelement:825:2;Cousin/Cousine väterlicherseits;en;Paternal cousin;Paternal cousin;SELECT_MANY_CHECKBOX
825;2;urn:osse-91:dataelement:825:2;Andere:;en;Other: ;other ;SELECT_MANY_CHECKBOX
825;3;urn:osse-91:dataelement:825:3;Großvater mütterlicherseits;de;Großvater mütterlicherseits;Großvater mütterlicherseits;SELECT_MANY_CHECKBOX
825;3;urn:osse-91:dataelement:825:3;Großmutter mütterlicherseits;de;Großmutter mütterlicherseits;Großmutter mütterlicherseits;SELECT_MANY_CHECKBOX
825;3;urn:osse-91:dataelement:825:3;Onkel mütterlicherseits;de;Onkel mütterlicherseits;Onkel mütterlicherseits;SELECT_MANY_CHECKBOX
825;3;urn:osse-91:dataelement:825:3;Tante mütterlicherseits;de;Tante mütterlicherseits;Tante mütterlicherseits;SELECT_MANY_CHECKBOX
825;3;urn:osse-91:dataelement:825:3;Cousin/Cousine mütterlicherseits;de;Cousin/Cousine mütterlicherseits;Cousin/Cousine mütterlicherseits;SELECT_MANY_CHECKBOX
825;3;urn:osse-91:dataelement:825:3;Großvater väterlicherseits;de;Großvater väterlicherseits;Großvater väterlicherseits;SELECT_MANY_CHECKBOX
825;3;urn:osse-91:dataelement:825:3;Großmutter väterlicherseits;de;Großmutter väterlicherseits;Großmutter väterlicherseits;SELECT_MANY_CHECKBOX
825;3;urn:osse-91:dataelement:825:3;Onkel väterlicherseits;de;Onkel väterlicherseits;Onkel väterlicherseits;SELECT_MANY_CHECKBOX
825;3;urn:osse-91:dataelement:825:3;Tante väterlicherseits;de;Tante väterlicherseits;Tante väterlicherseits;SELECT_MANY_CHECKBOX
825;3;urn:osse-91:dataelement:825:3;Cousin/Cousine väterlicherseits;de;Cousin/Cousine väterlicherseits;Cousin/Cousine väterlicherseits;SELECT_MANY_CHECKBOX
825;3;urn:osse-91:dataelement:825:3;Andere:;de;Andere;Andere;SELECT_MANY_CHECKBOX
826;2;urn:osse-91:dataelement:826:2;Andere:;de;Andere;Andere;SELECT_MANY_CHECKBOX
826;2;urn:osse-91:dataelement:826:2;Cousin/Cousine väterlicherseits;de;Cousin/Cousine väterlicherseits;Cousin/Cousine väterlicherseits;SELECT_MANY_CHECKBOX
826;2;urn:osse-91:dataelement:826:2;Tante väterlicherseits;de;Tante väterlicherseits;Tante väterlicherseits;SELECT_MANY_CHECKBOX
826;2;urn:osse-91:dataelement:826:2;Onkel väterlicherseits;de;Onkel väterlicherseits;Onkel väterlicherseits;SELECT_MANY_CHECKBOX
826;2;urn:osse-91:dataelement:826:2;Großmutter väterlicherseits;de;Großmutter väterlicherseits;Großmutter väterlicherseits;SELECT_MANY_CHECKBOX
826;2;urn:osse-91:dataelement:826:2;Großvater väterlicherseits;de;Großvater väterlicherseits;Großvater väterlicherseits;SELECT_MANY_CHECKBOX
826;2;urn:osse-91:dataelement:826:2;Cousin/Cousine mütterlicherseits;de;Cousin/Cousine mütterlicherseits;Cousin/Cousine mütterlicherseits;SELECT_MANY_CHECKBOX
826;2;urn:osse-91:dataelement:826:2;Tante mütterlicherseits;de;Tante mütterlicherseits;Tante mütterlicherseits;SELECT_MANY_CHECKBOX
826;2;urn:osse-91:dataelement:826:2;Onkel mütterlicherseits;de;Onkel mütterlicherseits;Onkel mütterlicherseits;SELECT_MANY_CHECKBOX
826;2;urn:osse-91:dataelement:826:2;Großmutter mütterlicherseits;de;Großmutter mütterlicherseits;Großmutter mütterlicherseits;SELECT_MANY_CHECKBOX
826;2;urn:osse-91:dataelement:826:2;Großvater mütterlicherseits;de;Großvater mütterlicherseits;Großvater mütterlicherseits;SELECT_MANY_CHECKBOX
1218;1;urn:osse-91:dataelement:1218:1;Fragebogen;en;Questionnaire;Questionnaire;SELECT_MANY_CHECKBOX
1218;1;urn:osse-91:dataelement:1218:1;Intelligenztestung;en;Intelligence test;Intelligence test;SELECT_MANY_CHECKBOX
1218;1;urn:osse-91:dataelement:1218:1;Autismusspezifische Untersuchung;en;Autism assessment;Autism assessment;SELECT_MANY_CHECKBOX
1213;2;urn:osse-91:dataelement:1213:2;Urin;de;Urin;Urin;SELECT_ONE_CHECKLIST
1213;2;urn:osse-91:dataelement:1213:2;Serum;de;Serum;Serum;SELECT_ONE_CHECKLIST
1213;2;urn:osse-91:dataelement:1213:2;DNA ;de;DNA ;DNA ;SELECT_ONE_CHECKLIST
1213;2;urn:osse-91:dataelement:1213:2;Restblut;de;Restblut;Restblut;SELECT_ONE_CHECKLIST
1213;2;urn:osse-91:dataelement:1213:2;Plasma;de;Plasma;Plasma;SELECT_ONE_CHECKLIST
1213;2;urn:osse-91:dataelement:1213:2;PAX;de;PAX;PAX;SELECT_ONE_CHECKLIST
1219;1;urn:osse-91:dataelement:1219:1;Ja;en;Yes;Yes;SELECT_ONE_RADIO
1219;1;urn:osse-91:dataelement:1219:1;Nein;en;No;No;SELECT_ONE_RADIO
1212;2;urn:osse-91:dataelement:1212:2;10 ml Urinmonovette;de;10 ml Urinmonovette;10 ml Urinmonovette;SELECT_ONE_CHECKLIST
1212;2;urn:osse-91:dataelement:1212:2;0.5 ml NUNC;de;0.5 ml NUNC;0.5 ml NUNC;SELECT_ONE_CHECKLIST
1212;2;urn:osse-91:dataelement:1212:2;1.2 ml Monovette;de;1.2 ml Monovette;1.2 ml Monovette;SELECT_ONE_CHECKLIST
1212;2;urn:osse-91:dataelement:1212:2;2.7 ml Monovette;de;2.7 ml Monovette;2.7 ml Monovette;SELECT_ONE_CHECKLIST
1212;2;urn:osse-91:dataelement:1212:2;1.8 ml NUNC;de;1.8 ml NUNC;1.8 ml NUNC;SELECT_ONE_CHECKLIST
1212;2;urn:osse-91:dataelement:1212:2;2.5 ml PAX;de;2.5 ml PAX;2.5 ml PAX;SELECT_ONE_CHECKLIST
1220;1;urn:osse-91:dataelement:1220:1;WPPSI_IV;en;WPPSI_IV;WPPSI_IV;
1220;1;urn:osse-91:dataelement:1220:1;WISC-V;en;WISC-V;WISC-V;
1220;1;urn:osse-91:dataelement:1220:1;WAIS-IV;en;WAIS-IV;WAIS-IV;
1222;1;urn:osse-91:dataelement:1222:1;mittelgradige Intelligenzminderung (IQ 35-49);en;moderate impairment of intelligence (IQ 35-49);moderate impairment of intelligence (IQ 35-49);
1222;1;urn:osse-91:dataelement:1222:1;weit unterdurchschnittlich (IQ 50-69), leichte Intelligenzminderung;en;extremly low (IQ 50-69), minor impairment of intelligence;extremly low (IQ 50-69), minor impairment of intelligence;
1222;1;urn:osse-91:dataelement:1222:1;unterdurchschnittlich (IQ 70-84), Lernbehinderung;en;below average (IQ 70-84), learning disability;below average (IQ 70-84), learning disability;
1222;1;urn:osse-91:dataelement:1222:1;durchschnittlich (IQ 85-114);en;average (IQ 85-114);average (IQ 85-114);
1222;1;urn:osse-91:dataelement:1222:1;überdurchschnittlich (IQ 115-129);en;above average (IQ 115-129);above average (IQ 115-129);
1222;1;urn:osse-91:dataelement:1222:1;weit überdurchschnittlich (IQ > 130);en;very high (IQ > 130);very high (IQ > 130);
1223;1;urn:osse-91:dataelement:1223:1;Modified Checklist for Autism in Toddlers (M-Chat);en;Modified Checklist for Autism in Toddlers (M-Chat);Modified Checklist for Autism in Toddlers (M-Chat);SELECT_MANY_CHECKBOX
1223;1;urn:osse-91:dataelement:1223:1;Elternfragebogen zum Autismus-Screening (FSK);en;Social Communication Questionnaire (SCQ);Social Communication Questionnaire (SCQ);SELECT_MANY_CHECKBOX
1223;1;urn:osse-91:dataelement:1223:1;Skala zur Erfassung sozialer Reziprozität (SRS);en;Social Responsiveness Scale (SRS);Social Responsiveness Scale (SRS);SELECT_MANY_CHECKBOX
1227;1;urn:osse-91:dataelement:1227:1;CBCLCBCL/6-18;en;CBCLCBCL/6-18;CBCLCBCL/6-18;
1227;1;urn:osse-91:dataelement:1227:1;CBCL/1,5-6;en;CBCL/1,5-6;CBCL/1,5-6;
1227;1;urn:osse-91:dataelement:1227:1;ABCL/18-59;en;ABCL/18-59;ABCL/18-59;
1231;1;urn:osse-91:dataelement:1231:1;Conners 3-K Eltern;en;Conners 3-Short Parents;Conners 3-Short Parents;
1231;1;urn:osse-91:dataelement:1231:1;CAARS Kurz Fremdbeurteilung;en;CAARS Short Observer;CAARS Short Observer;
1231;2;urn:osse-91:dataelement:1231:2;Conners 3-K Eltern;de;Conners 3-K Eltern;Conners 3-K Eltern;
1231;2;urn:osse-91:dataelement:1231:2;CAARS Kurz Fremdbeurteilung;de;CAARS Kurz Fremdbeurteilung;CAARS Kurz Fremdbeurteilung;
1200;1;urn:osse-91:dataelement:1200:1;Nein;de;Nein;Nein;SELECT_ONE_RADIO
1200;1;urn:osse-91:dataelement:1200:1;Ja;de;Ja;Ja;SELECT_ONE_RADIO
1202;1;urn:osse-91:dataelement:1202:1;Nein;de;Nein;Nein;SELECT_ONE_RADIO
1202;1;urn:osse-91:dataelement:1202:1;Ja;de;Ja;Ja;SELECT_ONE_RADIO
1202;2;urn:osse-91:dataelement:1202:2;Nein;en;No;No;SELECT_ONE_RADIO
1202;2;urn:osse-91:dataelement:1202:2;Ja;en;Yes;Yes;SELECT_ONE_RADIO
1202;3;urn:osse-91:dataelement:1202:3;Nein;de;Nein;Nein;SELECT_ONE_RADIO
1202;3;urn:osse-91:dataelement:1202:3;Ja;de;Ja;Ja;SELECT_ONE_RADIO
1200;2;urn:osse-91:dataelement:1200:2;Nein;en;No;No;SELECT_ONE_RADIO
1200;2;urn:osse-91:dataelement:1200:2;Ja;en;Yes;Yes;SELECT_ONE_RADIO
1202;4;urn:osse-91:dataelement:1202:4;Nein;en;No;No;SELECT_ONE_RADIO
1202;4;urn:osse-91:dataelement:1202:4;Ja;en;Yes;Yes;SELECT_ONE_RADIO
1216;1;urn:osse-91:dataelement:1216:1;10 ml Urinmonovette;de;10 ml Urinmonovette;10 ml Urinmonovette;SELECT_ONE_CHECKLIST
1216;1;urn:osse-91:dataelement:1216:1;2.5 ml PAX;de;2.5 ml PAX;2.5 ml PAX;SELECT_ONE_CHECKLIST
1216;1;urn:osse-91:dataelement:1216:1;2.7 ml Monovette;de;2.7 ml Monovette;2.7 ml Monovette;SELECT_ONE_CHECKLIST
1216;1;urn:osse-91:dataelement:1216:1;1.2 ml Monovette;de;1.2 ml Monovette;1.2 ml Monovette;SELECT_ONE_CHECKLIST
1216;1;urn:osse-91:dataelement:1216:1;2.0 ml NUNC;de;2.0 ml NUNC;2.0 ml NUNC;SELECT_ONE_CHECKLIST
1216;1;urn:osse-91:dataelement:1216:1;1.8 ml NUNC;de;1.8 ml NUNC;1.8 ml NUNC;SELECT_ONE_CHECKLIST
1216;1;urn:osse-91:dataelement:1216:1;1.0 ml NUNC;de;1.0 ml NUNC;1.0 ml NUNC;SELECT_ONE_CHECKLIST
1216;1;urn:osse-91:dataelement:1216:1;0.5 ml NUNC;de;0.5 ml NUNC;0.5 ml NUNC;SELECT_ONE_CHECKLIST
