dataelement_id;dataelement_version;dataelement_urn;status;language;dataelement_designation;dataelement_definition;datatype;format;slots
922;1;urn:osse-91:dataelement:922:1;RELEASED;de;Wurde die Leukozytopenie erfolgreich behandelt?;Wurde die Leukozytopenie erfolgreich behandelt?;BOOLEAN;(true|false|yes|no|f|t);
923;1;urn:osse-91:dataelement:923:1;RELEASED;de;Wann wurde die Leukozytopenie erfolgreich behandelt?;Wann wurde die Leukozytopenie erfolgreich behandelt?;DATE;YYYY-MM-DD;
924;1;urn:osse-91:dataelement:924:1;RELEASED;de;Thrombozytopenie vorhanden? (> 150000/μl);Thrombozytopenie vorhanden? (> 150000/μl);enumerated;enumerated;
8;1;urn:osse-91:dataelement:8:1;OUTDATED;en;Jeune-Syndrome;Jeune-Syndrome;BOOLEAN;(true|false|yes|no|f|t);
9;1;urn:osse-91:dataelement:9:1;OUTDATED;de;Senior-Løken-Syndrom;Liegen Sypmtome des Senior-Løken-Syndroms vor?;BOOLEAN;(true|false|yes|no|f|t);
3;1;urn:osse-91:dataelement:3:1;OUTDATED;de;Bardet-Biedl-Syndrom (BBS);Besteht der klinische/genetisch bestätigte Verdacht auf das Vorliegen eines Bardet-Biedl-Syndrom (BBS)?;BOOLEAN;(true|false|yes|no|f|t);
12;1;urn:osse-91:dataelement:12:1;OUTDATED;en;RHYNS syndrome;RHYNS syndrome;BOOLEAN;(true|false|yes|no|f|t);
13;1;urn:osse-91:dataelement:13:1;OUTDATED;de;Anderweitige syndromale Ziliopathie;Liegen Sypmtome einer anderweitigen syndromalen Ziliopathie vor?;BOOLEAN;(true|false|yes|no|f|t);
19;1;urn:osse-91:dataelement:19:1;OUTDATED;en;other complex ciliopathies;free text for entering other complex ciliopathies;STRING;;
10;1;urn:osse-91:dataelement:10:1;OUTDATED;en;Oculomotoric apraxia Type Cogan (COMA);Oculomotoric apraxia Type Cogan (COMA);BOOLEAN;(true|false|yes|no|f|t);
1;1;urn:osse-91:dataelement:1:1;RELEASED;de;Isolierte Nephronophtise;Besteht der klinische/genetisch bestätigte Verdacht auf das Vorliegen einer isolierten Nephronophtise?;BOOLEAN;(true|false|yes|no|f|t);
26;1;urn:osse-91:dataelement:26:1;OUTDATED;de;Auffälligkeiten bei der Geburt - Spezifizieren;Welche Auffälligkeiten gab es bei der Geburt;STRING;;
42;1;urn:osse-91:dataelement:42:1;RELEASED;en;Other abnormalities during neonatal or toddler's age;"free text for ""Abnormalities during neonatal or toddler's age"" - other";STRING;;
43;1;urn:osse-91:dataelement:43:1;RELEASED;en;Abnormalities during neonatal or toddler's age;date for beginning of each symptom;DATE;YYYY-MM;
45;1;urn:osse-91:dataelement:45:1;RELEASED;en;relevant passed surgeries;free text for relevant passed surgeries;STRING;;
4;1;urn:osse-91:dataelement:4:1;OUTDATED;de;Phänotypbeschreibung isolierte Nephronophtise;Beschreibt Kardinalsymtome der Nephronophtise;enumerated;enumerated;
5;1;urn:osse-91:dataelement:5:1;OUTDATED;de;Phänotypbeschreibung HNF1β - Nephropathie;Beschreibt Kardinalsymtome der HNF1β - Nephropathie;enumerated;enumerated;
6;1;urn:osse-91:dataelement:6:1;OUTDATED;de;Phänotypbeschreibung Bardet Biedl Syndrom;Beschreibt Kardinalsymtome des Bardet Biedl Syndroms;enumerated;enumerated;
14;1;urn:osse-91:dataelement:14:1;OUTDATED;en;Phenotype description Joubert- and COACH syndrome;Phenotype description Joubert- and COACH syndrome;enumerated;enumerated;
15;1;urn:osse-91:dataelement:15:1;OUTDATED;en;Symptoms/phenotype description Senior-Løken-Syndrom;Symptoms/phenotype description Senior-Løken-Syndrom;enumerated;enumerated;
17;1;urn:osse-91:dataelement:17:1;OUTDATED;en;symptoms/phenotype description Ellis van Crefeld syndrome;symptoms/phenotype description Ellis van Crefeld syndrome;enumerated;enumerated;
20;1;urn:osse-91:dataelement:20:1;OUTDATED;en;symptoms/phenotype description Jeune syndrome;symptoms/phenotype description Jeune syndrome;enumerated;enumerated;
16;1;urn:osse-91:dataelement:16:1;OUTDATED;en;symptoms/phenotype description of oculomotoric apraxia Type Cogan (COMA);symptoms/phenotype description of oculomotoric apraxia Type Cogan (COMA);enumerated;enumerated;
18;1;urn:osse-91:dataelement:18:1;OUTDATED;en;symptoms/phenotype RHYNS-syndrome;symptoms/phenotype RHYNS-syndrome;enumerated;enumerated;
25;1;urn:osse-91:dataelement:25:1;OUTDATED;de;Auffälligkeiten bei der Geburt;organische oder klinische Auffälligkeiten bei der Geburt;enumerated;enumerated;
27;1;urn:osse-91:dataelement:27:1;OUTDATED;de;Postpartale Adaptationsschwierigkeiten;Adaptationsschwierigkeiten nach der Geburt;enumerated;enumerated;
29;1;urn:osse-91:dataelement:29:1;OUTDATED;en;Oligohydramnion;tells if mother of patient had oligohydramniond during pregnancy;enumerated;enumerated;
31;1;urn:osse-91:dataelement:31:1;OUTDATED;de;Sonographische Auffälligkeiten präpartal;gibt an, ob vor Geburt des Patienten sonographische Auffälligkeiten bestanden haben.;enumerated;enumerated;
34;1;urn:osse-91:dataelement:34:1;OUTDATED;en;Small for gestational age;was patient small for gestational age at birth?;enumerated;enumerated;
35;1;urn:osse-91:dataelement:35:1;OUTDATED;de;Andere pränatale Auffälligkeiten;gibt an ob es pränatale Auffälligkeiten bei dem Patienten gab.;enumerated;enumerated;
38;1;urn:osse-91:dataelement:38:1;OUTDATED;en;Medication during pregnancy;Medication during pregnancy;enumerated;enumerated;
39;1;urn:osse-91:dataelement:39:1;OUTDATED;de;Sonstige Besonderheiten während der SSW;gibt an ob es während der Schwangerschaft der Mutter zu anderen Auffälligkeiten/Besonderheiten gekommen ist;enumerated;enumerated;
41;1;urn:osse-91:dataelement:41:1;OUTDATED;en;Abnormalities during neonatal or toddler's age;"selection for ""Abnormalities during neonatal or toddler's age""";enumerated;enumerated;
44;1;urn:osse-91:dataelement:44:1;OUTDATED;en;relevant passed surgeries;relevant passed surgeries;enumerated;enumerated;
21;1;urn:osse-91:dataelement:21:1;OUTDATED;de;Schwangerschaftswoche;Gestationswoche bei Geburt des Patienten;INTEGER;0<=x<=45;
24;1;urn:osse-91:dataelement:24:1;OUTDATED;de;Kopfumfang bei Geburt;Kopfumfang des Patienten bei Geburt;INTEGER;0<=x<=99;
23;1;urn:osse-91:dataelement:23:1;OUTDATED;de;Geburtslänge;Körperlänge des Patienten bei Geburt;INTEGER;0<=x<=99;
22;1;urn:osse-91:dataelement:22:1;OUTDATED;de;Geburtsgewicht;Gewicht des Patienten bei Geburt;INTEGER;500<=x<=9999;
26;2;urn:osse-91:dataelement:26:2;OUTDATED;en;"Free text for ""abnormalities at birth""";"Free text for ""abnormalities at birth""";STRING;;
28;1;urn:osse-91:dataelement:28:1;OUTDATED;de;"Freitextangebe für ""Postpartale Adaptationsschwierigkeiten""";Erlaubt Freitext zur Eingabe von postpartalen Adaptationsschwierigkeiten nach der Geburt;STRING;;
30;1;urn:osse-91:dataelement:30:1;OUTDATED;en;week of pregnancy at diagnosis of oligohydramnion;week of pregnancy at diagnosis of oligohydramnion;INTEGER;0<=x<=45;
36;1;urn:osse-91:dataelement:36:1;OUTDATED;en;other antenatal abnormalities - free text;other antenatal abnormalities - free text;STRING;;
40;1;urn:osse-91:dataelement:40:1;OUTDATED;en;other abnormalities during pregnancy - free text;other abnormalities during pregnancy - free text;STRING;;
33;1;urn:osse-91:dataelement:33:1;OUTDATED;en;other sonographic abnormalities - antenatal;"""sonographic abnormalities - antenatal"" - other";STRING;;
37;1;urn:osse-91:dataelement:37:1;OUTDATED;de;Medikamente während der SSW - Freitext;Erlaubt Freitext zur Eingabe von Medikamenten während der Schwangerschaft;STRING;;
7;1;urn:osse-91:dataelement:7:1;OUTDATED;de;Joubert-Syndrom / COACH-Syndrom;Liegen Sypmtome des Joubert-Syndroms oder COACH-Syndroms vor?;BOOLEAN;(true|false|yes|no|f|t);
16;2;urn:osse-91:dataelement:16:2;OUTDATED;de;Kardinalsymptome der Kongenitalen okulomotorischen Apraxie Typ Cogan II (COMA);Gibt Kardinalsymptome der Kongenitalen okulomotorischen Apraxie Typ Cogan II (COMA) an;enumerated;enumerated;SELECT_MANY_CHECKBOX
17;2;urn:osse-91:dataelement:17:2;OUTDATED;de;Kardinalsymptome des Ellis van Crefeld Syndroms;Gibt Kardinalsymptome des Ellis van Crefeld Syndroms an;enumerated;enumerated;SELECT_MANY_CHECKBOX
18;2;urn:osse-91:dataelement:18:2;OUTDATED;de;Kardinalsymptome des RHYNS Syndroms;Gibt Kardinalsymptome des RHYNS Syndroms an;enumerated;enumerated;SELECT_MANY_CHECKBOX
48;1;urn:osse-91:dataelement:48:1;RELEASED;de;Wie verwandt? (Verwandtschaft);gibt an, wie die Eltern des Patienten miteinander verwandt sind;STRING;;
20;2;urn:osse-91:dataelement:20:2;OUTDATED;de;Symptome/Phänotyp Jeune Syndrom;Gibt Kardinalsymptome des Jeune - Syndroms an;enumerated;enumerated;SELECT_MANY_CHECKBOX
50;1;urn:osse-91:dataelement:50:1;RELEASED;en;Sibling Birthdate;Birthdate of the sibling;DATE;YYYY-MM;
57;1;urn:osse-91:dataelement:57:1;RELEASED;en;which familiy members have renal abnormalities und what kind of renal abnormalities;which familiy members have renal abnormalities und what kind of renal abnormalities;STRING;;
59;1;urn:osse-91:dataelement:59:1;RELEASED;de;welche Familienangehörigen (bezogen auf den Indexpatienten) haben eine Nephronophtise ;gibt an welche Familienangehörigen bezogen auf den Indexpatienten eine Nephronophtise haben;STRING;;
61;1;urn:osse-91:dataelement:61:1;RELEASED;en;which family members suffer from diabetes mellitus;indicates which family member suffer from diabetes mellitus;STRING;;
63;1;urn:osse-91:dataelement:63:1;RELEASED;en;which family members suffer from MODY diabetes;indicates which family member suffer from MODY diabetes;STRING;;
65;1;urn:osse-91:dataelement:65:1;RELEASED;de;welche Familienangehörigen (bezogen auf den Indexpatienten) haben / hatten einen Schwangerschaftsdiabetes;gibt an welche Familienangehörigen (bezogen auf den Indexpatienten) einen Schwangerschaftsdiabetes haben ;STRING;;
66;1;urn:osse-91:dataelement:66:1;RELEASED;de;Hepatopathie;gibt an ob im erweiterten Familienkreis Angehörige an einer Hepatopahtie  leiden ;enumerated;enumerated;
67;1;urn:osse-91:dataelement:67:1;RELEASED;de;welche Familienangehörigen (bezogen auf den Indexpatienten) haben/hatten eine Hepatopathie? ;gibt an welche Familienangehörigen (bezogen auf den Indexpatienten) eine Hepatopathie haben / hatten;STRING;;
69;1;urn:osse-91:dataelement:69:1;RELEASED;en;which family members have or had hyperuricaemia;indicates which family member suffers or suffered from hyperuricaemia;STRING;;
71;1;urn:osse-91:dataelement:71:1;RELEASED;de;welche Familienangehörigen (bezogen auf den Indexpatienten) haben/hatten Gicht? ;gibt an welche Familienangehörigen (bezogen auf den Indexpatienten)  Gicht  haben / hatten;STRING;;
73;1;urn:osse-91:dataelement:73:1;RELEASED;en;which family members have or had BBS;indicates which family member suffers BBS;STRING;;
74;1;urn:osse-91:dataelement:74:1;RELEASED;en;other abnormalies in family members;other abnormalies in family members;BOOLEAN;(true|false|yes|no|f|t);
75;1;urn:osse-91:dataelement:75:1;RELEASED;en;other abnormalies in family members - free text;specifies other abnormalies in family members;STRING;;
11;1;urn:osse-91:dataelement:11:1;OUTDATED;de;Ellis van Crefeld Syndrom;Liegen Sypmtome des Ellis van Crefeld Syndroms vor?;BOOLEAN;(true|false|yes|no|f|t);
4;2;urn:osse-91:dataelement:4:2;RELEASED;en;Phenotype description of nephronophtisis;Phenotype description of nephronophtisis;enumerated;enumerated;SELECT_MANY_CHECKBOX
15;2;urn:osse-91:dataelement:15:2;RELEASED;de;Symptome/Phänotyp Senior-Løken-Syndrom;Kardinalsymptome des Senior-Løken-Syndroms;enumerated;enumerated;SELECT_MANY_CHECKBOX
32;1;urn:osse-91:dataelement:32:1;OUTDATED;en;"selection for "" sonographic abnormalities - antenatal""";"selection for "" sonographic abnormalities - antenatal""";enumerated;enumerated;
34;2;urn:osse-91:dataelement:34:2;RELEASED;de;Small for gestational age;gibt an ob Patient bei Geburt zu klein war bezogen auf die Schwangerschaftswoche;enumerated;enumerated;SELECT_ONE_RADIO
38;2;urn:osse-91:dataelement:38:2;RELEASED;de;Medikamente während der SSW;gibt an ob die Mutter des Patienten während der Schwangerschaft Medikamente eingenommen hat;enumerated;enumerated;SELECT_ONE_RADIO
41;2;urn:osse-91:dataelement:41:2;RELEASED;de;Auffälligkeiten im Neugeborenen- und Kleinkindalter;Vorgegebene Auswahl von Auffälligkeiten im Neugeborenen- und Kleinkindalter;enumerated;enumerated;SELECT_MANY_CHECKBOX
44;2;urn:osse-91:dataelement:44:2;RELEASED;de;Relevante Voroperationen;gibt relevante Voroperationen des Patienten an;enumerated;enumerated;SELECT_ONE_RADIO
47;1;urn:osse-91:dataelement:47:1;OUTDATED;en;consanguinity;are parents of patient related to each other?;enumerated;enumerated;
49;1;urn:osse-91:dataelement:49:1;OUTDATED;de;Hat der Patient Geschwister?;gibt an, ob Indexpatient Geschwister hat;enumerated;enumerated;
49;2;urn:osse-91:dataelement:49:2;RELEASED;en;Does the patient have siblings?;does the patient have siblings?;enumerated;enumerated;SELECT_ONE_RADIO
54;1;urn:osse-91:dataelement:54:1;OUTDATED;en;Sibling Gender;Siblings Gender;enumerated;enumerated;
55;1;urn:osse-91:dataelement:55:1;OUTDATED;en;Sibling affected by disease;Is the sibling affected by the disease?;enumerated;enumerated;
55;2;urn:osse-91:dataelement:55:2;OUTDATED;de;Geschwister von Krankheit betroffen;Gibt an ob das Geschwister von der Krankheit betroffen ist;enumerated;enumerated;SELECT_MANY_CHECKBOX
55;3;urn:osse-91:dataelement:55:3;RELEASED;en;Sibling affected by disease;Is the sibling affected by the disease?;enumerated;enumerated;SELECT_ONE_RADIO
56;1;urn:osse-91:dataelement:56:1;OUTDATED;en;renal abnormalities;are there family members with renal abnormalities?;enumerated;enumerated;
56;2;urn:osse-91:dataelement:56:2;RELEASED;de;Renale Auffälligkeiten;gibt an ob im erweiterten Familienkreis Angehörige renale Auffälligkeiten haben;enumerated;enumerated;SELECT_ONE_RADIO
58;1;urn:osse-91:dataelement:58:1;OUTDATED;de;Nephronophthise;gibt an ob im erweiterten Familienkreis Angehörige an Nephronophtise erkrankt sind;enumerated;enumerated;
60;1;urn:osse-91:dataelement:60:1;OUTDATED;en;diabetes mellitus;indicates if there are family members who suffer from diabetes mellitus;enumerated;enumerated;
62;1;urn:osse-91:dataelement:62:1;OUTDATED;en;MODY diabetes;indicates if there are family members who suffer from MODY diabetes;enumerated;enumerated;
62;2;urn:osse-91:dataelement:62:2;RELEASED;de;MODY-Diabetes;gibt an ob im erweiterten Familienkreis Angehörige an MODY-Diabetes  erkrankt sind;enumerated;enumerated;SELECT_ONE_RADIO
64;1;urn:osse-91:dataelement:64:1;OUTDATED;en;gestational diabetes;indicates if there are family members who suffer or suffered from gestational diabetes;enumerated;enumerated;
68;1;urn:osse-91:dataelement:68:1;OUTDATED;de;Hyperurikämie;gibt an ob im erweiterten Familienkreis Angehörige an einer Hyperurikämie  leiden ;enumerated;enumerated;
68;2;urn:osse-91:dataelement:68:2;RELEASED;en;hyperuricaemia;indicates if there are family members who suffer or suffered from hyperuricaemia;enumerated;enumerated;SELECT_ONE_RADIO
70;1;urn:osse-91:dataelement:70:1;OUTDATED;en;gout;indicates if there are family members who suffer or suffered from gout;enumerated;enumerated;
72;1;urn:osse-91:dataelement:72:1;OUTDATED;de;Bardet-Biedl-Syndrom;gibt an ob im erweiterten Familienkreis Angehörige ein BBS haben ;enumerated;enumerated;
72;2;urn:osse-91:dataelement:72:2;RELEASED;en;Bardet-Biedl-Syndrome;indicates if there are family members who suffer from BBS;enumerated;enumerated;SELECT_ONE_RADIO
64;2;urn:osse-91:dataelement:64:2;OUTDATED;de;Schwangerschaftsdiabetes;gibt an ob im erweiterten Familienkreis Angehörige einen Schwangerschaftsdiabetes hatten/haben ;enumerated;enumerated;SELECT_ONE_RADIO
70;2;urn:osse-91:dataelement:70:2;OUTDATED;de;Gicht;gibt an ob im erweiterten Familienkreis Angehörige an Gicht  leiden ;enumerated;enumerated;SELECT_ONE_RADIO
25;2;urn:osse-91:dataelement:25:2;OUTDATED;en;abnormalities at birth;any organic or clinical abnormalities at birth;enumerated;enumerated;SELECT_ONE_RADIO
47;2;urn:osse-91:dataelement:47:2;OUTDATED;de;Konsanguinität;Gibt an, ob die Eltern des Patienten miteinander blutsverwandt sind;enumerated;enumerated;SELECT_ONE_RADIO
60;2;urn:osse-91:dataelement:60:2;OUTDATED;de;Diabetes Mellitus ;gibt an ob im erweiterten Familienkreis Angehörige an Diabetes mellitus erkrankt sind;enumerated;enumerated;SELECT_ONE_RADIO
27;2;urn:osse-91:dataelement:27:2;OUTDATED;en;difficulties in postnatal adaptation;difficulties in postnatal adaptation;enumerated;enumerated;SELECT_ONE_RADIO
31;2;urn:osse-91:dataelement:31:2;OUTDATED;en;sonographic abnormalities - antenatal;sonographic abnormalites - antenatal;enumerated;enumerated;SELECT_ONE_RADIO
32;2;urn:osse-91:dataelement:32:2;OUTDATED;de;Sonographische Auffälligkeiten präpartal - Auswahl;gibt eine Auswahl an präpartalen sonographischen Auffälligkeiten an;enumerated;enumerated;SELECT_MANY_CHECKBOX
35;2;urn:osse-91:dataelement:35:2;OUTDATED;en;other antenatal abnormalities;other antenatal abnormalities;enumerated;enumerated;SELECT_ONE_RADIO
29;2;urn:osse-91:dataelement:29:2;OUTDATED;de;Oligohydramnion;Gibt an ob bei der Patientenmutter ein Oligohydramnion während der Schwangerschaft bestand.;enumerated;enumerated;SELECT_ONE_RADIO
5;2;urn:osse-91:dataelement:5:2;OUTDATED;en;phenotype description of  HNF1β - nephropathy;phenotype description of  HNF1β - nephropathy;enumerated;enumerated;SELECT_MANY_CHECKBOX
6;2;urn:osse-91:dataelement:6:2;OUTDATED;en;phenotype description of Bardet Biedl Syndrome;phenotype description of Bardet Biedl Syndrome;enumerated;enumerated;SELECT_MANY_CHECKBOX
14;2;urn:osse-91:dataelement:14:2;OUTDATED;de;Kardinalsymptome des Joubert und COACH-Syndroms;Kardinalsymptome des Joubert und COACH-Syndroms;enumerated;enumerated;SELECT_MANY_CHECKBOX
58;2;urn:osse-91:dataelement:58:2;OUTDATED;en;nephronophtisis;indicates if there are family members who suffer from nephronophtisis;enumerated;enumerated;SELECT_ONE_RADIO
54;2;urn:osse-91:dataelement:54:2;OUTDATED;de;Geschlecht des Geschwisters;Gibt das Geschlecht des Geschwisters an;enumerated;enumerated;SELECT_ONE_RADIO
76;1;urn:osse-91:dataelement:76:1;RELEASED;de;Wurde eine Molekulargenetische Untersuchung durchgeführt?;Gibt an, ob eine molekulargenetische Untersuchung durchgeführt wurde.;enumerated;enumerated;SELECT_ONE_RADIO
77;1;urn:osse-91:dataelement:77:1;RELEASED;de;Wann?;Gibt das Datum an, an welchem die genetische Untersuchung durchgeführt wurde.;DATE;YYYY-MM;
78;1;urn:osse-91:dataelement:78:1;RELEASED;de;Welches Labor? - (Name, Stadt, Land);Gibt an in welchem Labor (Name, Ort, Land) die genetische Untersuchung durchgeführt wurde.;STRING;;
104;1;urn:osse-91:dataelement:104:1;OUTDATED;en;First diagnosed;Indicates date when persistent microhematuria was first diagnosed.;DATE;YYYY-MM;
80;1;urn:osse-91:dataelement:80:1;RELEASED;de;Ergebnis der genetischen Untersuchung;Gibt das Ergebnis der genetischen Untersuchung an.;STRING;;
81;1;urn:osse-91:dataelement:81:1;RELEASED;de;Form der Vererbung;Gibt den Vererbungsweg der Mutation an.;enumerated;enumerated;SELECT_MANY_CHECKBOX
92;1;urn:osse-91:dataelement:92:1;OUTDATED;en;First noticed;Indicates date when polyuria occured first.;DATE;YYYY-MM;
106;1;urn:osse-91:dataelement:106:1;OUTDATED;en;First noticed;Indicates date when macrohematuria was first diagnosed.;DATE;YYYY-MM;
108;1;urn:osse-91:dataelement:108:1;OUTDATED;en;First noticed;Indicates date when edema were first diagnosed.;DATE;YYYY-MM;
84;1;urn:osse-91:dataelement:84:1;RELEASED;de;In welchem pathologischen Institut erfolgte die Beurteilung der Eigennierenbiopsie? - (Name, Stadt, Land);Gibt das Institut an, an welchem die Nierenbiopsie bearbeitet und befundet wurde.;STRING;;
86;1;urn:osse-91:dataelement:86:1;RELEASED;de;Anderes Ergebnis der Nierenbiopsie;Anderes Ergebnis der Nierenbiopsie;STRING;;
136;1;urn:osse-91:dataelement:136:1;OUTDATED;en;Which other renal symptoms?;Free text for other renal symptoms.;STRING;;
89;1;urn:osse-91:dataelement:89:1;RELEASED;en;In which institute was the specimen assessed - (name, city, country);Indicates institute where histology of liver biopsy was assessed.;STRING;;
90;1;urn:osse-91:dataelement:90:1;RELEASED;en;Result of liver biopsy;Result of liver biopsy.;STRING;;
91;1;urn:osse-91:dataelement:91:1;OUTDATED;en;Polyuria (>1500ml/m² body surface area/d;Indicates whether patient suffers from polyuria.;enumerated;enumerated;SELECT_ONE_RADIO
93;1;urn:osse-91:dataelement:93:1;RELEASED;en;Polydipsia;Indicates whether patient suffers from polydipsia.;enumerated;enumerated;SELECT_ONE_RADIO
94;1;urn:osse-91:dataelement:94:1;RELEASED;en;First noticed;Indicates date when polydipsia occured first.;DATE;YYYY-MM;
95;1;urn:osse-91:dataelement:95:1;RELEASED;de;Nächtlicher Durst;Gibt an, ob der Patient/die Patientin an nächtlichem Durst leidet.;enumerated;enumerated;SELECT_ONE_RADIO
96;1;urn:osse-91:dataelement:96:1;RELEASED;en;First noticed;Indicates date when nocturnal thirst occured first.;DATE;YYYY-MM;
97;1;urn:osse-91:dataelement:97:1;RELEASED;en;Anemia (hemoglobine < 10 g/dl);Indicates whether patient suffers from anemia.;enumerated;enumerated;SELECT_ONE_RADIO
98;1;urn:osse-91:dataelement:98:1;RELEASED;en;First diagnosed;Indicates date when anemia was first diagnosed.;DATE;YYYY-MM;
99;1;urn:osse-91:dataelement:99:1;RELEASED;en;Proteinuria before  renal transplantation;Indicates whether patient suffers from proteinuria before renal transplantation.;enumerated;enumerated;SELECT_ONE_RADIO
100;1;urn:osse-91:dataelement:100:1;RELEASED;en;First diagnosed;Indicates date when proteinuria was first diagnosed.;DATE;YYYY-MM;
101;1;urn:osse-91:dataelement:101:1;RELEASED;de;Antiproteinurische Therapie?;Gibt an, ob der Patient/die Patientin eine antiproteinurische Therapie erhält.;enumerated;enumerated;SELECT_ONE_RADIO
102;1;urn:osse-91:dataelement:102:1;RELEASED;en;Which antiproteinuric therapy?;Indicates which antiproteinuric therapy the patient receives.;enumerated;enumerated;SELECT_MANY_CHECKBOX
103;1;urn:osse-91:dataelement:103:1;RELEASED;de;Persistierende Mikrohämaturie;Gibt an, ob der Patient/die Patientin an einer persistierenden Mikrohämaturie leidet.;enumerated;enumerated;SELECT_ONE_RADIO
107;1;urn:osse-91:dataelement:107:1;RELEASED;de;Ödeme;Gibt an, ob der Patient/die Patientin an Ödmen leidet.;enumerated;enumerated;SELECT_ONE_RADIO
109;1;urn:osse-91:dataelement:109:1;RELEASED;en;Acid-base balance;Acid-base balance of patient.;enumerated;enumerated;SELECT_ONE_RADIO
110;1;urn:osse-91:dataelement:110:1;RELEASED;en;First noticed;Indicates date when acidosis first occured.;DATE;YYYY-MM;
111;1;urn:osse-91:dataelement:111:1;RELEASED;en;First noticed;Indicates date when alcalosis occured first.;DATE;YYYY-MM;
112;1;urn:osse-91:dataelement:112:1;RELEASED;de;Renale Osteopathie/sekundärer Hyperparathyreoidismus;Gibt an, ob der Patient/die Patientin an einer renalen Osteopathie/sekundärem Hyperparathyreoidismus leidet.;enumerated;enumerated;SELECT_ONE_RADIO
113;1;urn:osse-91:dataelement:113:1;RELEASED;en;Since when?;Indicates date when renal osteopathy or secondary hyperparathyreoidism were first diagnosed.;DATE;YYYY-MM;
122;1;urn:osse-91:dataelement:122:1;RELEASED;en;Other treatment of arterial hypertension;Free text for other, not specified antihypertensive treatment.;STRING;;
123;1;urn:osse-91:dataelement:123:1;RELEASED;de;Gedeihstörung (Gewicht < 3. Pz oder Pz-Flucht);Gibt an, ob der Patient/die Patientin schlecht gedeiht mit einem Gewicht unter der 3. Perzentile oder einer Perzentilenflucht.;enumerated;enumerated;SELECT_ONE_RADIO
124;1;urn:osse-91:dataelement:124:1;RELEASED;de;Erstmals festgestellt;Gibt das Datum an, an welchem eine Gedeihstörung erstmals  diagnostiziert worden ist.;DATE;YYYY-MM;
125;1;urn:osse-91:dataelement:125:1;RELEASED;de;Kleinwuchs (Höhe < 3. Pz oder Pz-Flucht);Gibt an, ob der Patient/die Patientin schlecht wächst mit einer Körperhöhe < 3. Perzentile oder einer Perzentilenflucht.;enumerated;enumerated;SELECT_ONE_RADIO
126;1;urn:osse-91:dataelement:126:1;RELEASED;de;Erstmals festgestellt;Gibt das Datum an, an welchem eine Gedeihstörung erstmals diagnostiziert worden ist.;DATE;YYYY-MM;
128;1;urn:osse-91:dataelement:128:1;RELEASED;en;Since when?;Indicates date since when growth hormones are used for treatment.;DATE;YYYY-MM;
129;1;urn:osse-91:dataelement:129:1;RELEASED;de;Blasenentleerungsstörung;Gibt an, ob der Patient/die Patientin an einer Blasenentleerungsstörung leidet.;enumerated;enumerated;SELECT_ONE_RADIO
130;1;urn:osse-91:dataelement:130:1;RELEASED;en;Type of voiding dysfunction;Selection for voiding dysfunction;enumerated;enumerated;SELECT_MANY_CHECKBOX
131;1;urn:osse-91:dataelement:131:1;RELEASED;de;Erstmals aufgetreten;Gibt das Datum an, an welchem die Enuresis erstmals aufgetreten ist.;DATE;YYYY-MM;
132;1;urn:osse-91:dataelement:132:1;RELEASED;en;First noticed;Indicates date when recurrent urinary tract infections were first diagnosed.;DATE;YYYY-MM;
133;1;urn:osse-91:dataelement:133:1;RELEASED;en;Other voiding dysfunction;Other, not specified voiding dysfunction.;STRING;;
134;1;urn:osse-91:dataelement:134:1;RELEASED;en;Since when?;Indicates date when other voiding dysfunction first occured.;DATE;YYYY-MM;
137;1;urn:osse-91:dataelement:137:1;OUTDATED;de;Diagnosed in familial screening;Gibt an, ob die Krankheit des Patienten/der Patientin im Rahmen einer Familienuntersuchung diagnostiziert wurde.;enumerated;enumerated;SELECT_ONE_RADIO
137;2;urn:osse-91:dataelement:137:2;RELEASED;en;Diagnosed in familial screening;Indicates whether disease was diagnosed due to screening in family of other patient.;enumerated;enumerated;SELECT_ONE_RADIO
138;1;urn:osse-91:dataelement:138:1;RELEASED;en;Since when?;Indicates date when other renal symptoms first occured.;DATE;YYYY-MM;
139;1;urn:osse-91:dataelement:139:1;RELEASED;de;Hepatomegalie;Gibt an bei dem Patienten/der Patientin eine Hepatomegalie (Vergrößerung der Leber) vorliegt.;enumerated;enumerated;SELECT_ONE_RADIO
140;1;urn:osse-91:dataelement:140:1;RELEASED;de;Erstmals festgestellt;Gibt das Datum an, an welchem die Hepaomegalie erstmals  diagnostiziert worden ist.;DATE;YYYY-MM;
141;1;urn:osse-91:dataelement:141:1;RELEASED;de;Splenomegalie;Gibt an, ob bei dem Patienten/der Patientin eine Splenomegalie (Vergrößerung der Milz) vorliegt.;enumerated;enumerated;SELECT_ONE_RADIO
105;1;urn:osse-91:dataelement:105:1;OUTDATED;de;Makrohämaturie;Gibt an ob der Patient/die Patientin an einer Makrohämaturie leidet.;enumerated;enumerated;SELECT_ONE_RADIO
127;1;urn:osse-91:dataelement:127:1;OUTDATED;de;Medikamentöse Therapie mit Wachstumshormon?;Gibt an, ob der Patient/die Patientin mit Wachstumshormon behandelt wird.;enumerated;enumerated;SELECT_ONE_RADIO
85;1;urn:osse-91:dataelement:85:1;OUTDATED;de;Ergebnis (der Eigennierenbiopsie);Gibt das Ergebnis der Eigennierenbiopsie an.;enumerated;enumerated;SELECT_MANY_CHECKBOX
116;1;urn:osse-91:dataelement:116:1;OUTDATED;en;Treatment of arterial hypertension;Therapy of arterial hypertension.;enumerated;enumerated;SELECT_MANY_CHECKBOX
117;1;urn:osse-91:dataelement:117:1;OUTDATED;en;Since when?;Indicates date since when ACE - inhibitor were used in treatment of arterial hypertension.;DATE;YYYY-MM;
118;1;urn:osse-91:dataelement:118:1;OUTDATED;de;Seit wann?;Gibt das Datum an, seit dem Beta-Blocker zur Therapie der arteriellen Hypertonie eingesetzt werden.;DATE;YYYY-MM;
119;1;urn:osse-91:dataelement:119:1;OUTDATED;en;Since when?;Indicates date since when AT1- receptor antagonists are used in treatment of arterial hypertension.;DATE;YYYY-MM;
120;1;urn:osse-91:dataelement:120:1;OUTDATED;de;Seit wann?;Gibt das Datum an, seit dem Diuretikum zur Therapie der arteriellen Hypertonie eingesetzt wird.;DATE;YYYY-MM;
121;1;urn:osse-91:dataelement:121:1;OUTDATED;en;Since when?;Indicates date since when calcium antagonists are used in treatment of arterial hypertension.;DATE;YYYY-MM;
79;1;urn:osse-91:dataelement:79:1;OUTDATED;de;Welche genetische Untersuchung wurde durchgeführt?;Gibt an welche genetische Paneluntersuchung durchgeführt wurde.;enumerated;enumerated;SELECT_MANY_CHECKBOX
82;1;urn:osse-91:dataelement:82:1;OUTDATED;de;Nierenbiopsie - nur Eigennieren, keine Transplantatnieren;Gibt an, ob eine Nierenbiopsie der Eigennieren durchgeführt wurde.;enumerated;enumerated;SELECT_ONE_RADIO
83;1;urn:osse-91:dataelement:83:1;OUTDATED;en;When?;Date of renal biopsy.;DATE;YYYY-MM;
87;1;urn:osse-91:dataelement:87:1;OUTDATED;de;Leberbiopsie;Gibt an, ob eine Leberbiopsie durchgeführt wurde.;enumerated;enumerated;SELECT_ONE_RADIO
91;2;urn:osse-91:dataelement:91:2;OUTDATED;de;Polyurie (>1500ml/m² KOF/d);Gibt an, ob der Patient/die Patientin an einer Polyurie leidet.;enumerated;enumerated;SELECT_ONE_RADIO
135;1;urn:osse-91:dataelement:135:1;OUTDATED;de;Andere renale Symptome;Gibt an, ob der Patient/die Patientin andere, hier nicht aufgeführte renale Symptome hat.;enumerated;enumerated;SELECT_ONE_RADIO
114;1;urn:osse-91:dataelement:114:1;OUTDATED;de;Arterielle Hypertonie;Gibt an, ob der Patient/die Patientin an einer arteriellen Hypertonie leidet.;enumerated;enumerated;SELECT_ONE_RADIO
115;1;urn:osse-91:dataelement:115:1;OUTDATED;de;Erstmals festgestellt;Gibt das Datum an, an welchem eine arterielle Hypertonie erstmals diagnostiziert worden ist.;DATE;YYYY-MM;
88;1;urn:osse-91:dataelement:88:1;OUTDATED;en;Date of liver biopsy;Date of liver biopsy.;DATE;YYYY-MM;
142;1;urn:osse-91:dataelement:142:1;RELEASED;en;First diagnosed;Indicates date when splenomegaly was first diagnosed.;DATE;YYYY-MM;
143;1;urn:osse-91:dataelement:143:1;RELEASED;de;Transaminasenerhöhung;Gibt an, ob der Patient/die Patientin erhöhte Leberenzyme hat oder hatte.;enumerated;enumerated;SELECT_ONE_RADIO
158;1;urn:osse-91:dataelement:158:1;OUTDATED;de;Erstmals festgestellt;Gibt das Datum an, an welchem ein Aszites erstmals  diagnostiziert worden ist.;DATE;YYYY-MM;
145;1;urn:osse-91:dataelement:145:1;RELEASED;de;Cholestase (konj. Bilirubin > 1 mg/dl);Gibt an, ob der Patient/die Patientin an einer Cholestase mit konjugiertem Bilirubin > 1 mg/dl leidet oder litt.;enumerated;enumerated;SELECT_ONE_RADIO
146;1;urn:osse-91:dataelement:146:1;RELEASED;de;Erstmals festgestellt;Gibt das Datum an, an welchem eine Cholestase erstmals  diagnostiziert worden ist.;DATE;YYYY-MM;
147;1;urn:osse-91:dataelement:147:1;RELEASED;de;Ikterus;Gibt an, ob bei dem Patienten/der Patientin ein Ikterus vorliegt oder vorlag.;enumerated;enumerated;SELECT_ONE_RADIO
148;1;urn:osse-91:dataelement:148:1;RELEASED;de;Erstmals festgestellt;Gibt das Datum an, an welchem ein Ikterus erstmals  diagnostiziert worden ist.;DATE;YYYY-MM;
149;1;urn:osse-91:dataelement:149:1;RELEASED;de;Steatosis hepatis;Gibt an, ob der Patient/die Patientin eine steatosis hepatis hat oder hatte (radiologisch diagnostiziert).;enumerated;enumerated;SELECT_ONE_RADIO
219;1;urn:osse-91:dataelement:219:1;OUTDATED;en;Result EEG;Indicates result of EEG.;enumerated;enumerated;SELECT_ONE_RADIO
150;1;urn:osse-91:dataelement:150:1;RELEASED;en;First diagnosed;Indicates date when hepatic steatosis was first diagnosed.;DATE;YYYY-MM;
151;1;urn:osse-91:dataelement:151:1;RELEASED;de;Cholelithiasis;Gibt an, ob der Patient/die Patientin an einer Cholelithiais leidet oder litt.;enumerated;enumerated;SELECT_ONE_RADIO
172;1;urn:osse-91:dataelement:172:1;OUTDATED;en;First diagnosed;Indicates date when nystagmus first occured.;DATE;YYYY-MM;
184;1;urn:osse-91:dataelement:184:1;OUTDATED;de;Erstmals festgestellt;Gibt das Datum an, an welchem ein eine Störung der Augenfolgebewegungen erstmals aufgetreten ist.;DATE;YYYY-MM;
153;1;urn:osse-91:dataelement:153:1;RELEASED;de;Leberzysten;Gibt an, ob bei dem Patienten/der Patientin Leberzysten vorliegen.;enumerated;enumerated;SELECT_ONE_RADIO
190;1;urn:osse-91:dataelement:190:1;OUTDATED;de;Erstmals festgestellt;Gibt das Datum an, an welchem eine Optikusatrophie erstmals diagnostiziert worden ist.;DATE;YYYY-MM;
155;1;urn:osse-91:dataelement:155:1;RELEASED;de;Hypersplenismus;Gibt an, ob bei dem Patienten/der Patientin ein Hypersplenismus vorliegt oder vorlag (Panzytopenie aufgrund von Splenomegalie).;enumerated;enumerated;SELECT_ONE_RADIO
156;1;urn:osse-91:dataelement:156:1;RELEASED;en;First diagnosed;Indicates date when a hypersplenism was first diagnosed.;DATE;YYYY-MM;
181;1;urn:osse-91:dataelement:181:1;OUTDATED;en;Visual field narrowing;Indicates whether patient has narrowing of visual field.;enumerated;enumerated;SELECT_ONE_RADIO
194;1;urn:osse-91:dataelement:194:1;OUTDATED;en;Other ophtalmologic abnormalities;Indicates whether patient has other, here not listed, ophtalmological abnormalities.;enumerated;enumerated;SELECT_ONE_RADIO
196;1;urn:osse-91:dataelement:196:1;OUTDATED;en;Other ophtalmologic abnormalities;Free text for other, not specified ophtalmologic abnormalities.;STRING;;
161;1;urn:osse-91:dataelement:161:1;RELEASED;en;Other hepatic symptoms;Indicates whether patient has or had other hepatic symptoms.;enumerated;enumerated;SELECT_ONE_RADIO
162;1;urn:osse-91:dataelement:162:1;RELEASED;de;Erstmals festgestellt;Gibt das Datum an, an welchem andere, nicht aufgeführte Lebersymptome erstmals diagnostiziert worden ist.;DATE;YYYY-MM;
163;1;urn:osse-91:dataelement:163:1;RELEASED;en;Other hepatic symptoms;Free text for other, not specified hepatic symptoms.;STRING;;
164;1;urn:osse-91:dataelement:164:1;RELEASED;en;Visual acuity right eye;Visual acuity of patients right eye at a specific point of time.;STRING;;
165;1;urn:osse-91:dataelement:165:1;RELEASED;de;Visus links;Gibt den Visus des Patienten/der Patientin auf dem linken Auge an einem bestimmten Zeitpunkt an.;STRING;;
166;1;urn:osse-91:dataelement:166:1;RELEASED;en;Date of diagnosis;Indicates date when the visual acuity of the right eye was diagnosed.;DATE;YYYY-MM;
167;1;urn:osse-91:dataelement:167:1;RELEASED;de;Zeitpunkt der Feststellung;Gibt das Datum an, an welchem der Visus auf dem linken Auge diagnostiziert worden ist.;DATE;YYYY-MM;
195;1;urn:osse-91:dataelement:195:1;OUTDATED;de;Erstmals festgestellt;Gibt das Datum an, an welchem die anderen Augenauffälligkeiten erstmals diagnostiziert worden sind.;DATE;YYYY-MM;
168;1;urn:osse-91:dataelement:168:1;OUTDATED;de;Erblindung;Gibt an, ob der Patient/die Patientin erblindet ist.;enumerated;enumerated;SELECT_ONE_RADIO
169;1;urn:osse-91:dataelement:169:1;RELEASED;en;Complete loss of sight;Indicates whether patient lost sight completely.;enumerated;enumerated;SELECT_ONE_RADIO
171;1;urn:osse-91:dataelement:171:1;RELEASED;de;Nystagmus;Gibt an, ob bei dem  Patienten/der Patientin ein Nystagmus vorliegt.;enumerated;enumerated;SELECT_ONE_RADIO
173;1;urn:osse-91:dataelement:173:1;RELEASED;en;Night blindness / nyctalopia;Indicates whether patient suffers from nyctalopia /night blindness.;enumerated;enumerated;SELECT_ONE_RADIO
174;1;urn:osse-91:dataelement:174:1;RELEASED;de;Erstmals festgestellt;Gibt das Datum an, an welchem ein eine Störung der Dunkeladaptation erstmals aufgetreten ist.;DATE;YYYY-MM;
177;1;urn:osse-91:dataelement:177:1;RELEASED;en;Retinitis pigmentosa / tapetoretinal degeneration;Indicates whether patient suffers from retinitis pigmentosa or tapetoretinal degeneration.;enumerated;enumerated;SELECT_ONE_RADIO
185;1;urn:osse-91:dataelement:185:1;RELEASED;en;Strabism;Indicates whether patient has strabism.;enumerated;enumerated;SELECT_ONE_RADIO
187;1;urn:osse-91:dataelement:187:1;RELEASED;en;Astigmatism;Indicates whether patient has astigmatism.;enumerated;enumerated;SELECT_ONE_RADIO
189;1;urn:osse-91:dataelement:189:1;RELEASED;en;Optic nerve atrophy;Indicates whether patient has optic nerve atrophy.;enumerated;enumerated;SELECT_ONE_RADIO
191;1;urn:osse-91:dataelement:191:1;RELEASED;en;Cataract;Indicates whether patient has a cataract.;enumerated;enumerated;SELECT_ONE_RADIO
193;1;urn:osse-91:dataelement:193:1;RELEASED;en;Iris coloboma;Indicates whether patient has an iris coloboma.;enumerated;enumerated;SELECT_ONE_RADIO
204;1;urn:osse-91:dataelement:204:1;RELEASED;en;First diagnosed;Indicates date when muscular atrophy was first diagnosed.;DATE;YYYY-MM;
206;1;urn:osse-91:dataelement:206:1;RELEASED;de;Erstmals festgestellt;Gibt das Datum an, an welchem eine psychomotorische Retardierung erstmals festgestellt worden ist.;DATE;YYYY-MM;
207;1;urn:osse-91:dataelement:207:1;RELEASED;de;Störung des affektiven Verhaltens;Gibt an, ob bei dem  Patienten/bei der Patientin eine Störung des affektiven Verhaltens besteht.;enumerated;enumerated;SELECT_ONE_RADIO
208;1;urn:osse-91:dataelement:208:1;RELEASED;en;First diagnosed;Indicates when patient first showed disturbance of affective behaviour.;DATE;YYYY-MM;
209;1;urn:osse-91:dataelement:209:1;RELEASED;en;Please specify;Gives further information of affective behaviour of patient.;STRING;;
216;1;urn:osse-91:dataelement:216:1;RELEASED;de;Erfolgt eine antiepileptische Medikation?;Gibt an ob der Patient/die Patientin eine antiepileptische Therapie erhält.;enumerated;enumerated;SELECT_ONE_RADIO
218;1;urn:osse-91:dataelement:218:1;RELEASED;en;Date of EEG;Indicates date of performed EEG.;DATE;YYYY-MM;
221;1;urn:osse-91:dataelement:221:1;RELEASED;en;Date of pathologic result;Indicates date of pathologic EEG result.;DATE;YYYY-MM;
144;1;urn:osse-91:dataelement:144:1;OUTDATED;de;Erstmals festgestellt;Gibt das Datum an, an welchem eine Transaminasenerhöhung erstmals  diagnostiziert worden ist.;DATE;YYYY-MM;
152;1;urn:osse-91:dataelement:152:1;OUTDATED;en;First diagnosed;Indicates date when cholelithiasis was first diagnosed.;DATE;YYYY-MM;
154;1;urn:osse-91:dataelement:154:1;OUTDATED;en;First diagnosed;Indicates date when hepatic cysts were first diagnosed.;DATE;YYYY-MM;
157;1;urn:osse-91:dataelement:157:1;OUTDATED;de;Aszites;Gibt an, ob bei dem Patienten/der Patientin ein Aszites vorliegt oder vorlag.;enumerated;enumerated;SELECT_ONE_RADIO
159;1;urn:osse-91:dataelement:159:1;OUTDATED;en;Esophageal varices;Indicates whether patient has or had esophageal varices.;enumerated;enumerated;SELECT_ONE_RADIO
160;1;urn:osse-91:dataelement:160:1;OUTDATED;de;Erstmals festgestellt;Gibt das Datum an, an welchem Ösophagusvarizen erstmals  diagnostiziert worden ist.;DATE;YYYY-MM;
170;1;urn:osse-91:dataelement:170:1;OUTDATED;en;Lost sight completely at;Indicates date when sight was lost completely.;DATE;YYYY-MM;
175;1;urn:osse-91:dataelement:175:1;OUTDATED;en;Color blindness / achromatopsia;Indicates whether patient suffers from color blindness / achromatopsia.;enumerated;enumerated;SELECT_ONE_RADIO
176;1;urn:osse-91:dataelement:176:1;OUTDATED;de;Erstmals festgestellt;Gibt das Datum an, an welchem ein eine Störung des Farbensehens erstmals aufgetreten ist.;DATE;YYYY-MM;
178;1;urn:osse-91:dataelement:178:1;OUTDATED;de;Erstmals festgestellt;Gibt das Datum an, an welchem ein eine Retinitis pigmentosa/tapetoretinale Degeneration erstmals diagnostiziert worden ist.;DATE;YYYY-MM;
179;1;urn:osse-91:dataelement:179:1;OUTDATED;en;Oculomotor apraxia;Indicates whether patient has an oculomotor apraxia.;enumerated;enumerated;SELECT_ONE_RADIO
180;1;urn:osse-91:dataelement:180:1;OUTDATED;de;Erstmals festgestellt;Gibt das Datum an, an welchem ein eine okulomotorische Apraxie erstmals aufgetreten ist.;DATE;YYYY-MM;
182;1;urn:osse-91:dataelement:182:1;OUTDATED;de;Erstmals festgestellt;Gibt das Datum an, an welchem eine Gesichtsfeldeinschränkung erstmals bei dem Patienten, bei der Patientin diagnostiziert wurde.;DATE;YYYY-MM;
183;1;urn:osse-91:dataelement:183:1;OUTDATED;en;Dysfunction of pursuit eye movements;Indicates whether patient has a dysfunction of pursuit eye movements.;enumerated;enumerated;SELECT_ONE_RADIO
186;1;urn:osse-91:dataelement:186:1;OUTDATED;de;Erstmals festgestellt;Gibt das Datum an, an welchem ein ein Strabismus erstmals aufgetreten ist.;DATE;YYYY-MM;
188;1;urn:osse-91:dataelement:188:1;OUTDATED;de;Erstmals festgestellt;Gibt das Datum an, an welchem ein ein Astigmatismus erstmals diagnostiziert worden ist.;DATE;YYYY-MM;
192;1;urn:osse-91:dataelement:192:1;OUTDATED;en;First diagnosed;Indicates date when a cataract was first diagnosed.;DATE;YYYY-MM;
197;1;urn:osse-91:dataelement:197:1;OUTDATED;de;Ataxie;Gibt an, ob bei dem  Patienten/bei der Patientin eine Ataxie vorliegt.;enumerated;enumerated;SELECT_ONE_RADIO
198;1;urn:osse-91:dataelement:198:1;OUTDATED;en;Since when?;Indicates date when ataxia first occured.;DATE;YYYY-MM;
201;1;urn:osse-91:dataelement:201:1;OUTDATED;en;Microcephaly;Indicates whether patient has microcephaly.;enumerated;enumerated;SELECT_ONE_RADIO
203;1;urn:osse-91:dataelement:203:1;OUTDATED;de;Muskuläre Hypotonie;Gibt an, ob bei dem  Patienten/bei der Patientin eine muskuläre Hypotonie besteht.;enumerated;enumerated;SELECT_ONE_RADIO
205;1;urn:osse-91:dataelement:205:1;OUTDATED;en;Mental retardation;Indicates whether patient is mentally delayed.;enumerated;enumerated;SELECT_ONE_RADIO
210;1;urn:osse-91:dataelement:210:1;OUTDATED;en;Autoaggressive behaviour;Indicates whether patient shows autoaggressive behaviour.;enumerated;enumerated;SELECT_ONE_RADIO
211;1;urn:osse-91:dataelement:211:1;OUTDATED;de;Erstmals aufgetreten;Gibt das seit wann bei dem  Patienten ein Autoaggressives Verhalten besteht.;DATE;YYYY-MM;
212;1;urn:osse-91:dataelement:212:1;OUTDATED;de;Lernschwierigkeiten;Gibt an, ob der Patienten/die Patientin Lernschwierigkeiten hat.;enumerated;enumerated;SELECT_ONE_RADIO
213;1;urn:osse-91:dataelement:213:1;OUTDATED;en;First noticed;Indicates since when patient has learning difficulties.;DATE;YYYY-MM;
200;1;urn:osse-91:dataelement:200:1;OUTDATED;de;Kleinhirnwurmhypoplasie (Molar tooth Zeichen);Gibt das Datum des MRT an, in dem eine Kleinhirnwurmhypoplasie diagnostiziert wurde.;enumerated;enumerated;SELECT_ONE_RADIO
199;1;urn:osse-91:dataelement:199:1;OUTDATED;en;Date of MRI;Indicates date when an atrophy of the optic nerve was first diagnosed.;DATE;YYYY-MM;
214;1;urn:osse-91:dataelement:214:1;OUTDATED;en;Seizures;Indicates whether patient has seizures.;enumerated;enumerated;SELECT_ONE_RADIO
215;1;urn:osse-91:dataelement:215:1;OUTDATED;de;Seit wann?;Gibt an seit wann der Patient/die Patientin an Krampfanfällen leidet.;DATE;YYYY-MM;
217;1;urn:osse-91:dataelement:217:1;OUTDATED;en;Was an EEG performed;Indicates whether EEG was performed.;enumerated;enumerated;SELECT_ONE_RADIO
220;1;urn:osse-91:dataelement:220:1;OUTDATED;de;Datum des unauffälligen Befunds;Gibt das Datum des unauffälligen EEG Befunds an.;DATE;YYYY-MM;
222;1;urn:osse-91:dataelement:222:1;OUTDATED;de;Andere ZNS – Symptome;Gibt an, ob bei dem  Patienten/der Patientin andere, hier nicht aufgeführte Auffälligkeiten des ZNS vorliegen.;enumerated;enumerated;SELECT_ONE_RADIO
224;1;urn:osse-91:dataelement:224:1;OUTDATED;en;Which other symptoms of central nervous system?;Indicates which other sympoms of central nervous system are present.;STRING;;
223;1;urn:osse-91:dataelement:223:1;OUTDATED;de;Erstmals aufgetreten;Gibt das seit wann bei dem Patienten andere ZNS-Symptome besteht.;DATE;YYYY-MM;
230;1;urn:osse-91:dataelement:230:1;OUTDATED;en;Starting from which month of life?;Indicates from which month of life patient could walk without support.;INTEGER;0<=x<=99;
228;1;urn:osse-91:dataelement:228:1;OUTDATED;de;Ab dem wievielten Lebensmonat?;Gibt an, ab welchem Lebensmonat der Patient/die Patientin frei stehen konnte.;INTEGER;0<=x<=99;
251;1;urn:osse-91:dataelement:251:1;OUTDATED;de;Andere pulmonale / HNO – Symptome;Gibt an, ob der Patient/die Patientin an anderen, hier nicht aufgeführten pulmonalen oder HNO-Symptomen leidet.;enumerated;enumerated;SELECT_ONE_RADIO
227;1;urn:osse-91:dataelement:227:1;RELEASED;en;Standing without support;Indicates whether patient can stand without support.;enumerated;enumerated;SELECT_ONE_RADIO
229;1;urn:osse-91:dataelement:229:1;RELEASED;de;Freies Gehen;Gibt an, ob der Patient/die Patientin frei gehen kann.;enumerated;enumerated;SELECT_ONE_RADIO
231;1;urn:osse-91:dataelement:231:1;RELEASED;en;Speaking of multiword sentences;Indicates whether patient can speak multiword sentences.;enumerated;enumerated;SELECT_ONE_RADIO
232;1;urn:osse-91:dataelement:232:1;RELEASED;de;Ab dem wievielten Lebensmonat?;Gibt an, ab welchem Lebensmonat der Patient/die Patientin Mehrwortsätze sprechen konnte.;INTEGER;0<=x<=99;
233;1;urn:osse-91:dataelement:233:1;RELEASED;de;Trocken werden;Gibt an, ob der Patient/die Patientin harnkontinent ist.;enumerated;enumerated;SELECT_ONE_RADIO
234;1;urn:osse-91:dataelement:234:1;RELEASED;en;Starting from which month of life?;Indicates from which month of life patient was continent of urine.;INTEGER;0<=x<=99;
240;1;urn:osse-91:dataelement:240:1;RELEASED;en;First diagnosed;Indicates when poliposis nasi was first diagnosed in patient.;DATE;YYYY-MM;
241;1;urn:osse-91:dataelement:241:1;RELEASED;de;Bronchiektasien;Gibt an, ob bei dem  Patienten/der Patientin Bronchiektasien vorliegen.;enumerated;enumerated;SELECT_ONE_RADIO
243;1;urn:osse-91:dataelement:243:1;RELEASED;en;Hearing loss;Indicates whether patient has hearing impairment.;enumerated;enumerated;SELECT_ONE_RADIO
247;1;urn:osse-91:dataelement:247:1;RELEASED;de;Hörgeräteversorgung;Gibt an, ob der Patient mit Hörgeräten versorgt ist.;enumerated;enumerated;SELECT_ONE_RADIO
249;1;urn:osse-91:dataelement:249:1;RELEASED;en;Anosmia;Indicates whether patient has impairment of smelling.;enumerated;enumerated;SELECT_ONE_RADIO
238;1;urn:osse-91:dataelement:238:1;OUTDATED;de;Erstmals aufgetreten;Gibt an, seit wann  bei dem Patienten/bei der Patientin ein Asthma bronchiale besteht.;DATE;YYYY-MM;
239;1;urn:osse-91:dataelement:239:1;OUTDATED;en;Polyposis nasi;Indicates whether patient has a polyposis nasi.;enumerated;enumerated;SELECT_ONE_RADIO
244;1;urn:osse-91:dataelement:244:1;OUTDATED;en;Type of hearing loss;Type of hearing loss;enumerated;enumerated;SELECT_MANY_CHECKBOX
225;1;urn:osse-91:dataelement:225:1;OUTDATED;de;Freies Sitzen;Gibt an, ob der Patient/die Patientin frei Sitzen kann.;enumerated;enumerated;SELECT_ONE_RADIO
235;1;urn:osse-91:dataelement:235:1;OUTDATED;en;Recurrent Infections of respiratory tract or ORL;Indicates whether patient suffers from reccurent infections of respiratory tract or ORL-infections.;enumerated;enumerated;SELECT_ONE_RADIO
236;1;urn:osse-91:dataelement:236:1;OUTDATED;en;First diagnosed;Indicates when patient first had reccurent respiratory tract infections or respiratory tract obstruction.;DATE;YYYY-MM;
237;1;urn:osse-91:dataelement:237:1;OUTDATED;de;Asthma bronchiale;Gibt an, ob der Patient/die Patientin an Asthma bronchiale leidet.;enumerated;enumerated;SELECT_ONE_RADIO
242;1;urn:osse-91:dataelement:242:1;OUTDATED;de;Erstmals festgestellt;Gibt an, wann bei dem Patienten/der Patientin Bronchiektasen erstmals festgestellt wurde.;DATE;YYYY-MM;
245;1;urn:osse-91:dataelement:245:1;OUTDATED;en;First diagnosed;Indicates when conductive hearing loss was was first diagnosed in patient.;DATE;YYYY-MM;
246;1;urn:osse-91:dataelement:246:1;OUTDATED;de;Erstmals festgestellt;Gibt an, wann bei dem Patienten/der Patientin eine Innenohrschwerhörigkeit erstmals festgestellt wurde.;DATE;YYYY-MM;
248;1;urn:osse-91:dataelement:248:1;OUTDATED;en;Since when?;Indicates since when a hearing aid is provided.;DATE;YYYY-MM;
250;1;urn:osse-91:dataelement:250:1;OUTDATED;de;Erstmals aufgetreten;Gibt an, wann bei dem Patienten/der Patientin erstmals eine Störung des Riechsinns aufgetreten ist.;DATE;YYYY-MM;
252;1;urn:osse-91:dataelement:252:1;OUTDATED;en;First noticed;Indicates when other pulmonary or ORL-symptoms occured first in patient.;DATE;YYYY-MM;
253;1;urn:osse-91:dataelement:253:1;OUTDATED;en;Which other other pulmonary or ORL-symptoms?;Which other other pulmonary or ORL-symptoms?;STRING;;
256;1;urn:osse-91:dataelement:256:1;RELEASED;en;First diagnosed;Indicates date when a patent ductus arteriosus was first diagnosed.;DATE;YYYY-MM;
255;1;urn:osse-91:dataelement:255:1;OUTDATED;en;Which cardial anomalies?;Indicates which cardial anomalies the patient suffers from.;enumerated;enumerated;
264;1;urn:osse-91:dataelement:264:1;RELEASED;de;Erstmals festgestellt;Gibt das Datum an, an welchem ein Heterotaxiesyndrom erstmals diagnostiziert worden ist.;DATE;YYYY-MM;
268;1;urn:osse-91:dataelement:268:1;RELEASED;de;Skelettale Auffälligkeiten;Gibt an, ob bei dem Patienten/der Patientin skelettale Anomalien vorliegen.;enumerated;enumerated;SELECT_ONE_RADIO
308;1;urn:osse-91:dataelement:308:1;OUTDATED;de;Sonstige Auffälligkeiten der Geschlechtsentwicklung;Gibt an, ob bei der Patientin andere, hier nicht aufgeführte Auffälligkeiten der Geschlechtsentwicklung bestehen.;enumerated;enumerated;SELECT_ONE_RADIO
272;1;urn:osse-91:dataelement:272:1;RELEASED;de;Sonstige Dysmorphien;Gibt an, ob bei dem Patienten/der Patientin andere, hier nicht aufgeführte Dysmorphien bestehen.;enumerated;enumerated;SELECT_ONE_RADIO
273;1;urn:osse-91:dataelement:273:1;RELEASED;en;Which other dysmorphic features?;Indicates which other, here not specified, dysmorphic features the patient suffers from.;STRING;;
274;1;urn:osse-91:dataelement:274:1;RELEASED;de;Erstmals festgestellt;Gibt das Datum an, an welchem die sonstigen Dysmorphien erstmals diagnostiziert wurden.;DATE;YYYY-MM;
257;1;urn:osse-91:dataelement:257:1;OUTDATED;de;Welche kardialen Anomalien?;Gibt an, welche kardialen Anomalien bei dem Patienten/der Patientin vorliegen.;enumerated;enumerated;SELECT_MANY_CHECKBOX
270;1;urn:osse-91:dataelement:270:1;OUTDATED;en;Ectodermal dysplasia;Indicates whether patient has ectodermal dysplasia.;enumerated;enumerated;SELECT_ONE_RADIO
276;1;urn:osse-91:dataelement:276:1;RELEASED;de;Adipositas;Gibt an, ob bei dem Patienten/der Patientin eine Adipositas vorliegt oder vorlag.;enumerated;enumerated;SELECT_ONE_RADIO
277;1;urn:osse-91:dataelement:277:1;RELEASED;de;Seit wann?;Gibt an, seit wann bei dem Patienten/der Patientin eine Adipositas besteht.;DATE;YYYY-MM;
278;1;urn:osse-91:dataelement:278:1;RELEASED;en;Diabetes mellitus;Indicates whether patient has or had diabetes mellitus.;enumerated;enumerated;SELECT_ONE_RADIO
271;1;urn:osse-91:dataelement:271:1;OUTDATED;de;Bitte spezifizieren Sie;Gibt an, welche ektodermale Dysplasien bei dem Patienten/der Patientin vorliegen.;enumerated;enumerated;SELECT_MANY_CHECKBOX
280;1;urn:osse-91:dataelement:280:1;RELEASED;de;Insulinresistenz?;Gibt an, ob bei dem Patienten/der Patientin der Diabetes Mellitus durch eine Insulinresistenz verursacht ist.;enumerated;enumerated;SELECT_ONE_RADIO
282;1;urn:osse-91:dataelement:282:1;RELEASED;de;Insulinpflichtig?;Gibt an, ob der Patient/die Patientin eine subkutane Insulintherapie zur Behandlung des Diabetes Mellitus benötigt.;enumerated;enumerated;SELECT_ONE_RADIO
266;1;urn:osse-91:dataelement:266:1;OUTDATED;en;Which other other cardial symptoms?;Indicates which other, here not specified, cardial symptoms the patient suffers from.;STRING;;
267;1;urn:osse-91:dataelement:267:1;OUTDATED;de;Erstmals festgestellt;Gibt das Datum an, an welchem andere kardiologische Symptome erstmals diagnostiziert worden sind.;DATE;YYYY-MM;
285;1;urn:osse-91:dataelement:285:1;RELEASED;de;Tagesmüdigkeit;Gibt an, ob bei dem Patienten/der Patientin eine Tagesmüdigkeit vorliegt oder vorlag.;enumerated;enumerated;SELECT_ONE_RADIO
286;1;urn:osse-91:dataelement:286:1;RELEASED;en;Since when?;Indicates since when patient is tired during daytime.;DATE;YYYY-MM;
287;1;urn:osse-91:dataelement:287:1;RELEASED;en;Snoring;Indicates whether patient snores or snored.;enumerated;enumerated;SELECT_ONE_RADIO
288;1;urn:osse-91:dataelement:288:1;RELEASED;de;Seit wann?;Gibt an, seit wann der Patient/die Patientin schnarcht.;DATE;YYYY-MM;
265;1;urn:osse-91:dataelement:265:1;OUTDATED;de;Andere kardiologische Symptome;Gibt an, ob bei dem Patienten/der Patientin andere, hier nicht aufgeführte kardiologische Symptome bestehen.;enumerated;enumerated;SELECT_ONE_RADIO
293;1;urn:osse-91:dataelement:293:1;OUTDATED;de;Störung der Organ-Lateralisation;Gibt an, ob bei dem Patienten/der Patientin eine Adipositas vorliegt oder vorlag.;enumerated;enumerated;SELECT_ONE_RADIO
294;1;urn:osse-91:dataelement:294:1;RELEASED;en;Type of disturbance of left-right-axis;Indicates what kind of disturbances of left-right-axis the patient suffers from.;enumerated;enumerated;SELECT_MANY_CHECKBOX
295;1;urn:osse-91:dataelement:295:1;RELEASED;en;Other, here not specified, extrarenal symtoms;Indicates whether patient has other, here not specified extrarenal symptoms.;enumerated;enumerated;SELECT_ONE_RADIO
296;1;urn:osse-91:dataelement:296:1;RELEASED;en;Which other extrarenal symptoms?;Indicates which other, here not specified, extrarenal symptoms the patient suffers from.;STRING;;
297;1;urn:osse-91:dataelement:297:1;RELEASED;de;Seit wann?;Gibt das Datum an, seit dem sonstige extrarenale Auffälligkeiten vorliegen.;DATE;YYYY-MM;
298;1;urn:osse-91:dataelement:298:1;OUTDATED;en;PH;PH;INTEGER;0<=x<=6;
303;1;urn:osse-91:dataelement:303:1;RELEASED;en;Uterine volume;Indicates uterine volume at certain time point.;INTEGER;0<=x<=9999;
304;1;urn:osse-91:dataelement:304:1;RELEASED;de;Datum der Feststellung;Gibt das Datum an, an welchem das Uterusvolumen der Patientin festgestellt wurde.;DATE;YYYY-MM;
305;1;urn:osse-91:dataelement:305:1;RELEASED;de;Uterusvolumen bekannt;Gibt an, ob das Uterusvolumen bekannt ist.;enumerated;enumerated;SELECT_ONE_RADIO
311;1;urn:osse-91:dataelement:311:1;RELEASED;en;Testicular volume known;Indicates whether patient's testicular volume is known.;enumerated;enumerated;SELECT_ONE_RADIO
269;1;urn:osse-91:dataelement:269:1;OUTDATED;en;Type of skeletal abnormalities;Indicates which skeletal anomalies the patient suffers from. ;enumerated;enumerated;SELECT_MANY_CHECKBOX
263;1;urn:osse-91:dataelement:263:1;OUTDATED;en;First diagnosed;Indicates date when a Dextrocardia was first diagnosed.;DATE;YYYY-MM;
292;1;urn:osse-91:dataelement:292:1;OUTDATED;de;Erstdiagnose;Gibt an wann die Erstdiagnose des M. Hirschsprung bei dem Patienten/der Patientin gestellt wurde.;DATE;YYYY-MM;
291;1;urn:osse-91:dataelement:291:1;OUTDATED;en;M. Hirschsprung;Indicates whether patient has M. Hirschsprung.;enumerated;enumerated;SELECT_ONE_RADIO
275;1;urn:osse-91:dataelement:275:1;OUTDATED;en;Sex;Indicates patient's sex.;enumerated;enumerated;SELECT_ONE_RADIO
313;1;urn:osse-91:dataelement:313:1;OUTDATED;en;Testicular volume (left);Indicates testicular volume at certain time point.;INTEGER;0<=x<=99;
312;1;urn:osse-91:dataelement:312:1;OUTDATED;de;Hodenvolumen (rechts);Gibt das Hodenvolumen zu einem bestimmten Zeitpunkt an.;INTEGER;0<=x<=99;
258;1;urn:osse-91:dataelement:258:1;OUTDATED;de;Erstmals festgestellt;Gibt das Datum an, an welchem ein Vorhofseptumdefekt (ASD) erstmals diagnostiziert worden ist.;DATE;YYYY-MM;
259;1;urn:osse-91:dataelement:259:1;OUTDATED;en;First diagnosed;Indicates date when a ventricular septal defect was first diagnosed.;DATE;YYYY-MM;
260;1;urn:osse-91:dataelement:260:1;OUTDATED;de;Erstmals festgestellt;Gibt das Datum an, an welchem ein offenes Foramen ovale (PFO) erstmals diagnostiziert worden ist.;DATE;YYYY-MM;
261;1;urn:osse-91:dataelement:261:1;OUTDATED;en;First diagnosed;Indicates date when a complex structural heart defect was first diagnosed.;DATE;YYYY-MM;
262;1;urn:osse-91:dataelement:262:1;OUTDATED;de;Erstmals festgestellt;Gibt das Datum an, an welchem eine Kardiomyopathie erstmals diagnostiziert worden ist.;DATE;YYYY-MM;
299;1;urn:osse-91:dataelement:299:1;OUTDATED;de;B;Gibt das Tanner-Stadium der Patientin an (B).;INTEGER;0<=x<=5;
315;1;urn:osse-91:dataelement:315:1;OUTDATED;de;Tanner Pubertätsstadien bekannt;Gibt an, ob die Tanner Pubertätsstadien des Patienten/der Patientin bekannt sind.;enumerated;enumerated;SELECT_ONE_RADIO
298;2;urn:osse-91:dataelement:298:2;OUTDATED;de;PH;Gibt das Tanner Stadium der Patientin/des Patienten an (PH).;INTEGER;0<=x<=6;
300;1;urn:osse-91:dataelement:300:1;OUTDATED;en;G;Indicates patient's tanner stage (G).;INTEGER;0<=x<=5;
301;1;urn:osse-91:dataelement:301:1;OUTDATED;en;Date of determination;Indicates date when tanner stages were determined.;DATE;YYYY-MM;
302;1;urn:osse-91:dataelement:302:1;OUTDATED;en;Menarche;Indicates patient's date of menarche.;DATE;YYYY-MM;
309;1;urn:osse-91:dataelement:309:1;OUTDATED;en;Which other abnormalities of sexual development?;Indicates which other, here not specified abnormalites of sexual development the patient suffers from.;STRING;;
310;1;urn:osse-91:dataelement:310:1;OUTDATED;en;Since when?;Indicates date since when other abnormalities of sexual development are present.;DATE;YYYY-MM;
314;1;urn:osse-91:dataelement:314:1;OUTDATED;de;Art der urogenitalen Fehlbildungen;Gibt an, unter welchen urogenitalen Fehlbildungen der Patient leidet.;enumerated;enumerated;SELECT_MANY_CHECKBOX
307;1;urn:osse-91:dataelement:307:1;OUTDATED;en;Type of urogenital malformations;Indicates which urogenital malformations the patient suffers from.;enumerated;enumerated;SELECT_MANY_CHECKBOX
279;1;urn:osse-91:dataelement:279:1;OUTDATED;en;Since when?;Indicates since when patient suffers from diabete mellitus.;DATE;YYYY-MM;
281;1;urn:osse-91:dataelement:281:1;OUTDATED;en;Oral medication;Indicates whether patient receives oral medication as therapy for diabetes mellitus.;enumerated;enumerated;SELECT_ONE_RADIO
289;1;urn:osse-91:dataelement:289:1;OUTDATED;de;Exokrine Pankreasinsuffizienz;Gibt an, ob bei dem Patienten/der Patientin eine exokrine Pankreasinsuffizienz vorliegt oder vorlag.;enumerated;enumerated;SELECT_ONE_RADIO
290;1;urn:osse-91:dataelement:290:1;OUTDATED;en;First diagnosed;Indicates when exocrine pancreatic insufficiency first occured in patient.;DATE;YYYY-MM;
283;1;urn:osse-91:dataelement:283:1;OUTDATED;en;Acanthosis nigricans;Indicates whether patient has or had acanthosis nigricans.;enumerated;enumerated;SELECT_ONE_RADIO
284;1;urn:osse-91:dataelement:284:1;OUTDATED;de;Erstmals festgestellt;Gibt an, seit wann bei dem Patienten/der Patientin eine acanthosis nigricans besteht.;DATE;YYYY-MM;
317;1;urn:osse-91:dataelement:317:1;RELEASED;en;Body length;Please enter body length in cm.;FLOAT;0<=x<=250;
318;1;urn:osse-91:dataelement:318:1;RELEASED;en;Date of determination;Indicates date when creatinine value and body length were determined.;DATE;YYYY-MM;
319;1;urn:osse-91:dataelement:319:1;OUTDATED;en;Method of creatinine measurement;Please indicate the method of creatinine measurement.;enumerated;enumerated;SELECT_ONE_RADIO
320;1;urn:osse-91:dataelement:320:1;OUTDATED;en;eGFR;Indicates GFR at certain point of time - automatically calculated.;FLOAT;0<=x<=300;
316;1;urn:osse-91:dataelement:316:1;OUTDATED;en;Creatinine;Please enter creatinine values in mg/dl.;FLOAT;0<=x<=30;
925;1;urn:osse-91:dataelement:925:1;RELEASED;de;Wurde die Thrombozytopenie erfolgreich behandelt?;Wurde die Thrombozytopenie erfolgreich behandelt?;BOOLEAN;(true|false|yes|no|f|t);
355;1;urn:osse-91:dataelement:355:1;OUTDATED;en;Renal width - 2;Renal width 2 of right kidney.;FLOAT;0<=x<=50;
322;1;urn:osse-91:dataelement:322:1;RELEASED;en;Date of diagnosis;Please indicate date of onset.;DATE;YYYY-MM;
348;1;urn:osse-91:dataelement:348:1;RELEASED;de;Datum der Nierensonographie;Wann ist die Nierensonographie erfolgt?;DATE;YYYY-MM;
326;1;urn:osse-91:dataelement:326:1;RELEASED;de;Ende der Hämodialyse;Gibt das Datum an, an welchem die Hämodialyse endete.;DATE;YYYY-MM;
327;1;urn:osse-91:dataelement:327:1;RELEASED;en;End of peritoneal dialysis;Indicates date when peritoneal dialysis ended.;DATE;YYYY-MM;
328;1;urn:osse-91:dataelement:328:1;RELEASED;de;Beginn der Peritonealdialyse;Gibt das Datum an, an welchem die Peritonealdialyse begann.;DATE;YYYY-MM;
325;1;urn:osse-91:dataelement:325:1;OUTDATED;en;Beginning;Indicates date when hemodialysis began.;DATE;YYYY-MM;
325;2;urn:osse-91:dataelement:325:2;RELEASED;de;Beginn der Hämodialyse;Gibt das Datum an, an welchem die Hämodialyse begann.;DATE;YYYY-MM;
330;1;urn:osse-91:dataelement:330:1;RELEASED;en;Date of renal transplantation;Indicates date of renal transplantation.;DATE;YYYY-MM;
332;1;urn:osse-91:dataelement:332:1;RELEASED;de;Erfolgte eine zweite Nierentransplantation?;Gibt an, ob eine zweite Nierentransplantation durchgeführt wurde.;enumerated;enumerated;SELECT_ONE_RADIO
333;1;urn:osse-91:dataelement:333:1;RELEASED;de;Datum der zweiten Nierentransplantation;Gibt das Datum der zweiten Nierentransplantation an.;DATE;YYYY-MM;
334;1;urn:osse-91:dataelement:334:1;RELEASED;en;Date of third renal transplantation;Indicates date of third renal transplantation.;DATE;YYYY-MM;
335;1;urn:osse-91:dataelement:335:1;RELEASED;en;Was a third renal transplantation performed?;Indicates if a third renal transplantation was performed.;enumerated;enumerated;SELECT_ONE_RADIO
336;1;urn:osse-91:dataelement:336:1;RELEASED;en;Further information to renal function;Further information to renal function of the patient.;STRING;;
339;1;urn:osse-91:dataelement:339:1;RELEASED;en;Body weight of patient's biological father;Indicates body weight of patient's biological father.;INTEGER;0<=x<=250;
340;1;urn:osse-91:dataelement:340:1;RELEASED;de;BMI des leiblichen Patientenvaters;Gibt den BMI des leiblichen Patientenvaters an (automatische Berechnung).;INTEGER;0<=x<=50;
341;1;urn:osse-91:dataelement:341:1;RELEASED;en;BMI of patient's biological mother;Indicates BMI of patient's biological mother.;INTEGER;0<=x<=50;
342;1;urn:osse-91:dataelement:342:1;RELEASED;en;Height of patient's biological mother;Indiates height of patient's biological mother.;FLOAT;0<=x<=2.5;
343;1;urn:osse-91:dataelement:343:1;RELEASED;de;Gewicht der leiblichen Patientenmutter;Gibt das Körpergewicht der leiblichen Patientenmutter an.;INTEGER;0<=x<=250;
346;1;urn:osse-91:dataelement:346:1;RELEASED;en;BMI;Indicates body mass index of the patient at a certain point of time - automatically calculated.;INTEGER;0<=x<=50;
347;1;urn:osse-91:dataelement:347:1;RELEASED;en;Date of determination;Indicates date when the measurements were taken.;DATE;YYYY-MM;
352;1;urn:osse-91:dataelement:352:1;RELEASED;de;Bipolare Länge;Bitte geben Sie die bipolare Länge der linken Niere in cm ein.;FLOAT;0<=x<=50;
358;1;urn:osse-91:dataelement:358:1;RELEASED;de;Volumen;Gibt das Nierenvolumen der linken Niere an.;INTEGER;0<=x<=500;
359;1;urn:osse-91:dataelement:359:1;RELEASED;en;Parenchyma;Renal parenchyma of right kidney.;enumerated;enumerated;SELECT_ONE_RADIO
360;1;urn:osse-91:dataelement:360:1;RELEASED;de;Parenchym;Beurteilung des Nierenparenchyms der linken Niere.;enumerated;enumerated;SELECT_ONE_RADIO
364;1;urn:osse-91:dataelement:364:1;RELEASED;de;Nierenzysten;Gibt an, ob bei dem Patienten/der Patientin Nierenzysten in der linken Niere vorliegen.;enumerated;enumerated;SELECT_ONE_RADIO
367;1;urn:osse-91:dataelement:367:1;RELEASED;en;Number of renal cysts;Indicates number of renal cysts of right kidney.;enumerated;enumerated;SELECT_ONE_RADIO
368;1;urn:osse-91:dataelement:368:1;RELEASED;de;Anzahl der Nierenzysten;Gibt die Anzahl der Nierenzysten der linken Niere an.;enumerated;enumerated;SELECT_ONE_RADIO
351;1;urn:osse-91:dataelement:351:1;OUTDATED;en;Renal length;Please enter the bipolar lenght of right kidney in cm.;FLOAT;0<=x<=50;
353;1;urn:osse-91:dataelement:353:1;OUTDATED;en;Renal width - 1;Renal width 1 of right kidney.;FLOAT;0<=x<=50;
356;1;urn:osse-91:dataelement:356:1;OUTDATED;de;Quer-Durchmesser 2;Gibt den Querdurchmesser 2 der linken Niere an.;FLOAT;0<=x<=50;
357;1;urn:osse-91:dataelement:357:1;OUTDATED;en;Renal volume;Renal volume of right kidney.;INTEGER;0<=x<=500;
361;1;urn:osse-91:dataelement:361:1;OUTDATED;en;Corticomedullary differentiation;Renal corticomedullary differentiation of right kidney.;enumerated;enumerated;SELECT_ONE_RADIO
362;1;urn:osse-91:dataelement:362:1;OUTDATED;de;Mark-Rindendifferenzierung;Beurteilung der Markrindendifferenzierung der linken Niere.;enumerated;enumerated;SELECT_ONE_RADIO
363;1;urn:osse-91:dataelement:363:1;OUTDATED;en;Renal cysts;Indicates whether patient has renal cysts in right kidney.;enumerated;enumerated;SELECT_ONE_RADIO
331;1;urn:osse-91:dataelement:331:1;OUTDATED;de;Weitere Angaben NTX Nierentransplantation;Gibt an, ob es sich bei der Nierentransplantation um eine Lebend oder Verstorbenenspende handelt.;enumerated;enumerated;SELECT_ONE_RADIO
324;1;urn:osse-91:dataelement:324:1;OUTDATED;de;Dialyseverfahren;Gibt das Dialyseverfahren an, das der Patient/die Patientin erhält.;enumerated;enumerated;SELECT_ONE_RADIO
365;1;urn:osse-91:dataelement:365:1;OUTDATED;en;Location of renal cysts;Indicates location of renal cysts of right kidney.;enumerated;enumerated;SELECT_ONE_RADIO
366;1;urn:osse-91:dataelement:366:1;OUTDATED;de;Lage der Nierenzysten;Gibt die Lokalisation der Nierenzysten der linken Niere an.;enumerated;enumerated;SELECT_ONE_RADIO
338;1;urn:osse-91:dataelement:338:1;OUTDATED;de;Körperhöhe des leiblichen Patientenvaters;Gibt die Körperhöhe des leiblichen Patientenvaters an.;FLOAT;0<=x<=2.5;
321;1;urn:osse-91:dataelement:321:1;OUTDATED;en;End-stage chronic kidney disease;eGFR Schwartz < 15 ml/min/1,73 m²?;enumerated;enumerated;SELECT_ONE_RADIO
323;1;urn:osse-91:dataelement:323:1;OUTDATED;en;Dialysis;Indicates whether patient receives or has received dialysis.;enumerated;enumerated;SELECT_ONE_RADIO
337;1;urn:osse-91:dataelement:337:1;OUTDATED;de;Zeitpunkt der Feststellung;Gibt das Datum an, an welchem Zeitpunkt die weiteren Angaben zur Nierenfunktion festgestellt wurden.;DATE;YYYY-MM;
349;1;urn:osse-91:dataelement:349:1;OUTDATED;en;Patient's body height at renal ultrasound;Patients body height at renal ultrasound;INTEGER;0<=x<=250;
350;1;urn:osse-91:dataelement:350:1;OUTDATED;de;Gewicht des Patienten/der Patientin bei Nierensonographie;Körperhöhe des Patienten/der Patientin bei Nierensonographie;INTEGER;0<=x<=250;
344;1;urn:osse-91:dataelement:344:1;OUTDATED;de;Körperhöhe;Gibt die Körperhöhe des Patienten/der Patientin an einem bestimmten Zeitpunkt an.;INTEGER;0<=x<=250;
345;1;urn:osse-91:dataelement:345:1;OUTDATED;en;Body weight;Indicates body weight of patient at a certain time point.;INTEGER;0<=x<=250;
369;1;urn:osse-91:dataelement:369:1;RELEASED;en;Persistent fetal lobulation of the kidney;Indicates if fetal lobulation of the right kidney persists after newborn period.;enumerated;enumerated;SELECT_ONE_RADIO
370;1;urn:osse-91:dataelement:370:1;RELEASED;de;Persistierende fetale Renkulierung;Gibt an, ob die fetale Renkulierung der linken Niere über das Neugeborenenalter hinaus besteht.;enumerated;enumerated;SELECT_ONE_RADIO
371;1;urn:osse-91:dataelement:371:1;RELEASED;en;Urinary tract obstruction;Indicates whether patient has urinary tract obstruction of right kidney.;enumerated;enumerated;SELECT_ONE_RADIO
372;1;urn:osse-91:dataelement:372:1;RELEASED;de;Harntransportstörung;Gibt an, ob eine Harntransportstörung der linken Nieren besteht.;enumerated;enumerated;SELECT_ONE_RADIO
373;1;urn:osse-91:dataelement:373:1;RELEASED;en;Renal malformation or renal dystopy;Indicates whether patient has renal malformation or renal dystopy.;enumerated;enumerated;SELECT_ONE_RADIO
375;1;urn:osse-91:dataelement:375:1;RELEASED;en;"Selection ""renal malformation or renal dystopy"" left";"Selection ""renal malformation or renal dystopy"" left";enumerated;enumerated;SELECT_MANY_CHECKBOX
374;1;urn:osse-91:dataelement:374:1;OUTDATED;de;"Auswahl ""Anlageanomlaie oder Lageanomalie"" rechts";"Auswahl ""Anlageanomlaie oder Lageanomalie"" rechts";enumerated;enumerated;SELECT_MANY_CHECKBOX
374;2;urn:osse-91:dataelement:374:2;RELEASED;en;"Selection ""renal malformation or renal dystopy"" right";"Selection ""renal malformation or renal dystopy"" right";enumerated;enumerated;SELECT_MANY_CHECKBOX
399;1;urn:osse-91:dataelement:399:1;OUTDATED;en;Spleen size;Spleen size;FLOAT;0<=x<=100;
377;1;urn:osse-91:dataelement:377:1;RELEASED;en;Other renal malformation or renal dystopy;Other renal malformation or renal dystopy;STRING;;
401;1;urn:osse-91:dataelement:401:1;OUTDATED;en;Other findings;Other findings;STRING;;
376;1;urn:osse-91:dataelement:376:1;OUTDATED;de;"Auswahl ""Anlageanomlaie oder Lageanomalie"" allgemein";"Auswahl ""Anlageanomlaie oder Lageanomalie"" allgemein";enumerated;enumerated;SELECT_MANY_CHECKBOX
379;1;urn:osse-91:dataelement:379:1;RELEASED;en;Medication  - active agent;Please enter active agent of medication.;STRING;;
380;1;urn:osse-91:dataelement:380:1;RELEASED;en;Dose;Please enter single dose of medication.;FLOAT;x;
381;1;urn:osse-91:dataelement:381:1;RELEASED;en;Unit;Unit of medication.;enumerated;enumerated;
382;1;urn:osse-91:dataelement:382:1;RELEASED;en;Frequency of application;Frequency of application.;enumerated;enumerated;
383;1;urn:osse-91:dataelement:383:1;RELEASED;en;Other frequency of application;Other frequency of application;STRING;;
384;1;urn:osse-91:dataelement:384:1;RELEASED;en;Start of medication;Start of medication.;DATE;YYYY-MM;
385;1;urn:osse-91:dataelement:385:1;RELEASED;de;Ende;Gibt das Ende der medikamentösen Behandlung an.;DATE;YYYY-MM;
386;1;urn:osse-91:dataelement:386:1;RELEASED;en;Other information;Other information;STRING;;
387;1;urn:osse-91:dataelement:387:1;RELEASED;de;Datum der Abdomensonographie;Gibt das Datum der Abdomensonographie an.;DATE;YYYY-MM;
388;1;urn:osse-91:dataelement:388:1;RELEASED;en;Patient's body height at abdominal ultrasound;Patients body height at renal ultrasound.;INTEGER;0<=x<=250;
389;1;urn:osse-91:dataelement:389:1;RELEASED;de;Gewicht des Patienten/der Patientin bei Abdomensonographie;Gibt das Körpergewicht des Patienten/der Patientin bei Abdomensonographie an.;INTEGER;0<=x<=250;
393;1;urn:osse-91:dataelement:393:1;RELEASED;en;Biliary duct dilation;Indicates whether patient has dilation of the biliary duct.;enumerated;enumerated;SELECT_ONE_RADIO
395;1;urn:osse-91:dataelement:395:1;RELEASED;en;Collateral circulation;Indicates whether patient has collateral circulation.;enumerated;enumerated;SELECT_ONE_RADIO
398;1;urn:osse-91:dataelement:398:1;RELEASED;en;Hepatic cysts;Indicates whether patient has hepatic cysts.;enumerated;enumerated;SELECT_ONE_RADIO
400;1;urn:osse-91:dataelement:400:1;RELEASED;en;Pancreatic cysts;Indicates whether patient has pancreatic cysts.;enumerated;enumerated;SELECT_ONE_RADIO
402;1;urn:osse-91:dataelement:402:1;RELEASED;en;Erythrocyturia;Indicates whether patient has Erythrocyturia.;enumerated;enumerated;SELECT_ONE_RADIO
403;1;urn:osse-91:dataelement:403:1;RELEASED;de;Leukozyturie;Gibt an, ob bei dem Patienten/der Patientin eine Leukozyturie vorliegt.;enumerated;enumerated;SELECT_ONE_RADIO
405;1;urn:osse-91:dataelement:405:1;OUTDATED;en;hemoglobine;Hemoglobine blood level at certain date.;FLOAT;x;
406;1;urn:osse-91:dataelement:406:1;RELEASED;de;Zeitpunkt der Feststellung;Gibt das Datum an, an welchem der Laborwert gemessen wurde.;DATE;YYYY-MM;
408;1;urn:osse-91:dataelement:408:1;RELEASED;en;Thrombocytes;Thrombocyte blood level at certain date.;FLOAT;x;
409;1;urn:osse-91:dataelement:409:1;RELEASED;de;Kreatinin enzymatisch;Kreatininwert an bestimmtem Zeitpunkt - enzymatisch berechnet.;FLOAT;x;
410;1;urn:osse-91:dataelement:410:1;RELEASED;en;Creatinine - jaffe;Creatinine value - Jaffe measurement at certain date.;FLOAT;x;
411;1;urn:osse-91:dataelement:411:1;RELEASED;de;Harnsäure;Harnsäure an bestimmtem Zeitpunkt.;FLOAT;x;
412;1;urn:osse-91:dataelement:412:1;RELEASED;en;Urea;Urea at certain date.;FLOAT;x;
413;1;urn:osse-91:dataelement:413:1;RELEASED;de;GOT;Aspartat-Aminotransferase / GOT / AST;FLOAT;x;
414;1;urn:osse-91:dataelement:414:1;RELEASED;en;Alanine transaminase - ALT;Alanin-Aminotransferase / ALAT / ALT;FLOAT;x;
415;1;urn:osse-91:dataelement:415:1;RELEASED;de;Gamma - GT;Gamma-glutamyl transferase / GGT / gamma-GT;FLOAT;x;
416;1;urn:osse-91:dataelement:416:1;RELEASED;en;Alkaline phosphatase;Alkaline phosphatase / ALK;FLOAT;x;
417;1;urn:osse-91:dataelement:417:1;RELEASED;de;Bilirubin gesamt;Gesamtbilirubin an bestimmtem Zeitpunkt.;FLOAT;x;
418;1;urn:osse-91:dataelement:418:1;RELEASED;en;Magnesium;Magnesium level in serum at certain date.;FLOAT;x;
419;1;urn:osse-91:dataelement:419:1;RELEASED;de;Calcium;Calciumgehalt im Serum an bestimmtem Zeitpunkt.;FLOAT;x;
420;1;urn:osse-91:dataelement:420:1;RELEASED;en;Total protein;Total protein level in serum at certain date.;FLOAT;x;
421;1;urn:osse-91:dataelement:421:1;RELEASED;de;Albumin;Albumin im Serum an bestimmtem Zeitpunkt.;FLOAT;x;
423;1;urn:osse-91:dataelement:423:1;RELEASED;de;TSH;Thyreoidea-stimulating-hormone, Thyreotropin.;FLOAT;x;
425;1;urn:osse-91:dataelement:425:1;RELEASED;de;T3;T3, Trijodthyronin;FLOAT;x;
424;1;urn:osse-91:dataelement:424:1;OUTDATED;en;fT4;fT4 value at certain date.;FLOAT;x;
424;2;urn:osse-91:dataelement:424:2;RELEASED;de;fT4;freies T4, Tetrajodthyronin;FLOAT;x;
426;1;urn:osse-91:dataelement:426:1;RELEASED;en;LH;luteinizing hormone;FLOAT;x;
427;1;urn:osse-91:dataelement:427:1;RELEASED;de;Testosteron;Testosteron - Wert an bestimmtem Zeitpunkt.;FLOAT;x;
428;1;urn:osse-91:dataelement:428:1;RELEASED;en;Estradiol;Estradiol value at certain date.;FLOAT;x;
429;1;urn:osse-91:dataelement:429:1;RELEASED;de;IGF1;Insuline - like - growth factor 1;FLOAT;x;
430;1;urn:osse-91:dataelement:430:1;RELEASED;en;IGFBP-3;Insulin-like growth factor-binding protein 3;FLOAT;x;
431;1;urn:osse-91:dataelement:431:1;RELEASED;de;Insulin;Insulin - Wert an bestimmtem Zeitpunkt.;FLOAT;x;
432;1;urn:osse-91:dataelement:432:1;RELEASED;en;C-peptide;C-peptide value at certain date.;FLOAT;x;
64;3;urn:osse-91:dataelement:64:3;RELEASED;en;Gestational diabetes;Indicates if there are family members who suffer or suffered from gestational diabetes.;enumerated;enumerated;SELECT_ONE_RADIO
70;3;urn:osse-91:dataelement:70:3;RELEASED;en;Gout;Indicates if there are family members who suffer or suffered from gout.;enumerated;enumerated;SELECT_ONE_RADIO
25;3;urn:osse-91:dataelement:25:3;RELEASED;de;Auffälligkeiten bei der Geburt;Organische oder klinische Auffälligkeiten bei der Geburt.;enumerated;enumerated;SELECT_ONE_RADIO
46;1;urn:osse-91:dataelement:46:1;OUTDATED;en;date of relevant passed surgeries;date of relevant passed surgeries;DATE;YYYY-MM;
46;2;urn:osse-91:dataelement:46:2;RELEASED;de;Datum der relevanten Voroperationen;Datum der relevanten Voroperationen.;DATE;YYYY-MM;
60;3;urn:osse-91:dataelement:60:3;RELEASED;en;Diabetes mellitus;Indicates if there are family members who suffer from diabetes mellitus.;enumerated;enumerated;SELECT_ONE_RADIO
27;3;urn:osse-91:dataelement:27:3;RELEASED;de;Postpartale Adaptationsschwierigkeiten;Adaptationsschwierigkeiten nach der Geburt.;enumerated;enumerated;SELECT_ONE_RADIO
26;3;urn:osse-91:dataelement:26:3;RELEASED;de;Angabe der Auffälligkeiten bei der Geburt;Erlaubt Freitext zur Eingabe von Auffälligkeiten bei der Geburt des Patienten.;STRING;;
28;2;urn:osse-91:dataelement:28:2;RELEASED;en;Description of difficulties in postnatal adaptation;Description of difficulties in postnatal adaptation.;STRING;;
30;2;urn:osse-91:dataelement:30:2;RELEASED;de;Angabe der Schwangerschaftswoche bei Beginn des Oligohydramnions;Angabe der Schwangerschaftswoche bei Beginn des Oligohydramnions;INTEGER;0<=x<=45;
35;3;urn:osse-91:dataelement:35:3;RELEASED;de;Andere pränatale Auffälligkeiten;Gibt an ob es pränatale Auffälligkeiten bei dem Patienten gab.;enumerated;enumerated;SELECT_ONE_RADIO
36;2;urn:osse-91:dataelement:36:2;RELEASED;de;Angabe der anderen pränatale Auffälligkeiten;Erlaubt Freitext zur Eingabe von anderen pränatalen Auffälligkeiten des Kindes.;STRING;;
39;2;urn:osse-91:dataelement:39:2;OUTDATED;en;other abnormalities during pregnancy;other abnormalities during pregnancy;enumerated;enumerated;SELECT_ONE_RADIO
40;2;urn:osse-91:dataelement:40:2;RELEASED;de;Angabe der sonstigen Besonderheiten während der SSW;Erlaubt Freitext zur Eingabe von Besonderheiten während der Schwangerschaft.;STRING;;
32;3;urn:osse-91:dataelement:32:3;OUTDATED;en;"Selection for "" sonographic abnormalities - antenatal""";"Selection for "" sonographic abnormalities - antenatal"".";enumerated;enumerated;SELECT_MANY_CHECKBOX
29;3;urn:osse-91:dataelement:29:3;RELEASED;en;Oligohydramnion;Tells if mother of patient had oligohydramniond during pregnancy.;enumerated;enumerated;SELECT_ONE_RADIO
396;1;urn:osse-91:dataelement:396:1;OUTDATED;de;Art der Kollateralkreisläufe;Art der Kollateralkreisläufe;enumerated;enumerated;SELECT_MANY_CHECKBOX
394;1;urn:osse-91:dataelement:394:1;OUTDATED;de;Art der erweiterten Gallenwege;Art der erweiterten Gallenwege;enumerated;enumerated;SELECT_MANY_CHECKBOX
405;2;urn:osse-91:dataelement:405:2;OUTDATED;de;Hämoglobin;Gibt Hämoglobinwert des Patienten/der Patientin an bestimmtem Zeitpunkt an.;FLOAT;x;
39;3;urn:osse-91:dataelement:39:3;OUTDATED;de;Sonstige Besonderheiten während der SSW;Gibt an ob es während der Schwangerschaft der Mutter zu anderen Auffälligkeiten/Besonderheiten gekommen ist.;enumerated;enumerated;SELECT_ONE_RADIO
31;3;urn:osse-91:dataelement:31:3;OUTDATED;de;Sonographische Auffälligkeiten präpartal;Gibt an, ob vor Geburt des Patienten sonographische Auffälligkeiten bestanden haben.;enumerated;enumerated;SELECT_ONE_RADIO
32;4;urn:osse-91:dataelement:32:4;OUTDATED;de;Auswahl der sonographischen Auffälligkeiten präpartal;Gibt eine Auswahl an präpartalen sonographischen Auffälligkeiten an.;enumerated;enumerated;SELECT_MANY_CHECKBOX
21;2;urn:osse-91:dataelement:21:2;OUTDATED;en;Gestational age at birth of Patient;Week of Gestation at birth of Patient.;INTEGER;0<=x<=45;
33;2;urn:osse-91:dataelement:33:2;OUTDATED;de;Angabe sonstiger sonographischer Auffälligkeiten;Erlaubt Freitext zur Eingabe von anderen präpartalen sonographischen Auffälligkeiten;STRING;;
422;1;urn:osse-91:dataelement:422:1;OUTDATED;en;HbA1c;HbA1c value at certain date.;FLOAT;x;
391;1;urn:osse-91:dataelement:391:1;OUTDATED;en;Inhomogeneity of liver parenchyme;Indicates whether liver parenchyma is inhomogeneous in ultrasound.;enumerated;enumerated;SELECT_ONE_RADIO
390;1;urn:osse-91:dataelement:390:1;OUTDATED;en;Liver size in midclavicular line;Please enter liver size measured in midclavicular line.;FLOAT;0<=x<=100;
392;1;urn:osse-91:dataelement:392:1;OUTDATED;de;Periportale Fibrose;Gibt an, ob bei dem Patienten/der Patientin eine periportale Fibrose vorliegt.;enumerated;enumerated;SELECT_ONE_RADIO
407;1;urn:osse-91:dataelement:407:1;OUTDATED;en;Leucocytes;Leucocyte blood level at certain date.;FLOAT;x;
22;2;urn:osse-91:dataelement:22:2;OUTDATED;en;Birth weight;Weight at birth in g of patient.;INTEGER;500<=x<=9999;
23;2;urn:osse-91:dataelement:23:2;OUTDATED;en;Height at birth;Patient's height at birth.;INTEGER;0<=x<=99;
24;2;urn:osse-91:dataelement:24:2;OUTDATED;en;Head circumference at birth;Patient's head circumference at birth.;INTEGER;0<=x<=99;
37;2;urn:osse-91:dataelement:37:2;RELEASED;en;Description of medication during pregnancy;Description of medication during pregnancy.;STRING;;
440;1;urn:osse-91:dataelement:440:1;OUTDATED;en;Other type of intervention on oligohydramnion;Specific about the intervention on oligohydramnion;STRING;;
433;1;urn:osse-91:dataelement:433:1;OUTDATED;de;Phänotypbeschreibung HNF1β - Nephropathie;Beschreibt Kardinalsymtome der HNF1β - Nephropathie;enumerated;enumerated;SELECT_MANY_CHECKBOX
434;1;urn:osse-91:dataelement:434:1;OUTDATED;en;phenotype description of  HNF1β - nephropathy;phenotype description of  HNF1β - nephropathy;enumerated;enumerated;SELECT_MANY_CHECKBOX
434;2;urn:osse-91:dataelement:434:2;OUTDATED;de;Phänotypbeschreibung HNF1β - Nephropathie;Beschreibt Kardinalsymtome der HNF1β - Nephropathie;enumerated;enumerated;SELECT_MANY_CHECKBOX
436;1;urn:osse-91:dataelement:436:1;OUTDATED;de;Kogenitale okulomotorische Aparxie Typ Cogan II (COMA)?;Kogenitale okulomotorische Aparxie Typ Cogan II (COMA)?;BOOLEAN;(true|false|yes|no|f|t);
437;1;urn:osse-91:dataelement:437:1;OUTDATED;en;phenotype description of Kogenitale okulomotorische Aparxie Typ Cogan II (COMA);phenotype description of Kogenitale okulomotorische Aparxie Typ Cogan II (COMA);enumerated;enumerated;SELECT_MANY_CHECKBOX
442;1;urn:osse-91:dataelement:442:1;OUTDATED;en;type of intervention on estational diabetes;type of intervention on estational diabetes;enumerated;enumerated;SELECT_ONE_RADIO
443;1;urn:osse-91:dataelement:443:1;RELEASED;de;Nach SS persistent Ja/nein/kA;Anamese/Präpartale Auffälligkeiten/Gestationsdiabetes/Nach SS...;enumerated;enumerated;SELECT_ONE_RADIO
458;1;urn:osse-91:dataelement:458:1;OUTDATED;de;Renale Erkrankung (Ja-Case);Familienanamnese/Renale Erkrankung - Vater (Ja-Case);enumerated;enumerated;SELECT_MANY_CHECKBOX
470;1;urn:osse-91:dataelement:470:1;RELEASED;de;Ist die Person bereits in einem Register aufgenommen ?(Ja:Andere:);Erweiterte Familienanamnese;STRING;;
442;2;urn:osse-91:dataelement:442:2;OUTDATED;de;Gestationsdiabetes Behandlungstypen;Gestationsdiabetes Behandlungstypen;enumerated;enumerated;SELECT_ONE_RADIO
475;1;urn:osse-91:dataelement:475:1;RELEASED;de;Ist der Vater bereits in einem Register aufgenommen ?(Ja:Andere:);Anamnese/Familienanamnese-Vater;STRING;;
467;1;urn:osse-91:dataelement:467:1;OUTDATED;en;Erweiterte Familienanamese;Ist die Person bereits in einem Register augenommen ;enumerated;enumerated;SELECT_ONE_RADIO
477;1;urn:osse-91:dataelement:477:1;RELEASED;en;Nierenzysten (Ja-Case:Welche Familienangehörige ?);Erweiterte Familienanamnese;STRING;;
478;1;urn:osse-91:dataelement:478:1;RELEASED;de;Chronische Niereninsuffizienz (Ja-Case: Welche Familienangehörige ?);Erweiterte Familienanamnese;STRING;;
479;1;urn:osse-91:dataelement:479:1;RELEASED;en;Dialyse (Ja-Case: Welche Familienangehörige ?);Erweiterte Familienanamnese;STRING;;
480;1;urn:osse-91:dataelement:480:1;RELEASED;de;Leberzysten (Ja-Case: Welche Familienangehörige ?);Erweiterte Familienanamnese;STRING;;
481;1;urn:osse-91:dataelement:481:1;RELEASED;en;Chronische Lebererkrankung (Ja-Case: Welche Familienangehörige ?);Erweiterte Familienanamnese;STRING;;
482;1;urn:osse-91:dataelement:482:1;RELEASED;de;MODY-Diabetes (DM<50J) (Ja-Case: Welche Familienangehörige ?);Erweiterte Familienanamnese;STRING;;
483;1;urn:osse-91:dataelement:483:1;RELEASED;en;Gestationsdiabetes (Ja-Case: Welche Familienangehörige ?);Erweiterte Familienanamnese;STRING;;
484;1;urn:osse-91:dataelement:484:1;RELEASED;de;Gicht (Ja-Case: Welche Familienangehörige ?);Erweiterte Familienanamnese;STRING;;
466;1;urn:osse-91:dataelement:466:1;OUTDATED;de;Erweiterte Familienanamese;Gibt es weitere Familienmitglieder, die an der Erkrankung des Patienten oder ähnlichen Symptonmen leiden;enumerated;enumerated;SELECT_ONE_RADIO
442;3;urn:osse-91:dataelement:442:3;OUTDATED;en;gestational diabetes (Ja-Case);type of intervention on gestational diabetes;enumerated;enumerated;SELECT_ONE_RADIO
445;1;urn:osse-91:dataelement:445:1;OUTDATED;en;weitere Besonderheiten während der SSW (Ja-Case);weitere Besonderheiten während der SSW (Ja-Case);enumerated;enumerated;SELECT_MANY_CHECKBOX
446;1;urn:osse-91:dataelement:446:1;OUTDATED;en;weitere Besonderheiten während der SSW (Ja:Medikamente:);weitere Besonderheiten während der SSW (Ja:Medikamente:);STRING;;
447;1;urn:osse-91:dataelement:447:1;OUTDATED;de;weitere Besonderheiten während der SSW (Ja:Sonstige:);weitere Besonderheiten während der SSW (Ja:Sonsitige:);STRING;;
448;1;urn:osse-91:dataelement:448:1;OUTDATED;en;Geburtsjahr - Vater;Anamnese/Familienanamnese-Vater;INTEGER;1940<=x<=2000;
449;1;urn:osse-91:dataelement:449:1;OUTDATED;de;Größe - Vater;Größe - Vater;INTEGER;0<=x<=250;
454;1;urn:osse-91:dataelement:454:1;OUTDATED;en;Größe - Mutter;Größe - Mutter;INTEGER;0<=x<=250;
450;1;urn:osse-91:dataelement:450:1;OUTDATED;de;Gewicht - Vater;Familienanamnese/Gewicht - Vater;INTEGER;0<=x<=250;
451;1;urn:osse-91:dataelement:451:1;OUTDATED;de;Herkunft - Vater ;Anamnese/Familienanamnese-Vater;STRING;;
456;1;urn:osse-91:dataelement:456:1;OUTDATED;en;Renale Erkrankung - Vater;Renale Erkrankung - Vater;enumerated;enumerated;SELECT_ONE_RADIO
458;2;urn:osse-91:dataelement:458:2;OUTDATED;en;Renale Erkrankung -Vater(Ja-Case);Familienanamnese/Renale Erkrankung - Vater (Ja-Case);enumerated;enumerated;SELECT_MANY_CHECKBOX
460;1;urn:osse-91:dataelement:460:1;OUTDATED;en;Renale Erkrankung-Vater (Ja:Andere:);Familienanamnese/Renale Erkrankung - Vater (Ja:Andere);STRING;;
462;1;urn:osse-91:dataelement:462:1;OUTDATED;de;Ist der Vater bereits in einem Register aufgenommen;Familienanamnese;enumerated;enumerated;SELECT_ONE_RADIO
473;1;urn:osse-91:dataelement:473:1;OUTDATED;de;Ist der Vater bereits in einem Register aufgenommen ?(Ja-Case);Anamnese/Familienanamnese-Vater;enumerated;enumerated;SELECT_ONE_RADIO
476;1;urn:osse-91:dataelement:476:1;OUTDATED;de;Ist der Vatter bereits in einem Register aufgenommen ?(Ja:Andere:);Anamnese/Familienanamnese-Vater;STRING;;
464;1;urn:osse-91:dataelement:464:1;OUTDATED;en;Sonstige Krankheiten - Vater;Anamnese/Familienanamnese-Vater;STRING;;
455;1;urn:osse-91:dataelement:455:1;OUTDATED;en;Gewicht - Mutter;Familienanamnese/Gewicht - Mutter;INTEGER;0<=x<=250;
452;1;urn:osse-91:dataelement:452:1;OUTDATED;en;Herkunft - Mutter;Anamnese/Familienanamnese-Mutter;STRING;;
457;1;urn:osse-91:dataelement:457:1;OUTDATED;de;Renale Erkrankung - Mutter;Renale Erkrankung - Mutter;enumerated;enumerated;SELECT_ONE_RADIO
459;1;urn:osse-91:dataelement:459:1;OUTDATED;en;Renale Erkrankung -Mutter (Ja-Case);Familienanamnese/Renale Erkrankung - Mutter (Ja-Case);enumerated;enumerated;SELECT_MANY_CHECKBOX
461;1;urn:osse-91:dataelement:461:1;OUTDATED;de;Renale Erkrankung-Mutter (Ja:Andere:);Familienanamnese/Renale Erkrankung -Mutter (Ja:Andere);STRING;;
463;1;urn:osse-91:dataelement:463:1;OUTDATED;en;Ist die Mutter bereits in einem Register aufgenommen;Familienanamnese;enumerated;enumerated;SELECT_ONE_RADIO
472;1;urn:osse-91:dataelement:472:1;OUTDATED;en;Ist die Mutter bereits in einem Register aufgenommen ?(Ja-Case);Anamnese/Familienanamnese-Mutter;enumerated;enumerated;SELECT_ONE_RADIO
474;1;urn:osse-91:dataelement:474:1;OUTDATED;en;Ist die Mutter bereits in einem Register aufgenommen ?(Ja:Andere:);Anamnese/Familienanamnese-Mutter;STRING;;
465;1;urn:osse-91:dataelement:465:1;OUTDATED;de;Sonstige Krankheiten - Mutter;Anamnese/Familienanamnese-Mutter;STRING;;
468;1;urn:osse-91:dataelement:468:1;OUTDATED;de;Gibt es weitere Familienmitglieder, die an der Erkrankung des Patienten oder ähnlichen Symptomen leiden (Ja-Case);Erweiterte Familienanamnese;enumerated;enumerated;SELECT_MANY_CHECKBOX
469;1;urn:osse-91:dataelement:469:1;OUTDATED;en;Gibt es weitere Familienmitglieder, die an der Erkrankung des Patienten oder ähnlichen Symptomen leiden (Ja:Andere);Erweiterte Familienanamnese;STRING;;
467;2;urn:osse-91:dataelement:467:2;OUTDATED;de;Ist die Person bereits in einem Register augenommen ?;Erweiterte Familienanamese;enumerated;enumerated;SELECT_ONE_RADIO
471;1;urn:osse-91:dataelement:471:1;OUTDATED;de;Ist die Person bereits in einem Register aufgenommen ?(Ja-Case);Erweiterte Familienanamnese;enumerated;enumerated;SELECT_ONE_RADIO
444;1;urn:osse-91:dataelement:444:1;OUTDATED;de;weitere Besonderheiten während der SSW ? ;weitere Besonderheiten während der SSW ? ;enumerated;enumerated;SELECT_ONE_RADIO
438;1;urn:osse-91:dataelement:438:1;OUTDATED;de;Intervention durchgeführt;Intervention durchgeführt;enumerated;enumerated;SELECT_ONE_RADIO
434;3;urn:osse-91:dataelement:434:3;OUTDATED;en;phenotype description of  HNF1β - nephropathy;phenotype description of  HNF1β - nephropathy;enumerated;enumerated;SELECT_MANY_CHECKBOX
435;1;urn:osse-91:dataelement:435:1;OUTDATED;de;Phänotypbeschreibung Bardet Biedl Syndrom;Beschreibt Kardinalsymtome des Bardet Biedl Syndroms;enumerated;enumerated;SELECT_MANY_CHECKBOX
439;1;urn:osse-91:dataelement:439:1;OUTDATED;de;Intervention bei Oligohydramnion durchgeführt  (spezifisch);Welche Art von Intervention wurde durchgeführt ?;enumerated;enumerated;SELECT_MANY_CHECKBOX
441;1;urn:osse-91:dataelement:441:1;OUTDATED;en;Gestational diabetes at birth of patient;Gestational diabetes at birth of patient;enumerated;enumerated;SELECT_ONE_RADIO
486;1;urn:osse-91:dataelement:486:1;RELEASED;en;Chronische Niereninsuffizienz ?;Erweiterte Familienanamese;enumerated;enumerated;SELECT_ONE_RADIO
487;1;urn:osse-91:dataelement:487:1;RELEASED;de;Dialyse ?;Erweiterte Familienanamese;enumerated;enumerated;SELECT_ONE_RADIO
488;1;urn:osse-91:dataelement:488:1;RELEASED;en;Leberzysten ?;Erweiterte Familienanamese;enumerated;enumerated;SELECT_ONE_RADIO
489;1;urn:osse-91:dataelement:489:1;RELEASED;de;Chronische Lebererkrankung ?;Erweiterte Familienanamese;enumerated;enumerated;SELECT_ONE_RADIO
492;1;urn:osse-91:dataelement:492:1;RELEASED;en;Gicht ?;Erweiterte Familienanamese;enumerated;enumerated;SELECT_ONE_RADIO
493;1;urn:osse-91:dataelement:493:1;OUTDATED;de;ARPKD;Erweiterte Familienanamese;enumerated;enumerated;SELECT_ONE_RADIO
493;2;urn:osse-91:dataelement:493:2;RELEASED;en;ARPKD ?;Erweiterte Familienanamese;enumerated;enumerated;SELECT_ONE_RADIO
494;1;urn:osse-91:dataelement:494:1;RELEASED;de;ADPKD ? ;Erweiterte Familienanamese;enumerated;enumerated;SELECT_ONE_RADIO
495;1;urn:osse-91:dataelement:495:1;RELEASED;en;BBS ?;Erweiterte Familienanamese;enumerated;enumerated;SELECT_ONE_RADIO
498;1;urn:osse-91:dataelement:498:1;RELEASED;en;ARPKD (Ja-Case: Welche Familienangehörige ?);Erweiterte Familienanamnese;STRING;;
499;1;urn:osse-91:dataelement:499:1;RELEASED;de;ADPKD (Ja-Case: Welche Familienangehörige ?);Erweiterte Familienanamnese;STRING;;
500;1;urn:osse-91:dataelement:500:1;RELEASED;en;BBS (Ja-Case: Welche Familienangehörige ?);Erweiterte Familienanamnese;STRING;;
501;1;urn:osse-91:dataelement:501:1;RELEASED;de;Neophronophthise (Ja-Case: Welche Familienangehörige ?);Erweiterte Familienanamnese;STRING;;
496;1;urn:osse-91:dataelement:496:1;OUTDATED;de;Neophronophthise ?;Erweiterte Familienanamese;enumerated;enumerated;SELECT_ONE_RADIO
496;2;urn:osse-91:dataelement:496:2;RELEASED;en;Nephronophtisis;indicates if there are family members who suffer from nephronophtisis;enumerated;enumerated;SELECT_ONE_RADIO
504;1;urn:osse-91:dataelement:504:1;RELEASED;en;Sonstiges:;Erweiterte Familienanamnese;STRING;;
512;1;urn:osse-91:dataelement:512:1;RELEASED;de;Leberbiopsie (Ja-Case: Welches Institut ?);Histologie;STRING;;
513;1;urn:osse-91:dataelement:513:1;RELEASED;en;Leberbiopsie (Ja-Case: Ergebnis ?);Histologie;STRING;;
514;1;urn:osse-91:dataelement:514:1;RELEASED;de;Leberbiopsie (Ja-Case: Wann ?);Histologie;DATE;MM.YYYY;
515;1;urn:osse-91:dataelement:515:1;RELEASED;en;Nierenbiopsie (nur Eigennieren!) (Ja-Case: Wann ?);Histologie;DATE;MM.YYYY;
511;1;urn:osse-91:dataelement:511:1;OUTDATED;en;Nierenbiopsie (nur Eigennieren!)(Ja-Case);Histologie;enumerated;enumerated;
511;2;urn:osse-91:dataelement:511:2;RELEASED;de;Nierenbiopsie (nur Eigennieren!)(Ja:Ergebnis:);Histologie;enumerated;enumerated;
510;1;urn:osse-91:dataelement:510:1;OUTDATED;de;Nierenbiopsie (nur Eigennieren!);Nierenbiopsie (nur Eigennieren!);enumerated;enumerated;SELECT_ONE_RADIO
510;2;urn:osse-91:dataelement:510:2;RELEASED;en;Nierenbiopsie (nur Eigennieren!);Histologie;enumerated;enumerated;SELECT_ONE_RADIO
502;1;urn:osse-91:dataelement:502:1;OUTDATED;en;HNF1ß Nephropathie (Ja-Case: Welche Familienangehörige ?);Erweiterte Familienanamnese;STRING;;
507;1;urn:osse-91:dataelement:507:1;OUTDATED;en;Molekulargenetische Untersuchung durchgeführt ?(Ja: Welches Labor?);Genetik;STRING;;
508;1;urn:osse-91:dataelement:508:1;OUTDATED;de;Molekulargenetische Untersuchung durchgeführt ?(Ja: Art der gen. Untersuchung:);Genetik;enumerated;enumerated;SELECT_ONE_RADIO
509;1;urn:osse-91:dataelement:509:1;OUTDATED;en;Molekulargenetische Untersuchung durchgeführt ?(Ja: Zygotie:);Genetik;enumerated;enumerated;SELECT_ONE_RADIO
485;1;urn:osse-91:dataelement:485:1;OUTDATED;de;Nierenzysten ?;Erweiterte Familienanamese;enumerated;enumerated;SELECT_ONE_RADIO
466;2;urn:osse-91:dataelement:466:2;OUTDATED;en;Gibt es weitere Familienmitglieder, die an der Erkrankung des Patienten oder ähnlichen Symptonmen leiden ?;Erweiterte Familienanamese;enumerated;enumerated;SELECT_ONE_RADIO
490;1;urn:osse-91:dataelement:490:1;OUTDATED;en;MODY-Diabetes (DM<50J) ?;Erweiterte Familienanamese;enumerated;enumerated;SELECT_ONE_RADIO
491;1;urn:osse-91:dataelement:491:1;OUTDATED;de;Gestationsdiabetes ?;Erweiterte Familienanamese;enumerated;enumerated;SELECT_ONE_RADIO
503;1;urn:osse-91:dataelement:503:1;OUTDATED;de;Andere zystische Nierenerkrankung;Erweiterte Familienanamnese;STRING;;
505;1;urn:osse-91:dataelement:505:1;OUTDATED;en;Molekulargenetische Untersuchung durchgeführt ?;Genetik;enumerated;enumerated;SELECT_ONE_RADIO
926;1;urn:osse-91:dataelement:926:1;RELEASED;de;Wann wurde die Thrombozytopenie erfolgreich behandelt?;Wann wurde die Thrombozytopenie erfolgreich behandelt?;DATE;YYYY-MM-DD;
927;1;urn:osse-91:dataelement:927:1;RELEASED;de;Pruritus vorhanden?;Pruritus vorhanden?;enumerated;enumerated;
928;1;urn:osse-91:dataelement:928:1;RELEASED;de;Wurde der Pruritus erfolgreich behandelt?;Wurde der Pruritus erfolgreich behandelt?;BOOLEAN;(true|false|yes|no|f|t);
943;1;urn:osse-91:dataelement:943:1;RELEASED;de;(Nephreg) Studienname;(Nephreg) Studienname;STRING;;
949;1;urn:osse-91:dataelement:949:1;RELEASED;de;(Nephreg) Pränatale Auffälligkeiten - Zystennachweis in Nieren;(Nephreg) Pränatale Auffälligkeiten - Zystennachweis in Nieren;STRING;;
956;1;urn:osse-91:dataelement:956:1;RELEASED;de;(Nephreg) Auffälligkeiten als Säugling/Kleinkind - Polyurie;(Nephreg) Auffälligkeiten als Säugling/Kleinkind - Polyurie;STRING;;
963;1;urn:osse-91:dataelement:963:1;RELEASED;de;(Nephreg) Auffälligkeiten als Säugling/Kleinkind - rez. pulmonale Infektion;(Nephreg) Auffälligkeiten als Säugling/Kleinkind - rez. pulmonale Infektion;STRING;;
970;1;urn:osse-91:dataelement:970:1;RELEASED;de;(Nephreg) Senior-Løken-Syndrom - Gesichtsfeldeinschränkung;(Nephreg) Senior-Løken-Syndrom - Gesichtsfeldeinschränkung;STRING;;
976;1;urn:osse-91:dataelement:976:1;RELEASED;de;(Nephreg) Joubert-Syndrom;(Nephreg) Joubert-Syndrom;STRING;;
983;1;urn:osse-91:dataelement:983:1;RELEASED;de;(Nephreg) Bardet-Biedl-Syndrom - Mentale Retardierung;(Nephreg) Bardet-Biedl-Syndrom - Mentale Retardierung;STRING;;
990;1;urn:osse-91:dataelement:990:1;RELEASED;de;(Nephreg) Jeune-Syndrom - kurze Extremitäten;(Nephreg) Jeune-Syndrom - kurze Extremitäten;STRING;;
997;1;urn:osse-91:dataelement:997:1;RELEASED;de;(Nephreg) Ellis-van-Crefeld-Syndrom - Dysplastische Finger-/Zehennägel;(Nephreg) Ellis-van-Crefeld-Syndrom - Dysplastische Finger-/Zehennägel;STRING;;
1004;1;urn:osse-91:dataelement:1004:1;RELEASED;de;(Nephreg) Liegt chronisches Nierenversagen vor?;(Nephreg) Liegt chronisches Nierenversagen vor?;STRING;;
1010;1;urn:osse-91:dataelement:1010:1;RELEASED;de;(Nephreg) Niere transplantiert am;(Nephreg) Niere transplantiert am;STRING;;
1016;1;urn:osse-91:dataelement:1016:1;RELEASED;de;(Nephreg) weitere Transplantation Organspender;(Nephreg) weitere Transplantation Organspender;STRING;;
1026;1;urn:osse-91:dataelement:1026:1;RELEASED;de;(Nephreg) Nierenbiopsie Ergebnis - verdickte tubuläre Basalmembranen;(Nephreg) Nierenbiopsie Ergebnis - verdickte tubuläre Basalmembranen;STRING;;
1031;1;urn:osse-91:dataelement:1031:1;RELEASED;de;(Nephreg) Leberbiopsie - Datum;(Nephreg) Leberbiopsie - Datum;STRING;;
1037;1;urn:osse-91:dataelement:1037:1;RELEASED;de;(Nephreg) Leberbiopsie - Cholangitis;(Nephreg) Leberbiopsie - Cholangitis;STRING;;
1041;1;urn:osse-91:dataelement:1041:1;RELEASED;de;(Nephreg) Nierenfunktion - Körpergewicht (kg);(Nephreg) Nierenfunktion - Körpergewicht (kg);STRING;;
1045;1;urn:osse-91:dataelement:1045:1;RELEASED;de;(Nephreg) nächtlicher Durst;(Nephreg) nächtlicher Durst;STRING;;
1050;1;urn:osse-91:dataelement:1050:1;RELEASED;de;(Nephreg) Proteinurie (> 150mg/d) - Datum;(Nephreg) Proteinurie (> 150mg/d) - Datum;STRING;;
1054;1;urn:osse-91:dataelement:1054:1;RELEASED;de;(Nephreg) Hämaturie - erfolgreich behandelt;(Nephreg) Hämaturie - erfolgreich behandelt;STRING;;
1058;1;urn:osse-91:dataelement:1058:1;RELEASED;de;(Nephreg) Renale Osteopathie;(Nephreg) Renale Osteopathie;STRING;;
1062;1;urn:osse-91:dataelement:1062:1;RELEASED;de;(Nephreg) Anämie - erfolgreich behandelt;(Nephreg) Anämie - erfolgreich behandelt;STRING;;
1066;1;urn:osse-91:dataelement:1066:1;RELEASED;de;(Nephreg) art. Hypertonie (> 95. Perzentile) - erfolgreich behandelt;(Nephreg) art. Hypertonie (> 95. Perzentile) - erfolgreich behandelt;STRING;;
1070;1;urn:osse-91:dataelement:1070:1;RELEASED;de;(Nephreg) Gedeihstörung;(Nephreg) Gedeihstörung;STRING;;
1074;1;urn:osse-91:dataelement:1074:1;RELEASED;de;(Nephreg) Kleinwuchs (< 3. Perzentile) - Datum;(Nephreg) Kleinwuchs (< 3. Perzentile) - Datum;STRING;;
1078;1;urn:osse-91:dataelement:1078:1;RELEASED;de;(Nephreg) Hepatosplenomegalie;(Nephreg) Hepatosplenomegalie;STRING;;
1081;1;urn:osse-91:dataelement:1081:1;RELEASED;de;(Nephreg) Transaminasen-Erhöhung - Datum;(Nephreg) Transaminasen-Erhöhung - Datum;STRING;;
1084;1;urn:osse-91:dataelement:1084:1;RELEASED;de;(Nephreg) Leukozytopenie (< 4000/μl);(Nephreg) Leukozytopenie (< 4000/μl);STRING;;
1087;1;urn:osse-91:dataelement:1087:1;RELEASED;de;(Nephreg) Thrombozytopenie (< 150000/μl) - Datum;(Nephreg) Thrombozytopenie (< 150000/μl) - Datum;STRING;;
1090;1;urn:osse-91:dataelement:1090:1;RELEASED;de;(Nephreg) Pruritus;(Nephreg) Pruritus;STRING;;
1093;1;urn:osse-91:dataelement:1093:1;RELEASED;de;(Nephreg) Ösophagusvarizen - Datum;(Nephreg) Ösophagusvarizen - Datum;STRING;;
1098;1;urn:osse-91:dataelement:1098:1;RELEASED;de;(Nephreg) Visus links;(Nephreg) Visus links;STRING;;
1101;1;urn:osse-91:dataelement:1101:1;RELEASED;de;(Nephreg) Nystagmus;(Nephreg) Nystagmus;STRING;;
1104;1;urn:osse-91:dataelement:1104:1;RELEASED;de;(Nephreg) Nachtblindheit - Datum;(Nephreg) Nachtblindheit - Datum;STRING;;
1107;1;urn:osse-91:dataelement:1107:1;RELEASED;de;(Nephreg) Okulomotorische Apraxie;(Nephreg) Okulomotorische Apraxie;STRING;;
1110;1;urn:osse-91:dataelement:1110:1;RELEASED;de;(Nephreg) Gesichtsfeldausfälle / Tunnelblick - Datum;(Nephreg) Gesichtsfeldausfälle / Tunnelblick - Datum;STRING;;
1113;1;urn:osse-91:dataelement:1113:1;RELEASED;de;(Nephreg) Anderweitige Symptome Augen - Datum;(Nephreg) Anderweitige Symptome Augen - Datum;STRING;;
1115;1;urn:osse-91:dataelement:1115:1;RELEASED;de;(Nephreg) Ataxie;(Nephreg) Ataxie;STRING;;
1118;1;urn:osse-91:dataelement:1118:1;RELEASED;de;(Nephreg) Psychomotorische Retardierung - Datum;(Nephreg) Psychomotorische Retardierung - Datum;STRING;;
1121;1;urn:osse-91:dataelement:1121:1;RELEASED;de;(Nephreg) Krampfanfälle;(Nephreg) Krampfanfälle;STRING;;
1124;1;urn:osse-91:dataelement:1124:1;RELEASED;de;(Nephreg) Anderweitige Symptome ZNS - Symptom;(Nephreg) Anderweitige Symptome ZNS - Symptom;STRING;;
1126;1;urn:osse-91:dataelement:1126:1;RELEASED;de;(Nephreg) Polyposis nasi - Datum;(Nephreg) Polyposis nasi - Datum;STRING;;
1129;1;urn:osse-91:dataelement:1129:1;RELEASED;de;(Nephreg) Rez. Atemwegsobstruktion;(Nephreg) Rez. Atemwegsobstruktion;STRING;;
1131;2;urn:osse-91:dataelement:1131:2;RELEASED;de;(Nephreg) Anderweitige Symptome (bronchial/HNO-Bereich) - Datum;(Nephreg) Anderweitige Symptome (bronchial/HNO-Bereich) - Datum;STRING;;
1133;1;urn:osse-91:dataelement:1133:1;RELEASED;de;(Nephreg) Nierensonographie - Datum;(Nephreg) Nierensonographie - Datum;STRING;;
1136;1;urn:osse-91:dataelement:1136:1;RELEASED;de;(Nephreg) Nierensonographie - Quer 1 (cm) rechts;(Nephreg) Nierensonographie - Quer 1 (cm) rechts;STRING;;
1139;1;urn:osse-91:dataelement:1139:1;RELEASED;de;(Nephreg) Nierensonographie - Pollänge (cm) links;(Nephreg) Nierensonographie - Pollänge (cm) links;STRING;;
1142;1;urn:osse-91:dataelement:1142:1;RELEASED;de;(Nephreg) Nierensonographie - Volumen (ml) links;(Nephreg) Nierensonographie - Volumen (ml) links;STRING;;
1145;1;urn:osse-91:dataelement:1145:1;RELEASED;de;(Nephreg) Nierensonographie - Nierenzysten;(Nephreg) Nierensonographie - Nierenzysten;STRING;;
1147;1;urn:osse-91:dataelement:1147:1;RELEASED;de;(Nephreg) Lebersonographie - Hepatomegalie;(Nephreg) Lebersonographie - Hepatomegalie;STRING;;
1149;1;urn:osse-91:dataelement:1149:1;RELEASED;de;(Nephreg) Lebersonographie - Periportale Fibrose;(Nephreg) Lebersonographie - Periportale Fibrose;STRING;;
1151;1;urn:osse-91:dataelement:1151:1;RELEASED;de;(Nephreg) Lebersonographie - Kolateralkreisläufe keine;(Nephreg) Lebersonographie - Kolateralkreisläufe keine;STRING;;
1153;1;urn:osse-91:dataelement:1153:1;RELEASED;de;(Nephreg) Lebersonographie - Kolateralkreisläufe Omentum minus;(Nephreg) Lebersonographie - Kolateralkreisläufe Omentum minus;STRING;;
1155;1;urn:osse-91:dataelement:1155:1;RELEASED;de;(Nephreg) Lebersonographie - Kolateralkreisläufe Milz;(Nephreg) Lebersonographie - Kolateralkreisläufe Milz;STRING;;
516;1;urn:osse-91:dataelement:516:1;RELEASED;de;Erfolgt eine Wachstumshormon - Therapie ?;Medikamentöse Therapie;enumerated;enumerated;
518;1;urn:osse-91:dataelement:518:1;RELEASED;de;Ja: Zum Zeitpunkt der Dateneingabe:;Erfolgt eine Wachstumshormon - Therapie ;enumerated;enumerated;
519;1;urn:osse-91:dataelement:519:1;RELEASED;de;Peri/postpartale Auffälligkeiten bei der Geburt ?;Wenn ja bitte angeben;enumerated;enumerated;SELECT_ONE_RADIO
520;1;urn:osse-91:dataelement:520:1;OUTDATED;de;In welcher SSW aufgetreten;Wann ist Gestationsdiabetes aufgetreten ? ;INTEGER;0<=x<=45;
442;4;urn:osse-91:dataelement:442:4;OUTDATED;de;Gestationsdiabetes Behandlungstypen;Gestationsdiabetes Behandlungstypen;enumerated;enumerated;SELECT_ONE_RADIO
447;2;urn:osse-91:dataelement:447:2;OUTDATED;de;Sonstige:;Sonstige Besonderheiten während der SSW;STRING;;
930;1;urn:osse-91:dataelement:930:1;RELEASED;de;Hepatomegalie vorhanden?;Hepatomegalie vorhanden?;BOOLEAN;(true|false|yes|no|f|t);
446;2;urn:osse-91:dataelement:446:2;OUTDATED;de;Medikamente;Welche Medikamente sind die weitere Besonderheiten während der SSW;STRING;;
447;3;urn:osse-91:dataelement:447:3;OUTDATED;de;Sonstige;Sonstige Besonderheiten während der SSW;STRING;;
931;1;urn:osse-91:dataelement:931:1;RELEASED;de;Lebergröße (cm) bei vorhandener Hepatomegalie?;Lebergröße (cm) bei vorhandener Hepatomegalie?;STRING;;
932;1;urn:osse-91:dataelement:932:1;RELEASED;de;Splenomegalie vorhanden?;Splenomegalie vorhanden?;enumerated;enumerated;
933;1;urn:osse-91:dataelement:933:1;RELEASED;de;Milzgröße bei vorhandener Splenomegalie?;Milzgröße bei vorhandener Splenomegalie?;STRING;;
556;1;urn:osse-91:dataelement:556:1;OUTDATED;en;Other;Other;STRING;;
454;2;urn:osse-91:dataelement:454:2;RELEASED;de;Größe ;Größe von Mutter;INTEGER;0<=x<=250;
458;3;urn:osse-91:dataelement:458:3;OUTDATED;de;Welche renale Erkrankung(en) ?;Angabe zu Renale Erkrankungen.;enumerated;enumerated;SELECT_MANY_CHECKBOX
456;2;urn:osse-91:dataelement:456:2;OUTDATED;de;Renale Erkrankung ?;Ja/nein/kA;enumerated;enumerated;SELECT_ONE_RADIO
473;2;urn:osse-91:dataelement:473:2;RELEASED;de;In welchem Register ist der Vater bereits aufgenommen worden ? ;Ja angekreuzt;enumerated;enumerated;SELECT_ONE_RADIO
453;1;urn:osse-91:dataelement:453:1;OUTDATED;de;Geburtsjahr - Mutter;Geburtsjahr - Mutter;INTEGER;1940<=x<=2000;
453;2;urn:osse-91:dataelement:453:2;RELEASED;de;Geburtsjahr;Geburtsjahr von Mutter;INTEGER;1940<=x<=2000;
455;2;urn:osse-91:dataelement:455:2;RELEASED;de;Gewicht;Gewicht von Mutter;INTEGER;0<=x<=250;
452;2;urn:osse-91:dataelement:452:2;RELEASED;de;Herkunft;Herkunft von Mutter;STRING;;
457;2;urn:osse-91:dataelement:457:2;OUTDATED;de;Renale Erkrankung ?;Leidet die Mutter renale Erkrankung(en) ?;enumerated;enumerated;SELECT_ONE_RADIO
457;3;urn:osse-91:dataelement:457:3;RELEASED;de;Renale Erkrankung ?;Leidet die Mutter unter renale Erkrankung(en) ?;enumerated;enumerated;SELECT_ONE_RADIO
459;2;urn:osse-91:dataelement:459:2;RELEASED;de;Unter welcher/welchen renalen Erkrankung(en) leidet die Mutter ?;Ja angekreutzt;enumerated;enumerated;SELECT_MANY_CHECKBOX
461;2;urn:osse-91:dataelement:461:2;OUTDATED;de;Welche andere renale Erkrankung ?;"Auf ""Andere"" angekreutzt";STRING;;
461;3;urn:osse-91:dataelement:461:3;RELEASED;de;Beschreibung zur anderen renalen Erkrankung(en) der Mutter;"Auf ""Andere"" angekreutzt";STRING;;
463;2;urn:osse-91:dataelement:463:2;RELEASED;de;Ist die Mutter bereits in einem Register aufgenommen ?;Ja/nein/kA;enumerated;enumerated;SELECT_ONE_RADIO
472;2;urn:osse-91:dataelement:472:2;RELEASED;de;In welchem Register wurde die Mutter aufgenommen ? ;Mutter bereits in einem Register aufgenommen;enumerated;enumerated;SELECT_ONE_RADIO
474;2;urn:osse-91:dataelement:474:2;RELEASED;de;In welchem anderen Register wurde die Mutter aufgenommen ?;"Auf ""Andere"" angekreutzt";STRING;;
465;2;urn:osse-91:dataelement:465:2;RELEASED;de;Sonstige Krankheiten der Mutter;Angabe zu sonstigen Krankheiten;STRING;;
47;3;urn:osse-91:dataelement:47:3;OUTDATED;en;Consanguinity;Are parents of patient related to each other?;enumerated;enumerated;SELECT_ONE_RADIO
521;1;urn:osse-91:dataelement:521:1;RELEASED;de;Grad der Konsanguinität;In wiefern sind die Eltern verwandt ?;STRING;;
523;1;urn:osse-91:dataelement:523:1;RELEASED;de;Geschlecht des Geschwisters;Geschlechtsangabe;enumerated;enumerated;
526;1;urn:osse-91:dataelement:526:1;RELEASED;de;Ist der Patient in einem Register aufgenommen ? ;Angabe zu Krankheiten des Geschwisters;enumerated;enumerated;
527;1;urn:osse-91:dataelement:527:1;RELEASED;de;In welchem Register wurde der Patient bereits aufgenommen ? ;Angabe zu Krankheiten des Geschwister, Ja angekreutzt;enumerated;enumerated;SELECT_ONE_RADIO
506;1;urn:osse-91:dataelement:506:1;OUTDATED;en;Molekulargenetische Untersuchung durchgeführt ? (Ja:Datum:);Genetik;DATE;YYYY-MM;
531;1;urn:osse-91:dataelement:531:1;RELEASED;de;Rezidivierende HWI;Angabe zu renale Symptome;enumerated;enumerated;
537;1;urn:osse-91:dataelement:537:1;RELEASED;de;Seit wann ? ;Seit wann wurde Nachtblindheit diagnostiziert;DATE;MM.YYYY;
538;1;urn:osse-91:dataelement:538:1;RELEASED;de;Andere Augenauffälligkeiten;Ja/Nein/kA;enumerated;enumerated;
541;1;urn:osse-91:dataelement:541:1;RELEASED;de;Wann wurde andere Augenauffälligkeiten festgestellt ? ;Zu anderen Augenauffälligkeiten;DATE;MM.YYYY;
545;1;urn:osse-91:dataelement:545:1;OUTDATED;de;Autistische Verhaltenszüge;Ja/Nein/ka;STRING;;
550;1;urn:osse-91:dataelement:550:1;OUTDATED;de;Kleinhirnwurmhypoplasie (Moloar tooth Zeichen);Ja/Nein/kA;enumerated;enumerated;
551;1;urn:osse-91:dataelement:551:1;RELEASED;en;First noticed ; Indicates the time of first occurence;DATE;MM.YYYY;
552;1;urn:osse-91:dataelement:552:1;RELEASED;en;Date;MM/YYYY;DATE;MM.YYYY;
553;1;urn:osse-91:dataelement:553:1;OUTDATED;en;Diabetes mellitus type;Indicates the type of diabetes melilitus;enumerated;enumerated;
378;1;urn:osse-91:dataelement:378:1;OUTDATED;en;"Selection ""renal malformation or renal dystopy"" generally";"Selection ""renal malformation or renal dystopy"" generally";enumerated;enumerated;SELECT_MANY_CHECKBOX
555;1;urn:osse-91:dataelement:555:1;RELEASED;en;Which side;le/ri/both;enumerated;enumerated;SELECT_ONE_RADIO
468;2;urn:osse-91:dataelement:468:2;OUTDATED;de;Welche der Familienmitglieder ? ;Angabe zur erweiterten Familienanamnese;enumerated;enumerated;SELECT_MANY_CHECKBOX
469;2;urn:osse-91:dataelement:469:2;OUTDATED;de;Angabe zu anderen Familienmitglieder;Familienmitglieder, die an der Erkrankung des Patienten oder ähnlichen Symptomen leiden;STRING;;
467;3;urn:osse-91:dataelement:467:3;OUTDATED;en;Ist die Person bereits in einem Register augenommen ?;Angabe zu;enumerated;enumerated;SELECT_ONE_RADIO
471;2;urn:osse-91:dataelement:471:2;OUTDATED;de;Bitte geben Sie das Register an:;Register des Familienmitglied, der an der Erkrankung des Patienten oder ähnlichen Symptomen leidet;enumerated;enumerated;SELECT_ONE_RADIO
529;1;urn:osse-91:dataelement:529:1;OUTDATED;de;Anderes Register:;Register des Familiemitglieds;STRING;;
448;2;urn:osse-91:dataelement:448:2;OUTDATED;de;Geburtsjahr;Geburtsjahr vom Vater;INTEGER;1940<=x<=2000;
449;2;urn:osse-91:dataelement:449:2;OUTDATED;de;Größe ;Größe vom Vater;INTEGER;0<=x<=250;
450;2;urn:osse-91:dataelement:450:2;OUTDATED;de;Gewicht;Gewicht vom Vater;INTEGER;0<=x<=250;
451;2;urn:osse-91:dataelement:451:2;OUTDATED;de;Herkunft ;Herkunft vom Vater;STRING;;
456;3;urn:osse-91:dataelement:456:3;OUTDATED;de;Renale Erkrankung ?;Renale Erkrankung des Vaters;enumerated;enumerated;SELECT_ONE_RADIO
458;4;urn:osse-91:dataelement:458:4;OUTDATED;de;Welche renale Erkrankung(en) ?;Angabe zur renalen Erkrankung des Vaters;enumerated;enumerated;SELECT_MANY_CHECKBOX
460;2;urn:osse-91:dataelement:460:2;OUTDATED;de;Andere: ;Andere renale Erkrankung vom Vater angeben;STRING;;
476;2;urn:osse-91:dataelement:476:2;OUTDATED;de;In welchem anderen Register ist der Vater bereits aufgenommen worden ? ;"Auf ""Andere"" gekreuzt";STRING;;
462;2;urn:osse-91:dataelement:462:2;OUTDATED;de;Ist der Vater bereits in einem Register aufgenommen;Ja/nein/kA;enumerated;enumerated;SELECT_ONE_RADIO
464;2;urn:osse-91:dataelement:464:2;OUTDATED;de;Sonstige Krankheiten;Sonstige Krankheiten des Vaters;STRING;;
524;1;urn:osse-91:dataelement:524:1;OUTDATED;de;Besteht eine Grunderkrankung ?;Angabe zum Geschwister;enumerated;enumerated;
525;1;urn:osse-91:dataelement:525:1;OUTDATED;de;Krankheiten;Angabe zu Krankheiten des Geschwisters;STRING;;
528;1;urn:osse-91:dataelement:528:1;OUTDATED;de;In welchem anderen Register wurde der Patient aufgenommen;"Angabe zu Krankheiten des Geschwister, auf ""Andere"" angekreutzt";STRING;;
522;1;urn:osse-91:dataelement:522:1;OUTDATED;de;Geburtsdatum des Geschwisters;MM/JJJJ;DATE;MM.YYYY;
506;2;urn:osse-91:dataelement:506:2;OUTDATED;de;Datum der molekulargenetischen Untersuchung;MM/JJJJ;DATE;YYYY-MM;
507;2;urn:osse-91:dataelement:507:2;OUTDATED;de;Welches Labor;Labor in dem die molekulargenetische Untersuchung durchgeführt wurde;STRING;;
508;2;urn:osse-91:dataelement:508:2;OUTDATED;de;Art der gen. Untersuchung;Einfachauswahl;enumerated;enumerated;SELECT_ONE_RADIO
509;2;urn:osse-91:dataelement:509:2;OUTDATED;de;Zygotie;Angabe zur Zygotie bei der molekulargenentischen Untersuchung;enumerated;enumerated;SELECT_ONE_RADIO
543;1;urn:osse-91:dataelement:543:1;OUTDATED;de;Zum ersten Mal diagnostiziert;Muskuläre Hypotonie;DATE;MM.YYYY;
544;1;urn:osse-91:dataelement:544:1;OUTDATED;de;Zum ersten Mal diagnostiziert;Psychomotorische Retardierung;DATE;MM.YYYY;
548;1;urn:osse-91:dataelement:548:1;OUTDATED;de;Autistische Verhaltenszüge;Ja/Nein/kA;enumerated;enumerated;
546;1;urn:osse-91:dataelement:546:1;OUTDATED;de;Erstmals festgestellt;Wann wurde zum ersten Mal autistische Verhaltenszüge festgestellt ?;DATE;MM.YYYY;
549;1;urn:osse-91:dataelement:549:1;OUTDATED;de;Erstmals festgestellt;Wann wurde zum ersten Mal Störung der Impulskontrolle festgestellt ? ;DATE;MM.YYYY;
547;1;urn:osse-91:dataelement:547:1;OUTDATED;de;Störung der Impulskontrolle;Ja/Nein/kA;enumerated;enumerated;
532;1;urn:osse-91:dataelement:532:1;OUTDATED;de;Enuresis nocturna >6.Lebensjahr;Ja/Nein/kA;enumerated;enumerated;
533;1;urn:osse-91:dataelement:533:1;OUTDATED;de;Harnkontinent in welchem Alter ? ;Angabe zu Enuresis nocturna;INTEGER;0<=x<=100;
553;2;urn:osse-91:dataelement:553:2;OUTDATED;de;Diabetes Mellitus Typ;Welcher  Typ von Diabetes Mellitus ? ;enumerated;enumerated;
539;1;urn:osse-91:dataelement:539:1;OUTDATED;de;Fundus hypertonicus;Ja/Nein/kA;enumerated;enumerated;
536;1;urn:osse-91:dataelement:536:1;OUTDATED;de;Datum;Zeit der Visusmessung;DATE;MM.YYYY;
534;1;urn:osse-91:dataelement:534:1;OUTDATED;de;Visus rechts;Sehschärfe in Prozent;INTEGER;0<=x<=100;
535;1;urn:osse-91:dataelement:535:1;OUTDATED;de;Visus links;Sehschärfe in Prozent;INTEGER;0<=x<=100;
530;1;urn:osse-91:dataelement:530:1;OUTDATED;de;Trinkmenge / Tag;Trinkmenge / Tag;INTEGER;x;
557;1;urn:osse-91:dataelement:557:1;RELEASED;en;Position;Position;enumerated;enumerated;SELECT_ONE_RADIO
558;1;urn:osse-91:dataelement:558:1;RELEASED;en;Outer contour;Outer contour;enumerated;enumerated;SELECT_ONE_RADIO
559;1;urn:osse-91:dataelement:559:1;RELEASED;en;Dystopic;More details;STRING;;
351;2;urn:osse-91:dataelement:351:2;RELEASED;de;Bipolare Länge;Bitte geben Sie die bipolare Länge der Niere in cm ein.;FLOAT;0<=x<=50;
561;1;urn:osse-91:dataelement:561:1;RELEASED;de;Nierenparenchym;Beurteilung des Nierenparenchyms;enumerated;enumerated;SELECT_ONE_RADIO
353;2;urn:osse-91:dataelement:353:2;OUTDATED;de;Quer-Durchmesser 1;Gibt den Querdurchmesser 1 der Niere an.;FLOAT;0<=x<=50;
563;1;urn:osse-91:dataelement:563:1;RELEASED;en;Corticomedullary differentiation;Renal corticomedullary differentiation of the kidney.;enumerated;enumerated;SELECT_ONE_RADIO
562;1;urn:osse-91:dataelement:562:1;OUTDATED;de;Mark-Rindendifferenzierung;Beurteilung der Markrindendifferenzierung der rechten Niere.;enumerated;enumerated;SELECT_ONE_RADIO
363;2;urn:osse-91:dataelement:363:2;OUTDATED;de;Nierenzysten;Gibt an, ob bei dem Patienten/der Patientin Nierenzysten vorliegen.;enumerated;enumerated;SELECT_ONE_RADIO
363;3;urn:osse-91:dataelement:363:3;RELEASED;en;Renal cysts;Indicates whether patient has renal cysts.;enumerated;enumerated;SELECT_ONE_RADIO
564;1;urn:osse-91:dataelement:564:1;RELEASED;de;Lage der Nierenzysten;Gibt die Lokalisation der Nierenzysten an.;enumerated;enumerated;SELECT_ONE_RADIO
565;1;urn:osse-91:dataelement:565:1;RELEASED;de;Anzahl der Nierenzysten;Gibt die Anzahl der Nierenzysten an.;enumerated;enumerated;SELECT_ONE_RADIO
566;1;urn:osse-91:dataelement:566:1;RELEASED;en;Size of renal cysts;Indicates size of renal cysts.;enumerated;enumerated;SELECT_ONE_RADIO
567;1;urn:osse-91:dataelement:567:1;RELEASED;de;Harntransportstörung;Gibt an, ob eine Harntransportstörung bei dieser Nieren besteht.;enumerated;enumerated;SELECT_ONE_RADIO
568;1;urn:osse-91:dataelement:568:1;RELEASED;en;Urinary tract obstruction Details;Details about urinary tract obstruction of this kidney.;STRING;;
560;1;urn:osse-91:dataelement:560:1;OUTDATED;en;Renal pelvis size;Renal pelvis width;INTEGER;0<=x<=200;
356;2;urn:osse-91:dataelement:356:2;OUTDATED;en;Renal width - 2;Renal width 2 of the kidney.;FLOAT;0<=x<=50;
605;1;urn:osse-91:dataelement:605:1;OUTDATED;de;Weitere wichtige Medikamente ?;Ja/Nein/kA;enumerated;enumerated;SELECT_ONE_RADIO
606;2;urn:osse-91:dataelement:606:2;OUTDATED;de;Näheres;Bitte Information zu weitere wichtige Medikamente angeben.;STRING;;
254;1;urn:osse-91:dataelement:254:1;OUTDATED;de;Kardiale Anomalien;Gibt an, ob bei dem Patienten/der Patientin kardiale Anomalien vorliegen.;enumerated;enumerated;SELECT_ONE_RADIO
571;1;urn:osse-91:dataelement:571:1;OUTDATED;en;First noticed;Indicates date when aortic stenosis were first diagnosed.;DATE;YYYY-MM;
573;1;urn:osse-91:dataelement:573:1;OUTDATED;de;Hypothyreose;Ja/Nein/kA;enumerated;enumerated;SELECT_ONE_RADIO
574;1;urn:osse-91:dataelement:574:1;OUTDATED;de;Hyperthyreose;Leidet der Patient unter Hyperthyreose ? ;enumerated;enumerated;SELECT_ONE_RADIO
542;1;urn:osse-91:dataelement:542:1;OUTDATED;de;Details;Angabe zu anderen Augenauffälligkeiten;STRING;;
542;2;urn:osse-91:dataelement:542:2;OUTDATED;de;Details;Angabe zu anderen Augenauffälligkeiten;STRING;;
582;1;urn:osse-91:dataelement:582:1;RELEASED;de;Art der skelettalen Auffälligkeiten;Gibt an, welche skelettalen Anomalien bei dem Patienten/der Patientin vorliegen.;enumerated;enumerated;SELECT_MANY_CHECKBOX
105;2;urn:osse-91:dataelement:105:2;OUTDATED;en;Dextrocardia;Indicates whether patient suffers dextrocardia.;enumerated;enumerated;SELECT_ONE_RADIO
584;1;urn:osse-91:dataelement:584:1;RELEASED;de;Erstmals festgestellt;Gibt das Datum an, an welchem Situs inversus totalis erstmals diagnostiziert worden ist.;DATE;YYYY-MM;
586;1;urn:osse-91:dataelement:586:1;RELEASED;de;Situs inversus totalis;Gibt an ob der Patient/die Patientin an Situs inversus totalis leidet.;enumerated;enumerated;SELECT_ONE_RADIO
587;1;urn:osse-91:dataelement:587:1;RELEASED;en;Hepatic steatosis;Indicates whether patient has or had hepatic steatosis.;enumerated;enumerated;SELECT_ONE_RADIO
588;1;urn:osse-91:dataelement:588:1;RELEASED;de;Gallengangszysten;Gibt an, ob der Patient/die Patientin Gallengangszysten hat.;enumerated;enumerated;SELECT_ONE_RADIO
589;1;urn:osse-91:dataelement:589:1;RELEASED;en;Type of biliary duct dilation;Type of biliary duct dilation;enumerated;enumerated;SELECT_MANY_CHECKBOX
590;1;urn:osse-91:dataelement:590:1;RELEASED;en;Type of collateral circulation;Type of collateral circulation;enumerated;enumerated;SELECT_MANY_CHECKBOX
592;1;urn:osse-91:dataelement:592:1;RELEASED;en;Details;Details about abnormalities of female genitals .;STRING;;
594;1;urn:osse-91:dataelement:594:1;RELEASED;en;Type of bio samples;Please select the bio samples that have been taken.;enumerated;enumerated;SELECT_MANY_CHECKBOX
517;1;urn:osse-91:dataelement:517:1;OUTDATED;de;Erfolgt eine Wachstumshormon - Therapie ? (Ja:Beginn);Medikamentöse Therapie;DATE;MM.YYYY;
517;2;urn:osse-91:dataelement:517:2;OUTDATED;de;Beginn;Beginnzeit der Therapie;DATE;MM.YYYY;
599;1;urn:osse-91:dataelement:599:1;RELEASED;en;Is the treatment ongoing ? ;Status of treatment;enumerated;enumerated;SELECT_ONE_RADIO
127;2;urn:osse-91:dataelement:127:2;RELEASED;en;Treatment with growth hormone ? ;Indicates whether patient is treated with growth hormone.;enumerated;enumerated;SELECT_ONE_RADIO
603;1;urn:osse-91:dataelement:603:1;RELEASED;de;Erfolgt eine Erythropoetin - Therapie ?;Gibt an, ob der Patient/die Patientin mit Erythropoetin behandelt wird.;enumerated;enumerated;SELECT_ONE_RADIO
604;1;urn:osse-91:dataelement:604:1;RELEASED;en;Treatment with insulin ? ;Indicates whether patient is treated with insulin.;enumerated;enumerated;SELECT_ONE_RADIO
606;1;urn:osse-91:dataelement:606:1;OUTDATED;en;Specific;Please specify about other treaments.;STRING;;
485;2;urn:osse-91:dataelement:485:2;OUTDATED;en;Nierenzysten ?;Leidet jemand im erweiterten Familienkreis (Großeltern, Onkel/ Tanten/ Cousinen/ Cousin...) unter der oben genannten Krankheit.;enumerated;enumerated;SELECT_ONE_RADIO
471;3;urn:osse-91:dataelement:471:3;OUTDATED;de;Bitte geben Sie das Register an:;Register, indem das Familienmitglied bereits aufgenommen worden ist.;enumerated;enumerated;SELECT_ONE_RADIO
607;1;urn:osse-91:dataelement:607:1;OUTDATED;en;Chronic renal failure;Do further members of the family suffer from the condition above.;enumerated;enumerated;SELECT_ONE_RADIO
485;3;urn:osse-91:dataelement:485:3;OUTDATED;de;Nierenzysten ?;Leidet jemand im erweiterten Familienkreis (Großeltern, Onkel/ Tanten/ Cousinen/ Cousin...) unter der oben genannten Krankheit.;enumerated;enumerated;SELECT_ONE_RADIO
469;3;urn:osse-91:dataelement:469:3;OUTDATED;de;Angabe zu anderen Familienmitglieder;Familienmitglieder, die an der Erkrankung des Patienten oder ähnlichen Symptomen leiden;STRING;;
581;1;urn:osse-91:dataelement:581:1;OUTDATED;en;Any other symptoms ?;Yes/No/na;enumerated;enumerated;
569;1;urn:osse-91:dataelement:569:1;OUTDATED;en;Persistent snoring;Yes/No/na;enumerated;enumerated;
591;1;urn:osse-91:dataelement:591:1;OUTDATED;en;Are abnormalities of female genitals present;Yes/No/na;enumerated;enumerated;
595;1;urn:osse-91:dataelement:595:1;OUTDATED;de;Datum;Wann wurde Blutprobe entnommen ?;DATE;MM.YYYY;
596;1;urn:osse-91:dataelement:596:1;OUTDATED;en;Date;When has the  urine sample been taken ?;DATE;MM.YYYY;
597;1;urn:osse-91:dataelement:597:1;OUTDATED;de;Datum;Wann wurde Nasenschleimhautprobe entnommen ?;DATE;MM.YYYY;
600;1;urn:osse-91:dataelement:600:1;OUTDATED;de;Wurde die Therapie wieder aufgenommen ? ;Stand der Therapie;enumerated;enumerated;SELECT_ONE_RADIO
601;1;urn:osse-91:dataelement:601:1;OUTDATED;en;Treatment restarted since;Date at which the treatment was restarted.;DATE;MM.YYYY;
602;1;urn:osse-91:dataelement:602:1;OUTDATED;de;Therapie beendet seit;Datum an dem die Therapie beendet worden ist.;DATE;MM.YYYY;
580;1;urn:osse-91:dataelement:580:1;OUTDATED;en;First noticed ;When was the described symptom first noticed ? ;DATE;MM.YYYY;
517;3;urn:osse-91:dataelement:517:3;OUTDATED;en;Starting date;Starting date of the treatment;DATE;MM.YYYY;
471;4;urn:osse-91:dataelement:471:4;OUTDATED;en;Please indicate the registry:;Registry study in which the family member participated as patient.;enumerated;enumerated;SELECT_ONE_RADIO
466;3;urn:osse-91:dataelement:466:3;OUTDATED;de;Gibt es weitere Familienmitglieder, die an der Erkrankung des Patienten oder ähnlichen Symptomen leiden ?;Ja/Nein/unklar;enumerated;enumerated;SELECT_ONE_RADIO
467;4;urn:osse-91:dataelement:467:4;OUTDATED;en;Is this person participating in a patient register study ?;Yes/No/unclear;enumerated;enumerated;SELECT_ONE_RADIO
542;3;urn:osse-91:dataelement:542:3;OUTDATED;en;Details;Details about other symptoms;STRING;;
254;2;urn:osse-91:dataelement:254:2;OUTDATED;en;Cardiac anomalies;Indicates whether patient has cardial anomalies.;enumerated;enumerated;SELECT_ONE_RADIO
571;2;urn:osse-91:dataelement:571:2;OUTDATED;de;Erstmals festgestellt;Gibt das Datum an, an welchem Aortenistmusstenose diagnostiziert worden ist.;DATE;YYYY-MM;
572;1;urn:osse-91:dataelement:572:1;OUTDATED;de;Erstmals festgestellt;Gibt das Datum an, an welchem linksventrikuläre Hypertrophie diagnostiziert worden ist.;DATE;YYYY-MM;
570;1;urn:osse-91:dataelement:570:1;OUTDATED;en;Which cardiac anomalies?;Indicates which cardiac anomalies the patient suffers from.;enumerated;enumerated;SELECT_MANY_CHECKBOX
573;2;urn:osse-91:dataelement:573:2;OUTDATED;en;Hypothyreosis;Indicates whether patient suffers from hypothyreosis.;enumerated;enumerated;SELECT_ONE_RADIO
576;1;urn:osse-91:dataelement:576:1;OUTDATED;de;Erstmals festgestellt;Wann wurde Hypothyreose festgestellt ?;DATE;YYYY-MM;
575;1;urn:osse-91:dataelement:575:1;OUTDATED;de;Hyperthyreose;Leidet der Patient unter Hyperthyreose ? ;enumerated;enumerated;SELECT_ONE_RADIO
577;1;urn:osse-91:dataelement:577:1;OUTDATED;en;First diagnosed;Indicates date when hyperthyreosis was first diagnosed.;DATE;YYYY-MM;
574;2;urn:osse-91:dataelement:574:2;OUTDATED;en;Hypopituitarism;Indicates whether patient suffers from hypopituitarism.;enumerated;enumerated;SELECT_ONE_RADIO
579;1;urn:osse-91:dataelement:579:1;OUTDATED;en;First diagnosed;Indicates date when Striae distensae was first diagnosed.;DATE;YYYY-MM;
105;3;urn:osse-91:dataelement:105:3;OUTDATED;de;Dextrokardie;Gibt an ob der Patient/die Patientin an Dextrokardie leidet.;enumerated;enumerated;SELECT_ONE_RADIO
263;2;urn:osse-91:dataelement:263:2;OUTDATED;de;Erstmals festgestellt;Gibt das Datum an, an welchem eine Dextrocardia erstmals diagnostiziert worden ist.;DATE;YYYY-MM;
585;1;urn:osse-91:dataelement:585:1;OUTDATED;en;Situs ambiguous;Indicates whether patient suffers from situs ambiguous.;enumerated;enumerated;SELECT_ONE_RADIO
583;1;urn:osse-91:dataelement:583:1;OUTDATED;en;First diagnosed;Indicates date when situs ambiguous was first diagnosed.;DATE;YYYY-MM;
593;1;urn:osse-91:dataelement:593:1;OUTDATED;en;Have bio samples been taken ?;Yes/No/na;enumerated;enumerated;SELECT_ONE_RADIO
598;1;urn:osse-91:dataelement:598:1;OUTDATED;en;Further information;Please feel free to enter any other abnormalities or comments on the patient.;STRING;;
468;3;urn:osse-91:dataelement:468:3;OUTDATED;de;Welche der Familienmitglieder ? ;Bitte Familienmitglieder mit ähnlichen Symptomen auswählen.;enumerated;enumerated;SELECT_MANY_CHECKBOX
357;2;urn:osse-91:dataelement:357:2;OUTDATED;de;Volumen;Gibt das Nierenvolumen der Niere an.;INTEGER;0<=x<=500;
649;1;urn:osse-91:dataelement:649:1;OUTDATED;en;Other gastrointestinal symptoms;Please specify.;STRING;;
609;1;urn:osse-91:dataelement:609:1;OUTDATED;en;Hepatic cysts;Do further members of the family suffer from the condition above.;enumerated;enumerated;SELECT_ONE_RADIO
638;1;urn:osse-91:dataelement:638:1;OUTDATED;en;Palpable hepatomegaly ;Palpable hepatomegaly ;enumerated;enumerated;SELECT_ONE_RADIO
608;1;urn:osse-91:dataelement:608:1;OUTDATED;de;Dialyse;Leidet jemand im erweiterten Familienkreis (Großeltern, Onkel/ Tanten/ Cousinen/ Cousin...) unter der oben genannten Krankheit.;enumerated;enumerated;SELECT_ONE_RADIO
644;1;urn:osse-91:dataelement:644:1;OUTDATED;en;Palpable splenomegaly;Palpable splenomegaly;enumerated;enumerated;SELECT_ONE_RADIO
643;1;urn:osse-91:dataelement:643:1;OUTDATED;de;Cholelithiasis;Cholelithiasis;enumerated;enumerated;SELECT_ONE_RADIO
646;1;urn:osse-91:dataelement:646:1;OUTDATED;en;Chronic constipation;Chronic constipation;enumerated;enumerated;SELECT_ONE_RADIO
647;1;urn:osse-91:dataelement:647:1;OUTDATED;de;Chronische Durchfälle;Chronische Durchfälle;enumerated;enumerated;SELECT_ONE_RADIO
648;1;urn:osse-91:dataelement:648:1;OUTDATED;en;Hyperphagia;Hyperphagia;enumerated;enumerated;SELECT_ONE_RADIO
645;1;urn:osse-91:dataelement:645:1;OUTDATED;de;Ikterus;Ikterus;enumerated;enumerated;SELECT_ONE_RADIO
631;1;urn:osse-91:dataelement:631:1;OUTDATED;de;Gesamteiweiß;(g/dl);FLOAT;x;
633;1;urn:osse-91:dataelement:633:1;RELEASED;de;HbA1c;(%);FLOAT;x;
634;1;urn:osse-91:dataelement:634:1;RELEASED;en;Which family members ? ;Please select the affected family members.;enumerated;enumerated;SELECT_ONE_RADIO
635;1;urn:osse-91:dataelement:635:1;RELEASED;en;First diagnosed;Indicates date when the illness was first diagnosed.;DATE;MM.YYYY;
292;2;urn:osse-91:dataelement:292:2;OUTDATED;en;Date of diagnosis;Indicates when palpable hepatomegaly was first diagnosed in patient.;DATE;YYYY-MM;
291;2;urn:osse-91:dataelement:291:2;RELEASED;de;M. Hirschsprung;Gibt an, ob bei dem Patienten/der Patientin ein M. Hirschsprung vorliegt.;enumerated;enumerated;SELECT_ONE_RADIO
639;1;urn:osse-91:dataelement:639:1;OUTDATED;de;Erstdiagnose;Gibt an wann die Erstdiagnose für Palpable Palpable Splenomegalie bei dem Patienten/der Patientin gestellt wurde.;DATE;MM.YYYY;
640;1;urn:osse-91:dataelement:640:1;OUTDATED;de;Erstdiagnose;Gibt an wann die Erstdiagnose für Palpable Hepatomegalie bei dem Patienten/der Patientin gestellt wurde.;DATE;MM.YYYY;
639;2;urn:osse-91:dataelement:639:2;OUTDATED;en;Date of diagnosis;Indicates when palpable splenomegaly was first diagnosed in patient.;DATE;MM.YYYY;
641;1;urn:osse-91:dataelement:641:1;OUTDATED;en;Date of diagnosis;Indicates when elevated liver enzymes was first diagnosed in patient.;DATE;MM.YYYY;
642;1;urn:osse-91:dataelement:642:1;OUTDATED;de;Erstdiagnose;Gibt an wann die Erstdiagnose für Cholelithiasis bei dem Patienten/der Patientin gestellt wurde.;DATE;MM.YYYY;
651;1;urn:osse-91:dataelement:651:1;OUTDATED;de;Erstdiagnose;Gibt an wann die Erstdiagnose für chronische Obstipation bei dem Patienten/der Patientin gestellt wurde.;DATE;MM.YYYY;
652;1;urn:osse-91:dataelement:652:1;OUTDATED;en;Date of diagnosis;Indicates when chronic diarrhea was first diagnosed in patient.;DATE;MM.YYYY;
653;1;urn:osse-91:dataelement:653:1;OUTDATED;de;Erstdiagnose;Gibt an wann die Erstdiagnose für M. Hirschsprung bei dem Patienten/der Patientin gestellt wurde.;DATE;MM.YYYY;
654;1;urn:osse-91:dataelement:654:1;OUTDATED;en;Date of diagnosis;Indicates when hyperphagia disease was first diagnosed in patient.;DATE;MM.YYYY;
650;1;urn:osse-91:dataelement:650:1;OUTDATED;en;Date of diagnosis;Indicates when jaundice was first diagnosed in patient.;DATE;MM.YYYY;
637;1;urn:osse-91:dataelement:637:1;OUTDATED;en;Since;On the course of symptom.;DATE;MM.YYYY;
620;1;urn:osse-91:dataelement:620:1;OUTDATED;en;Date of determination;Indicates date when the laboratory value was determined.;DATE;MM.YYYY;
331;2;urn:osse-91:dataelement:331:2;OUTDATED;en;Origin of transplanted kidney;Indicates if renal transplant comes from deceased or living donor.;enumerated;enumerated;SELECT_ONE_RADIO
485;4;urn:osse-91:dataelement:485:4;OUTDATED;en;Renal cysts;Do further members of the family suffer from the condition above ?;enumerated;enumerated;SELECT_ONE_RADIO
607;2;urn:osse-91:dataelement:607:2;OUTDATED;de;Chronische Niereninsuffizienz;Leidet jemand im erweiterten Familienkreis (Großeltern, Onkel/ Tanten/ Cousinen/ Cousin...) an der oben genannten Krankheit ?;enumerated;enumerated;SELECT_ONE_RADIO
608;2;urn:osse-91:dataelement:608:2;OUTDATED;en;Dialysis;Do further members of the family suffer from the condition above ?;enumerated;enumerated;SELECT_ONE_RADIO
610;1;urn:osse-91:dataelement:610:1;OUTDATED;de;Chronische Lebererkrankung;Leidet jemand im erweiterten Familienkreis (Großeltern, Onkel/ Tanten/ Cousinen/ Cousin...) an der oben genannten Krankheit ?;enumerated;enumerated;SELECT_ONE_RADIO
611;1;urn:osse-91:dataelement:611:1;OUTDATED;en;Diabetes before the age of 50 ;Do further members of the family suffer from the condition above ?;enumerated;enumerated;SELECT_ONE_RADIO
612;1;urn:osse-91:dataelement:612:1;OUTDATED;de;Gestationsdiabetes;Leidet jemand im erweiterten Familienkreis (Großeltern, Onkel/ Tanten/ Cousinen/ Cousin...) an der oben genannten Krankheit ?;enumerated;enumerated;SELECT_ONE_RADIO
613;1;urn:osse-91:dataelement:613:1;OUTDATED;en;Gout;Do further members of the family suffer from the condition above ?;enumerated;enumerated;SELECT_ONE_RADIO
614;1;urn:osse-91:dataelement:614:1;OUTDATED;de;ARPKD;Leidet jemand im erweiterten Familienkreis (Großeltern, Onkel/ Tanten/ Cousinen/ Cousin...) an der oben genannten Krankheit ?;enumerated;enumerated;SELECT_ONE_RADIO
615;1;urn:osse-91:dataelement:615:1;OUTDATED;en;ADPKD;Do further members of the family suffer from the condition above ?;enumerated;enumerated;SELECT_ONE_RADIO
616;1;urn:osse-91:dataelement:616:1;OUTDATED;de;BBS;Leidet jemand im erweiterten Familienkreis (Großeltern, Onkel/ Tanten/ Cousinen/ Cousin...) an der oben genannten Krankheit ?;enumerated;enumerated;SELECT_ONE_RADIO
617;1;urn:osse-91:dataelement:617:1;OUTDATED;en;Nephronophthisis;Do further members of the family suffer from the condition above ?;enumerated;enumerated;SELECT_ONE_RADIO
618;1;urn:osse-91:dataelement:618:1;OUTDATED;de;HNF1ß Neophropathie;Leidet jemand im erweiterten Familienkreis (Großeltern, Onkel/ Tanten/ Cousinen/ Cousin...) an der oben genannten Krankheit ?;enumerated;enumerated;SELECT_ONE_RADIO
503;2;urn:osse-91:dataelement:503:2;OUTDATED;de;Andere zystische Nierenerkrankung;Bitte Information zu andere zystische Nierenerkrankungen der Familiemitglieder angeben.;STRING;;
85;2;urn:osse-91:dataelement:85:2;OUTDATED;en;Result of renal biopsy;Result of renal biopsy - not transplanted kidneys.;enumerated;enumerated;SELECT_MANY_CHECKBOX
636;1;urn:osse-91:dataelement:636:1;OUTDATED;en;Course of illness;Chronological description of how the illness develops.;enumerated;enumerated;
405;3;urn:osse-91:dataelement:405:3;OUTDATED;en;Leucocytes;(.../ul);FLOAT;x;
621;1;urn:osse-91:dataelement:621:1;OUTDATED;de;Thromboyzten ;(.../ul);FLOAT;x;
622;1;urn:osse-91:dataelement:622:1;OUTDATED;en;Uric acid;(mg/dl);FLOAT;x;
623;1;urn:osse-91:dataelement:623:1;OUTDATED;de;GOT;(U/ml);FLOAT;x;
624;1;urn:osse-91:dataelement:624:1;OUTDATED;en;Alanine transaminase - ALT;(U/ml);FLOAT;x;
625;1;urn:osse-91:dataelement:625:1;OUTDATED;de;GGT;(U/ml);FLOAT;x;
626;1;urn:osse-91:dataelement:626:1;OUTDATED;en;Alkaline phosphatase ;(U/ml);FLOAT;x;
628;1;urn:osse-91:dataelement:628:1;OUTDATED;en;Magnesium;(mmol/l);FLOAT;x;
629;1;urn:osse-91:dataelement:629:1;OUTDATED;de;Ca;(mmol/l);FLOAT;x;
630;1;urn:osse-91:dataelement:630:1;OUTDATED;en;Total protein;(g/dl);FLOAT;x;
632;1;urn:osse-91:dataelement:632:1;OUTDATED;en;Albumin;(mg/dl);FLOAT;x;
934;1;urn:osse-91:dataelement:934:1;RELEASED;de;Keine pränatale Auffälligkeiten?;Keine pränatale Auffälligkeiten?;BOOLEAN;(true|false|yes|no|f|t);
655;1;urn:osse-91:dataelement:655:1;OUTDATED;en;Date of diagnosis;Indicates when hypopituitarism was first diagnosed in patient.;DATE;MM.YYYY;
656;1;urn:osse-91:dataelement:656:1;RELEASED;de;EEG Befund;Gibt den Befund des EEGs an.;enumerated;enumerated;SELECT_ONE_RADIO
660;1;urn:osse-91:dataelement:660:1;RELEASED;de;Ist der Patient am Leben ?;Ist der Patient am Leben ?;enumerated;enumerated;SELECT_ONE_RADIO
662;1;urn:osse-91:dataelement:662:1;RELEASED;en;Cause of death;Cause of death;STRING;;
659;1;urn:osse-91:dataelement:659:1;OUTDATED;de;Datum des EEGs;Gibt das Datum des durchgeführten EEGs an.;DATE;MM.YYYY;
657;1;urn:osse-91:dataelement:657:1;OUTDATED;en;Date of normal result;Indicates date of normal EEG result.;DATE;MM.YYYY;
661;1;urn:osse-91:dataelement:661:1;OUTDATED;en;Time of death;MM/JJJJ;DATE;MM.YYYY;
447;4;urn:osse-91:dataelement:447:4;OUTDATED;de;Sonstige;Sonstige Besonderheiten während der Schwangerschaft;STRING;;
663;2;urn:osse-91:dataelement:663:2;OUTDATED;de;Angabe zur Behandlung;Angabe zur Behandlung von Gestationsdiabetes;enumerated;enumerated;SELECT_ONE_RADIO
442;5;urn:osse-91:dataelement:442:5;OUTDATED;de;Angabe zur Behandlung;Angabe zur Behandlung von Gestationsdiabetes;enumerated;enumerated;SELECT_ONE_RADIO
444;2;urn:osse-91:dataelement:444:2;RELEASED;de;Weitere Besonderheiten während der Schwangerschaft ? ;Weitere Besonderheiten während der Schwangerschaft ? ;enumerated;enumerated;SELECT_ONE_RADIO
445;2;urn:osse-91:dataelement:445:2;OUTDATED;de;Welche weitere Besonderheiten während der SSW  ?;Welche weitere Besonderheiten während der SSW  ?;enumerated;enumerated;SELECT_MANY_CHECKBOX
445;3;urn:osse-91:dataelement:445:3;OUTDATED;de;Welche sind die weitere Besonderheiten während der Schwangerschaft ;Angaben zum Patient vorm Geburt;enumerated;enumerated;SELECT_MANY_CHECKBOX
438;2;urn:osse-91:dataelement:438:2;RELEASED;en;Intervention took place;Intervention took place;enumerated;enumerated;SELECT_ONE_RADIO
446;3;urn:osse-91:dataelement:446:3;OUTDATED;de;Medikamente;Welche Medikamente hat die Mutter des Patienten während der Schwangerschaft genommen ?;STRING;;
446;4;urn:osse-91:dataelement:446:4;RELEASED;en;Medication;Which medication did the patient's mother take during pregnancy ?;STRING;;
31;4;urn:osse-91:dataelement:31:4;RELEASED;en;Prenatal sonographic abnormalities;Prenatal sonographic abnormalities ?;enumerated;enumerated;SELECT_ONE_RADIO
32;5;urn:osse-91:dataelement:32:5;RELEASED;en;Details on sonographic abnormalities;Details on sonographic abnormalities.;enumerated;enumerated;SELECT_MANY_CHECKBOX
663;1;urn:osse-91:dataelement:663:1;OUTDATED;en;Information about treatment;Information about treatment of gestaional diabtes;enumerated;enumerated;SELECT_ONE_RADIO
664;1;urn:osse-91:dataelement:664:1;OUTDATED;en;Which are the other abnormalities during pregnancy ;Prenatal details about patient;enumerated;enumerated;SELECT_MANY_CHECKBOX
664;2;urn:osse-91:dataelement:664:2;OUTDATED;de;Welche sind die weitere Besonderheiten während der Schwangerschaft ;Angaben zum Patient vorm Geburt;enumerated;enumerated;SELECT_MANY_CHECKBOX
434;4;urn:osse-91:dataelement:434:4;OUTDATED;de;Phänotypbeschreibung HNF1β - Nephropathie;Beschreibt Kardinalsymtome der HNF1β - Nephropathie;enumerated;enumerated;SELECT_MANY_CHECKBOX
458;5;urn:osse-91:dataelement:458:5;OUTDATED;de;Welche renale Erkrankung(en) ?;Angabe zur renalen Erkrankung des Vaters;enumerated;enumerated;SELECT_MANY_CHECKBOX
673;1;urn:osse-91:dataelement:673:1;OUTDATED;en;Which renal disease(s) ?;Select the disease(s) from which the patient's mother suffers.;enumerated;enumerated;SELECT_MANY_CHECKBOX
505;2;urn:osse-91:dataelement:505:2;OUTDATED;de;Molekulargenetische Untersuchung durchgeführt ? ;Genetik;enumerated;enumerated;SELECT_ONE_RADIO
685;1;urn:osse-91:dataelement:685:1;OUTDATED;de;Erstmals festgestellt;Gibt das Datum an, an welchem  die Nachtblindheit erstmals aufgetreten ist.;DATE;YYYY-MM;
462;3;urn:osse-91:dataelement:462:3;RELEASED;de;Ist der Vater bereits in einem Register aufgenommen ?;Ist der Vater bereits in einem Register aufgenommen ?;enumerated;enumerated;SELECT_ONE_RADIO
665;1;urn:osse-91:dataelement:665:1;RELEASED;de;In welchem Register ist der Vater bereits aufgenommen worden ? ;Bitte Register angeben, indem der Vater bereits aufgenommen worden ist.;enumerated;enumerated;SELECT_ONE_RADIO
448;3;urn:osse-91:dataelement:448:3;OUTDATED;de;Geburtsjahr;Geburtsjahr vom Vater;INTEGER;1940<=x<=2000;
667;1;urn:osse-91:dataelement:667:1;OUTDATED;en;Year of birth;Year of birth of the mother;INTEGER;1940<=x<=2000;
677;1;urn:osse-91:dataelement:677:1;RELEASED;en;In which patient register study is the mother participating ?;Please indicate the register study in which the mother is already participating.;enumerated;enumerated;SELECT_ONE_RADIO
679;1;urn:osse-91:dataelement:679:1;RELEASED;en;Other disease(s);Is the patient's mother suffering from any other disease(s) ? ;STRING;;
47;4;urn:osse-91:dataelement:47:4;OUTDATED;de;Konsanguinität;Gibt an, ob die Eltern des Patienten miteinander blutsverwandt sind.;enumerated;enumerated;SELECT_ONE_RADIO
47;5;urn:osse-91:dataelement:47:5;RELEASED;de;Konsanguinität;Gibt an, ob die Eltern des Patienten/ der Patientin blutsverwandt sind.;enumerated;enumerated;SELECT_ONE_RADIO
435;2;urn:osse-91:dataelement:435:2;OUTDATED;en;Phenotype description of Bardet Biedl Syndrome;Phenotype description of Bardet Biedl Syndrome;enumerated;enumerated;SELECT_MANY_CHECKBOX
54;3;urn:osse-91:dataelement:54:3;OUTDATED;en;Sibling 's gender;Sibling's gender;enumerated;enumerated;SELECT_ONE_RADIO
524;2;urn:osse-91:dataelement:524:2;RELEASED;de;Besteht eine Grunderkrankung ?;Angabe zum Geschwister;enumerated;enumerated;
525;2;urn:osse-91:dataelement:525:2;RELEASED;de;Krankheiten;Angabe zu Krankheiten des Geschwisters;STRING;;
682;1;urn:osse-91:dataelement:682:1;OUTDATED;en;In which patient register study is the sibling participating ?;Please indicate the register study in which the sibling is already participating.;enumerated;enumerated;SELECT_ONE_RADIO
506;3;urn:osse-91:dataelement:506:3;RELEASED;de;Datum ;Datum der molekulargenetischen Untersuchung;DATE;YYYY-MM;
507;3;urn:osse-91:dataelement:507:3;RELEASED;de;Welches Labor ?;Labor in dem die molekulargenetische Untersuchung durchgeführt wurde;STRING;;
21;3;urn:osse-91:dataelement:21:3;OUTDATED;de;Schwangerschaftswoche;Gestationswochen bei Geburt des Patienten.;INTEGER;0<=x<=45;
21;4;urn:osse-91:dataelement:21:4;RELEASED;en;Gestation weeks at birth of patient;Weeks of pregnancy before the birth of patient.;INTEGER;0<=x<=45;
33;3;urn:osse-91:dataelement:33:3;RELEASED;en;Description of other sonographic abnormalities ;Description of other prenatal sonographic abnormalities .;STRING;;
684;1;urn:osse-91:dataelement:684:1;RELEASED;en;New results from genetic test ? ;Any new test results since the last data entry ? ;enumerated;enumerated;SELECT_ONE_RADIO
508;3;urn:osse-91:dataelement:508:3;OUTDATED;de;Art der gen. Untersuchung;Einfachauswahl;enumerated;enumerated;SELECT_ONE_RADIO
509;3;urn:osse-91:dataelement:509:3;OUTDATED;de;Zygotie;Angabe zur Zygotie bei der molekulargenentischen Untersuchung;enumerated;enumerated;SELECT_ONE_RADIO
54;4;urn:osse-91:dataelement:54:4;OUTDATED;de;Geschlecht;Geschlecht des Geschwisters;enumerated;enumerated;SELECT_ONE_RADIO
683;1;urn:osse-91:dataelement:683:1;OUTDATED;en;Participation in patient register study;Is the sibling participating in a patient register study ? ;enumerated;enumerated;SELECT_ONE_RADIO
682;2;urn:osse-91:dataelement:682:2;OUTDATED;de;In welchem Register ? ;Bitte Register angeben, indem das Geschwister bereits aufgenommen worden ist.;enumerated;enumerated;SELECT_ONE_RADIO
522;2;urn:osse-91:dataelement:522:2;OUTDATED;de;Geburtsdatum des Geschwisters;MM/JJJJ;DATE;MM.YYYY;
544;2;urn:osse-91:dataelement:544:2;OUTDATED;de;Zum ersten Mal diagnostiziert;Psychomotorische Retardierung;DATE;MM.YYYY;
528;2;urn:osse-91:dataelement:528:2;OUTDATED;de;Bitte das andere Register angeben;In welchem anderen Register wurde der Patient aufgenommen;STRING;;
668;1;urn:osse-91:dataelement:668:1;OUTDATED;en;Year of birth;Year of birth of the father;INTEGER;1930<=x<=2000;
449;3;urn:osse-91:dataelement:449:3;OUTDATED;de;Größe ;Größe vom Vater;INTEGER;0<=x<=250;
450;3;urn:osse-91:dataelement:450:3;OUTDATED;de;Gewicht;Gewicht vom Vater;INTEGER;0<=x<=250;
451;3;urn:osse-91:dataelement:451:3;OUTDATED;de;Herkunft ;Herkunft vom Vater;STRING;;
456;4;urn:osse-91:dataelement:456:4;OUTDATED;de;Renale Erkrankung ;Renale Erkrankung beim Vater ? ;enumerated;enumerated;SELECT_ONE_RADIO
460;3;urn:osse-91:dataelement:460:3;OUTDATED;de;Andere;Andere renale Erkrankung vom Vater angeben;STRING;;
666;1;urn:osse-91:dataelement:666:1;OUTDATED;de;In welchem anderen Register wurde der Vater aufgenommen;Angabe zu anderen Krankheiten des Vaters.;STRING;;
464;3;urn:osse-91:dataelement:464:3;OUTDATED;de;Sonstige Krankheiten;Sonstige Krankheiten des Vaters.;STRING;;
669;1;urn:osse-91:dataelement:669:1;OUTDATED;de;Geburtsjahr;Geburtsjahr von der Mutter;INTEGER;1930<=x<=2000;
670;1;urn:osse-91:dataelement:670:1;OUTDATED;en;Height;Height of the mother in cm;INTEGER;0<=x<=250;
674;1;urn:osse-91:dataelement:674:1;OUTDATED;en;Ethnicity;Ethnicity of the mother;STRING;;
672;1;urn:osse-91:dataelement:672:1;OUTDATED;en;Renal disease;Does the patient's mother suffer from any renal disease ? ;enumerated;enumerated;SELECT_ONE_RADIO
675;1;urn:osse-91:dataelement:675:1;OUTDATED;en;Other;Please specify about other renal disease(s) of the patient's mother.;STRING;;
676;1;urn:osse-91:dataelement:676:1;OUTDATED;en;Is the mother participating in a patient register study ? ;Is the mother participating in a patient register study ? ;enumerated;enumerated;SELECT_ONE_RADIO
680;1;urn:osse-91:dataelement:680:1;OUTDATED;de;Grad der Konsanguinität;In wiefern sind die Eltern verwandt ?;STRING;;
678;1;urn:osse-91:dataelement:678:1;OUTDATED;en;Please specify the other patient register study;Patient register study in which the mother is participating other then the ones mentioned.;STRING;;
543;2;urn:osse-91:dataelement:543:2;OUTDATED;de;Zum ersten Mal diagnostiziert;Muskuläre Hypotonie;DATE;MM.YYYY;
547;2;urn:osse-91:dataelement:547:2;OUTDATED;de;Störung der Impulskontrolle;Ja/Nein/kA;enumerated;enumerated;
543;3;urn:osse-91:dataelement:543:3;OUTDATED;en;First occurred;First occurrence of muscular hypotonia;DATE;MM.YYYY;
549;2;urn:osse-91:dataelement:549:2;OUTDATED;de;Erstmals festgestellt;Wann wurde zum ersten Mal Störung der Impulskontrolle festgestellt ? ;DATE;MM.YYYY;
329;1;urn:osse-91:dataelement:329:1;OUTDATED;en;Renal transplantation;Indicates whether patient had renal transplantation.;enumerated;enumerated;SELECT_ONE_RADIO
319;2;urn:osse-91:dataelement:319:2;OUTDATED;de;Methode der Kreatininmessung;Bitte die Methode der Kreatininmessung angeben.;enumerated;enumerated;
509;4;urn:osse-91:dataelement:509:4;OUTDATED;en;Mode of inheritance;Mode of inheritance;enumerated;enumerated;SELECT_ONE_RADIO
508;4;urn:osse-91:dataelement:508:4;OUTDATED;en;Which method was used ?;Method used in the genetic test;enumerated;enumerated;SELECT_ONE_RADIO
686;1;urn:osse-91:dataelement:686:1;OUTDATED;en;Gene;OMIM reference to found gene;STRING;;
329;2;urn:osse-91:dataelement:329:2;OUTDATED;de;Nierentransplantation;Gibt an ob dem Patient/der Patientin neue Niere transplantiert wurde.;enumerated;enumerated;SELECT_ONE_RADIO
533;2;urn:osse-91:dataelement:533:2;OUTDATED;de;Harnkontinent in welchem Alter ? ;Angabe zu Enuresis nocturna;INTEGER;0<=x<=100;
532;2;urn:osse-91:dataelement:532:2;OUTDATED;de;Enuresis nocturna > 6.Lebensjahr;Enuresis nocturna nach dem 6.Lebensjahr ? ;enumerated;enumerated;SELECT_ONE_RADIO
687;1;urn:osse-91:dataelement:687:1;OUTDATED;de;Rezidivierende HWI;Angabe zu renale Symptome;enumerated;enumerated;SELECT_ONE_RADIO
548;2;urn:osse-91:dataelement:548:2;OUTDATED;de;Autistische Verhaltenszüge;Ja/Nein/kA;enumerated;enumerated;
688;1;urn:osse-91:dataelement:688:1;RELEASED;de;eGFR;Gibt die GFR an einem bestimmten Datum an - wird automatisch berechnet.;FLOAT;0<=x<=300;
548;3;urn:osse-91:dataelement:548:3;OUTDATED;en;Autism spectrum disorder;Does the patient suffer from autism spectrum disorder ?;enumerated;enumerated;
689;1;urn:osse-91:dataelement:689:1;RELEASED;de;Geschlecht;Gibt das Geschlecht des Patienten/der Patientin an.;enumerated;enumerated;SELECT_ONE_RADIO
690;1;urn:osse-91:dataelement:690:1;OUTDATED;de;Datum;Datum der Messung;DATE;MM.YYYY;
553;3;urn:osse-91:dataelement:553:3;RELEASED;en;Diabetes mellitus type;Indicates the type of diabetes mellitus;enumerated;enumerated;SELECT_ONE_RADIO
694;1;urn:osse-91:dataelement:694:1;RELEASED;en;Other dysmorphic features ;Specifics to other  dysmorphic features;STRING;;
696;1;urn:osse-91:dataelement:696:1;OUTDATED;de;LH ;LH   - Wert an bestimmtem Zeitpunkt.;FLOAT;x;
619;1;urn:osse-91:dataelement:619:1;OUTDATED;de;Andere zystische Nierenerkrankung ;Ist eine andere zystische Nierenerkrankung vorhanden ?;enumerated;enumerated;
540;1;urn:osse-91:dataelement:540:1;OUTDATED;de;Seit wann wurde Fundus hypertonicus diagnostiziert ?;Ja angekreutzt;DATE;MM.YYYY;
690;2;urn:osse-91:dataelement:690:2;OUTDATED;en;Date;Date of measurement;DATE;MM.YYYY;
596;2;urn:osse-91:dataelement:596:2;OUTDATED;de;Datum der Urinprobe;Wann wurde Urinprobe entnommen ?;DATE;MM.YYYY;
597;2;urn:osse-91:dataelement:597:2;OUTDATED;en;Date of nasal mucosa sample;When has the  nasal mucosa sample been taken ?;DATE;MM.YYYY;
692;1;urn:osse-91:dataelement:692:1;OUTDATED;en;Date of ACE-inhibitor therapy;When did the therepy took place ? ;DATE;MM.YYYY;
693;1;urn:osse-91:dataelement:693:1;OUTDATED;de;Datum für AT1-Rezeptorantagonist- Therapie;Wann hat die Therapie stattgefunden ? ;DATE;MM.YYYY;
319;3;urn:osse-91:dataelement:319:3;OUTDATED;en;Method of creatinine measurement;Please indicate the method of creatinine measurement.;enumerated;enumerated;
696;2;urn:osse-91:dataelement:696:2;OUTDATED;en;Testosterone;Testosterone value at certain date.;FLOAT;x;
619;2;urn:osse-91:dataelement:619:2;OUTDATED;en;Any other cystic kidney disease ;Do family members of the patient suffer from any other cystic kidney disease ? ;enumerated;enumerated;SELECT_ONE_RADIO
687;2;urn:osse-91:dataelement:687:2;OUTDATED;en;Recurrent urinary tract infections;Does the patient suffer from recurrent urinary tract infections ? ;enumerated;enumerated;SELECT_ONE_RADIO
581;2;urn:osse-91:dataelement:581:2;OUTDATED;de;Kommen noch andere Symptome vor ?;Ja/Nein/kA;enumerated;enumerated;SELECT_ONE_RADIO
539;2;urn:osse-91:dataelement:539:2;OUTDATED;de;Fundus hypertonicus;Ja/Nein/kA;enumerated;enumerated;SELECT_ONE_RADIO
540;2;urn:osse-91:dataelement:540:2;OUTDATED;de;Seit wann wurde Fundus Hypertonicus diagnostiziert ?;Zeitpunkt andem Fundus Hypertonicus diagnostiziert wurde.;DATE;MM.YYYY;
548;4;urn:osse-91:dataelement:548:4;OUTDATED;de;Autistische Verhaltenszüge;Ja/Nein/kA;enumerated;enumerated;SELECT_ONE_RADIO
547;3;urn:osse-91:dataelement:547:3;OUTDATED;en;Disorder of impulse control;Does the patient suffer from disorder of impulse control ?;enumerated;enumerated;SELECT_ONE_RADIO
569;2;urn:osse-91:dataelement:569:2;OUTDATED;de;Persistentes Schnarchen;Ja/Nein/kA;enumerated;enumerated;SELECT_ONE_RADIO
591;2;urn:osse-91:dataelement:591:2;OUTDATED;de;Bestehen Auffälligkeiten der weiblichen Geschlechtsorgane ? ;Ja/Nein/kA;enumerated;enumerated;SELECT_ONE_RADIO
422;2;urn:osse-91:dataelement:422:2;OUTDATED;de;TSH;TSH - Wert an bestimmtem Zeitpunkt.;FLOAT;x;
695;1;urn:osse-91:dataelement:695:1;OUTDATED;en;fT4 ;fT4  value at certain date.;FLOAT;x;
702;1;urn:osse-91:dataelement:702:1;OUTDATED;en;LH ;LH  value at certain date.;FLOAT;x;
697;1;urn:osse-91:dataelement:697:1;OUTDATED;de;Estradiol ;Estradiol  - Wert an bestimmtem Zeitpunkt.;FLOAT;x;
698;1;urn:osse-91:dataelement:698:1;OUTDATED;en;IGF1 ;IGF1   value at certain date.;FLOAT;x;
699;1;urn:osse-91:dataelement:699:1;OUTDATED;de;IGFBP-3 ;IGFBP-3   - Wert an bestimmtem Zeitpunkt.;FLOAT;x;
700;1;urn:osse-91:dataelement:700:1;OUTDATED;en;Insulin;Insulin  value at certain date.;FLOAT;x;
701;1;urn:osse-91:dataelement:701:1;OUTDATED;de;C-Peptide;C-Peptide  - Wert an bestimmtem Zeitpunkt.;FLOAT;x;
691;1;urn:osse-91:dataelement:691:1;OUTDATED;en;How much ?;Data from measurement;FLOAT;x;
709;1;urn:osse-91:dataelement:709:1;RELEASED;de;Art der Hörminderung;Art der Hörminderung;enumerated;enumerated;SELECT_MANY_CHECKBOX
116;2;urn:osse-91:dataelement:116:2;OUTDATED;de;Behandlung der arteriellen Hypertonie;Gibt die Therapie der arteriellen Hypertonie an.;enumerated;enumerated;SELECT_MANY_CHECKBOX
116;3;urn:osse-91:dataelement:116:3;RELEASED;en;Treatment of arterial hypertension;Therapy of arterial hypertension.;enumerated;enumerated;SELECT_MANY_CHECKBOX
117;2;urn:osse-91:dataelement:117:2;OUTDATED;de;Seit wann ?  (ACE-Inhibitor);Gibt das Datum an, seit dem ACE - Hemmer zur Therapie der arteriellen Hypertonie eingesetzt werden.;DATE;YYYY-MM;
118;2;urn:osse-91:dataelement:118:2;OUTDATED;en;Since when ? (Beta-Blocker);Indicates date since when beta-blockers were used in treatment of arterial hypertension.;DATE;YYYY-MM;
121;2;urn:osse-91:dataelement:121:2;OUTDATED;de;Seit wann ? (Calciumantagonist);Gibt das Datum an, seit dem ein Calciumantagonist zur Therapie der arteriellen Hypertonie eingesetzt wird.;DATE;YYYY-MM;
120;2;urn:osse-91:dataelement:120:2;OUTDATED;en;Since when? (diuretics);Indicates date since when diuretics are used in treatment of arterial hypertension.;DATE;YYYY-MM;
119;2;urn:osse-91:dataelement:119:2;OUTDATED;de;Seit wann ? (AT1);Gibt das Datum an, seit dem AT1-Rezeptorantagonisten zur Therapie der arteriellen Hypertonie eingesetzt werden.;DATE;YYYY-MM;
704;1;urn:osse-91:dataelement:704:1;OUTDATED;de;Erstmals aufgetreten;Gibt das Datum an, an welchem rezidivierende Atamwegsinfekte/ -obstruktionen aufgetreten ist.;DATE;MM.YYYY;
705;1;urn:osse-91:dataelement:705:1;OUTDATED;en;First noticed ; Indicates when asthma bronchiale first occured.;DATE;MM.YYYY;
706;1;urn:osse-91:dataelement:706:1;OUTDATED;de;Erstmals aufgetreten;Gibt das Datum an, an welchem Polyposis nasi aufgetreten ist.;DATE;MM.YYYY;
703;1;urn:osse-91:dataelement:703:1;OUTDATED;en;Another ciliopathy;Does your patient rather suffer from another syndromic ciliopathy?;enumerated;enumerated;SELECT_ONE_RADIO
707;1;urn:osse-91:dataelement:707:1;OUTDATED;de;Erstmals aufgetreten;Gibt das Datum an, an welchem Tagesmüdigkeit aufgetreten ist.;DATE;YYYY-MM;
708;1;urn:osse-91:dataelement:708:1;OUTDATED;de;Erstmals aufgetreten;Gibt das Datum an, an welchem persistentes Schnarchen  erstmals aufgetreten ist.;DATE;YYYY-MM;
117;3;urn:osse-91:dataelement:117:3;OUTDATED;en;Since when ? (ACE-Inhibitor);Indicates the begin of treatment with  ACE - inhibitor;DATE;YYYY-MM;
117;4;urn:osse-91:dataelement:117:4;OUTDATED;en;Since;Indicates date since which AT1- receptor antagonists are used  to treat arterial hypertension.;DATE;YYYY-MM;
118;3;urn:osse-91:dataelement:118:3;OUTDATED;de;Seit ;Gibt das Datum an, seit dem Beta-Blocker eingesetzt worden ist.;DATE;YYYY-MM;
121;3;urn:osse-91:dataelement:121:3;OUTDATED;en;Since ;Indicates the date since which  calcium antagonists are used in treatment.;DATE;YYYY-MM;
711;1;urn:osse-91:dataelement:711:1;RELEASED;de;Ist die Therapie kontinuierlich fortbestehend ? ;Stand der Therapie;enumerated;enumerated;SELECT_ONE_RADIO
600;2;urn:osse-91:dataelement:600:2;RELEASED;en;Was the treatment restarted ? ;Status of erythropoietin treatment;enumerated;enumerated;SELECT_ONE_RADIO
714;1;urn:osse-91:dataelement:714:1;RELEASED;de;Wurde die Therapie wieder aufgenommen ? ;Stand der Therapie;enumerated;enumerated;SELECT_ONE_RADIO
716;1;urn:osse-91:dataelement:716:1;OUTDATED;en;Is the treatment ongoing ? ;Status of erythropoietin  treatment;enumerated;enumerated;SELECT_ONE_RADIO
716;2;urn:osse-91:dataelement:716:2;RELEASED;de;Ist die Therapie kontinuierlich fortbestehend ? ;Stand der Therapie;enumerated;enumerated;SELECT_ONE_RADIO
719;1;urn:osse-91:dataelement:719:1;RELEASED;en;Was the treatment restarted ? ;Status of insulin treatment;enumerated;enumerated;SELECT_ONE_RADIO
721;1;urn:osse-91:dataelement:721:1;RELEASED;en;Mutation;Patient's gene mutation ;enumerated;enumerated;SELECT_ONE_RADIO
712;1;urn:osse-91:dataelement:712:1;OUTDATED;de;Beginn;Beginnzeit der Therapie;DATE;MM.YYYY;
601;2;urn:osse-91:dataelement:601:2;OUTDATED;de;Therapie wieder aufgenommen seit;Datum an dem die Therapie wieder aufgenommen worden ist.;DATE;MM.YYYY;
713;1;urn:osse-91:dataelement:713:1;OUTDATED;de;Therapie wieder aufgenommen seit;Datum an dem die Therapie wieder aufgenommen worden ist.;DATE;MM.YYYY;
718;1;urn:osse-91:dataelement:718:1;OUTDATED;en;Treatment restarted since;Date at which insulin treatment was restarted.;DATE;MM.YYYY;
602;2;urn:osse-91:dataelement:602:2;OUTDATED;en;Treatment ended since;Date at which the erythropoietin  treatment ended.;DATE;MM.YYYY;
715;1;urn:osse-91:dataelement:715:1;OUTDATED;de;Therapie beendet seit;Datum an dem die Therapie beendet worden ist.;DATE;MM.YYYY;
717;1;urn:osse-91:dataelement:717:1;OUTDATED;en;Starting date;Starting date of the insulin  treatment;DATE;MM.YYYY;
720;1;urn:osse-91:dataelement:720:1;OUTDATED;en;Treatment ended since;Date at which the insulin  treatment ended.;DATE;MM.YYYY;
118;4;urn:osse-91:dataelement:118:4;OUTDATED;en;Since;Indicates date since which beta-blockers were used in treatment.;DATE;YYYY-MM;
710;1;urn:osse-91:dataelement:710:1;OUTDATED;de;Seit ;Gibt das Datum an, seit dem ACE-Hemmer eingesetzt worden sind.;DATE;YYYY-MM;
117;5;urn:osse-91:dataelement:117:5;OUTDATED;de;Seit ;Gibt das Datum an, seit dem AT1-Rezeptorantagonisten eingesetzt worden sind.;DATE;YYYY-MM;
120;3;urn:osse-91:dataelement:120:3;OUTDATED;de;Seit ;Gibt das Datum an, an dem die Therapie mit Diuretikum anfängt.;DATE;YYYY-MM;
121;4;urn:osse-91:dataelement:121:4;OUTDATED;de;Seit;Gibt das Datum an, an dem ein Calciumantagonisten eingesetzt worden sind.;DATE;YYYY-MM;
601;3;urn:osse-91:dataelement:601:3;OUTDATED;en;Treatment restarted since;Date at which erythropoietin treatment was restarted.;DATE;MM.YYYY;
724;1;urn:osse-91:dataelement:724:1;OUTDATED;en;Allele 1 ;Heterozygot c;STRING;;
725;1;urn:osse-91:dataelement:725:1;OUTDATED;de;Allele 1;Heterozygot p;STRING;;
727;1;urn:osse-91:dataelement:727:1;OUTDATED;de;Allel 2;Heterozygot p;STRING;;
726;1;urn:osse-91:dataelement:726:1;OUTDATED;en;Allele 2;Heterozygot c;STRING;;
724;2;urn:osse-91:dataelement:724:2;OUTDATED;de;Allele 1;Heterozygot c;STRING;;
724;3;urn:osse-91:dataelement:724:3;OUTDATED;en;Allele 1 ;Heterozygot c;STRING;;
724;4;urn:osse-91:dataelement:724:4;OUTDATED;en;Allele 1 ;Heterozygot c;STRING;;
725;2;urn:osse-91:dataelement:725:2;OUTDATED;en;Allele 1 ;Heterozygot p;STRING;;
722;1;urn:osse-91:dataelement:722:1;OUTDATED;en;Specifics;Homozygot  c;STRING;;
723;1;urn:osse-91:dataelement:723:1;OUTDATED;de;Details;Homozygot p;STRING;;
724;5;urn:osse-91:dataelement:724:5;OUTDATED;de;Allele 1;"Heterozygot, ""c_______p________""";STRING;;
724;6;urn:osse-91:dataelement:724:6;OUTDATED;en;Homozygot;"Homozygot, ""c_______p________""";STRING;;
733;1;urn:osse-91:dataelement:733:1;OUTDATED;en;Allele 1 ;"Heterozygot, ""c_______p________""";STRING;;
725;3;urn:osse-91:dataelement:725:3;OUTDATED;de;Allel 1;"Compound heterozygot, ""c_______p________""";STRING;;
728;1;urn:osse-91:dataelement:728:1;OUTDATED;en;Allele 2;"Compound heterozygot, ""c_______p________""";STRING;;
730;1;urn:osse-91:dataelement:730:1;OUTDATED;en;Comment;Comment about homozygot mutation;STRING;;
726;2;urn:osse-91:dataelement:726:2;OUTDATED;de;Allel 2;Heterozygot;STRING;;
732;1;urn:osse-91:dataelement:732:1;OUTDATED;en;Comment;Comment about compound heterozygot mutation;STRING;;
731;1;urn:osse-91:dataelement:731:1;OUTDATED;de;Kommentar;Kommentar zur heterozygotischen Mutation;STRING;;
729;1;urn:osse-91:dataelement:729:1;OUTDATED;en;Deletion;Deletion;STRING;;
935;1;urn:osse-91:dataelement:935:1;RELEASED;de;Keine Polydipsy?;Keine Polydipsy?;BOOLEAN;(true|false|yes|no|f|t);
936;1;urn:osse-91:dataelement:936:1;RELEASED;de;Ergebnis der molekulargenetischen Untersuchung?;Ergebnis der molekulargenetischen Untersuchung?;STRING;;
937;1;urn:osse-91:dataelement:937:1;RELEASED;de;(Nephreg) Konsanguinität;(Nephreg) Konsanguinität;STRING;;
944;1;urn:osse-91:dataelement:944:1;RELEASED;de;(Nephreg) Teilnahmedatum;(Nephreg) Teilnahmedatum;STRING;;
950;1;urn:osse-91:dataelement:950:1;RELEASED;de;(Nephreg) Pränatale Auffälligkeiten - Potter-Sequenz;(Nephreg) Pränatale Auffälligkeiten - Potter-Sequenz;STRING;;
957;1;urn:osse-91:dataelement:957:1;RELEASED;de;(Nephreg) Auffälligkeiten als Säugling/Kleinkind - kong. Leber-Amaurose;(Nephreg) Auffälligkeiten als Säugling/Kleinkind - kong. Leber-Amaurose;STRING;;
964;1;urn:osse-91:dataelement:964:1;RELEASED;de;(Nephreg) Auffälligkeiten als Säugling/Kleinkind - Anderweitige;(Nephreg) Auffälligkeiten als Säugling/Kleinkind - Anderweitige;STRING;;
971;1;urn:osse-91:dataelement:971:1;RELEASED;de;(Nephreg) Senior-Løken-Syndrom - Störung des Farbsehens;(Nephreg) Senior-Løken-Syndrom - Störung des Farbsehens;STRING;;
977;1;urn:osse-91:dataelement:977:1;RELEASED;de;(Nephreg) Joubert-Syndrom - Mentale Retardierung;(Nephreg) Joubert-Syndrom - Mentale Retardierung;STRING;;
984;1;urn:osse-91:dataelement:984:1;RELEASED;de;(Nephreg) Bardet-Biedl-Syndrom - Hexadaktylie;(Nephreg) Bardet-Biedl-Syndrom - Hexadaktylie;STRING;;
991;1;urn:osse-91:dataelement:991:1;RELEASED;de;(Nephreg) Jeune-Syndrom - Kleinwuchs;(Nephreg) Jeune-Syndrom - Kleinwuchs;STRING;;
998;1;urn:osse-91:dataelement:998:1;RELEASED;de;(Nephreg) Ellis-van-Crefeld-Syndrom - Herzfehler;(Nephreg) Ellis-van-Crefeld-Syndrom - Herzfehler;STRING;;
1005;1;urn:osse-91:dataelement:1005:1;RELEASED;de;(Nephreg) chronisches Nierenversagen seit dem;(Nephreg) chronisches Nierenversagen seit dem;STRING;;
1011;1;urn:osse-91:dataelement:1011:1;RELEASED;de;(Nephreg) Nierentransplantation Transplantationstyp;(Nephreg) Nierentransplantation Transplantationstyp;STRING;;
1021;1;urn:osse-91:dataelement:1021:1;RELEASED;de;(Nephreg) Wurde bereits eine Nierenbiopsie/Histologie durchgeführt?;(Nephreg) Wurde bereits eine Nierenbiopsie/Histologie durchgeführt?;STRING;;
1027;1;urn:osse-91:dataelement:1027:1;RELEASED;de;(Nephreg) Nierenbiopsie Ergebnis - periglomeruläre Fibrose;(Nephreg) Nierenbiopsie Ergebnis - periglomeruläre Fibrose;STRING;;
1032;1;urn:osse-91:dataelement:1032:1;RELEASED;de;(Nephreg) Leberbiopsie - Institut;(Nephreg) Leberbiopsie - Institut;STRING;;
1042;1;urn:osse-91:dataelement:1042:1;RELEASED;de;(Nephreg) Nierenfunktion - GFR (ml/min/m²) (nach Schwartz);(Nephreg) Nierenfunktion - GFR (ml/min/m²) (nach Schwartz);STRING;;
1046;1;urn:osse-91:dataelement:1046:1;RELEASED;de;(Nephreg) nächtlicher Durst - Datum;(Nephreg) nächtlicher Durst - Datum;STRING;;
1051;1;urn:osse-91:dataelement:1051:1;RELEASED;de;(Nephreg) Proteinurie (> 150mg/d) - erfolgreich behandelt;(Nephreg) Proteinurie (> 150mg/d) - erfolgreich behandelt;STRING;;
1055;1;urn:osse-91:dataelement:1055:1;RELEASED;de;(Nephreg) Renale Azidose;(Nephreg) Renale Azidose;STRING;;
1059;1;urn:osse-91:dataelement:1059:1;RELEASED;de;(Nephreg) Renale Osteopathie - Datum;(Nephreg) Renale Osteopathie - Datum;STRING;;
1063;1;urn:osse-91:dataelement:1063:1;RELEASED;de;(Nephreg) Anämie - Datum;(Nephreg) Anämie - Datum;STRING;;
1067;1;urn:osse-91:dataelement:1067:1;RELEASED;de;(Nephreg) Ödeme;(Nephreg) Ödeme;STRING;;
1071;1;urn:osse-91:dataelement:1071:1;RELEASED;de;(Nephreg) Gedeihstörung - Datum;(Nephreg) Gedeihstörung - Datum;STRING;;
1075;1;urn:osse-91:dataelement:1075:1;RELEASED;de;(Nephreg) Kleinwuchs (< 3. Perzentile) - erfolgreich behandelt;(Nephreg) Kleinwuchs (< 3. Perzentile) - erfolgreich behandelt;STRING;;
938;1;urn:osse-91:dataelement:938:1;RELEASED;de;(Nephreg) Land des Vaters;(Nephreg) Land des Vaters;STRING;;
951;1;urn:osse-91:dataelement:951:1;RELEASED;de;(Nephreg) Pränatale Auffälligkeiten - Nierenaplasie-/hypoplasie-/dysplasie;(Nephreg) Pränatale Auffälligkeiten - Nierenaplasie-/hypoplasie-/dysplasie;STRING;;
958;1;urn:osse-91:dataelement:958:1;RELEASED;de;(Nephreg) Auffälligkeiten als Säugling/Kleinkind - Gedeihstörung;(Nephreg) Auffälligkeiten als Säugling/Kleinkind - Gedeihstörung;STRING;;
965;1;urn:osse-91:dataelement:965:1;RELEASED;de;(Nephreg) Besteht eine isolierte Nephronophthise ohne extrarenale Symptome?;(Nephreg) Besteht eine isolierte Nephronophthise ohne extrarenale Symptome?;STRING;;
972;1;urn:osse-91:dataelement:972:1;RELEASED;de;(Nephreg) Senior-Løken-Syndrom - Nachtblindheit;(Nephreg) Senior-Løken-Syndrom - Nachtblindheit;STRING;;
978;1;urn:osse-91:dataelement:978:1;RELEASED;de;(Nephreg) Joubert-Syndrom - Kleinhirnwurmaplasie;(Nephreg) Joubert-Syndrom - Kleinhirnwurmaplasie;STRING;;
985;1;urn:osse-91:dataelement:985:1;RELEASED;de;(Nephreg) Bardet-Biedl-Syndrom - Hypogenitalismus;(Nephreg) Bardet-Biedl-Syndrom - Hypogenitalismus;STRING;;
992;1;urn:osse-91:dataelement:992:1;RELEASED;de;(Nephreg) Jeune-Syndrom - Retinopathie;(Nephreg) Jeune-Syndrom - Retinopathie;STRING;;
999;1;urn:osse-91:dataelement:999:1;RELEASED;de;(Nephreg) RHYNS-Syndrom;(Nephreg) RHYNS-Syndrom;STRING;;
1006;1;urn:osse-91:dataelement:1006:1;RELEASED;de;(Nephreg) Dialyse Beginn;(Nephreg) Dialyse Beginn;STRING;;
1012;1;urn:osse-91:dataelement:1012:1;RELEASED;de;(Nephreg) Nierentransplantation Organspender;(Nephreg) Nierentransplantation Organspender;STRING;;
1017;1;urn:osse-91:dataelement:1017:1;RELEASED;de;(Nephreg) Wurde eine molekulargenetische Untersuchung durchgeführt?;(Nephreg) Wurde eine molekulargenetische Untersuchung durchgeführt?;STRING;;
1022;1;urn:osse-91:dataelement:1022:1;RELEASED;de;(Nephreg) Nierenbiopsie - Datum;(Nephreg) Nierenbiopsie - Datum;STRING;;
1028;1;urn:osse-91:dataelement:1028:1;RELEASED;de;(Nephreg) Nierenbiopsie Ergebnis - peritubuläre Lymphozyteninfiltrate;(Nephreg) Nierenbiopsie Ergebnis - peritubuläre Lymphozyteninfiltrate;STRING;;
1033;1;urn:osse-91:dataelement:1033:1;RELEASED;de;(Nephreg) Leberbiopsie - keine Auffälligkeit;(Nephreg) Leberbiopsie - keine Auffälligkeit;STRING;;
1038;1;urn:osse-91:dataelement:1038:1;RELEASED;de;(Nephreg) Nierenfunktion - Datum;(Nephreg) Nierenfunktion - Datum;STRING;;
1047;1;urn:osse-91:dataelement:1047:1;RELEASED;de;(Nephreg) Störung der Urinkonzentrierung;(Nephreg) Störung der Urinkonzentrierung;STRING;;
1052;1;urn:osse-91:dataelement:1052:1;RELEASED;de;(Nephreg) Hämaturie;(Nephreg) Hämaturie;STRING;;
1056;1;urn:osse-91:dataelement:1056:1;RELEASED;de;(Nephreg) Renale Azidose - Datum;(Nephreg) Renale Azidose - Datum;STRING;;
1060;1;urn:osse-91:dataelement:1060:1;RELEASED;de;(Nephreg) Renale Osteopathie - erfolgreich behandelt;(Nephreg) Renale Osteopathie - erfolgreich behandelt;STRING;;
1064;1;urn:osse-91:dataelement:1064:1;RELEASED;de;(Nephreg) art. Hypertonie (> 95. Perzentile);(Nephreg) art. Hypertonie (> 95. Perzentile);STRING;;
1068;1;urn:osse-91:dataelement:1068:1;RELEASED;de;(Nephreg) Ödeme - Datum;(Nephreg) Ödeme - Datum;STRING;;
1072;1;urn:osse-91:dataelement:1072:1;RELEASED;de;(Nephreg) Gedeihstörung - erfolgreich behandelt;(Nephreg) Gedeihstörung - erfolgreich behandelt;STRING;;
1076;1;urn:osse-91:dataelement:1076:1;RELEASED;de;(Nephreg) Aufgefallen im Rahmen einer Familienuntersuchung?;(Nephreg) Aufgefallen im Rahmen einer Familienuntersuchung?;STRING;;
1079;1;urn:osse-91:dataelement:1079:1;RELEASED;de;(Nephreg) Hepatosplenomegalie - Datum;(Nephreg) Hepatosplenomegalie - Datum;STRING;;
1082;1;urn:osse-91:dataelement:1082:1;RELEASED;de;(Nephreg) Cholestase (konj. Bilirubin > 1,0mg/dl);(Nephreg) Cholestase (konj. Bilirubin > 1,0mg/dl);STRING;;
1085;1;urn:osse-91:dataelement:1085:1;RELEASED;de;(Nephreg) Leukozytopenie (< 4000/μl) - Datum;(Nephreg) Leukozytopenie (< 4000/μl) - Datum;STRING;;
1088;1;urn:osse-91:dataelement:1088:1;RELEASED;de;(Nephreg) Aszites;(Nephreg) Aszites;STRING;;
1091;1;urn:osse-91:dataelement:1091:1;RELEASED;de;(Nephreg) Pruritus - Datum;(Nephreg) Pruritus - Datum;STRING;;
1094;1;urn:osse-91:dataelement:1094:1;RELEASED;de;(Nephreg) Anderweitige Symptome Leber - Datum;(Nephreg) Anderweitige Symptome Leber - Datum;STRING;;
1096;1;urn:osse-91:dataelement:1096:1;RELEASED;de;(Nephreg) Auffälliger Augenhintergrund;(Nephreg) Auffälliger Augenhintergrund;STRING;;
1099;1;urn:osse-91:dataelement:1099:1;RELEASED;de;(Nephreg) Visus rechts;(Nephreg) Visus rechts;STRING;;
1102;1;urn:osse-91:dataelement:1102:1;RELEASED;de;(Nephreg) Nystagmus - Datum;(Nephreg) Nystagmus - Datum;STRING;;
1105;1;urn:osse-91:dataelement:1105:1;RELEASED;de;(Nephreg) Tapeto-retinale Degeneration;(Nephreg) Tapeto-retinale Degeneration;STRING;;
1108;1;urn:osse-91:dataelement:1108:1;RELEASED;de;(Nephreg) Okulomotorische Apraxie - Datum;(Nephreg) Okulomotorische Apraxie - Datum;STRING;;
1111;1;urn:osse-91:dataelement:1111:1;RELEASED;de;(Nephreg) Eingeschränkte Augenbewegung;(Nephreg) Eingeschränkte Augenbewegung;STRING;;
1114;1;urn:osse-91:dataelement:1114:1;RELEASED;de;(Nephreg) Anderweitige Symptome Augen - Symptom;(Nephreg) Anderweitige Symptome Augen - Symptom;STRING;;
1116;1;urn:osse-91:dataelement:1116:1;RELEASED;de;(Nephreg) Ataxie - Datum;(Nephreg) Ataxie - Datum;STRING;;
1119;1;urn:osse-91:dataelement:1119:1;RELEASED;de;(Nephreg) Kleinhirnwurmhyplasie-/aplasie;(Nephreg) Kleinhirnwurmhyplasie-/aplasie;STRING;;
1122;1;urn:osse-91:dataelement:1122:1;RELEASED;de;(Nephreg) Krampfanfälle - Datum;(Nephreg) Krampfanfälle - Datum;STRING;;
1127;1;urn:osse-91:dataelement:1127:1;RELEASED;de;(Nephreg) Rez. pulmonale Infektion;(Nephreg) Rez. pulmonale Infektion;STRING;;
1130;1;urn:osse-91:dataelement:1130:1;RELEASED;de;(Nephreg) Rez. Atemwegsobstruktion - Datum;(Nephreg) Rez. Atemwegsobstruktion - Datum;STRING;;
1132;1;urn:osse-91:dataelement:1132:1;RELEASED;de;(Nephreg) Anderweitige Symptome (bronchial/HNO-Bereich) - Symptom;(Nephreg) Anderweitige Symptome (bronchial/HNO-Bereich) - Symptom;STRING;;
1134;1;urn:osse-91:dataelement:1134:1;RELEASED;de;(Nephreg) Nierensonographie - Patientengewicht (kg);(Nephreg) Nierensonographie - Patientengewicht (kg);STRING;;
1137;1;urn:osse-91:dataelement:1137:1;RELEASED;de;(Nephreg) Nierensonographie - Quer 2 (cm) rechts;(Nephreg) Nierensonographie - Quer 2 (cm) rechts;STRING;;
1140;1;urn:osse-91:dataelement:1140:1;RELEASED;de;(Nephreg) Nierensonographie - Quer 1 (cm) links;(Nephreg) Nierensonographie - Quer 1 (cm) links;STRING;;
1143;1;urn:osse-91:dataelement:1143:1;RELEASED;de;(Nephreg) Nierensonographie - Nierenparenchym;(Nephreg) Nierensonographie - Nierenparenchym;STRING;;
892;1;urn:osse-91:dataelement:892:1;OUTDATED;de;Besteht/bestand eine Teilnahme an anderen Forschungs-Studien/Patienten-Registern?;Besteht/bestand eine Teilnahme an anderen Forschungs-Studien/Patienten-Registern?;BOOLEAN;(true|false|yes|no|f|t);
893;1;urn:osse-91:dataelement:893:1;RELEASED;de;Organspender;Organspender;enumerated;enumerated;
894;1;urn:osse-91:dataelement:894:1;RELEASED;de;Liegt chronisches Nierenversagen vor?;Liegt chronisches Nierenversagen vor?;BOOLEAN;(true|false|yes|no|f|t);
939;1;urn:osse-91:dataelement:939:1;RELEASED;de;(Nephreg) Land der Mutter;(Nephreg) Land der Mutter;STRING;;
945;1;urn:osse-91:dataelement:945:1;RELEASED;de;(Nephreg) Pränatale Auffälligkeiten - keine Angaben;(Nephreg) Pränatale Auffälligkeiten - keine Angaben;STRING;;
952;1;urn:osse-91:dataelement:952:1;RELEASED;de;(Nephreg) Pränatale Auffälligkeiten - Anderweitige;(Nephreg) Pränatale Auffälligkeiten - Anderweitige;STRING;;
959;1;urn:osse-91:dataelement:959:1;RELEASED;de;(Nephreg) Auffälligkeiten als Säugling/Kleinkind - art. Hypertonie;(Nephreg) Auffälligkeiten als Säugling/Kleinkind - art. Hypertonie;STRING;;
966;1;urn:osse-91:dataelement:966:1;RELEASED;de;(Nephreg) Senior-Løken-Syndrom;(Nephreg) Senior-Løken-Syndrom;STRING;;
973;1;urn:osse-91:dataelement:973:1;OUTDATED;de;(Nephreg) Senior-Løken-Syndrom - Cogan-Syndrom;(Nephreg) Senior-Løken-Syndrom - Cogan-Syndrom;STRING;;
979;1;urn:osse-91:dataelement:979:1;RELEASED;de;(Nephreg) Joubert-Syndrom - Nystagmus;(Nephreg) Joubert-Syndrom - Nystagmus;STRING;;
986;1;urn:osse-91:dataelement:986:1;RELEASED;de;(Nephreg) Bardet-Biedl-Syndrom - Tapetoretinale Degeneration;(Nephreg) Bardet-Biedl-Syndrom - Tapetoretinale Degeneration;STRING;;
993;1;urn:osse-91:dataelement:993:1;RELEASED;de;(Nephreg) Jeune-Syndrom - Zapfenepiphysen;(Nephreg) Jeune-Syndrom - Zapfenepiphysen;STRING;;
1000;1;urn:osse-91:dataelement:1000:1;RELEASED;de;(Nephreg) RHYNS-Syndrom - Retinitis Pigmentosa;(Nephreg) RHYNS-Syndrom - Retinitis Pigmentosa;STRING;;
1007;1;urn:osse-91:dataelement:1007:1;RELEASED;de;(Nephreg) Dialyse Ende;(Nephreg) Dialyse Ende;STRING;;
1013;1;urn:osse-91:dataelement:1013:1;RELEASED;de;(Nephreg) Wurde eine weitere Transplantation vorgenommen?;(Nephreg) Wurde eine weitere Transplantation vorgenommen?;STRING;;
1018;1;urn:osse-91:dataelement:1018:1;RELEASED;de;(Nephreg) molekulargenetische Untersuchung - Datum;(Nephreg) molekulargenetische Untersuchung - Datum;STRING;;
1023;1;urn:osse-91:dataelement:1023:1;RELEASED;de;(Nephreg) Nierenbiopsie - Institut;(Nephreg) Nierenbiopsie - Institut;STRING;;
1029;1;urn:osse-91:dataelement:1029:1;RELEASED;de;(Nephreg) Nierenbiopsie Ergebnis - tubulo interstitielle Sklerose;(Nephreg) Nierenbiopsie Ergebnis - tubulo interstitielle Sklerose;STRING;;
1034;1;urn:osse-91:dataelement:1034:1;RELEASED;de;(Nephreg) Leberbiopsie - Fibrose / Sklerose;(Nephreg) Leberbiopsie - Fibrose / Sklerose;STRING;;
895;1;urn:osse-91:dataelement:895:1;RELEASED;de;Seit wann liegt chronisches Nierenversagen vor?;Seit wann liegt chronisches Nierenversagen vor?;DATE;YYYY-MM-DD;
896;1;urn:osse-91:dataelement:896:1;RELEASED;de;Weitere Organspender;Weitere Organspender;enumerated;enumerated;
898;1;urn:osse-91:dataelement:898:1;RELEASED;de;nächtlicher Durst;nächtlicher Durst;enumerated;enumerated;
899;1;urn:osse-91:dataelement:899:1;RELEASED;de;Seit wann besteht der nächtliche Durst?;Seit wann besteht der nächtliche Durst?;DATE;YYYY-MM-DD;
940;1;urn:osse-91:dataelement:940:1;RELEASED;de;(Nephreg) Land der Mutter ISO;(Nephreg) Land der Mutter ISO;STRING;;
946;1;urn:osse-91:dataelement:946:1;RELEASED;de;(Nephreg) Pränatale Auffälligkeiten - keine;(Nephreg) Pränatale Auffälligkeiten - keine;STRING;;
953;1;urn:osse-91:dataelement:953:1;RELEASED;de;(Nephreg) Auffälligkeiten als Säugling/Kleinkind - keine Angaben;(Nephreg) Auffälligkeiten als Säugling/Kleinkind - keine Angaben;STRING;;
960;1;urn:osse-91:dataelement:960:1;RELEASED;de;(Nephreg) Auffälligkeiten als Säugling/Kleinkind - Hörstörung;(Nephreg) Auffälligkeiten als Säugling/Kleinkind - Hörstörung;STRING;;
967;1;urn:osse-91:dataelement:967:1;RELEASED;de;(Nephreg) Senior-Løken-Syndrom - Kongenitale Leber-Amaurose;(Nephreg) Senior-Løken-Syndrom - Kongenitale Leber-Amaurose;STRING;;
973;2;urn:osse-91:dataelement:973:2;RELEASED;de;(Nephreg) Cogan-Syndrom;(Nephreg) Cogan-Syndrom;STRING;;
980;1;urn:osse-91:dataelement:980:1;RELEASED;de;(Nephreg) Joubert-Syndrom - Sehnervkolobom;(Nephreg) Joubert-Syndrom - Sehnervkolobom;STRING;;
987;1;urn:osse-91:dataelement:987:1;RELEASED;de;(Nephreg) Bardet-Biedl-Syndrom - Adipositas;(Nephreg) Bardet-Biedl-Syndrom - Adipositas;STRING;;
994;1;urn:osse-91:dataelement:994:1;RELEASED;de;(Nephreg) Ellis-van-Crefeld-Syndrom;(Nephreg) Ellis-van-Crefeld-Syndrom;STRING;;
1001;1;urn:osse-91:dataelement:1001:1;RELEASED;de;(Nephreg) RHYNS-Syndrom - Ptose;(Nephreg) RHYNS-Syndrom - Ptose;STRING;;
1008;1;urn:osse-91:dataelement:1008:1;RELEASED;de;(Nephreg) Dialyseart;(Nephreg) Dialyseart;STRING;;
1014;1;urn:osse-91:dataelement:1014:1;RELEASED;de;(Nephreg) weitere Transplantation Transplantationsart;(Nephreg) weitere Transplantation Transplantationsart;STRING;;
1019;1;urn:osse-91:dataelement:1019:1;RELEASED;de;(Nephreg) molekulargenetische Untersuchung - Institut;(Nephreg) molekulargenetische Untersuchung - Institut;STRING;;
1024;1;urn:osse-91:dataelement:1024:1;RELEASED;de;(Nephreg) Nierenbiopsie Ergebnis - keine Auffälligkeit;(Nephreg) Nierenbiopsie Ergebnis - keine Auffälligkeit;STRING;;
1035;1;urn:osse-91:dataelement:1035:1;RELEASED;de;(Nephreg) Leberbiopsie - Lymphozyteninfiltrate;(Nephreg) Leberbiopsie - Lymphozyteninfiltrate;STRING;;
1039;1;urn:osse-91:dataelement:1039:1;RELEASED;de;(Nephreg) Nierenfunktion - Serum-Kreatinin (mg/dl);(Nephreg) Nierenfunktion - Serum-Kreatinin (mg/dl);STRING;;
1043;1;urn:osse-91:dataelement:1043:1;RELEASED;de;(Nephreg) Polyurie;(Nephreg) Polyurie;STRING;;
1048;1;urn:osse-91:dataelement:1048:1;RELEASED;de;(Nephreg) Störung der Urinkonzentrierung - Datum;(Nephreg) Störung der Urinkonzentrierung - Datum;STRING;;
1053;1;urn:osse-91:dataelement:1053:1;RELEASED;de;(Nephreg) Hämaturie - Datum;(Nephreg) Hämaturie - Datum;STRING;;
1057;1;urn:osse-91:dataelement:1057:1;RELEASED;de;(Nephreg) Renale Azidose - erfolgreich behandelt;(Nephreg) Renale Azidose - erfolgreich behandelt;STRING;;
1061;1;urn:osse-91:dataelement:1061:1;RELEASED;de;(Nephreg) Anämie;(Nephreg) Anämie;STRING;;
1065;1;urn:osse-91:dataelement:1065:1;RELEASED;de;(Nephreg) art. Hypertonie (> 95. Perzentile) - Datum;(Nephreg) art. Hypertonie (> 95. Perzentile) - Datum;STRING;;
1069;1;urn:osse-91:dataelement:1069:1;RELEASED;de;(Nephreg) Ödeme - erfolgreich behandelt;(Nephreg) Ödeme - erfolgreich behandelt;STRING;;
1073;1;urn:osse-91:dataelement:1073:1;RELEASED;de;(Nephreg) Kleinwuchs (< 3. Perzentile);(Nephreg) Kleinwuchs (< 3. Perzentile);STRING;;
1077;1;urn:osse-91:dataelement:1077:1;RELEASED;de;(Nephreg) Aufgefallen im Rahmen einer Familienuntersuchung? - Datum;(Nephreg) Aufgefallen im Rahmen einer Familienuntersuchung? - Datum;STRING;;
1080;1;urn:osse-91:dataelement:1080:1;RELEASED;de;(Nephreg) Transaminasen-Erhöhung;(Nephreg) Transaminasen-Erhöhung;STRING;;
1083;1;urn:osse-91:dataelement:1083:1;RELEASED;de;(Nephreg) Cholestase (konj. Bilirubin > 1,0mg/dl) - Datum;(Nephreg) Cholestase (konj. Bilirubin > 1,0mg/dl) - Datum;STRING;;
1086;1;urn:osse-91:dataelement:1086:1;RELEASED;de;(Nephreg) Thrombozytopenie (< 150000/μl);(Nephreg) Thrombozytopenie (< 150000/μl);STRING;;
1089;1;urn:osse-91:dataelement:1089:1;RELEASED;de;(Nephreg) Aszites - Datum;(Nephreg) Aszites - Datum;STRING;;
1092;1;urn:osse-91:dataelement:1092:1;RELEASED;de;(Nephreg) Ösophagusvarizen;(Nephreg) Ösophagusvarizen;STRING;;
1095;1;urn:osse-91:dataelement:1095:1;RELEASED;de;(Nephreg) Anderweitige Symptome Leber - Symptome;(Nephreg) Anderweitige Symptome Leber - Symptome;STRING;;
1097;1;urn:osse-91:dataelement:1097:1;RELEASED;de;(Nephreg) Auffälliger Augenhintergrund - Datum;(Nephreg) Auffälliger Augenhintergrund - Datum;STRING;;
1100;1;urn:osse-91:dataelement:1100:1;RELEASED;de;(Nephreg) Visus Datum;(Nephreg) Visus Datum;STRING;;
1103;1;urn:osse-91:dataelement:1103:1;RELEASED;de;(Nephreg) Nachtblindheit;(Nephreg) Nachtblindheit;STRING;;
1106;1;urn:osse-91:dataelement:1106:1;RELEASED;de;(Nephreg) Tapeto-retinale Degeneration - Datum;(Nephreg) Tapeto-retinale Degeneration - Datum;STRING;;
1109;1;urn:osse-91:dataelement:1109:1;RELEASED;de;(Nephreg) Gesichtsfeldausfälle / Tunnelblick;(Nephreg) Gesichtsfeldausfälle / Tunnelblick;STRING;;
1112;1;urn:osse-91:dataelement:1112:1;RELEASED;de;(Nephreg) Eingeschränkte Augenbewegung - Datum;(Nephreg) Eingeschränkte Augenbewegung - Datum;STRING;;
1117;1;urn:osse-91:dataelement:1117:1;RELEASED;de;(Nephreg) Psychomotorische Retardierung;(Nephreg) Psychomotorische Retardierung;STRING;;
1120;1;urn:osse-91:dataelement:1120:1;RELEASED;de;(Nephreg) Kleinhirnwurmhyplasie-/aplasie - Datum;(Nephreg) Kleinhirnwurmhyplasie-/aplasie - Datum;STRING;;
1123;1;urn:osse-91:dataelement:1123:1;RELEASED;de;(Nephreg) Anderweitige Symptome ZNS - Datum;(Nephreg) Anderweitige Symptome ZNS - Datum;STRING;;
1125;1;urn:osse-91:dataelement:1125:1;RELEASED;de;(Nephreg) Polyposis nasi;(Nephreg) Polyposis nasi;STRING;;
1128;1;urn:osse-91:dataelement:1128:1;RELEASED;de;(Nephreg) Rez. pulmonale Infektion - Datum;(Nephreg) Rez. pulmonale Infektion - Datum;STRING;;
1131;1;urn:osse-91:dataelement:1131:1;OUTDATED;de;(Nephreg) Anderweitige Symptome (bronchial/HNO-Bereich);(Nephreg) Anderweitige Symptome (bronchial/HNO-Bereich);STRING;;
1135;1;urn:osse-91:dataelement:1135:1;RELEASED;de;(Nephreg) Nierensonographie - Pollänge (cm) rechts;(Nephreg) Nierensonographie - Pollänge (cm) rechts;STRING;;
1138;1;urn:osse-91:dataelement:1138:1;RELEASED;de;(Nephreg) Nierensonographie - Volumen (ml) rechts;(Nephreg) Nierensonographie - Volumen (ml) rechts;STRING;;
1141;1;urn:osse-91:dataelement:1141:1;RELEASED;de;(Nephreg) Nierensonographie - Quer 2 (cm) links;(Nephreg) Nierensonographie - Quer 2 (cm) links;STRING;;
1144;1;urn:osse-91:dataelement:1144:1;RELEASED;de;(Nephreg) Nierensonographie - Mark-Rinden-Differenzierung;(Nephreg) Nierensonographie - Mark-Rinden-Differenzierung;STRING;;
1146;1;urn:osse-91:dataelement:1146:1;RELEASED;de;(Nephreg) Lebersonographie - Datum;(Nephreg) Lebersonographie - Datum;STRING;;
1148;1;urn:osse-91:dataelement:1148:1;RELEASED;de;(Nephreg) Lebersonographie - Lebergröße (cm);(Nephreg) Lebersonographie - Lebergröße (cm);STRING;;
1150;1;urn:osse-91:dataelement:1150:1;RELEASED;de;(Nephreg) Lebersonographie - erweiterte Gallenwege;(Nephreg) Lebersonographie - erweiterte Gallenwege;STRING;;
1152;1;urn:osse-91:dataelement:1152:1;RELEASED;de;(Nephreg) Lebersonographie - Kolateralkreisläufe umbilikal;(Nephreg) Lebersonographie - Kolateralkreisläufe umbilikal;STRING;;
1154;1;urn:osse-91:dataelement:1154:1;RELEASED;de;(Nephreg) Lebersonographie - Kolateralkreisläufe Leberrand;(Nephreg) Lebersonographie - Kolateralkreisläufe Leberrand;STRING;;
1158;1;urn:osse-91:dataelement:1158:1;RELEASED;de;(Nephreg) Lebersonographie - Splenomegalie;(Nephreg) Lebersonographie - Splenomegalie;STRING;;
1157;1;urn:osse-91:dataelement:1157:1;OUTDATED;de;(Nephreg) Lebersonographie - Kolateralkreisläufe Leberzysten;(Nephreg) Lebersonographie - Kolateralkreisläufe Leberzysten;STRING;;
1157;2;urn:osse-91:dataelement:1157:2;RELEASED;de;(Nephreg) Lebersonographie - Leberzysten;(Nephreg) Lebersonographie - Leberzysten;STRING;;
1159;1;urn:osse-91:dataelement:1159:1;RELEASED;de;(Nephreg) Lebersonographie - Milzgröße (cm);(Nephreg) Lebersonographie - Milzgröße (cm);STRING;;
1160;1;urn:osse-91:dataelement:1160:1;RELEASED;de;(Nephreg) Situs inversus totalis;(Nephreg) Situs inversus totalis;STRING;;
1161;1;urn:osse-91:dataelement:1161:1;RELEASED;de;(Nephreg) Situs ambiguus;(Nephreg) Situs ambiguus;STRING;;
900;1;urn:osse-91:dataelement:900:1;RELEASED;de;Renale Azidose vorhanden?;Renale Azidose vorhanden?;enumerated;enumerated;
901;1;urn:osse-91:dataelement:901:1;RELEASED;de;Wurde die renale Azidose erfolgreich behandelt?;Wurde die renale Azidose erfolgreich behandelt?;BOOLEAN;(true|false|yes|no|f|t);
902;1;urn:osse-91:dataelement:902:1;RELEASED;de;Wann wurde die renale Azidose erfolgreich behandelt?;Wann wurde die renale Azidose erfolgreich behandelt?;DATE;YYYY-MM-DD;
903;1;urn:osse-91:dataelement:903:1;RELEASED;de;Renale Osteopathie vorhanden?;Renale Osteopathie vorhanden?;enumerated;enumerated;
941;1;urn:osse-91:dataelement:941:1;RELEASED;de;(Nephreg) Land des Vaters ISO;(Nephreg) Land des Vaters ISO;STRING;;
904;1;urn:osse-91:dataelement:904:1;RELEASED;de;Wurde die renale Osteopathie erfolgreich behandelt?;Wurde die renale Osteopathie erfolgreich behandelt?;BOOLEAN;(true|false|yes|no|f|t);
947;1;urn:osse-91:dataelement:947:1;RELEASED;de;(Nephreg) Pränatale Auffälligkeiten - sonographisch echoreiche Nieren;(Nephreg) Pränatale Auffälligkeiten - sonographisch echoreiche Nieren;STRING;;
954;1;urn:osse-91:dataelement:954:1;RELEASED;de;(Nephreg) Auffälligkeiten als Säugling/Kleinkind - keine;(Nephreg) Auffälligkeiten als Säugling/Kleinkind - keine;STRING;;
961;1;urn:osse-91:dataelement:961:1;RELEASED;de;(Nephreg) Auffälligkeiten als Säugling/Kleinkind - Polydipsie;(Nephreg) Auffälligkeiten als Säugling/Kleinkind - Polydipsie;STRING;;
968;1;urn:osse-91:dataelement:968:1;RELEASED;de;(Nephreg) Senior-Løken-Syndrom - Erblindung im Jugend-/Erwachsenenalter;(Nephreg) Senior-Løken-Syndrom - Erblindung im Jugend-/Erwachsenenalter;STRING;;
974;1;urn:osse-91:dataelement:974:1;RELEASED;de;(Nephreg) Cogan-Syndrom - okulomotorische Apraxie;(Nephreg) Cogan-Syndrom - okulomotorische Apraxie;STRING;;
981;1;urn:osse-91:dataelement:981:1;RELEASED;de;(Nephreg) Joubert-Syndrom - Tachypnoe/Apnoe;(Nephreg) Joubert-Syndrom - Tachypnoe/Apnoe;STRING;;
988;1;urn:osse-91:dataelement:988:1;RELEASED;de;(Nephreg) Jeune-Syndrom;(Nephreg) Jeune-Syndrom;STRING;;
995;1;urn:osse-91:dataelement:995:1;RELEASED;de;(Nephreg) Ellis-van-Crefeld-Syndrom - Polydaktylie;(Nephreg) Ellis-van-Crefeld-Syndrom - Polydaktylie;STRING;;
1002;1;urn:osse-91:dataelement:1002:1;RELEASED;de;(Nephreg) RHYNS-Syndrom - Hormonstörung;(Nephreg) RHYNS-Syndrom - Hormonstörung;STRING;;
905;1;urn:osse-91:dataelement:905:1;RELEASED;de;Wann wurde die renale Osteopathie erfolgreich behandelt?;Wann wurde die renale Osteopathie erfolgreich behandelt?;DATE;YYYY-MM-DD;
906;1;urn:osse-91:dataelement:906:1;RELEASED;de;Ist eine Anämie vorhanden?;Ist eine Anämie vorhanden?;enumerated;enumerated;
897;1;urn:osse-91:dataelement:897:1;RELEASED;de;nächtlicher Durst;nächtlicher Durst;BOOLEAN;(true|false|yes|no|f|t);
907;1;urn:osse-91:dataelement:907:1;RELEASED;de;Wurde die Anämie erfolgreich behandelt?;Wurde die Anämie erfolgreich behandelt?;BOOLEAN;(true|false|yes|no|f|t);
929;1;urn:osse-91:dataelement:929:1;RELEASED;de;Wann wurde der Pruritus erfolgreich behandelt?;Wann wurde der Pruritus erfolgreich behandelt?;DATE;YYYY-MM-DD;
908;1;urn:osse-91:dataelement:908:1;RELEASED;de;Wann wurde die Anämie erfolgreich behandelt?;Wann wurde die Anämie erfolgreich behandelt?;DATE;YYYY-MM-DD;
942;1;urn:osse-91:dataelement:942:1;RELEASED;de;(Nephreg) Besteht/bestand eine Teilnahme an anderen Forschungs-Studien/Patienten-Registern?;(Nephreg) Besteht/bestand eine Teilnahme an anderen Forschungs-Studien/Patienten-Registern?;STRING;;
948;1;urn:osse-91:dataelement:948:1;RELEASED;de;(Nephreg) Pränatale Auffälligkeiten - Oligo-/Anhydramnion;(Nephreg) Pränatale Auffälligkeiten - Oligo-/Anhydramnion;STRING;;
955;1;urn:osse-91:dataelement:955:1;RELEASED;de;(Nephreg) Auffälligkeiten als Säugling/Kleinkind - sonographisch auffällige Nieren;(Nephreg) Auffälligkeiten als Säugling/Kleinkind - sonographisch auffällige Nieren;STRING;;
962;1;urn:osse-91:dataelement:962:1;RELEASED;de;(Nephreg) Auffälligkeiten als Säugling/Kleinkind - Ödeme;(Nephreg) Auffälligkeiten als Säugling/Kleinkind - Ödeme;STRING;;
969;1;urn:osse-91:dataelement:969:1;RELEASED;de;(Nephreg) Senior-Løken-Syndrom - Retinitis pigmentosa;(Nephreg) Senior-Løken-Syndrom - Retinitis pigmentosa;STRING;;
975;1;urn:osse-91:dataelement:975:1;RELEASED;de;(Nephreg) Cogan-Syndrom - eingeschränkte Augenbewegung;(Nephreg) Cogan-Syndrom - eingeschränkte Augenbewegung;STRING;;
982;1;urn:osse-91:dataelement:982:1;RELEASED;de;(Nephreg) Bardet-Biedl-Syndrom;(Nephreg) Bardet-Biedl-Syndrom;STRING;;
989;1;urn:osse-91:dataelement:989:1;RELEASED;de;(Nephreg) Jeune-Syndrom - Thoraxhypoplasie;(Nephreg) Jeune-Syndrom - Thoraxhypoplasie;STRING;;
996;1;urn:osse-91:dataelement:996:1;RELEASED;de;(Nephreg) Ellis-van-Crefeld-Syndrom - kurze Extremitäten;(Nephreg) Ellis-van-Crefeld-Syndrom - kurze Extremitäten;STRING;;
1003;1;urn:osse-91:dataelement:1003:1;RELEASED;de;(Nephreg) RHYNS-Syndrom - Leberfibrose;(Nephreg) RHYNS-Syndrom - Leberfibrose;STRING;;
1009;1;urn:osse-91:dataelement:1009:1;RELEASED;de;(Nephreg) Wurde eine Niere transplantiert?;(Nephreg) Wurde eine Niere transplantiert?;STRING;;
1015;1;urn:osse-91:dataelement:1015:1;RELEASED;de;(Nephreg) weitere Transplantation Datum;(Nephreg) weitere Transplantation Datum;STRING;;
1020;1;urn:osse-91:dataelement:1020:1;RELEASED;de;(Nephreg) molekulargenetische Untersuchung - Ergebnis;(Nephreg) molekulargenetische Untersuchung - Ergebnis;STRING;;
1025;1;urn:osse-91:dataelement:1025:1;RELEASED;de;(Nephreg) Nierenbiopsie Ergebnis - glomeruläre Veränderungen;(Nephreg) Nierenbiopsie Ergebnis - glomeruläre Veränderungen;STRING;;
1030;1;urn:osse-91:dataelement:1030:1;RELEASED;de;(Nephreg) Wurde bereits eine Leberbiopsie/Histologie durchgeführt?;(Nephreg) Wurde bereits eine Leberbiopsie/Histologie durchgeführt?;STRING;;
1036;1;urn:osse-91:dataelement:1036:1;RELEASED;de;(Nephreg) Leberbiopsie - Zysten;(Nephreg) Leberbiopsie - Zysten;STRING;;
1040;1;urn:osse-91:dataelement:1040:1;RELEASED;de;(Nephreg) Nierenfunktion - Körpergröße (cm);(Nephreg) Nierenfunktion - Körpergröße (cm);STRING;;
1044;1;urn:osse-91:dataelement:1044:1;RELEASED;de;(Nephreg) Polyurie - Datum;(Nephreg) Polyurie - Datum;STRING;;
1049;1;urn:osse-91:dataelement:1049:1;RELEASED;de;(Nephreg) Proteinurie (> 150mg/d);(Nephreg) Proteinurie (> 150mg/d);STRING;;
909;1;urn:osse-91:dataelement:909:1;RELEASED;de;Ist eine Gedeihstörung vorhanden?;Ist eine Gedeihstörung vorhanden?;enumerated;enumerated;
910;1;urn:osse-91:dataelement:910:1;RELEASED;de;Wurde die Gedeihstörung erfolgreich behandelt?;Wurde die Gedeihstörung erfolgreich behandelt?;BOOLEAN;(true|false|yes|no|f|t);
911;1;urn:osse-91:dataelement:911:1;RELEASED;de;Wann wurde die Gedeihstörung erfolgreich behandelt?;Wann wurde die Gedeihstörung erfolgreich behandelt?;DATE;YYYY-MM-DD;
912;1;urn:osse-91:dataelement:912:1;RELEASED;de;Kleinwuchs vorhanden? (> 3. Perzentile);Kleinwuchs vorhanden? (> 3. Perzentile);enumerated;enumerated;
913;1;urn:osse-91:dataelement:913:1;RELEASED;de;Wurde der Kleinwuchs erfolgreich behandelt?;Wurde der Kleinwuchs erfolgreich behandelt?;BOOLEAN;(true|false|yes|no|f|t);
509;5;urn:osse-91:dataelement:509:5;OUTDATED;de;Zygotie;Angabe zur Zygotie bei der molekulargenentischen Untersuchung;enumerated;enumerated;SELECT_ONE_RADIO
724;7;urn:osse-91:dataelement:724:7;OUTDATED;de;Homozygot;Homozygot c;STRING;;
734;1;urn:osse-91:dataelement:734:1;OUTDATED;en;Homozygot;Homozygot p;STRING;;
509;6;urn:osse-91:dataelement:509:6;RELEASED;en;Mode of inheritance;Mode of inheritance;enumerated;enumerated;SELECT_ONE_RADIO
724;8;urn:osse-91:dataelement:724:8;RELEASED;en;Homozygous;Homozygous c;STRING;;
734;2;urn:osse-91:dataelement:734:2;RELEASED;de;Homozygot;Homozygot p;STRING;;
730;2;urn:osse-91:dataelement:730:2;RELEASED;de;Kommentar;Kommentar zur homozygotischen Mutation;STRING;;
733;2;urn:osse-91:dataelement:733:2;OUTDATED;de;Allel 1;Heterozygot c;STRING;;
735;1;urn:osse-91:dataelement:735:1;OUTDATED;en;Allele 1 ;Heterozygot p;STRING;;
735;2;urn:osse-91:dataelement:735:2;RELEASED;de;Allel 1;Heterozygot p;STRING;;
725;4;urn:osse-91:dataelement:725:4;OUTDATED;en;Allele 1 ;Compound heterozygot c;STRING;;
725;5;urn:osse-91:dataelement:725:5;RELEASED;de;Allel 1;Compound heterozygot c;STRING;;
736;1;urn:osse-91:dataelement:736:1;OUTDATED;de;Allel 1;Compound heterozygot p;STRING;;
736;2;urn:osse-91:dataelement:736:2;RELEASED;en;Allele 1 ;Compound heterozygous p;STRING;;
726;3;urn:osse-91:dataelement:726:3;RELEASED;en;Allele 2;Heterozygous WT;STRING;;
728;2;urn:osse-91:dataelement:728:2;OUTDATED;de;Allel 2;Compound heterozygot c;STRING;;
728;3;urn:osse-91:dataelement:728:3;RELEASED;en;Allele 2;Compound heterozygous c;STRING;;
737;1;urn:osse-91:dataelement:737:1;OUTDATED;en;Allele 2;Compound heterozygot p;STRING;;
737;2;urn:osse-91:dataelement:737:2;RELEASED;de;Allel 2;Compound heterozygot p;STRING;;
732;2;urn:osse-91:dataelement:732:2;RELEASED;de;Kommentar;Kommentar zur compound heterozygotischen Mutation;STRING;;
731;2;urn:osse-91:dataelement:731:2;RELEASED;en;Comment;Comment about heterozygous mutation;STRING;;
740;1;urn:osse-91:dataelement:740:1;RELEASED;de;Mutation;Genmutation beim Vater des Patienten/der Patientin;enumerated;enumerated;SELECT_ONE_RADIO
741;1;urn:osse-91:dataelement:741:1;RELEASED;en;Mutation;Gene mutation on the mother's side;enumerated;enumerated;SELECT_ONE_RADIO
743;1;urn:osse-91:dataelement:743:1;RELEASED;en;Mode of inheritance;Mode of inheritance on the mother's side;enumerated;enumerated;SELECT_ONE_RADIO
744;1;urn:osse-91:dataelement:744:1;RELEASED;de;Zygotie;Zygotie des Vaters;enumerated;enumerated;SELECT_ONE_RADIO
742;1;urn:osse-91:dataelement:742:1;OUTDATED;de;Zygotie;Zygotie des Vaters;enumerated;enumerated;SELECT_ONE_RADIO
733;3;urn:osse-91:dataelement:733:3;OUTDATED;en;Allele 1 ;Heterozygous c;STRING;;
733;4;urn:osse-91:dataelement:733:4;RELEASED;en;Gene mutation on the father's side;Heterozygous c;STRING;;
745;1;urn:osse-91:dataelement:745:1;RELEASED;de;Genmutation väterlicherseits;Heterozygot p;STRING;;
746;1;urn:osse-91:dataelement:746:1;RELEASED;en;Gene mutation on the father's side;Homozygous p;STRING;;
747;1;urn:osse-91:dataelement:747:1;RELEASED;de;Genmutation väterlicherseits;Homozygot c;STRING;;
748;1;urn:osse-91:dataelement:748:1;RELEASED;en;Gene mutation on the mother's side;Homozygous c;STRING;;
749;1;urn:osse-91:dataelement:749:1;RELEASED;de;Genmutation mütterlicherseits;Homozygot p;STRING;;
750;1;urn:osse-91:dataelement:750:1;RELEASED;en;Gene mutation on the mother's side;Heterozygous p;STRING;;
751;1;urn:osse-91:dataelement:751:1;RELEASED;de;Genmutation mütterlicherseits;Heterozygot c;STRING;;
755;1;urn:osse-91:dataelement:755:1;RELEASED;de;Allel 1;Heterozygot c;STRING;;
729;2;urn:osse-91:dataelement:729:2;RELEASED;de;Deletion;Deletion (Homozygot);STRING;;
756;1;urn:osse-91:dataelement:756:1;RELEASED;en;Deletion;Deletion (heterozygous);STRING;;
757;1;urn:osse-91:dataelement:757:1;RELEASED;de;Deletion;Deletion (compound heterozygous);STRING;;
738;1;urn:osse-91:dataelement:738:1;OUTDATED;de;Gen;Die OMIM-Verbindung zum Gen der Mutter;STRING;;
739;1;urn:osse-91:dataelement:739:1;OUTDATED;en;Gene;OMIM reference to found gene of the patient's father;STRING;;
752;1;urn:osse-91:dataelement:752:1;OUTDATED;en;asdf;asdf;INTEGER;0<=x<=100;
754;1;urn:osse-91:dataelement:754:1;OUTDATED;en;asdf;asdgwr2;INTEGER;0<=x<=100;
439;3;urn:osse-91:dataelement:439:3;OUTDATED;de;Intervention bei Oligohydramnion;Welche Art von Intervention wurde durchgeführt ?;enumerated;enumerated;SELECT_MANY_CHECKBOX
682;3;urn:osse-91:dataelement:682:3;OUTDATED;en;In which patient register study ?;Please indicate the register study in which the sibling is already participating.;enumerated;enumerated;
762;1;urn:osse-91:dataelement:762:1;OUTDATED;de;Erstdiagnose;Gibt an wann die Erstdiagnose für Transaminasenerhöhung bei dem Patienten/der Patientin gestellt wurde.;DATE;YYYY-MM;
763;1;urn:osse-91:dataelement:763:1;OUTDATED;en;Date of diagnosis;Indicates when cholelithiasis was first diagnosed in patient.;DATE;YYYY-MM;
768;1;urn:osse-91:dataelement:768:1;OUTDATED;de;Erstdiagnose;Gibt an wann die Erstdiagnose für Ikterus bei dem Patienten/der Patientin gestellt wurde.;DATE;YYYY-MM;
767;1;urn:osse-91:dataelement:767:1;OUTDATED;de;Erstdiagnose;Gibt an wann die Erstdiagnose für Hyperphagie bei dem Patienten/der Patientin gestellt wurde.;DATE;YYYY-MM;
439;2;urn:osse-91:dataelement:439:2;OUTDATED;en;Type of intervention on oligohydramnion;Which type of intervention took place ? ;enumerated;enumerated;SELECT_MANY_CHECKBOX
758;1;urn:osse-91:dataelement:758:1;RELEASED;en;Method of dialysis;Indicates method of dialysis that patient receives.;enumerated;enumerated;SELECT_MANY_CHECKBOX
54;5;urn:osse-91:dataelement:54:5;RELEASED;en;Gender;Sibling's gender;enumerated;enumerated;
683;2;urn:osse-91:dataelement:683:2;RELEASED;de;Ist das Geschwister bereits in einem Register aufgenommen ?;Ist das Geschwister bereits in einem Register aufgenommen ?;enumerated;enumerated;
522;3;urn:osse-91:dataelement:522:3;RELEASED;en;Date of birth;Date of birth of the sibling (YYYY-MM);DATE;MM.YYYY;
770;1;urn:osse-91:dataelement:770:1;OUTDATED;de;Datum;Zeit der Visusmessung;DATE;YYYY-MM;
772;1;urn:osse-91:dataelement:772:1;RELEASED;de;Erstmals aufgetreten;Wann ist das beschriebene Symptom zum ersten Mal aufgetreten ? ;DATE;YYYY-MM;
546;2;urn:osse-91:dataelement:546:2;OUTDATED;de;Erstmals festgestellt;Wann wurde zum ersten Mal autistische Verhaltenszüge festgestellt ?;DATE;MM.YYYY;
658;1;urn:osse-91:dataelement:658:1;OUTDATED;de;Datum des auffälligen Befunds;Gibt das Datum des auffälligen EEG Befunds an.;DATE;MM.YYYY;
778;1;urn:osse-91:dataelement:778:1;RELEASED;en;First noticed ; Indicates when recurrent infections of respiratory tract or ORL first occured.;DATE;YYYY-MM;
759;1;urn:osse-91:dataelement:759:1;OUTDATED;en;Date of birth;Date of birth of the sibling (JJJJ-MM);DATE;YYYY-MM;
769;1;urn:osse-91:dataelement:769:1;OUTDATED;de;Seit;Bezüglich Verlauf des  extrarenalen Symtoms.;DATE;YYYY-MM;
760;1;urn:osse-91:dataelement:760:1;OUTDATED;en;Date of diagnosis;Indicates when palpable hepatomegaly was first diagnosed in patient.;DATE;YYYY-MM;
761;1;urn:osse-91:dataelement:761:1;OUTDATED;de;Erstdiagnose;Gibt an wann die Erstdiagnose für Palpable Splenomegalie bei dem Patienten/der Patientin gestellt wurde.;DATE;YYYY-MM;
764;1;urn:osse-91:dataelement:764:1;OUTDATED;en;Date of diagnosis;Indicates when chronic constipation was first diagnosed in patient.;DATE;YYYY-MM;
765;1;urn:osse-91:dataelement:765:1;OUTDATED;de;Erstdiagnose;Gibt an wann die Erstdiagnose für chronische Durchfälle bei dem Patienten/der Patientin gestellt wurde.;DATE;YYYY-MM;
766;1;urn:osse-91:dataelement:766:1;OUTDATED;en;Date of diagnosis;Indicates when Hirschsprung disease was first diagnosed in patient.;DATE;YYYY-MM;
535;2;urn:osse-91:dataelement:535:2;OUTDATED;de;Visus links;Sehschärfe in Prozent;INTEGER;0<=x<=100;
771;1;urn:osse-91:dataelement:771:1;OUTDATED;en;Right eye;Visual acuity in percent;INTEGER;0<=x<=100;
770;2;urn:osse-91:dataelement:770:2;OUTDATED;en;Date;Date of visual acuity measurement;DATE;YYYY-MM;
773;1;urn:osse-91:dataelement:773:1;OUTDATED;de;Zum ersten Mal diagnostiziert;Muskuläre Hypotonie;DATE;YYYY-MM;
774;1;urn:osse-91:dataelement:774:1;OUTDATED;en;Since;Mental retardation;DATE;YYYY-MM;
775;1;urn:osse-91:dataelement:775:1;OUTDATED;en;First occurred;When did autism spectrum disorder first occurred ? ;DATE;YYYY-MM;
777;1;urn:osse-91:dataelement:777:1;OUTDATED;en;Date of abnormal result;Indicates date of pathologic EEG result.;DATE;YYYY-MM;
779;1;urn:osse-91:dataelement:779:1;OUTDATED;de;Erstmals aufgetreten;Gibt das Datum an, an welchem Asthma bronchiale aufgetreten ist.;DATE;YYYY-MM;
780;1;urn:osse-91:dataelement:780:1;OUTDATED;en;First noticed ; Indicates when polyposis nasi first occured.;DATE;YYYY-MM;
782;1;urn:osse-91:dataelement:782:1;OUTDATED;de;Hodenvolumen (links);Gibt das Hodenvolumen zu einem bestimmten Zeitpunkt an.;INTEGER;0<=x<=20;
781;1;urn:osse-91:dataelement:781:1;OUTDATED;de;Datum;Datum der Abmessung;DATE;YYYY-MM;
811;1;urn:osse-91:dataelement:811:1;OUTDATED;de;Persistent ?;Behandlung nach Schwangerschaft persistent ?;enumerated;enumerated;SELECT_ONE_RADIO
788;1;urn:osse-91:dataelement:788:1;RELEASED;en;Date of Determination;Indicates date when the laboratory value for creatinine in urine was determined.;DATE;YYYY-MM;
789;1;urn:osse-91:dataelement:789:1;RELEASED;de;Zeitpunkt der Feststellung;Gibt das Datum an, an welchem der Laborwert gemessen wurde.;DATE;YYYY-MM;
790;1;urn:osse-91:dataelement:790:1;RELEASED;en;Date of Determination;Indicates date when the laboratory value for magnesium in urine was determined.;DATE;YYYY-MM;
791;1;urn:osse-91:dataelement:791:1;RELEASED;de;Zeitpunkt der Feststellung;Gibt das Datum an, an welchem der Laborwert gemessen wurde.;DATE;YYYY-MM;
792;1;urn:osse-91:dataelement:792:1;RELEASED;en;Date of Determination;Indicates date when the laboratory value for proteine / creatinine ratio in urine was determined.;DATE;YYYY-MM;
793;1;urn:osse-91:dataelement:793:1;RELEASED;de;Zeitpunkt der Feststellung;Gibt das Datum an, an welchem der Laborwert gemessen wurde.;DATE;YYYY-MM;
794;1;urn:osse-91:dataelement:794:1;RELEASED;en;Date of Determination;Indicates date when the laboratory value for albumin / creatinine ratio in urine  was determined.;DATE;YYYY-MM;
795;1;urn:osse-91:dataelement:795:1;RELEASED;de;Beginn;Beginnzeit der Therapie;DATE;YYYY-MM;
796;1;urn:osse-91:dataelement:796:1;RELEASED;de;Therapie wieder aufgenommen seit;Datum an dem die Therapie wieder aufgenommen worden ist.;DATE;YYYY-MM;
797;1;urn:osse-91:dataelement:797:1;RELEASED;en;Treatment ended since;Date at which the treatment ended.;DATE;YYYY-MM;
798;1;urn:osse-91:dataelement:798:1;RELEASED;en;Starting date;Starting date of the erythropoietin  treatment;DATE;YYYY-MM;
799;1;urn:osse-91:dataelement:799:1;RELEASED;en;Treatment restarted since;Date at which erythropoietin treatment was restarted.;DATE;YYYY-MM;
800;1;urn:osse-91:dataelement:800:1;RELEASED;de;Therapie wieder aufgenommen seit;Datum an dem die Therapie wieder aufgenommen worden ist.;DATE;YYYY-MM;
801;1;urn:osse-91:dataelement:801:1;RELEASED;en;Treatment ended since;Date at which the erythropoietin  treatment ended.;DATE;YYYY-MM;
802;1;urn:osse-91:dataelement:802:1;RELEASED;de;Beginn;Beginnzeit der Therapie;DATE;YYYY-MM;
803;1;urn:osse-91:dataelement:803:1;RELEASED;de;Therapie beendet seit;Datum an dem die Therapie beendet worden ist.;DATE;YYYY-MM;
595;2;urn:osse-91:dataelement:595:2;OUTDATED;en;Date of blood sample;When has the blood sample been taken ?;DATE;MM.YYYY;
804;1;urn:osse-91:dataelement:804:1;RELEASED;de;Datum der Blutentnahme;Wann wurde Blutprobe entnommen ?;DATE;YYYY-MM;
805;1;urn:osse-91:dataelement:805:1;RELEASED;en;Date of urine sample;When has the  urine sample been taken ?;DATE;YYYY-MM;
692;2;urn:osse-91:dataelement:692:2;OUTDATED;de;Wann ?;Wann hat die ACE-HemmerTherapie stattgefunden ? ;DATE;MM.YYYY;
809;1;urn:osse-91:dataelement:809:1;OUTDATED;de;Persistent;Behandlung nach Schwangerschaft persistent ?;enumerated;enumerated;
810;1;urn:osse-91:dataelement:810:1;OUTDATED;en;Persistent;Persistent treatment after birth ?;enumerated;enumerated;SELECT_ONE_RADIO
812;1;urn:osse-91:dataelement:812:1;RELEASED;de;Herkunft der transplantierte Niere;Gibt an, ob es sich bei der Nierentransplantation um eine Lebend- oder Verstorbenenspende handelt.;enumerated;enumerated;SELECT_ONE_RADIO
813;1;urn:osse-91:dataelement:813:1;RELEASED;de;Methode der Kreatininmessung;Bitte die Methode der Kreatininmessung angeben.;enumerated;enumerated;
785;1;urn:osse-91:dataelement:785:1;OUTDATED;en;Tanner stages known;Indicates whether female patient's tanner stages are known.;enumerated;enumerated;SELECT_ONE_RADIO
786;1;urn:osse-91:dataelement:786:1;OUTDATED;en;PH;Indicates female patient's tanner stage (PH).;INTEGER;0<=x<=6;
787;1;urn:osse-91:dataelement:787:1;OUTDATED;de;Datum der Feststellung;Gibt das Datum an, an welchem die Tanner Stadien des Patienten/der Patientin festgestellt wurden.;DATE;YYYY-MM;
783;1;urn:osse-91:dataelement:783:1;OUTDATED;en;Testicular volume (right);Indicates testicular volume at certain time point.;INTEGER;0<=x<=20;
784;1;urn:osse-91:dataelement:784:1;OUTDATED;de;Erstdiagnose;Gibt an wann die Erstdiagnose für Hypopituitarismus bei dem Patienten/der Patientin gestellt wurde.;DATE;YYYY-MM;
807;1;urn:osse-91:dataelement:807:1;OUTDATED;en;When ?;When did the ACE-inhibitor therapy took place ? ;DATE;YYYY-MM;
808;1;urn:osse-91:dataelement:808:1;OUTDATED;en;When ? ;When did the AT1-receptor therapy took place ? ;DATE;YYYY-MM;
827;1;urn:osse-91:dataelement:827:1;RELEASED;de;Zeitpunkt der Feststellung;Gibt das Datum an, an welchem der Laborwert gemessen wurde.;DATE;YYYY-MM;
828;1;urn:osse-91:dataelement:828:1;OUTDATED;de;Todeszeitpunkt;JJJJ-MM;DATE;MM.YYYY;
815;1;urn:osse-91:dataelement:815:1;OUTDATED;de;Welche der Familienmitglieder ? ;Bitte Familienmitglieder mit ähnlichen Symptomen auswählen.;enumerated;enumerated;SELECT_MANY_CHECKBOX
816;1;urn:osse-91:dataelement:816:1;OUTDATED;en;Which family member(s) suffered from dialysis ? ;Please select the affected family members.;enumerated;enumerated;SELECT_MANY_CHECKBOX
817;1;urn:osse-91:dataelement:817:1;OUTDATED;de;Welche der Familienmitglieder ? ;Bitte Familienmitglieder mit ähnlichen Symptomen auswählen.;enumerated;enumerated;SELECT_MANY_CHECKBOX
818;1;urn:osse-91:dataelement:818:1;OUTDATED;en;Which family member(s) had diabetes before the age of 50  ? ;Please select the affected family members.;enumerated;enumerated;SELECT_MANY_CHECKBOX
819;1;urn:osse-91:dataelement:819:1;OUTDATED;de;Welche der Familienmitglieder ? ;Bitte Familienmitglieder mit ähnlichen Symptomen auswählen.;enumerated;enumerated;SELECT_MANY_CHECKBOX
821;1;urn:osse-91:dataelement:821:1;OUTDATED;de;Welche der Familienmitglieder ? ;Bitte Familienmitglieder mit ähnlichen Symptomen auswählen.;enumerated;enumerated;SELECT_MANY_CHECKBOX
822;1;urn:osse-91:dataelement:822:1;OUTDATED;en;Which family member(s) suffered from ADPKD ? ;Please select the affected family members.;enumerated;enumerated;SELECT_MANY_CHECKBOX
823;1;urn:osse-91:dataelement:823:1;OUTDATED;de;Welche der Familienmitglieder ? ;Bitte Familienmitglieder mit ähnlichen Symptomen auswählen.;enumerated;enumerated;SELECT_MANY_CHECKBOX
824;1;urn:osse-91:dataelement:824:1;OUTDATED;en;Which family member(s) suffered from nephronophthisis ? ;Please select the affected family members.;enumerated;enumerated;SELECT_MANY_CHECKBOX
826;1;urn:osse-91:dataelement:826:1;OUTDATED;en;Which family member(s) suffered from chronic hepatic failure ? ;Please select the affected family members.;enumerated;enumerated;SELECT_MANY_CHECKBOX
829;1;urn:osse-91:dataelement:829:1;RELEASED;en;Time of death;YYYY-MM;DATE;YYYY-MM;
7;2;urn:osse-91:dataelement:7:2;OUTDATED;en;Joubert syndrome;Joubert syndrome;BOOLEAN;(true|false|yes|no|f|t);
831;1;urn:osse-91:dataelement:831:1;OUTDATED;en;COACH syndrome (Cerebellar vermis defect  Oligophrenia Ataxia Coloboma Hepatic fibrosis);COACH syndrome;BOOLEAN;(true|false|yes|no|f|t);
832;1;urn:osse-91:dataelement:832:1;OUTDATED;en;Other complex ciliopathies;Other complex ciliopathies;enumerated;enumerated;SELECT_ONE_RADIO
849;1;urn:osse-91:dataelement:849:1;OUTDATED;en;Details;Who is the other family member that is also affected by the symptom ?;STRING;;
833;1;urn:osse-91:dataelement:833:1;OUTDATED;de;Lage;Lage;enumerated;enumerated;SELECT_ONE_RADIO
834;1;urn:osse-91:dataelement:834:1;RELEASED;de;Lage;Lage;enumerated;enumerated;SELECT_ONE_RADIO
835;1;urn:osse-91:dataelement:835:1;RELEASED;de;Dystop;Mehr Details dazu;STRING;;
836;1;urn:osse-91:dataelement:836:1;RELEASED;en;Location of renal cysts;Indicates location of renal cysts in the left kidney.;enumerated;enumerated;SELECT_ONE_RADIO
837;1;urn:osse-91:dataelement:837:1;RELEASED;de;Nierenzysten;Gibt an, ob bei dem Patienten/der Patientin Nierenzysten vorliegen.;enumerated;enumerated;SELECT_ONE_RADIO
838;1;urn:osse-91:dataelement:838:1;RELEASED;en;Number of renal cysts;Indicates number of renal cysts in the left kidney.;enumerated;enumerated;SELECT_ONE_RADIO
839;1;urn:osse-91:dataelement:839:1;RELEASED;de;Größe der Nierenzysten;Gibt die Größe der Nierenzysten an.;enumerated;enumerated;SELECT_ONE_RADIO
840;1;urn:osse-91:dataelement:840:1;RELEASED;en;Urinary tract obstruction;Indicates whether patient has urinary tract obstruction in the left kidney.;enumerated;enumerated;SELECT_ONE_RADIO
841;1;urn:osse-91:dataelement:841:1;RELEASED;de;Details zur Harntransportstörung ;Details zur Harntransportstörung bei dieser Nieren.;STRING;;
759;2;urn:osse-91:dataelement:759:2;RELEASED;de;Geburtsdatum des Geschwisters;JJJJ-MM;DATE;YYYY-MM;
852;1;urn:osse-91:dataelement:852:1;RELEASED;de;Details;Angabe zum anderen Familienmitglied;STRING;;
842;1;urn:osse-91:dataelement:842:1;OUTDATED;en;In which patient register study is the father participating ?;Please indicate the register study in which the father is already participating.;enumerated;enumerated;SELECT_ONE_RADIO
848;1;urn:osse-91:dataelement:848:1;OUTDATED;de;Details;Angabe zum anderen Familienmitglied;STRING;;
850;1;urn:osse-91:dataelement:850:1;OUTDATED;de;Details;Angabe zum anderen Familienmitglied;STRING;;
851;1;urn:osse-91:dataelement:851:1;OUTDATED;en;Details;Who is the other family member that is also affected by the symptom ?;STRING;;
853;1;urn:osse-91:dataelement:853:1;OUTDATED;en;Details;Who is the other family member that is also affected by the symptom ?;STRING;;
846;1;urn:osse-91:dataelement:846:1;OUTDATED;de;Details;Angabe zum anderen Familienmitglied;STRING;;
843;1;urn:osse-91:dataelement:843:1;OUTDATED;de;In welchem Register ist die Mutter bereits aufgenommen worden ? ;Bitte Register angeben, indem die Mutter bereits aufgenommen worden ist.;enumerated;enumerated;SELECT_ONE_RADIO
528;3;urn:osse-91:dataelement:528:3;OUTDATED;en;"If ""other"", please specify the register";Please name the other patient register study, in which the patient is already participating.;STRING;;
845;1;urn:osse-91:dataelement:845:1;OUTDATED;de;Bitte geben Sie das Register an:;Register, indem das Familienmitglied bereits aufgenommen worden ist.;enumerated;enumerated;SELECT_ONE_RADIO
859;1;urn:osse-91:dataelement:859:1;RELEASED;en;Details;Who is the other family member that is also affected by the symptom ?;STRING;;
806;1;urn:osse-91:dataelement:806:1;OUTDATED;de;Datum der  Nasenschleimhautprobe;Wann wurde Nasenschleimhautprobe entnommen ?;DATE;YYYY-MM;
806;2;urn:osse-91:dataelement:806:2;RELEASED;en;Date of nasal mucosa sample;When has the  nasal mucosa sample been taken ?;DATE;YYYY-MM;
857;1;urn:osse-91:dataelement:857:1;OUTDATED;en;Details;Who is the other family member that is also affected by the symptom ?;STRING;;
856;1;urn:osse-91:dataelement:856:1;OUTDATED;de;Details;Angabe zum anderen Familienmitglied;STRING;;
855;1;urn:osse-91:dataelement:855:1;OUTDATED;en;Details;Who is the other family member that is also affected by the symptom ?;STRING;;
854;1;urn:osse-91:dataelement:854:1;OUTDATED;de;Details;Angabe zum anderen Familienmitglied;STRING;;
914;1;urn:osse-91:dataelement:914:1;RELEASED;de;Wann wurde der Kleinwuchs erfolgreich behandelt?;Wann wurde der Kleinwuchs erfolgreich behandelt?;DATE;YYYY-MM-DD;
915;1;urn:osse-91:dataelement:915:1;RELEASED;de;Aufgefallen im Rahmen einer Familienuntersuchung?;Aufgefallen im Rahmen einer Familienuntersuchung?;enumerated;enumerated;
916;1;urn:osse-91:dataelement:916:1;RELEASED;de;Aufgefallen im Rahmen einer Familienuntersuchung erfolgreich behandelt?;Aufgefallen im Rahmen einer Familienuntersuchung erfolgreich behandelt?;BOOLEAN;(true|false|yes|no|f|t);
917;1;urn:osse-91:dataelement:917:1;RELEASED;de;Wann wurde aufgefallen im Rahmen einer Familienuntersuchung erfolgreich behandelt?;Wann wurde aufgefallen im Rahmen einer Familienuntersuchung erfolgreich behandelt?;DATE;YYYY-MM-DD;
668;2;urn:osse-91:dataelement:668:2;OUTDATED;de;Geburtsjahr;Geburtsjahr des Vater;INTEGER;1930<=x<=2000;
460;4;urn:osse-91:dataelement:460:4;OUTDATED;en;Other;Other renal disease(s) of the patient's father;STRING;;
675;2;urn:osse-91:dataelement:675:2;OUTDATED;de;Andere;Andere renale Erkrankung der Mutter;STRING;;
842;3;urn:osse-91:dataelement:842:3;OUTDATED;en;In which patient register study is the father already included?;Please indicate the register study in which the father is already included.;enumerated;enumerated;SELECT_ONE_RADIO
703;2;urn:osse-91:dataelement:703:2;OUTDATED;de;Andere Ziliopathie;Besteht bei Ihrem/r Patienten/in der klinische Verdacht auf eine anderweitige syndromale Erkrankung/ Ziliopathie? (z.B. Joubert Syndrom, COACH Syndrom, Jeune Syndrom, Senior - Løken Syndrom, COMA, Ellis van Creveld Syndrom, RHYNS Syndrom, etc);enumerated;enumerated;SELECT_ONE_RADIO
703;3;urn:osse-91:dataelement:703:3;RELEASED;en;Another ciliopathy;Does your patient rather suffer from another syndromic ciliopathy? ;enumerated;enumerated;SELECT_ONE_RADIO
441;2;urn:osse-91:dataelement:441:2;RELEASED;de;Gestationsdiabetes;Gestationsdiabetes während der Schwangerschaft;enumerated;enumerated;SELECT_ONE_RADIO
338;2;urn:osse-91:dataelement:338:2;RELEASED;en;Body height of patient's biological father in cm;Indiates body height of patient's biological father in cm;FLOAT;0<=x<=2.5;
449;4;urn:osse-91:dataelement:449:4;OUTDATED;en;Height;Height of the father in cm;INTEGER;0<=x<=250;
449;5;urn:osse-91:dataelement:449:5;RELEASED;de;Größe ;Größe des Vaters in cm;INTEGER;0<=x<=250;
450;4;urn:osse-91:dataelement:450:4;RELEASED;en;Weight;Weight of the father in kg;INTEGER;0<=x<=250;
451;4;urn:osse-91:dataelement:451:4;RELEASED;en;Ethnicity;Ethnicity of the father;STRING;;
456;5;urn:osse-91:dataelement:456:5;RELEASED;en;Renal disease;Does the patient's father suffers from any renal disease ? ;enumerated;enumerated;SELECT_ONE_RADIO
464;4;urn:osse-91:dataelement:464:4;RELEASED;de;Sonstige Krankheiten des Vaters;Sonstige Krankheiten des Vaters;STRING;;
669;2;urn:osse-91:dataelement:669:2;RELEASED;en;Year of birth;Year of birth of the mother;INTEGER;1930<=x<=2000;
670;2;urn:osse-91:dataelement:670:2;RELEASED;de;Größe ;Größe der Mutter in cm;INTEGER;0<=x<=250;
671;1;urn:osse-91:dataelement:671:1;OUTDATED;en;Weight;Weight of the mother in kg;INTEGER;0<=x<=250;
671;2;urn:osse-91:dataelement:671:2;RELEASED;de;Gewicht;Gewicht der Mutter in kg;INTEGER;0<=x<=250;
674;2;urn:osse-91:dataelement:674:2;RELEASED;de;Herkunft ;Herkunft der Mutter (Mehrfachangaben möglich);STRING;;
672;2;urn:osse-91:dataelement:672:2;RELEASED;de;Renale Erkrankung;Renale Erkrankung der Mutter;enumerated;enumerated;SELECT_ONE_RADIO
676;2;urn:osse-91:dataelement:676:2;RELEASED;de;Ist die Mutter bereits in einem Register aufgenommen?;Ist die Mutter bereits in einem Register aufgenommen?;enumerated;enumerated;SELECT_ONE_RADIO
842;2;urn:osse-91:dataelement:842:2;OUTDATED;de;In welchem Register ist der Vater bereits aufgenommen worden ? ;Bitte Register angeben, in dem der Vater bereits aufgenommen worden ist.;enumerated;enumerated;SELECT_ONE_RADIO
680;2;urn:osse-91:dataelement:680:2;RELEASED;en;Degree of consanguinity;How exactly are the patient's parents biologically related?;STRING;;
666;2;urn:osse-91:dataelement:666:2;OUTDATED;en;Please specify the other patient register study;Patient register study in which the father is participating other then the ones mentioned above.;STRING;;
678;2;urn:osse-91:dataelement:678:2;RELEASED;de;In welchem anderen Register wurde die Mutter aufgenommen;anderes Register in welches die Mutter aufgenommen wurde, außgenommen den oben genannten ;STRING;;
79;2;urn:osse-91:dataelement:79:2;RELEASED;en;Which genetic testing was performed?;Indicates which genetic testing was performed.;enumerated;enumerated;SELECT_MANY_CHECKBOX
508;5;urn:osse-91:dataelement:508:5;RELEASED;de;Art der gen. Untersuchung;Art der gen. Untersuchung;enumerated;enumerated;SELECT_ONE_RADIO
686;2;urn:osse-91:dataelement:686:2;RELEASED;de;Gen;untersuchtes Gen;STRING;;
738;2;urn:osse-91:dataelement:738:2;RELEASED;en;Gene;analysed gene - mother;STRING;;
739;2;urn:osse-91:dataelement:739:2;OUTDATED;de;Gen;untersuchtes Gen - Vater;STRING;;
739;3;urn:osse-91:dataelement:739:3;RELEASED;en;Gene;analysed gene - father;STRING;;
485;5;urn:osse-91:dataelement:485:5;RELEASED;de;Nierenzysten;Leidet jemand im erweiterten Familienkreis an Nierenzysten?;enumerated;enumerated;SELECT_ONE_RADIO
861;1;urn:osse-91:dataelement:861:1;RELEASED;de;Kreatinin (µmol/l);Bitte Kreatininwert in µmol/l angeben.;FLOAT;0<=x<=5000;
316;2;urn:osse-91:dataelement:316:2;OUTDATED;de;Kreatinin;Bitte Kreatininwert in mg/dl angeben.;FLOAT;0<=x<=30;
860;1;urn:osse-91:dataelement:860:1;OUTDATED;en;Creatinine;Please enter creatinine value in mg/dl.;FLOAT;0<=x<=50;
860;2;urn:osse-91:dataelement:860:2;RELEASED;de;Kreatinin (mg/dl);Bitte Kreatininwert in mg/dl angeben.;FLOAT;0<=x<=50;
607;3;urn:osse-91:dataelement:607:3;RELEASED;en;Chronic renal failure;Do further members of the family suffer from chronic renal failure?;enumerated;enumerated;SELECT_ONE_RADIO
608;3;urn:osse-91:dataelement:608:3;RELEASED;de;Dialyse;Wird jemand im erweiterten Familienkreis (Großeltern, Onkel/ Tanten/ Cousinen/ Cousin...) dialysiert?;enumerated;enumerated;SELECT_ONE_RADIO
609;2;urn:osse-91:dataelement:609:2;OUTDATED;de;Leberzysten;Leidet jemand im erweiterten Familienkreis (Großeltern, Onkel/ Tanten/ Cousinen/ Cousin...) an der oben genannten Krankheit ?;enumerated;enumerated;SELECT_ONE_RADIO
609;3;urn:osse-91:dataelement:609:3;RELEASED;en;Hepatic cysts;Do further members of the family suffer from hepatic cysts?;enumerated;enumerated;SELECT_ONE_RADIO
610;2;urn:osse-91:dataelement:610:2;RELEASED;en;Chronic hepatic failure;Do further members of the family suffer from chronic hepatic failure?;enumerated;enumerated;SELECT_ONE_RADIO
611;2;urn:osse-91:dataelement:611:2;RELEASED;de;MODY-Diabetes (DM<50J);Leidet jemand im erweiterten Familienkreis an einem Diabetes mellitus vor dem 50. Lebensjahr?;enumerated;enumerated;SELECT_ONE_RADIO
612;2;urn:osse-91:dataelement:612:2;RELEASED;en;Gestational diabetes;Do further members of the family suffer or suffered from gestational diabetes?;enumerated;enumerated;SELECT_ONE_RADIO
613;2;urn:osse-91:dataelement:613:2;RELEASED;de;Gicht;Leidet jemand im erweiterten Familienkreis an Gicht?;enumerated;enumerated;SELECT_ONE_RADIO
614;2;urn:osse-91:dataelement:614:2;RELEASED;en;ARPKD;Do further members of the family suffer from ARPKD?;enumerated;enumerated;SELECT_ONE_RADIO
615;2;urn:osse-91:dataelement:615:2;RELEASED;de;ADPKD;Leidet jemand im erweiterten Familienkreis an ADPKD?;enumerated;enumerated;SELECT_ONE_RADIO
616;2;urn:osse-91:dataelement:616:2;RELEASED;en;BBS;Do further members of the family suffer from  Bardet - Biedl Syndrome?;enumerated;enumerated;SELECT_ONE_RADIO
617;2;urn:osse-91:dataelement:617:2;RELEASED;de;Nephronophthise;Leidet jemand im erweiterten Familienkreis an Nephronophthise?;enumerated;enumerated;SELECT_ONE_RADIO
619;3;urn:osse-91:dataelement:619:3;RELEASED;de;Andere zystische Nierenerkrankung ;Leidet ein anderes Familienmitglied an einer anderen zystischen Nierenerkrankung?;enumerated;enumerated;SELECT_ONE_RADIO
466;4;urn:osse-91:dataelement:466:4;RELEASED;en;Are other members of the family affected by the patient’s disease or similar symptoms ?;other members of the family affected;enumerated;enumerated;SELECT_ONE_RADIO
666;3;urn:osse-91:dataelement:666:3;OUTDATED;de;In welchem anderen Register wurde der Vater aufgenommen?;anderes Register in welches der Vater aufgenommen wurde außer den oben genannten;STRING;;
843;2;urn:osse-91:dataelement:843:2;OUTDATED;en;In which patient register study is the mother participating ?;Please indicate the register study in which the mother is already included.;enumerated;enumerated;SELECT_ONE_RADIO
503;3;urn:osse-91:dataelement:503:3;OUTDATED;en;Other cystic kidney disease;further information on other cystic kidney disease;STRING;;
503;4;urn:osse-91:dataelement:503:4;RELEASED;en;Other cystic kidney disease;further information on other cystic kidney disease.;STRING;;
535;3;urn:osse-91:dataelement:535:3;OUTDATED;en;Left eye;Visual acuity of the left eye in percent;INTEGER;0<=x<=100;
82;2;urn:osse-91:dataelement:82:2;OUTDATED;en;Was a renal biopsy perfomed?  - Native kidneys only - no transplant kidneys;renal biopsy?;enumerated;enumerated;SELECT_ONE_RADIO
82;3;urn:osse-91:dataelement:82:3;OUTDATED;de;Wurde eine Nierenbiopsie durchgeführt? - Nur Eigennieren - keine Transplantatnieren;Nierenbiopsie?;enumerated;enumerated;SELECT_ONE_RADIO
85;3;urn:osse-91:dataelement:85:3;RELEASED;de;Ergebnis der Eigennierenbiopsie;Ergebnis der Eigennierenbiopsie - keine Transplantatnieren;enumerated;enumerated;SELECT_MANY_CHECKBOX
844;2;urn:osse-91:dataelement:844:2;OUTDATED;en;In which patient register study ?;Please indicate the register study in which the sibling is already included.;enumerated;enumerated;
87;2;urn:osse-91:dataelement:87:2;RELEASED;en;Has a liver biopsy been performed? ;Liver biopsy?;enumerated;enumerated;SELECT_ONE_RADIO
528;4;urn:osse-91:dataelement:528:4;OUTDATED;de;Welches andere Register;In welches andere Register wurde der Patient aufgenommen?;STRING;;
323;2;urn:osse-91:dataelement:323:2;RELEASED;de;Wird oder wurde der Patient / die Patientin dialysiert?;Gibt an,  ob der Patient/die Patientin eine Nierenersatztherapie erhält oder erhalten hat.;enumerated;enumerated;SELECT_ONE_RADIO
329;3;urn:osse-91:dataelement:329:3;RELEASED;en;Did the patient receive a  renal transplantation?;Indicates whether patient has received renal transplantation;enumerated;enumerated;SELECT_ONE_RADIO
337;2;urn:osse-91:dataelement:337:2;RELEASED;en;Date of determination;date of determination;DATE;YYYY-MM;
843;3;urn:osse-91:dataelement:843:3;OUTDATED;de;In welches Register ist die Mutter bereits aufgenommen worden ? ;Bitte Register angeben, in das die Mutter bereits aufgenommen worden ist.;enumerated;enumerated;SELECT_ONE_RADIO
863;1;urn:osse-91:dataelement:863:1;OUTDATED;de;Kollateralkreisläufe;Gibt an, ob Kollateralkreisläufe bestehen.;enumerated;enumerated;SELECT_ONE_RADIO
91;3;urn:osse-91:dataelement:91:3;RELEASED;en;Polyuria (>1500ml/m² body surface area/d);polyuria with >1500ml/m² body surface area/d;enumerated;enumerated;SELECT_ONE_RADIO
760;2;urn:osse-91:dataelement:760:2;OUTDATED;de;Erstdiagnose;Datum wann die palpable Hepatomegalie erstmals festgestellt wurde.;DATE;YYYY-MM;
533;3;urn:osse-91:dataelement:533:3;OUTDATED;en;Continence of urine with;At which age did the patient develope continence of urine? ;INTEGER;0<=x<=100;
761;2;urn:osse-91:dataelement:761:2;OUTDATED;en;Date of diagnosis;Indicates when palpable splenomegaly was first diagnosed in patient.;DATE;YYYY-MM;
530;2;urn:osse-91:dataelement:530:2;RELEASED;de;Trinkmenge / Tag;Trinkmenge pro Tag in  ml;INTEGER;x;
154;2;urn:osse-91:dataelement:154:2;OUTDATED;de;Erstmals festgestellt;Datum an dem Leberzysten erstmals  festgestellt wurden;DATE;YYYY-MM;
636;2;urn:osse-91:dataelement:636:2;OUTDATED;de;Krankheitsverlauf;Krankheitsverlauf (reversibel / progredient, etc);enumerated;enumerated;
160;2;urn:osse-91:dataelement:160:2;OUTDATED;en;First diagnosed;Date when esophageal varices were first diagnosed;DATE;YYYY-MM;
764;2;urn:osse-91:dataelement:764:2;OUTDATED;de;Erstdiagnose;Zeitpunkt seit welchem eine chronische Obstipation besteht;DATE;YYYY-MM;
765;2;urn:osse-91:dataelement:765:2;OUTDATED;en;Date of diagnosis;Date of beginning of chronic diarrhea;DATE;YYYY-MM;
144;2;urn:osse-91:dataelement:144:2;RELEASED;en;First diagnosed;Indicates date when elevated liver enzymes were first diagnosed.;DATE;YYYY-MM;
152;2;urn:osse-91:dataelement:152:2;RELEASED;de;Erstmals festgestellt;Datum wann Cholelithiasis erstmals  diagnostiziert wurde;DATE;YYYY-MM;
766;2;urn:osse-91:dataelement:766:2;OUTDATED;de;Erstdiagnose;Erstdiagnose des M. Hirschsprung;DATE;YYYY-MM;
666;4;urn:osse-91:dataelement:666:4;RELEASED;en;Please specify the other patient register study;Patient register study in which the father is participating other then the ones mentioned above.;STRING;;
844;1;urn:osse-91:dataelement:844:1;OUTDATED;de;In welchem Register ? ;Bitte Register angeben, indem das Geschwister bereits aufgenommen worden ist.;enumerated;enumerated;
114;2;urn:osse-91:dataelement:114:2;RELEASED;en;Arterial hypertension;Indicates whether patient suffers from arterial hypertension.;enumerated;enumerated;SELECT_ONE_RADIO
862;1;urn:osse-91:dataelement:862:1;OUTDATED;en;Drug therapy;Indicates whether receives drug therapy for arterial hypertension.;enumerated;enumerated;SELECT_ONE_RADIO
862;2;urn:osse-91:dataelement:862:2;RELEASED;de;Medikamentöse Therapie;Gibt an, ob die arterielle Hypertonie medikamentös behandelt wird.;enumerated;enumerated;SELECT_ONE_RADIO
115;2;urn:osse-91:dataelement:115:2;OUTDATED;en;First noticed;date when arterial hypertension was first diagnosed;DATE;YYYY-MM;
636;3;urn:osse-91:dataelement:636:3;OUTDATED;en;Course of illness;Course of illness (improving / progressing, etc);enumerated;enumerated;
769;2;urn:osse-91:dataelement:769:2;OUTDATED;en;Since;Since when is the course of disease changing?;DATE;YYYY-MM;
710;2;urn:osse-91:dataelement:710:2;OUTDATED;en;Since;Indicates date since which ACE-Inhibitors are used  to treat arterial hypertension - YYYY-MM;DATE;YYYY-MM;
581;4;urn:osse-91:dataelement:581:4;OUTDATED;de;Bestehen weitere Symptome?;weitere Symptome;enumerated;enumerated;SELECT_ONE_RADIO
770;3;urn:osse-91:dataelement:770:3;OUTDATED;de;Datum;Zeitpunkt der Visusmessung;DATE;YYYY-MM;
710;3;urn:osse-91:dataelement:710:3;OUTDATED;de;Seit ;Beginn der Therapie mit ACE-Hemmern für arterielle Hypertension - YYYY-MM;DATE;YYYY-MM;
198;2;urn:osse-91:dataelement:198:2;OUTDATED;de;Seit wann?;Erstmanifestation der Ataxie - JJJJ-MM;DATE;YYYY-MM;
121;5;urn:osse-91:dataelement:121:5;RELEASED;en;Since ;Indicates beginning of calcium antagonists - YYYY-MM;DATE;YYYY-MM;
710;4;urn:osse-91:dataelement:710:4;OUTDATED;en;Since;Indicates date since which ACE-Inhibitors are used  to treat arterial hypertension - YYYY-MM;DATE;YYYY-MM;
118;5;urn:osse-91:dataelement:118:5;OUTDATED;de;Seit ;Beginn der Beta-Blocker Therapie - YYYY-MM;DATE;YYYY-MM;
118;6;urn:osse-91:dataelement:118:6;RELEASED;en;Since;Beginning of beta-blockers - YYYY-MM;DATE;YYYY-MM;
117;6;urn:osse-91:dataelement:117:6;OUTDATED;en;Since;date since when AT1- receptor antagonists are used  to treat arterial hypertension - YYYY-MM;DATE;YYYY-MM;
120;4;urn:osse-91:dataelement:120:4;OUTDATED;en;Since ;Indicates the beginning of diuretic therapy - YYYY-MM;DATE;YYYY-MM;
120;5;urn:osse-91:dataelement:120:5;RELEASED;de;Seit ;Beginn der Diuretikatherapie - JJJJ-MM;DATE;YYYY-MM;
533;4;urn:osse-91:dataelement:533:4;OUTDATED;de;Ab welchem Alter bestand eine Harnkontinenz?;Angabe ab welchem Alter der Patient / die Patientin harnkontinent war;INTEGER;0<=x<=100;
533;5;urn:osse-91:dataelement:533:5;RELEASED;de;Harnkontinent in welchem Alter ? ;Alter ab welchem der Patient / die Patientin endgültig harnkontinent war (Jahre);INTEGER;0<=x<=100;
197;2;urn:osse-91:dataelement:197:2;OUTDATED;en;Ataxia;Ataxia;enumerated;enumerated;SELECT_ONE_RADIO
201;2;urn:osse-91:dataelement:201:2;OUTDATED;de;Mikrozephalus;Mikrozephalus;enumerated;enumerated;SELECT_ONE_RADIO
170;2;urn:osse-91:dataelement:170:2;RELEASED;de;Zeitpunkt der Erblindung;Gibt den Zeitpunkt der vollständigen Erblindung an - JJJJ-MM;DATE;YYYY-MM;
175;2;urn:osse-91:dataelement:175:2;RELEASED;de;Farbsinnstörung / Achromatopsie;Gibt an, ob bei dem  Patienten / der Patientin eine Störung des Farbensehens vorliegt.;enumerated;enumerated;SELECT_ONE_RADIO
179;2;urn:osse-91:dataelement:179:2;RELEASED;de;Okulomotorische Apraxie;Gibt an, ob bei dem Patienten/bei der Patientin eine oculomotorische Apraxie vorliegt.;enumerated;enumerated;SELECT_ONE_RADIO
183;2;urn:osse-91:dataelement:183:2;RELEASED;de;Eingeschränkte Augenfolgebewegungen;Gibt an, ob der Patient/die Patientin eingeschränkte Augenfolgebewegungen hat.;enumerated;enumerated;SELECT_ONE_RADIO
539;3;urn:osse-91:dataelement:539:3;RELEASED;en;Fundus changes in hypertension;Fundus changes in hypertension;enumerated;enumerated;SELECT_ONE_RADIO
581;3;urn:osse-91:dataelement:581:3;OUTDATED;en;Any other gastrointestinal symptoms ?;other gastrointestinal symptoms;enumerated;enumerated;SELECT_ONE_RADIO
202;1;urn:osse-91:dataelement:202:1;OUTDATED;de;Erstmals festgestellt;Gibt das Datum an, an dem eine Mikrozephalie erstmals festgestellt worden ist.;DATE;YYYY-MM;
542;4;urn:osse-91:dataelement:542:4;OUTDATED;de;Details;Angaben zu weiteren gastrointestinalen Symptomen;STRING;;
467;5;urn:osse-91:dataelement:467:5;OUTDATED;de;Ist die Person bereits in einem Register aufgenommen ?;Ist die Person bereits in einem Register aufgenommen ?;enumerated;enumerated;SELECT_ONE_RADIO
157;2;urn:osse-91:dataelement:157:2;OUTDATED;en;Ascites;Ascites;enumerated;enumerated;SELECT_ONE_RADIO
159;2;urn:osse-91:dataelement:159:2;OUTDATED;de;Ösophagusvarizen;Ösophagusvarizen;enumerated;enumerated;SELECT_ONE_RADIO
865;1;urn:osse-91:dataelement:865:1;OUTDATED;de;Molekulargenetische Untersuchung durchgeführt ? ;Genetik;enumerated;enumerated;SELECT_ONE_RADIO
864;1;urn:osse-91:dataelement:864:1;OUTDATED;en;Genetic testing;Was a genetic testing performed on patient's father ?;enumerated;enumerated;SELECT_ONE_RADIO
321;2;urn:osse-91:dataelement:321:2;OUTDATED;de;besteht eine terminale Niereninsuffizienz?;besteht eine eGFR nach Schwartz unter 15 ml/min/1,73m²?;enumerated;enumerated;SELECT_ONE_RADIO
117;7;urn:osse-91:dataelement:117:7;OUTDATED;de;Seit ;Beginn der Therapie mit AT1-Rezeptorantagonisten für art. Hypertonie - JJJJ-MM ;DATE;YYYY-MM;
135;2;urn:osse-91:dataelement:135:2;OUTDATED;en;Other renal symptoms;Indicates whether patient suffers from other renal symptoms here not specified.;enumerated;enumerated;SELECT_ONE_RADIO
82;4;urn:osse-91:dataelement:82:4;OUTDATED;en;Was a renal biopsy performed?  - native kidneys only - no transplant kidneys;renal biopsy?;enumerated;enumerated;SELECT_ONE_RADIO
83;2;urn:osse-91:dataelement:83:2;OUTDATED;de;Wann?;Datum der Nierenbiopsie;DATE;YYYY-MM;
176;2;urn:osse-91:dataelement:176:2;OUTDATED;en;First diagnosed;date when color blindness / achromatopisa first occured;DATE;YYYY-MM;
178;2;urn:osse-91:dataelement:178:2;OUTDATED;en;First diagnosed;date when retinitis pigmentosa or tapetoretinal degeneration was first diagnosed;DATE;YYYY-MM;
180;2;urn:osse-91:dataelement:180:2;OUTDATED;en;First diagnosed;date when oculomotor apraxia first occured;DATE;YYYY-MM;
182;2;urn:osse-91:dataelement:182:2;OUTDATED;en;First diagnosed;Indicates when narrowing of visual field first occured.;DATE;YYYY-MM;
186;2;urn:osse-91:dataelement:186:2;OUTDATED;en;First diagnosed;date when strabism first occured;DATE;YYYY-MM;
188;2;urn:osse-91:dataelement:188:2;OUTDATED;en;First diagnosed;date when astigmatism first occured;DATE;YYYY-MM;
192;2;urn:osse-91:dataelement:192:2;OUTDATED;de;Erstmals festgestellt;Zeitpunkt an welchem ein Katarakt erstmals festgestellt wurde;DATE;YYYY-MM;
540;3;urn:osse-91:dataelement:540:3;OUTDATED;en;When were fundus changes diagnosed ? ;Date when fundus changes was diagnosed;DATE;MM.YYYY;
687;3;urn:osse-91:dataelement:687:3;OUTDATED;de;Rezidivierende Harnwegsinfekte;Rezidivierende Harnwegsinfekte;enumerated;enumerated;SELECT_ONE_RADIO
532;3;urn:osse-91:dataelement:532:3;OUTDATED;en;Enuresis nocturna after the age of 6 years? ;Enuresis nocturna > 6 years of age;enumerated;enumerated;SELECT_ONE_RADIO
205;2;urn:osse-91:dataelement:205:2;OUTDATED;de;Psychomotorische Retardierung;Psychomotorische Retardierung;enumerated;enumerated;SELECT_ONE_RADIO
776;1;urn:osse-91:dataelement:776:1;OUTDATED;en;First occurred;When did disorder of impulse control first occured ? ;DATE;YYYY-MM;
220;2;urn:osse-91:dataelement:220:2;OUTDATED;en;Date of normal EEG;Date of normal EEG - YYYY-MM;DATE;YYYY-MM;
202;2;urn:osse-91:dataelement:202:2;OUTDATED;en;First diagnosed;date when microcephaly was first diagnosed - YYYY-MM;DATE;YYYY-MM;
199;2;urn:osse-91:dataelement:199:2;RELEASED;de;MRT-Datum;Datum des MRT in welchem das Molar Tooth Sign festgestellt wurde;DATE;YYYY-MM;
200;2;urn:osse-91:dataelement:200:2;OUTDATED;en;Cerebellar vermis hypoplasia (molar tooth sign);Cerebellar vermis hypoplasia (molar tooth sign) diagn osed in MRI;enumerated;enumerated;SELECT_ONE_RADIO
200;3;urn:osse-91:dataelement:200:3;RELEASED;de;Kleinhirnwurmhypoplasie (Molar tooth Zeichen);Kleinhirnwurmhypoplasie (Molar tooth Zeichen) - im MRT diagnostiziert;enumerated;enumerated;SELECT_ONE_RADIO
217;2;urn:osse-91:dataelement:217:2;RELEASED;de;Wurde ein EEG durchgeführt?;EEG durchgeführt?;enumerated;enumerated;SELECT_ONE_RADIO
773;2;urn:osse-91:dataelement:773:2;OUTDATED;en;First occurred;Onset of muscular hypotonia - YYYY-MM;DATE;YYYY-MM;
224;2;urn:osse-91:dataelement:224:2;RELEASED;de;Welche anderen ZNS-Symptome?;weitere, oben nicht aufgeführte ZNS-Symptome;STRING;;
223;2;urn:osse-91:dataelement:223:2;RELEASED;en;First noticed;Onset of other symptoms of central nervous system - YYYY-MM;DATE;YYYY-MM;
222;2;urn:osse-91:dataelement:222:2;OUTDATED;en;Other symptoms of central nervous system;Other symptoms of central nervous system, here not specified;enumerated;enumerated;SELECT_ONE_RADIO
222;3;urn:osse-91:dataelement:222:3;RELEASED;de;Andere ZNS – Symptome;weitere, nicht aufgeführte ZNS – Symptome;enumerated;enumerated;SELECT_ONE_RADIO
774;2;urn:osse-91:dataelement:774:2;OUTDATED;de;Erstdiagnose;Erstdiagnose der psychomotorischen Retardierung - JJJJ-MM;DATE;YYYY-MM;
775;2;urn:osse-91:dataelement:775:2;OUTDATED;de;Erstmals festgestellt;Erstmanifestation autistischer Verhaltenszüge - JJJJ-MM;DATE;YYYY-MM;
211;2;urn:osse-91:dataelement:211:2;OUTDATED;en;First noticed;Onset of autoaggressive behaviour - YYYY-MM;DATE;YYYY-MM;
213;2;urn:osse-91:dataelement:213:2;OUTDATED;de;Erstmanifestation ;Erstmanifestation  der Lernschwierigkeiten - JJJJ-MM;DATE;YYYY-MM;
215;2;urn:osse-91:dataelement:215:2;OUTDATED;en;Since when?;Onset of seizures / epilepsy - YYYY-MM;DATE;YYYY-MM;
203;2;urn:osse-91:dataelement:203:2;OUTDATED;en;Muscular hypotonia;Muscular hypotonia;enumerated;enumerated;SELECT_ONE_RADIO
205;3;urn:osse-91:dataelement:205:3;OUTDATED;en;Mental retardation;Mental retardation;enumerated;enumerated;SELECT_ONE_RADIO
548;5;urn:osse-91:dataelement:548:5;OUTDATED;en;Autism spectrum disorder;Autism spectrum disorder;enumerated;enumerated;SELECT_ONE_RADIO
547;4;urn:osse-91:dataelement:547:4;OUTDATED;de;Störung der Impulskontrolle;Störung der Impulskontrolle;enumerated;enumerated;SELECT_ONE_RADIO
210;2;urn:osse-91:dataelement:210:2;OUTDATED;de;Autoaggression;Autoaggression;enumerated;enumerated;SELECT_ONE_RADIO
212;2;urn:osse-91:dataelement:212:2;OUTDATED;en;Learning difficulties;Learning difficulties;enumerated;enumerated;SELECT_ONE_RADIO
214;2;urn:osse-91:dataelement:214:2;OUTDATED;de;Krampfanfälle / Epilepsie;Krampfanfälle / Epilepsie;enumerated;enumerated;SELECT_ONE_RADIO
779;2;urn:osse-91:dataelement:779:2;OUTDATED;en;First noticed ;Onset of asthma bronchiale - YYYY-MM;DATE;YYYY-MM;
242;2;urn:osse-91:dataelement:242:2;OUTDATED;en;First diagnosed;Date when bronchiectasis was first diagnosed - YYYY-MM;DATE;YYYY-MM;
250;2;urn:osse-91:dataelement:250:2;OUTDATED;en;First noticed;Onset of anosmia - YYYY-MM;DATE;YYYY-MM;
707;2;urn:osse-91:dataelement:707:2;OUTDATED;en;First noticed;Onset of diurnal tiredness - YYYY-MM;DATE;YYYY-MM;
225;2;urn:osse-91:dataelement:225:2;RELEASED;en;Sitting without support;Indicates whether patient can sit without support.;enumerated;enumerated;SELECT_ONE_RADIO
708;2;urn:osse-91:dataelement:708:2;OUTDATED;en;First noticed;Onset of persistent snoring - YYYY-MM;DATE;YYYY-MM;
569;3;urn:osse-91:dataelement:569:3;OUTDATED;en;Persistent snoring;Persistent snoring;enumerated;enumerated;SELECT_ONE_RADIO
235;2;urn:osse-91:dataelement:235:2;OUTDATED;de;Rezidivierende Atemwegsinfekte/-obstruktionen oder Infekte im HNO-Bereich;Rezidivierende Atemwegsinfekte/-obstruktionen oder Infekte im HNO-Bereich;enumerated;enumerated;SELECT_ONE_RADIO
236;2;urn:osse-91:dataelement:236:2;OUTDATED;de;Erstmanifestation;Erstmanifestation rezidivierender Atemwegsinfekte/-obstruktionen - JJJJ-MM;DATE;YYYY-MM;
237;2;urn:osse-91:dataelement:237:2;OUTDATED;en;Asthma bronchiale;Asthma bronchiale;enumerated;enumerated;SELECT_ONE_RADIO
235;3;urn:osse-91:dataelement:235:3;OUTDATED;en;Recurring infections of the respiratory tract or ORL;Recurring infections of the respiratory tract or ORL;enumerated;enumerated;SELECT_ONE_RADIO
252;3;urn:osse-91:dataelement:252:3;OUTDATED;en;First noticed;Onset of other pulmonary or ORL symptoms - YYYY-MM;DATE;YYYY-MM;
780;2;urn:osse-91:dataelement:780:2;OUTDATED;de;Erstdiagnose;Erstdiagnose der Polyposis nasi - JJJJ-MM;DATE;YYYY-MM;
263;3;urn:osse-91:dataelement:263:3;OUTDATED;en;First diagnosed;Date of diagnosis of dextrocardia - YYYY-MM;DATE;YYYY-MM;
583;2;urn:osse-91:dataelement:583:2;OUTDATED;de;Erstdiagnose;Erstdiagnose des Situs ambiguus - JJJJ-MM;DATE;YYYY-MM;
245;2;urn:osse-91:dataelement:245:2;OUTDATED;de;Erstmals festgestellt;Erstmanifestation der Schallleitungsstörung - JJJJ-MM;DATE;YYYY-MM;
245;3;urn:osse-91:dataelement:245:3;RELEASED;en;First noticed;Onset of conductive hearing loss - YYYY-MM;DATE;YYYY-MM;
246;2;urn:osse-91:dataelement:246:2;OUTDATED;en;First noticed;Onset of hearing loss - YYYY-MM ;DATE;YYYY-MM;
246;3;urn:osse-91:dataelement:246:3;RELEASED;de;Erstmanifestation;Erstmanifestation der Innenohrschwerhörigkeit - JJJJ-MM;DATE;YYYY-MM;
248;2;urn:osse-91:dataelement:248:2;RELEASED;de;Seit wann?;Gibt an, seit wann der Patient / die Patientin mit Hörgeräten versorgt ist.;DATE;YYYY-MM;
279;2;urn:osse-91:dataelement:279:2;OUTDATED;de;Seit wann?;Erstmanifestation des Diabetes Mellitus - JJJJ-MM;DATE;YYYY-MM;
252;2;urn:osse-91:dataelement:252:2;OUTDATED;de;Erstmanifestation;Erstmanifestation anderer pulmologischen oder HNO - Symptome - JJJJ-MM;DATE;YYYY-MM;
258;2;urn:osse-91:dataelement:258:2;RELEASED;en;First diagnosed;Date of diagnosis of atrial septal defect - YYYY-MM;DATE;YYYY-MM;
259;2;urn:osse-91:dataelement:259:2;RELEASED;de;Erstdiagnose;Erstdiagnose des Ventrikelseptumdefektes (VSD) - JJJJ-MM;DATE;YYYY-MM;
260;2;urn:osse-91:dataelement:260:2;RELEASED;en;First diagnosed;Date of diagnosis of patent foramen ovale - YYYY-MM;DATE;YYYY-MM;
261;2;urn:osse-91:dataelement:261:2;RELEASED;de;Erstdiagnose;Erstdiagnose eines komplexen Herzfehlers - JJJJ-MM;DATE;YYYY-MM;
262;2;urn:osse-91:dataelement:262:2;RELEASED;en;First diagnosed;Date of diagnosis of cardiomyopathy - YYYY-MM;DATE;YYYY-MM;
572;2;urn:osse-91:dataelement:572:2;RELEASED;en;First noticed;Onset of left ventricular hypertrophy - YYYY-MM;DATE;YYYY-MM;
785;2;urn:osse-91:dataelement:785:2;RELEASED;de;Tanner Pubertätsstadien bekannt;Gibt an, ob die Tanner Pubertätsstadien der Patientin bekannt sind.;enumerated;enumerated;SELECT_ONE_RADIO
786;2;urn:osse-91:dataelement:786:2;RELEASED;de;PH;Tanner Stadium der Patientin (PH - pubic hair);INTEGER;0<=x<=6;
299;2;urn:osse-91:dataelement:299:2;RELEASED;en;B;patient's tanner stage (B - breast).;INTEGER;0<=x<=5;
787;2;urn:osse-91:dataelement:787:2;RELEASED;en;Date of determination;Date of determination of tanner score - YYYY-MM;DATE;YYYY-MM;
315;2;urn:osse-91:dataelement:315:2;RELEASED;en;Tanner stages known;Indicates whether patient's tanner stages are known.;enumerated;enumerated;SELECT_ONE_RADIO
302;2;urn:osse-91:dataelement:302:2;RELEASED;de;Menarche;Zeitpunkt der Menarche der Patientin - JJJJ-MM;DATE;YYYY-MM;
783;2;urn:osse-91:dataelement:783:2;RELEASED;de;Hodenvolumen (rechts);Volumen des rechten Hodens;INTEGER;0<=x<=20;
782;2;urn:osse-91:dataelement:782:2;RELEASED;en;Testicular volume (left);volume of left testicule ;INTEGER;0<=x<=20;
781;2;urn:osse-91:dataelement:781:2;RELEASED;en;Date;Date of measurement;DATE;YYYY-MM;
314;2;urn:osse-91:dataelement:314:2;RELEASED;en;Type of urogenital malformations;Type of urogenital malformations;enumerated;enumerated;SELECT_MANY_CHECKBOX
307;2;urn:osse-91:dataelement:307:2;RELEASED;de;Art der urogenitalen Fehlbildungen;Art der urogenitalen Fehlbildungen;enumerated;enumerated;SELECT_MANY_CHECKBOX
576;2;urn:osse-91:dataelement:576:2;OUTDATED;en;First diagnosed;Onset of hypothyreosis - YYYY-MM;DATE;YYYY-MM;
281;2;urn:osse-91:dataelement:281:2;RELEASED;de;Orale antidiabetika;Orale antidiabetika;enumerated;enumerated;SELECT_ONE_RADIO
578;1;urn:osse-91:dataelement:578:1;OUTDATED;de;Striae distensae;Ledet der Patient unter Striae distensae ?;enumerated;enumerated;SELECT_ONE_RADIO
577;2;urn:osse-91:dataelement:577:2;OUTDATED;de;Erstmals festgestellt;Erstmanifestation der Hyperthyreose - JJJJ-MM;DATE;YYYY-MM;
784;2;urn:osse-91:dataelement:784:2;OUTDATED;en;Date of diagnosis;Onset of hypopituitarism - YYYY-MM;DATE;YYYY-MM;
290;2;urn:osse-91:dataelement:290:2;OUTDATED;de;Erstmanifestation;Erstmanifestation der exocrinen Pankreasinsuffizienz - JJJJ-MM;DATE;YYYY-MM;
284;2;urn:osse-91:dataelement:284:2;OUTDATED;en;First diagnosed;Onset of acanthosis nigricans - YYYY-MM;DATE;YYYY-MM;
579;2;urn:osse-91:dataelement:579:2;OUTDATED;de;Erstmanifestation;Erstmanifestation der Striae distensae - JJJJ-MM;DATE;YYYY-MM;
573;3;urn:osse-91:dataelement:573:3;OUTDATED;de;Hypothyreose;Hypothyreose;enumerated;enumerated;SELECT_ONE_RADIO
575;2;urn:osse-91:dataelement:575:2;OUTDATED;en;Hyperthyreosis;Hyperthyreosis;enumerated;enumerated;SELECT_ONE_RADIO
574;3;urn:osse-91:dataelement:574:3;OUTDATED;de;Hypopituitarismus;Hypopituitarismus / Hypophyseninsuffizienz;enumerated;enumerated;SELECT_ONE_RADIO
283;2;urn:osse-91:dataelement:283:2;OUTDATED;de;Acanthosis nigricans;Acanthosis nigricans;enumerated;enumerated;SELECT_ONE_RADIO
578;2;urn:osse-91:dataelement:578:2;OUTDATED;en;Striae distensae;Striae distensae;enumerated;enumerated;SELECT_ONE_RADIO
289;2;urn:osse-91:dataelement:289:2;OUTDATED;en;Exocrine pancreatic insufficiency;Exocrine pancreatic insufficiency;enumerated;enumerated;SELECT_ONE_RADIO
300;2;urn:osse-91:dataelement:300:2;OUTDATED;de;G;Tanner Stadium des Patienten an (G - Genitale);INTEGER;0<=x<=5;
301;2;urn:osse-91:dataelement:301:2;OUTDATED;de;Datum der Feststellung;Datum der Bestimmung der Tanner Stadien - JJJJ-MM ;DATE;YYYY-MM;
309;2;urn:osse-91:dataelement:309:2;OUTDATED;de;Welche sonstigen Auffälligkeiten der Geschlechtsentwicklung?;sonstigen Auffälligkeiten der Geschlechtsentwicklung;STRING;;
254;3;urn:osse-91:dataelement:254:3;OUTDATED;de;Kardiale Anomalien;Kardiale Anomalien;enumerated;enumerated;SELECT_ONE_RADIO
570;2;urn:osse-91:dataelement:570:2;OUTDATED;de;Welche kardialen Anomalien?;Gibt an, welche kardialen Anomalien bei dem Patienten/der Patientin vorliegen.;enumerated;enumerated;SELECT_MANY_CHECKBOX
571;3;urn:osse-91:dataelement:571:3;OUTDATED;en;First noticed;Date of diagnosis of aortic stenosis - YYYY-MM;DATE;YYYY-MM;
253;2;urn:osse-91:dataelement:253:2;OUTDATED;de;Welche anderen pulmonalen / HNO – Symptome?;Welche anderen pulmonalen / HNO – Symptome?;STRING;;
310;2;urn:osse-91:dataelement:310:2;OUTDATED;de;Seit wann?;Erstmanifestation sonstiger Auffälligkeiten der Geschlechtsentwicklung - JJJJ-MM;DATE;YYYY-MM;
585;2;urn:osse-91:dataelement:585:2;OUTDATED;de;Situs ambiguus;Situs ambiguus;enumerated;enumerated;SELECT_ONE_RADIO
105;4;urn:osse-91:dataelement:105:4;OUTDATED;en;Dextrocardia;Dextrocardia;enumerated;enumerated;SELECT_ONE_RADIO
866;1;urn:osse-91:dataelement:866:1;OUTDATED;de;Erstmanifestation;Erstmanifestation rezidivierender HWI - JJJJ-MM;DATE;YYYY-MM;
391;2;urn:osse-91:dataelement:391:2;RELEASED;de;Inhomogenes Lebergewebe;Inhomogenes Lebergewebe im Ultraschall;enumerated;enumerated;SELECT_ONE_RADIO
390;2;urn:osse-91:dataelement:390:2;RELEASED;de;Lebergröße in der Medioclavicularlinie;Lebergröße in cm - in der Medioclavicularlinie gemessen;FLOAT;0<=x<=100;
392;2;urn:osse-91:dataelement:392:2;RELEASED;en;Periportal fibrosis;Periportal fibrosis;enumerated;enumerated;SELECT_ONE_RADIO
591;3;urn:osse-91:dataelement:591:3;RELEASED;en;Any abnormalities of the female genitals?;Abnormalities of the female genitals;enumerated;enumerated;SELECT_ONE_RADIO
405;4;urn:osse-91:dataelement:405:4;RELEASED;de;Hämoglobin;Hämoglobin;FLOAT;x;
407;2;urn:osse-91:dataelement:407:2;RELEASED;de;Leukozyten;Leukozyten;FLOAT;x;
622;2;urn:osse-91:dataelement:622:2;RELEASED;de;Harnsäure;Harnsäure;FLOAT;x;
623;2;urn:osse-91:dataelement:623:2;RELEASED;en;Aspartate transaminase - AST;Aspartate transaminase - AST (GOT);FLOAT;x;
624;2;urn:osse-91:dataelement:624:2;RELEASED;de;GPT;Glutamat-Pyruvat-Transaminase - GPT (ALT);FLOAT;x;
625;2;urn:osse-91:dataelement:625:2;RELEASED;en;GGT; Gamma-Glutamyl-Transferase - GGT;FLOAT;x;
627;1;urn:osse-91:dataelement:627:1;OUTDATED;de;Bilirubin gesamt;(mg/dl);FLOAT;x;
628;2;urn:osse-91:dataelement:628:2;RELEASED;de;Magnesium;Magnesium;FLOAT;x;
629;2;urn:osse-91:dataelement:629:2;RELEASED;en;Calcium;Calcium;FLOAT;x;
630;2;urn:osse-91:dataelement:630:2;RELEASED;de;Gesamteiweiß;Gesamteiweiß;FLOAT;x;
632;2;urn:osse-91:dataelement:632:2;RELEASED;de;Albumin;Albumin;FLOAT;x;
422;3;urn:osse-91:dataelement:422:3;RELEASED;en;TSH;TSH - thyreoidea stimulating hormone;FLOAT;x;
695;2;urn:osse-91:dataelement:695:2;RELEASED;de;fT4 ;freies T4 (Thyroxin);FLOAT;x;
702;2;urn:osse-91:dataelement:702:2;RELEASED;de;LH ;luteinisierendes Hormon - LH;FLOAT;x;
696;3;urn:osse-91:dataelement:696:3;OUTDATED;de;Testosteron;Testosteron - Wert an bestimmtem Zeitpunkt.;FLOAT;x;
696;4;urn:osse-91:dataelement:696:4;RELEASED;en;Testosterone;Testosterone;FLOAT;x;
697;2;urn:osse-91:dataelement:697:2;RELEASED;en;Estradiol ;Estradiol ;FLOAT;x;
698;2;urn:osse-91:dataelement:698:2;RELEASED;de;IGF1 ; Insulin-like-growth-factor-I / IGF1 (Somatomedin C);FLOAT;x;
699;2;urn:osse-91:dataelement:699:2;RELEASED;en;IGFBP-3 ; Insulin-like-growth-factor-binding-protein-3  / IGFBP-3;FLOAT;x;
700;2;urn:osse-91:dataelement:700:2;RELEASED;de;Insulin;Insulin;FLOAT;x;
701;2;urn:osse-91:dataelement:701:2;RELEASED;en;C-Peptide;C-Peptide;FLOAT;x;
593;2;urn:osse-91:dataelement:593:2;RELEASED;de;Wurden Bioproben entnommen ?;biologische Proben;enumerated;enumerated;SELECT_ONE_RADIO
598;2;urn:osse-91:dataelement:598:2;OUTDATED;de;Weitere Angaben;Weitere Angaben, Auffälligkeiten sowie Kommentare;STRING;;
598;3;urn:osse-91:dataelement:598:3;RELEASED;en;Further information;Any further information, abnormalities or comments on the patient;STRING;;
239;2;urn:osse-91:dataelement:239:2;RELEASED;de;Polyposis nasi;Gibt an, ob bei dem  Patienten/der Patientin eine polyposis nasi vorliegt.;enumerated;enumerated;SELECT_ONE_RADIO
88;2;urn:osse-91:dataelement:88:2;OUTDATED;de;Datum der Leberbiopsie;Datum der Leberbiopsie;DATE;YYYY-MM;
542;5;urn:osse-91:dataelement:542:5;OUTDATED;en;Details;Details on other symptoms;STRING;;
349;2;urn:osse-91:dataelement:349:2;OUTDATED;de;Größe des Patienten/der Patientin bei Nierensonographie;Größe des Patienten/der Patientin bei Nierensonographie;INTEGER;0<=x<=250;
350;2;urn:osse-91:dataelement:350:2;OUTDATED;en;Patient's body weight at renal ultrasound;Patient's body weight at renal ultrasound;INTEGER;0<=x<=250;
621;2;urn:osse-91:dataelement:621:2;OUTDATED;en;Thrombocytes;Thrombocytes;FLOAT;x;
626;2;urn:osse-91:dataelement:626:2;OUTDATED;de;Alkaline phosphatase ;Alkaline phosphatase ;FLOAT;x;
627;2;urn:osse-91:dataelement:627:2;OUTDATED;en;Serum bilirubin level;Serum bilirubin level;FLOAT;x;
867;1;urn:osse-91:dataelement:867:1;RELEASED;en;Gross hematuria;Indicates whether patient suffers from gross hematuria.;enumerated;enumerated;SELECT_ONE_RADIO
776;2;urn:osse-91:dataelement:776:2;OUTDATED;de;Erstmanifestation ;Erstmanifestation der Impulskontrolle festgestellt - JJJJ-MM;DATE;YYYY-MM;
868;1;urn:osse-91:dataelement:868:1;RELEASED;en;Body weight;Body weight in kg;FLOAT;0<=x<=250;
869;1;urn:osse-91:dataelement:869:1;RELEASED;de;Körperhöhe;Körperhöhe in cm;FLOAT;0<=x<=250;
344;2;urn:osse-91:dataelement:344:2;OUTDATED;en;Body height;Body height in cm;INTEGER;0<=x<=250;
345;2;urn:osse-91:dataelement:345:2;OUTDATED;de;Körpergewicht;Körpergewicht in kg;INTEGER;0<=x<=250;
873;1;urn:osse-91:dataelement:873:1;RELEASED;de;Einweiß/Kreatinin Quotient;Einweiß/Kreatinin Quotient im Urin;FLOAT;x;
874;1;urn:osse-91:dataelement:874:1;RELEASED;en;Total protein;Total protein in urine (24 hour urine);FLOAT;x;
875;1;urn:osse-91:dataelement:875:1;RELEASED;de;Albumin/Kreatinin Quotient;Albumin/Kreatinin Quotient (Urin);FLOAT;x;
753;1;urn:osse-91:dataelement:753:1;OUTDATED;en;asdf;asdgwr2;INTEGER;0<=x<=100;
876;1;urn:osse-91:dataelement:876:1;RELEASED;en;Date of bio sample;When has the bio sample been taken ?;DATE;YYYY-MM;
872;1;urn:osse-91:dataelement:872:1;OUTDATED;en;Calcium;Calcium in urine;FLOAT;x;
872;2;urn:osse-91:dataelement:872:2;RELEASED;de;Calcium (Urin);Calcium im Urin;FLOAT;x;
691;2;urn:osse-91:dataelement:691:2;OUTDATED;de;Kreatinin;Kreatinin im Urin;FLOAT;x;
691;3;urn:osse-91:dataelement:691:3;RELEASED;en;Creatinine (Urine);Creatinine in urine;FLOAT;x;
871;1;urn:osse-91:dataelement:871:1;OUTDATED;de;Magnesium;Magnesium im Urin;FLOAT;x;
871;2;urn:osse-91:dataelement:871:2;RELEASED;en;Magnesium (Urine);Magnesium in urine;FLOAT;x;
870;1;urn:osse-91:dataelement:870:1;OUTDATED;en;Urinic acid;Urinic acid in urine;FLOAT;x;
870;2;urn:osse-91:dataelement:870:2;RELEASED;de;Harnsäure (Urin);Harnsäure im Urin;FLOAT;x;
807;2;urn:osse-91:dataelement:807:2;RELEASED;de;Beginn;Startzeitpunkt der ACE-Hemmer-Therapie.;DATE;YYYY-MM;
808;2;urn:osse-91:dataelement:808:2;RELEASED;de;Beginn;Startzeitpunkt der AT1-Rezeptorantagonist-Therapie.;DATE;YYYY-MM;
877;1;urn:osse-91:dataelement:877:1;RELEASED;en;Is the treatment ongoing ? ;Status of ACE-inhibitor therapy;enumerated;enumerated;SELECT_ONE_RADIO
878;1;urn:osse-91:dataelement:878:1;RELEASED;de;Ist die Therapie kontinuierlich fortbestehend ? ;Stand der AT1-Rezeptorantagonist-Therapie;enumerated;enumerated;SELECT_ONE_RADIO
879;1;urn:osse-91:dataelement:879:1;RELEASED;de;Therapie beendet seit;Datum an dem die AT1-Rezeptorantagonist-Therapie beendet worden ist.;DATE;YYYY-MM;
880;1;urn:osse-91:dataelement:880:1;RELEASED;en;Treatment ended since;Date at which the ACE-inhibitor therapy ended.;DATE;YYYY-MM;
881;1;urn:osse-91:dataelement:881:1;RELEASED;de;Wurde die Therapie wieder aufgenommen ? ;Stand der ACE-Hemmer-Therapie;enumerated;enumerated;SELECT_ONE_RADIO
882;1;urn:osse-91:dataelement:882:1;RELEASED;en;Was the treatment restarted ? ;Status of AT1-receptor therapy;enumerated;enumerated;SELECT_ONE_RADIO
883;1;urn:osse-91:dataelement:883:1;RELEASED;de;Therapie wieder aufgenommen seit;Datum an dem die AT1-Rezeptorantagonist-Therapie wieder aufgenommen worden ist.;DATE;YYYY-MM;
884;1;urn:osse-91:dataelement:884:1;RELEASED;en;Treatment restarted since;Date at which ACE-inhibitor therapy was restarted.;DATE;YYYY-MM;
467;6;urn:osse-91:dataelement:467:6;RELEASED;en;Is this person participating in a patient register study ?;participating in patient register study?;enumerated;enumerated;
845;2;urn:osse-91:dataelement:845:2;RELEASED;en;Please indicate the registry:;Registry study in which the family member participated as patient.;enumerated;enumerated;
468;4;urn:osse-91:dataelement:468:4;RELEASED;en;Which family members ? ;Please select the affected family members.;enumerated;enumerated;
885;1;urn:osse-91:dataelement:885:1;OUTDATED;en;Renal volume;Renal volume of the kidney.;FLOAT;0<=x<=500;
886;1;urn:osse-91:dataelement:886:1;RELEASED;de;Geburtsgewicht;Gewicht des Patienten bei Geburt.;FLOAT;500<=x<=9999;
887;1;urn:osse-91:dataelement:887:1;RELEASED;de;Geburtslänge;Körperlänge des Patienten bei Geburt.;FLOAT;0<=x<=99;
888;1;urn:osse-91:dataelement:888:1;RELEASED;de;Kopfumfang bei Geburt;Kopfumfang des Patienten bei Geburt.;FLOAT;0<=x<=99;
889;1;urn:osse-91:dataelement:889:1;RELEASED;de;Einheit;Einheit für Laborwerte.;enumerated;enumerated;
404;1;urn:osse-91:dataelement:404:1;OUTDATED;en;Unit;Unit of laboratory values.;enumerated;enumerated;
890;1;urn:osse-91:dataelement:890:1;RELEASED;de;Seit ;Beginn der Behandlung - JJJJ-MM;DATE;YYYY-MM;
891;1;urn:osse-91:dataelement:891:1;RELEASED;en;End;End of treatment - YYYY-MM;DATE;YYYY-MM;
918;1;urn:osse-91:dataelement:918:1;RELEASED;de;Cholestase vorhanden? (konj. Bilirubin > 1,0mg/dl);Cholestase vorhanden? (konj. Bilirubin > 1,0mg/dl);enumerated;enumerated;
919;1;urn:osse-91:dataelement:919:1;RELEASED;de;Wurde die Cholestase erfolgreich behandelt?;Wurde die Cholestase erfolgreich behandelt?;BOOLEAN;(true|false|yes|no|f|t);
920;1;urn:osse-91:dataelement:920:1;RELEASED;de;Wann wurde die Cholestase erfolgreich behandelt?;Wann wurde die Cholestase erfolgreich behandelt?;DATE;YYYY-MM-DD;
921;1;urn:osse-91:dataelement:921:1;RELEASED;de;Leukozytopenie vorhanden? (> 4000/μl);Leukozytopenie vorhanden? (> 4000/μl);enumerated;enumerated;
1162;1;urn:osse-91:dataelement:1162:1;RELEASED;de;(Nephreg) Geschwister vorhanden;(Nephreg) Geschwister vorhanden;STRING;;
1163;1;urn:osse-91:dataelement:1163:1;RELEASED;de;(Nephreg) Geschwister - Geschlecht;(Nephreg) Geschwister - Geschlecht;STRING;;
1164;1;urn:osse-91:dataelement:1164:1;RELEASED;de;(Nephreg) Geschwister - Geburtsjahr;(Nephreg) Geschwister - Geburtsjahr;STRING;;
1165;1;urn:osse-91:dataelement:1165:1;RELEASED;de;(Nephreg) Geschwister - Erkrankungsstatus;(Nephreg) Geschwister - Erkrankungsstatus;STRING;;
1156;1;urn:osse-91:dataelement:1156:1;OUTDATED;de;(Nephreg) Lebersonographie - Kolateralkreisläufe Pfortaderfluss <16cm/sek;(Nephreg) Lebersonographie - Kolateralkreisläufe Pfortaderfluss <16cm/sek;STRING;;
1156;2;urn:osse-91:dataelement:1156:2;RELEASED;de;(Nephreg) Lebersonographie - Pfortaderfluss <16cm/sek;(Nephreg) Lebersonographie - Pfortaderfluss <16cm/sek;STRING;;
1166;1;urn:osse-91:dataelement:1166:1;RELEASED;de;(Nephreg) Geschlecht;(Nephreg) Geschlecht;STRING;;
397;1;urn:osse-91:dataelement:397:1;OUTDATED;de;Pfordaderfluss < 16 cm / sek;Gibt an, ob der Fluss in der Pfortader kleiner 16 cm/sek ist.;enumerated;enumerated;SELECT_ONE_RADIO
1167;1;urn:osse-91:dataelement:1167:1;OUTDATED;de;Weitere Angaben;Weitere Angaben zur molekulargenetische Untersuchung;STRING;;
771;2;urn:osse-91:dataelement:771:2;OUTDATED;de;Visus rechts;Sehschärfe des rechten Auges in Prozent;INTEGER;0<=x<=100;
1169;1;urn:osse-91:dataelement:1169:1;OUTDATED;en;Right eye;Visual acuity of the right eye;FLOAT;0.001<=x<=2.0;
1169;2;urn:osse-91:dataelement:1169:2;RELEASED;de;Visus rechts;Sehschärfe des rechten Auges (Dezimal);FLOAT;0.001<=x<=2.0;
1168;1;urn:osse-91:dataelement:1168:1;OUTDATED;de;Visus links;Sehschärfe des linken Auges;FLOAT;0.001<=x<=2.0;
1168;2;urn:osse-91:dataelement:1168:2;RELEASED;en;Left eye;Visual acuity of the left eye (decimal);FLOAT;0.001<=x<=2.0;
1167;2;urn:osse-91:dataelement:1167:2;OUTDATED;en;Further information / result;Any further information about the genetic testing;STRING;;
397;2;urn:osse-91:dataelement:397:2;OUTDATED;en;Portal flow < 16 cm/sec;Indicates whether portal flow is lower than 16 cm/sec.;enumerated;enumerated;SELECT_ONE_RADIO
497;1;urn:osse-91:dataelement:497:1;OUTDATED;en;HNF1ß Nephropathie;Erweiterte Familienanamese;enumerated;enumerated;SELECT_ONE_RADIO
497;2;urn:osse-91:dataelement:497:2;RELEASED;de;HNF1β Neophrapathie;Erweiterte Familienanamese;enumerated;enumerated;SELECT_ONE_RADIO
502;2;urn:osse-91:dataelement:502:2;RELEASED;de;HNF1β Nephropathie (Ja-Case: Welche Familienangehörige ?);Erweiterte Familienanamnese;STRING;;
618;2;urn:osse-91:dataelement:618:2;OUTDATED;en;HNF1ß Nephropathy;Do further members of the family suffer from HNF1ß Nephropathy?;enumerated;enumerated;SELECT_ONE_RADIO
618;3;urn:osse-91:dataelement:618:3;OUTDATED;de;HNF1β Nephropathie;Leidet jemand im erweiterten Familienkreis an einer HNF1ß Nephropathie?;enumerated;enumerated;SELECT_ONE_RADIO
2;1;urn:osse-91:dataelement:2:1;OUTDATED;en;HNF1ß-Nephropathy;HNF1ß-Nephropathy?;BOOLEAN;(true|false|yes|no|f|t);
2;2;urn:osse-91:dataelement:2:2;RELEASED;de;HNF1β-Nephropathie;Besteht der klinische/genetisch bestätigte Verdacht auf das Vorliegen einer HNF1β-Nephropathie?;BOOLEAN;(true|false|yes|no|f|t);
825;1;urn:osse-91:dataelement:825:1;OUTDATED;de;Welche der Familienmitglieder ? ;Bitte Familienmitglieder mit ähnlichen Symptomen auswählen.;enumerated;enumerated;SELECT_MANY_CHECKBOX
618;4;urn:osse-91:dataelement:618:4;OUTDATED;en;HNF1β Nephropathy;Do further members of the family suffer from HNF1β Nephropathy?;enumerated;enumerated;SELECT_ONE_RADIO
618;5;urn:osse-91:dataelement:618:5;OUTDATED;de;HNF1β Nephropathie;Leidet jemand im erweiterten Familienkreis an einer HNF1β Nephropathie?;enumerated;enumerated;SELECT_ONE_RADIO
618;6;urn:osse-91:dataelement:618:6;OUTDATED;de;HNF1β Nephropathie;Leidet jemand im erweiterten Familienkreis an einer HNF1β Nephropathie?;enumerated;enumerated;SELECT_ONE_RADIO
618;7;urn:osse-91:dataelement:618:7;RELEASED;en;HNF1β Nephropathy;Do further members of the family suffer from HNF1β Nephropathy?;enumerated;enumerated;SELECT_ONE_RADIO
830;1;urn:osse-91:dataelement:830:1;OUTDATED;en;Bardet-Biedl-Syndrome (BBS);Bardet-Biedl-Syndrome (BBS)?;BOOLEAN;(true|false|yes|no|f|t);SELECT_ONE_RADIO
830;2;urn:osse-91:dataelement:830:2;RELEASED;de;Bardet-Biedl-Syndrom (BBS);Besteht der klinische/genetisch bestätigte Verdacht auf das Vorliegen eines Bardet-Biedl-Syndroms (BBS)?;BOOLEAN;(true|false|yes|no|f|t);SELECT_ONE_RADIO
681;1;urn:osse-91:dataelement:681:1;OUTDATED;de;Phänotypbeschreibung Bardet Biedl Syndrom;Beschreibt Kardinalsymtome des Bardet Biedl Syndroms;enumerated;enumerated;SELECT_MANY_CHECKBOX
681;2;urn:osse-91:dataelement:681:2;RELEASED;en;Phenotype description of Bardet Biedl Syndrome;Phenotype description of Bardet Biedl Syndrome;enumerated;enumerated;SELECT_MANY_CHECKBOX
11;2;urn:osse-91:dataelement:11:2;OUTDATED;en;Ellis van Creveld syndrome;Ellis van Creveld syndrome;BOOLEAN;(true|false|yes|no|f|t);
11;3;urn:osse-91:dataelement:11:3;OUTDATED;de;Ellis van Creveld Syndrom;Liegen Symptome des Ellis van Creveld Syndroms vor?;BOOLEAN;(true|false|yes|no|f|t);
3;2;urn:osse-91:dataelement:3:2;RELEASED;en;Bardet-Biedl-Syndrome (BBS);Bardet-Biedl-Syndrome (BBS)?;BOOLEAN;(true|false|yes|no|f|t);
13;2;urn:osse-91:dataelement:13:2;RELEASED;en;Other complex ciliopathies;Other complex ciliopathies;BOOLEAN;(true|false|yes|no|f|t);
19;2;urn:osse-91:dataelement:19:2;OUTDATED;de;Andere syndromale Ziliopathien;Erlaubt Freitext zur Eingabe anderer syndromaler Ziliopathien;STRING;;
668;3;urn:osse-91:dataelement:668:3;RELEASED;en;Year of birth;Year of birth of the father;INTEGER;1930<=x<=2000;
11;4;urn:osse-91:dataelement:11:4;OUTDATED;en;Ellis van Creveld syndrome;Ellis van Creveld syndrome;BOOLEAN;(true|false|yes|no|f|t);
8;2;urn:osse-91:dataelement:8:2;OUTDATED;de;Jeune Syndrom;Liegen Symptome des Jeune-Syndroms vor?;BOOLEAN;(true|false|yes|no|f|t);
8;3;urn:osse-91:dataelement:8:3;RELEASED;de;Jeune Syndrom;Liegen Symptome des Jeune-Syndroms vor?;BOOLEAN;(true|false|yes|no|f|t);
831;2;urn:osse-91:dataelement:831:2;OUTDATED;de;COACH-Syndrom (Cerebellar vermis defect  Oligophrenia Ataxia Coloboma Hepatic fibrosis);Liegen Symptome des COACH-Syndroms vor?;BOOLEAN;(true|false|yes|no|f|t);
831;3;urn:osse-91:dataelement:831:3;RELEASED;de;COACH-Syndrom (Cerebellar vermis defect  Oligophrenia Ataxia Coloboma Hepatic fibrosis);Liegen Symptome des COACH-Syndroms vor?;BOOLEAN;(true|false|yes|no|f|t);
9;2;urn:osse-91:dataelement:9:2;OUTDATED;en;Senior-Løken-Syndrome;Senior-Løken-Syndrome;BOOLEAN;(true|false|yes|no|f|t);
9;3;urn:osse-91:dataelement:9:3;RELEASED;en;Senior-Løken-Syndrome;Senior-Løken-Syndrome;BOOLEAN;(true|false|yes|no|f|t);
10;2;urn:osse-91:dataelement:10:2;RELEASED;de;Kongenitale okulomotorische Apraxie Typ Cogan II (COMA);Liegen Symptome der kongenitale okulomotorische Apraxie Typ Cogan II (COMA) vor?;BOOLEAN;(true|false|yes|no|f|t);
11;5;urn:osse-91:dataelement:11:5;OUTDATED;de;Ellis van Creveld Syndrom;Liegen Symptome des Ellis van Creveld Syndroms vor?;BOOLEAN;(true|false|yes|no|f|t);
12;2;urn:osse-91:dataelement:12:2;OUTDATED;de;RHYNS-Syndrom;Liegen Symptome des RHYNS Syndroms vor?;BOOLEAN;(true|false|yes|no|f|t);
832;2;urn:osse-91:dataelement:832:2;OUTDATED;de;Anderweitige syndromale Ziliopathie;Liegen Symptome einer anderweitigen syndromalen Ziliopathie vor?;enumerated;enumerated;SELECT_ONE_RADIO
832;3;urn:osse-91:dataelement:832:3;RELEASED;de;Anderweitige syndromale Ziliopathie;Liegen Symptome einer anderweitigen syndromalen Ziliopathie vor?;enumerated;enumerated;SELECT_ONE_RADIO
19;3;urn:osse-91:dataelement:19:3;OUTDATED;de;Andere syndromale Ziliopathien;Erlaubt Freitext zur Eingabe anderer syndromaler Ziliopathien;STRING;;
19;4;urn:osse-91:dataelement:19:4;RELEASED;de;Andere syndromale Ziliopathien;Erlaubt Freitext zur Eingabe anderer syndromaler Ziliopathien;STRING;;
7;3;urn:osse-91:dataelement:7:3;OUTDATED;de;Joubert-Syndrom;Liegen Symptome des Joubert-Syndroms vor?;BOOLEAN;(true|false|yes|no|f|t);
7;4;urn:osse-91:dataelement:7:4;OUTDATED;de;Joubert-Syndrom;Liegen Symptome des Joubert-Syndroms vor?;BOOLEAN;(true|false|yes|no|f|t);
16;3;urn:osse-91:dataelement:16:3;OUTDATED;en;symptoms/phenotype description of oculomotoric apraxia Type Cogan (COMA);symptoms/phenotype description of oculomotoric apraxia Type Cogan (COMA);enumerated;enumerated;SELECT_MANY_CHECKBOX
17;3;urn:osse-91:dataelement:17:3;OUTDATED;en;symptoms/phenotype description Ellis van Creveld syndrome;symptoms/phenotype description Ellis van Creveld syndrome;enumerated;enumerated;SELECT_MANY_CHECKBOX
17;4;urn:osse-91:dataelement:17:4;OUTDATED;en;symptoms/phenotype description Ellis van Creveld syndrome;symptoms/phenotype description Ellis van Creveld syndrome;enumerated;enumerated;SELECT_MANY_CHECKBOX
7;5;urn:osse-91:dataelement:7:5;OUTDATED;de;Joubert-Syndrom;Liegen Symptome des Joubert-Syndroms vor?;BOOLEAN;(true|false|yes|no|f|t);
7;6;urn:osse-91:dataelement:7:6;RELEASED;de;Joubert-Syndrom;Liegen Symptome des Joubert-Syndroms vor?;BOOLEAN;(true|false|yes|no|f|t);
17;5;urn:osse-91:dataelement:17:5;OUTDATED;en;symptoms/phenotype description Ellis van Creveld syndrome;symptoms/phenotype description Ellis van Creveld syndrome;enumerated;enumerated;SELECT_MANY_CHECKBOX
664;3;urn:osse-91:dataelement:664:3;RELEASED;en;Which are the other abnormalities during pregnancy ;Prenatal details about patient;enumerated;enumerated;SELECT_MANY_CHECKBOX
1172;1;urn:osse-91:dataelement:1172:1;RELEASED;en;ARPKD;ARPKD;BOOLEAN;(true|false|yes|no|f|t);
17;6;urn:osse-91:dataelement:17:6;OUTDATED;en;symptoms/phenotype description Ellis van Creveld syndrome;symptoms/phenotype description Ellis van Creveld syndrome;enumerated;enumerated;SELECT_MANY_CHECKBOX
16;4;urn:osse-91:dataelement:16:4;OUTDATED;en;symptoms/phenotype description of oculomotoric apraxia Type Cogan (COMA);symptoms/phenotype description of oculomotoric apraxia Type Cogan (COMA);enumerated;enumerated;SELECT_MANY_CHECKBOX
11;6;urn:osse-91:dataelement:11:6;OUTDATED;de;Ellis van Creveld Syndrom;Liegen Symptome des Ellis van Creveld Syndroms vor?;BOOLEAN;(true|false|yes|no|f|t);
12;3;urn:osse-91:dataelement:12:3;OUTDATED;de;RHYNS-Syndrom;Liegen Symptome des RHYNS Syndroms vor?;BOOLEAN;(true|false|yes|no|f|t);
439;4;urn:osse-91:dataelement:439:4;OUTDATED;en;Type of intervention on oligohydramnion;Which type of intervention took place ? ;enumerated;enumerated;SELECT_MANY_CHECKBOX
1173;1;urn:osse-91:dataelement:1173:1;OUTDATED;en;Gibt es eine gesicherte Genetik?;Gibt es eine gesicherte Genetik?;enumerated;enumerated;SELECT_ONE_RADIO
1175;1;urn:osse-91:dataelement:1175:1;RELEASED;de;Gibt es eine gesicherte Genetik?;Gibt es eine gesicherte Genetik?;enumerated;enumerated;SELECT_ONE_RADIO
1170;1;urn:osse-91:dataelement:1170:1;OUTDATED;de;Geburtsjahr (Vater);Geburtsjahr des Vaters;INTEGER;1940<=x<=2000;
1174;1;urn:osse-91:dataelement:1174:1;OUTDATED;de;Do secured medical genetics exist?;Do secured medical genetics exist?;enumerated;enumerated;SELECT_ONE_RADIO
1171;1;urn:osse-91:dataelement:1171:1;OUTDATED;en;Anmerkung zur Berechnung;Anmerkung zur Berechnung;STRING;;
1171;2;urn:osse-91:dataelement:1171:2;RELEASED;en;Notes to the calculation ;Notes to the calculation ;STRING;;
434;5;urn:osse-91:dataelement:434:5;OUTDATED;en;Phenotype description of  HNF1β - nephropathy;Phenotype description of  HNF1β - nephropathy;enumerated;enumerated;SELECT_MANY_CHECKBOX
434;6;urn:osse-91:dataelement:434:6;RELEASED;de;Phänotypbeschreibung HNF1β - Nephropathie;Beschreibt Kardinalsymtome der HNF1β - Nephropathie;enumerated;enumerated;SELECT_MANY_CHECKBOX
14;3;urn:osse-91:dataelement:14:3;OUTDATED;en;Phenotype description Joubert- and COACH syndrome;Phenotype description Joubert- and COACH syndrome (Cerebellar vermis defect Oligophrenia Ataxia Coloboma Hepatic fibrosis);enumerated;enumerated;SELECT_MANY_CHECKBOX
14;4;urn:osse-91:dataelement:14:4;RELEASED;de;Kardinalsymptome des Joubert und COACH-Syndroms;Kardinalsymptome des Joubert und COACH-Syndroms;enumerated;enumerated;SELECT_MANY_CHECKBOX
18;3;urn:osse-91:dataelement:18:3;RELEASED;en;symptoms/phenotype RHYNS-syndrome;symptoms/phenotype RHYNS-syndrome;enumerated;enumerated;SELECT_MANY_CHECKBOX
16;5;urn:osse-91:dataelement:16:5;RELEASED;de;Kardinalsymptome der Kongenitalen okulomotorischen Apraxie Typ Cogan II (COMA);Kardinalsymptome der Kongenitalen okulomotorischen Apraxie Typ Cogan II (COMA);enumerated;enumerated;SELECT_MANY_CHECKBOX
11;7;urn:osse-91:dataelement:11:7;RELEASED;en;Ellis-van-Creveld syndrome;Ellis-van-Creveld syndrome;BOOLEAN;(true|false|yes|no|f|t);
17;7;urn:osse-91:dataelement:17:7;OUTDATED;de;Kardinalsymptome des Ellis-van-Creveld Syndroms;Kardinalsymptome des Ellis-van-Creveld Syndroms;enumerated;enumerated;SELECT_MANY_CHECKBOX
17;8;urn:osse-91:dataelement:17:8;RELEASED;en;symptoms/phenotype description Ellis-van-Creveld syndrome;symptoms/phenotype description Ellis-van-Creveld syndrome;enumerated;enumerated;SELECT_MANY_CHECKBOX
12;4;urn:osse-91:dataelement:12:4;RELEASED;en;RHYNS syndrome;RHYNS syndrome;BOOLEAN;(true|false|yes|no|f|t);
20;3;urn:osse-91:dataelement:20:3;RELEASED;en;symptoms/phenotype description Jeune syndrome;symptoms/phenotype description Jeune syndrome;enumerated;enumerated;SELECT_MANY_CHECKBOX
439;5;urn:osse-91:dataelement:439:5;RELEASED;de;Intervention bei Oligohydramnion;Welche Art von Intervention wurde durchgeführt ?;enumerated;enumerated;SELECT_MANY_CHECKBOX
520;2;urn:osse-91:dataelement:520:2;OUTDATED;de;In welcher SSW aufgetreten;Wann ist Gestationsdiabetes aufgetreten ? ;INTEGER;0<=x<=45;
440;2;urn:osse-91:dataelement:440:2;RELEASED;en;Other type of intervention on oligohydramnion;Specific about the intervention on oligohydramnion;STRING;;
460;5;urn:osse-91:dataelement:460:5;RELEASED;de;Angabe anderer renaler Erkrankung;Andere renale Erkrankung des Vaters;STRING;;
675;3;urn:osse-91:dataelement:675:3;RELEASED;en;Other;other renal disease(s) of the patient's mother;STRING;;
844;3;urn:osse-91:dataelement:844:3;OUTDATED;de;In welches Register ? ;Bitte Register angeben, in welches das Geschwister bereits aufgenommen worden ist.;enumerated;enumerated;
844;4;urn:osse-91:dataelement:844:4;RELEASED;en;In which patient register study ?;Please indicate the register study in which the sibling is already included.;enumerated;enumerated;
469;4;urn:osse-91:dataelement:469:4;OUTDATED;en;Details about the other family member;Which is the family member beside the ones suggested;STRING;;
469;5;urn:osse-91:dataelement:469:5;RELEASED;de;Angabe zum anderen Familienmitglied;Angabe der Verwandtschaftsbeziehung bei Auswahl eines anderen Familienmitglieds, das an der Erkrankung des Patienten oder ähnlichen Symptomen leidet;STRING;;
529;2;urn:osse-91:dataelement:529:2;OUTDATED;de;Anderes Register:;Name des Registers, in dem  das Familiemitglied bereits aufgenommen ist.;STRING;;
529;3;urn:osse-91:dataelement:529:3;RELEASED;en;Other registry: ;Name of the registry study the family member is participating in.;STRING;;
458;6;urn:osse-91:dataelement:458:6;OUTDATED;en;Which renal disease(s) ?;Select the disease(s) from which the patient's father suffers.;enumerated;enumerated;SELECT_MANY_CHECKBOX
458;7;urn:osse-91:dataelement:458:7;RELEASED;de;Welche renale Erkrankung(en) ?;Angabe zur renalen Erkrankung des Vaters;enumerated;enumerated;SELECT_MANY_CHECKBOX
447;5;urn:osse-91:dataelement:447:5;RELEASED;en;Other;Other abnormalities during pregnancy;STRING;;
663;3;urn:osse-91:dataelement:663:3;RELEASED;en;Information about treatment;Information about treatment of gestaional diabetes;enumerated;enumerated;SELECT_ONE_RADIO
520;3;urn:osse-91:dataelement:520:3;OUTDATED;en;In which week of pregnancy was gestational diabtes first diagnosed ?;In which week of pregnancy was gestational diabtes first diagnosed ?;INTEGER;0<=x<=45;
520;4;urn:osse-91:dataelement:520:4;RELEASED;de;In welcher SSW erstmals aufgetreten?;Wann ist Gestationsdiabetes erstmals aufgetreten ? ;INTEGER;0<=x<=45;
843;4;urn:osse-91:dataelement:843:4;RELEASED;en;In which patient register study is the mother participating ?;Please indicate the register study in which the mother is already included.;enumerated;enumerated;SELECT_ONE_RADIO
528;5;urn:osse-91:dataelement:528:5;OUTDATED;en;which other register study?;In which other register study ins the patient already included?;STRING;;
528;6;urn:osse-91:dataelement:528:6;RELEASED;de;Welches andere Register?;In welches andere Register wurde der Patient aufgenommen?;STRING;;
842;4;urn:osse-91:dataelement:842:4;RELEASED;de;In welchem Register ist der Vater bereits aufgenommen worden ? ;Bitte Register angeben, in das der Vater bereits aufgenommen worden ist.;enumerated;enumerated;SELECT_ONE_RADIO
673;2;urn:osse-91:dataelement:673:2;OUTDATED;de;Welche renale Erkrankung(en) ?;Angabe zur renalen Erkrankung der Mutter.;enumerated;enumerated;SELECT_MANY_CHECKBOX
673;3;urn:osse-91:dataelement:673:3;RELEASED;en;Which renal disease(s) ?;Select the disease(s) from which the patient's mother suffers.;enumerated;enumerated;SELECT_MANY_CHECKBOX
768;2;urn:osse-91:dataelement:768:2;RELEASED;en;Date of diagnosis;Indicates when jaundice was first diagnosed in patient.;DATE;YYYY-MM;
764;3;urn:osse-91:dataelement:764:3;RELEASED;en;Date of diagnosis;Date of beginning of chronic constipation;DATE;YYYY-MM;
92;2;urn:osse-91:dataelement:92:2;RELEASED;de;Erstmals aufgetreten;Gibt das Datum der Erstmanifestation des Symptoms Polyurie an;DATE;YYYY-MM;
104;2;urn:osse-91:dataelement:104:2;OUTDATED;de;Erstmals aufgetreten;Gibt das Datum an, an welchem die persistierende Mikrohämaturie erstmals diagnostiziert worden ist.;DATE;YYYY-MM;
104;3;urn:osse-91:dataelement:104:3;OUTDATED;en;First diagnosed;Indicates date when persistent microhematuria was first diagnosed.;DATE;YYYY-MM;
104;4;urn:osse-91:dataelement:104:4;RELEASED;de;Erstmals aufgetreten;Gibt das Datum der Erstmanifestation des Symptoms Persistierende Mikrohämaturie an.;DATE;YYYY-MM;
106;2;urn:osse-91:dataelement:106:2;RELEASED;de;Erstmals aufgetreten;Gibt das Datum der Erstmanifestation des Symptoms Makrohämaturie an.;DATE;YYYY-MM;
115;3;urn:osse-91:dataelement:115:3;OUTDATED;de;Erstmals aufgetreten;Zeitpunkt an welchem eine arterielle Hypertonie erstmals festgestellt worden ist;DATE;YYYY-MM;
866;2;urn:osse-91:dataelement:866:2;OUTDATED;en;First diagnosed;Onset of recurring infections of the urinary tract - YYYY-MM;DATE;YYYY-MM;
866;3;urn:osse-91:dataelement:866:3;RELEASED;de;Erstmals aufgetreten;Gibt das Datum der Erstmanifestation des Symptoms  rezidivierende Harnwegsinfekte an.;DATE;YYYY-MM;
760;3;urn:osse-91:dataelement:760:3;OUTDATED;en;Date of diagnosis;Indicates when palpable hepatomegaly was first diagnosed in patient.;DATE;YYYY-MM;
760;4;urn:osse-91:dataelement:760:4;RELEASED;de;Erstmals aufgetreten;Gibt das Datum der Erstmanifestation des Symptoms palpable Hepatomegalie an.;DATE;YYYY-MM;
761;3;urn:osse-91:dataelement:761:3;OUTDATED;de;Erstmals aufgetreten;Datum wann die palpable Splenomegalie erstmals festgestellt wurde. ;DATE;YYYY-MM;
761;4;urn:osse-91:dataelement:761:4;RELEASED;en;Date of diagnosis;Indicates when palpable splenomegaly was first diagnosed in patient.;DATE;YYYY-MM;
762;2;urn:osse-91:dataelement:762:2;OUTDATED;en;Date of diagnosis;Indicates when elevated liver enzymes was first diagnosed in patient.;DATE;YYYY-MM;
762;3;urn:osse-91:dataelement:762:3;RELEASED;de;Erstmals aufgetreten;Gibt das Datum der Erstmanifestation des Symptoms Transaminasenerhöhung an.;DATE;YYYY-MM;
763;2;urn:osse-91:dataelement:763:2;OUTDATED;de;Erstmals aufgetreten;Gibt an wann die Erstdiagnose für Cholelithiasis bei dem Patienten/der Patientin gestellt wurde.;DATE;YYYY-MM;
763;3;urn:osse-91:dataelement:763:3;RELEASED;en;Date of diagnosis;Indicates when cholelithiasis was first diagnosed in patient.;DATE;YYYY-MM;
154;3;urn:osse-91:dataelement:154:3;OUTDATED;en;First diagnosed;date when hepatic cysts were first diagnosed;DATE;YYYY-MM;
154;4;urn:osse-91:dataelement:154:4;RELEASED;de;Erstmals aufgetreten;Gibt das Datum der Erstmanifestation des Symptoms Leberzysten an.;DATE;YYYY-MM;
158;2;urn:osse-91:dataelement:158:2;OUTDATED;en;First diagnosed;Indicates date when ascites was first diagnosed.;DATE;YYYY-MM;
158;3;urn:osse-91:dataelement:158:3;RELEASED;de;Erstmals aufgetreten;Gibt das Datum der Erstmanifestation des Symptoms Aszites an.;DATE;YYYY-MM;
160;3;urn:osse-91:dataelement:160:3;OUTDATED;de;Erstmals aufgetreten;Zeitpunkt an welchem Ösophagusvarizen erstmals  diagnostiziert worden sind;DATE;YYYY-MM;
160;4;urn:osse-91:dataelement:160:4;RELEASED;en;First diagnosed;Date when esophageal varices were first diagnosed;DATE;YYYY-MM;
765;3;urn:osse-91:dataelement:765:3;OUTDATED;de;Erstmals aufgetreten;Zeitpunkt seit welchem eine chronische Diarrhoe besteht ;DATE;YYYY-MM;
765;4;urn:osse-91:dataelement:765:4;RELEASED;en;Date of diagnosis;Date of beginning of chronic diarrhea;DATE;YYYY-MM;
767;2;urn:osse-91:dataelement:767:2;OUTDATED;en;Date of diagnosis;Indicates when hyperphagia disease was first diagnosed in patient.;DATE;YYYY-MM;
767;3;urn:osse-91:dataelement:767:3;RELEASED;de;Erstmals aufgetreten;Gibt das Datum der Erstmanifestation des Symptoms Hyperphagie an.;DATE;YYYY-MM;
766;3;urn:osse-91:dataelement:766:3;OUTDATED;en;Date of diagnosis;Date of diagnosis of Hirschsprung disease;DATE;YYYY-MM;
766;4;urn:osse-91:dataelement:766:4;RELEASED;de;Erstmals aufgetreten;Gibt das Datum der Erstmanifestation des Symptoms  M. Hirschsprung an.;DATE;YYYY-MM;
636;4;urn:osse-91:dataelement:636:4;OUTDATED;de;Krankheitsverlauf;Gibt den Verlauf der Krankheit Palpable Hepatomegalie an;enumerated;enumerated;
636;5;urn:osse-91:dataelement:636:5;RELEASED;en;Course of illness;Course of illness (improving / progressing, etc);enumerated;enumerated;
769;3;urn:osse-91:dataelement:769:3;OUTDATED;de;Seit;Gibt das Datum der Änderung der Palpablen Hepatomegalie an;DATE;YYYY-MM;
769;4;urn:osse-91:dataelement:769:4;RELEASED;en;Since;Since when is the course of disease changing?;DATE;YYYY-MM;
108;2;urn:osse-91:dataelement:108:2;RELEASED;de;Erstmals aufgetreten;Gibt das Datum der Erstmanifestation des Symptoms Ödeme an.;DATE;YYYY-MM;
1176;1;urn:osse-91:dataelement:1176:1;RELEASED;de;Seit wann?;Gibt das Datum an, an welchem andere gastroenterologische Symptome erstmals aufgetreten sind.;DATE;YYYY-MM;
226;1;urn:osse-91:dataelement:226:1;OUTDATED;en;Starting from which month of life?;Indicates from which month of life patient could sit without support.;INTEGER;0<=x<=99;
649;2;urn:osse-91:dataelement:649:2;OUTDATED;de;Welche anderen gastroenterologischen Symptome?;Freitextfeld zur Eingabe weiterer gastroenterologischer Symptome;STRING;;
1177;1;urn:osse-91:dataelement:1177:1;OUTDATED;de;Bestehen weitere gastroenterologische Symptome?;Bestehen weitere gastroenterologische Symptome?;enumerated;enumerated;SELECT_ONE_RADIO
115;4;urn:osse-91:dataelement:115:4;OUTDATED;en;First noticed;date when arterial hypertension was first diagnosed;DATE;YYYY-MM;
226;2;urn:osse-91:dataelement:226:2;RELEASED;de;Ab welchem Alter?;Gibt das Alter des Patienten in Monaten an, ab dem freies Sitzen möglich war.;INTEGER;0<=x<=99;
230;2;urn:osse-91:dataelement:230:2;RELEASED;de;Ab welchem Alter?;Gibt das Alter des Patienten in Monaten an, ab dem freies Gehen möglich war.;INTEGER;0<=x<=99;
228;2;urn:osse-91:dataelement:228:2;RELEASED;en;Starting from which month of life?;Indicates from which month of life patient could stand without support.;INTEGER;0<=x<=99;
777;2;urn:osse-91:dataelement:777:2;OUTDATED;de;Datum des auffälligen EEGs;Datum des auffälligen EEGs - JJJJ-MM;DATE;YYYY-MM;
770;4;urn:osse-91:dataelement:770:4;RELEASED;en;Date;Date of measurement of visual acuity;DATE;YYYY-MM;
198;3;urn:osse-91:dataelement:198:3;RELEASED;en;Since when?;Onset of ataxia - YYYY-MM;DATE;YYYY-MM;
202;3;urn:osse-91:dataelement:202:3;RELEASED;de;Erstmals aufgetreten;Gibt das Datum der Erstmanifestation des Symptoms Mikrozephalie an. ;DATE;YYYY-MM;
773;3;urn:osse-91:dataelement:773:3;RELEASED;de;Erstmals aufgetreten;Gibt das Datum der Erstmanifestation des Symptoms muskuläre Hypotonie an.;DATE;YYYY-MM;
774;3;urn:osse-91:dataelement:774:3;RELEASED;en;Since;Onset of mental retardation - YYYY-MM;DATE;YYYY-MM;
775;3;urn:osse-91:dataelement:775:3;RELEASED;en;First occurred;Onset of autistic behaviour - YYYY-MM;DATE;YYYY-MM;
776;3;urn:osse-91:dataelement:776:3;OUTDATED;en;First occurred;Onset of disorder of impulse control - YYYY-MM;DATE;YYYY-MM;
776;4;urn:osse-91:dataelement:776:4;RELEASED;de;Erstmals aufgetreten;Gibt das Datum der Erstmanifestation des Symptoms Störung der Impulskontrolle an.;DATE;YYYY-MM;
211;3;urn:osse-91:dataelement:211:3;RELEASED;de;Erstmals aufgetreten;Gibt das Datum der Erstmanifestation des Symptoms autoaggressives Verhalten an.;DATE;YYYY-MM;
213;3;urn:osse-91:dataelement:213:3;RELEASED;en;First noticed;Onset of learning difficulties - YYYY-MM;DATE;YYYY-MM;
215;3;urn:osse-91:dataelement:215:3;RELEASED;de;Erstmals aufgetreten;Gibt das Datum der Erstmanifestation des Symptoms Krampfanfälle an.;DATE;YYYY-MM;
197;3;urn:osse-91:dataelement:197:3;RELEASED;de;Ataxie;Gibt an, ob bei dem Patienten Ataxie vorliegt.;enumerated;enumerated;SELECT_ONE_RADIO
201;3;urn:osse-91:dataelement:201:3;RELEASED;en;Microcephaly;Microcephaly;enumerated;enumerated;SELECT_ONE_RADIO
203;3;urn:osse-91:dataelement:203:3;RELEASED;de;Muskuläre Hypotonie;Gibt an, ob bei dem Patienten Muskuläre Hypotonie vorliegt.;enumerated;enumerated;SELECT_ONE_RADIO
205;4;urn:osse-91:dataelement:205:4;RELEASED;de;Psychomotorische Retardierung;Gibt an, ob bei dem Patienten Psychomotorische Retardierung vorliegt.;enumerated;enumerated;SELECT_ONE_RADIO
548;6;urn:osse-91:dataelement:548:6;RELEASED;de;Autistische Verhaltenszüge;Gibt an, ob bei dem Patienten Autistische Verhaltenszüge vorliegen.;enumerated;enumerated;SELECT_ONE_RADIO
547;5;urn:osse-91:dataelement:547:5;RELEASED;en;Disorder of impulse control;Disorder of impulse control;enumerated;enumerated;SELECT_ONE_RADIO
210;3;urn:osse-91:dataelement:210:3;RELEASED;en;Autoaggressive behaviour;Autoaggressive behaviour;enumerated;enumerated;SELECT_ONE_RADIO
212;3;urn:osse-91:dataelement:212:3;RELEASED;de;Lernschwierigkeiten;Gibt an, ob bei dem Patienten Lernschwierigkeiten vorliegen.;enumerated;enumerated;SELECT_ONE_RADIO
214;3;urn:osse-91:dataelement:214:3;RELEASED;en;Seizures / epilepsy;Seizures / epilepsy;enumerated;enumerated;SELECT_ONE_RADIO
638;2;urn:osse-91:dataelement:638:2;RELEASED;de;Palpable Hepatomegalie;Gibt an, ob bei dem Patienten eine Palpable Hepatomegalie vorliegt.;enumerated;enumerated;SELECT_ONE_RADIO
644;2;urn:osse-91:dataelement:644:2;RELEASED;de;Palpable Splenomegalie;Gibt an, ob bei dem Patienten eine Palpable Splenomegalie vorliegt.;enumerated;enumerated;SELECT_ONE_RADIO
643;2;urn:osse-91:dataelement:643:2;RELEASED;en;Cholelithiasis;Cholelithiasis;enumerated;enumerated;SELECT_ONE_RADIO
157;3;urn:osse-91:dataelement:157:3;RELEASED;de;Aszites;Gibt an, ob bei dem Patienten Aszites vorliegt.;enumerated;enumerated;SELECT_ONE_RADIO
159;3;urn:osse-91:dataelement:159:3;RELEASED;en;Esophageal varices;Esophageal varices;enumerated;enumerated;SELECT_ONE_RADIO
646;2;urn:osse-91:dataelement:646:2;RELEASED;de;Chronische Obstipation;Gibt an, ob bei dem Patienten Chronische Obstipation vorliegt. ;enumerated;enumerated;SELECT_ONE_RADIO
647;2;urn:osse-91:dataelement:647:2;RELEASED;en;Chronic diarrhea;Chronic diarrhea;enumerated;enumerated;SELECT_ONE_RADIO
648;2;urn:osse-91:dataelement:648:2;RELEASED;de;Hyperphagie;Gibt an, ob bei dem Patienten Hyperphagie vorliegt. ;enumerated;enumerated;SELECT_ONE_RADIO
645;2;urn:osse-91:dataelement:645:2;RELEASED;en;Jaundice;Jaundice;enumerated;enumerated;SELECT_ONE_RADIO
236;3;urn:osse-91:dataelement:236:3;OUTDATED;en;First diagnosed;Onset of recurring infections of the respiratory tract or ORL - YYYY-MM;DATE;YYYY-MM;
236;4;urn:osse-91:dataelement:236:4;RELEASED;de;Erstmals aufgetreten;Gibt das Datum der Erstmanifestation des Symptoms rezidivierender Atemwegsinfekte/-obstruktionen an.;DATE;YYYY-MM;
779;3;urn:osse-91:dataelement:779:3;RELEASED;de;Erstmals aufgetreten;Gibt das Datum der Erstmanifestation des Symptoms Asthma bronchiale an.;DATE;YYYY-MM;
242;3;urn:osse-91:dataelement:242:3;RELEASED;de;Erstmals aufgetreten;Gibt das Datum der Erstmanifestation des Symptoms Bronchiektasien an.;DATE;YYYY-MM;
250;3;urn:osse-91:dataelement:250:3;RELEASED;de;Erstmals aufgetreten;Gibt das Datum der Erstmanifestation des Symptoms Anosmie  an.;DATE;YYYY-MM;
707;3;urn:osse-91:dataelement:707:3;RELEASED;de;Erstmals aufgetreten;Gibt das Datum der Erstmanifestation des Symptoms Tagesmüdigkeit an.;DATE;YYYY-MM;
708;3;urn:osse-91:dataelement:708:3;RELEASED;de;Erstmals aufgetreten;Gibt das Datum der Erstmanifestation des Symptoms persistentes Schnarchen an.;DATE;YYYY-MM;
569;4;urn:osse-91:dataelement:569:4;RELEASED;de;Persistentes Schnarchen;Gibt an, ob bei dem Patienten Persistentes Schnarchen vorliegt.;enumerated;enumerated;SELECT_ONE_RADIO
237;3;urn:osse-91:dataelement:237:3;RELEASED;de;Asthma bronchiale;Gibt an, ob bei dem Patienten Asthma bronchiale vorliegt.;enumerated;enumerated;SELECT_ONE_RADIO
235;4;urn:osse-91:dataelement:235:4;RELEASED;de;Rezidivierende Atemwegsinfekte/-obstruktionen oder Infekte im HNO-Bereich;Gibt an, ob bei dem Patienten rezidivierende Atemwegsinfekte/-obstruktionen oder Infekte im HNO-Bereich vorliegen.;enumerated;enumerated;SELECT_ONE_RADIO
780;3;urn:osse-91:dataelement:780:3;RELEASED;en;First noticed ;Onset of polyposis nasi - YYYY-MM;DATE;YYYY-MM;
1167;3;urn:osse-91:dataelement:1167:3;RELEASED;de;Weitere Angaben / Ergebnis;Weitere Angaben zur molekulargenetischen Untersuchung;STRING;;
505;3;urn:osse-91:dataelement:505:3;OUTDATED;en;Genetic testing;Was a genetic testing performed ?;enumerated;enumerated;SELECT_ONE_RADIO
864;2;urn:osse-91:dataelement:864:2;OUTDATED;de;Molekulargenetische Untersuchung durchgeführt ? ;Genetik des Vaters;enumerated;enumerated;SELECT_ONE_RADIO
865;2;urn:osse-91:dataelement:865:2;OUTDATED;en;Genetic testing;Was a genetic testing performed on patient's mother ?;enumerated;enumerated;SELECT_ONE_RADIO
321;3;urn:osse-91:dataelement:321:3;OUTDATED;en;Does the patient suffer from end stage renal disease?;Is the eGFR (Schwartz) below 15 ml/min/1,73 m²?;enumerated;enumerated;SELECT_ONE_RADIO
252;4;urn:osse-91:dataelement:252:4;OUTDATED;de;Erstmals aufgetreten;Gibt das Datum der Erstmanifestation anderer pulmologischer oder HNO - Symptome an.;DATE;YYYY-MM;
117;8;urn:osse-91:dataelement:117:8;RELEASED;en;Since;Beginning of AT1- receptor antagonists to treat arterial hypertension - YYYY-MM;DATE;YYYY-MM;
710;5;urn:osse-91:dataelement:710:5;OUTDATED;de;Seit ;Beginn der Therapie mit ACE-Hemmern für arterielle Hypertension - JJJJ-MM;DATE;YYYY-MM;
710;6;urn:osse-91:dataelement:710:6;RELEASED;en;Since;Beginning of ACE-Inhibitors to treat arterial hypertension - YYYY-MM;DATE;YYYY-MM;
82;5;urn:osse-91:dataelement:82:5;RELEASED;de;Wurde eine Eigennierenbiospie durchgeführt?;Nierenbiopsie?;enumerated;enumerated;SELECT_ONE_RADIO
88;3;urn:osse-91:dataelement:88:3;RELEASED;en;Date of liver biopsy;Date of liver biopsy.;DATE;YYYY-MM;
83;3;urn:osse-91:dataelement:83:3;RELEASED;en;When?;Date of renal biopsy;DATE;YYYY-MM;
263;4;urn:osse-91:dataelement:263:4;RELEASED;de;Erstmals festgestellt;Gibt das Datum an, an welchem Dextrokardie erstmals diagnostiziert worden ist.;DATE;YYYY-MM;
542;6;urn:osse-91:dataelement:542:6;RELEASED;de;Weitere Symptome;Angaben zu weiteren Symptomen;STRING;;
583;3;urn:osse-91:dataelement:583:3;RELEASED;en;First diagnosed;Date of diagnosis of situs ambiguous - YYYY-MM;DATE;YYYY-MM;
1178;1;urn:osse-91:dataelement:1178:1;RELEASED;de;Weitere Symptome;Freitextfeld zur Eingabe weiterer Symptome;enumerated;enumerated;SELECT_ONE_RADIO
349;3;urn:osse-91:dataelement:349:3;RELEASED;en;Patient's body height at renal ultrasound;Patient's body height at renal ultrasound;INTEGER;0<=x<=250;
350;3;urn:osse-91:dataelement:350:3;RELEASED;de;Gewicht des Patienten/der Patientin bei Nierensonographie;Gewicht des Patienten/der Patientin bei Nierensonographie in Kg;INTEGER;0<=x<=250;
1179;1;urn:osse-91:dataelement:1179:1;RELEASED;de;Weitere Symptome;Freitextfeld zur Eingabe weiterer Symptome;enumerated;enumerated;SELECT_ONE_RADIO
581;5;urn:osse-91:dataelement:581:5;OUTDATED;en;Any other symptoms ?;other symptoms;enumerated;enumerated;SELECT_ONE_RADIO
581;6;urn:osse-91:dataelement:581:6;RELEASED;de;Bestehen weitere Symptome?;Freitextfeld zur Eingabe weiterer Symptome;enumerated;enumerated;SELECT_ONE_RADIO
554;1;urn:osse-91:dataelement:554:1;OUTDATED;de;"Auswahl ""Anlageanomlaie oder Lageanomalie"" allgemein";"Auswahl ""Anlageanomlaie oder Lageanomalie"" allgemein";enumerated;enumerated;SELECT_MANY_CHECKBOX
554;2;urn:osse-91:dataelement:554:2;OUTDATED;en;"Selection ""renal malformation or renal dystopy"" generally";"Selection ""renal malformation or renal dystopy"" generally";enumerated;enumerated;SELECT_MANY_CHECKBOX
554;3;urn:osse-91:dataelement:554:3;RELEASED;de;Mögliche Anlage- und Lageanomalien;Anlage- und Lageanomalien: Mehrfachantworten möglich;enumerated;enumerated;SELECT_MANY_CHECKBOX
885;2;urn:osse-91:dataelement:885:2;RELEASED;de;Volumen;Gibt das Nierenvolumen der Niere in ml an.;FLOAT;0<=x<=500;
354;1;urn:osse-91:dataelement:354:1;OUTDATED;de;Quer-Durchmesser 1;Gibt den Querdurchmesser 1 der linken Niere an.;FLOAT;0<=x<=50;
354;2;urn:osse-91:dataelement:354:2;RELEASED;en;Renal width - 1;Renal width 1 of left kidney.;FLOAT;0<=x<=50;
353;3;urn:osse-91:dataelement:353:3;RELEASED;en;Renal width - 1;Renal width 1 of the kidney.;FLOAT;0<=x<=50;
355;2;urn:osse-91:dataelement:355:2;RELEASED;de;Quer-Durchmesser 2;Gibt den Querdurchmesser 2 der rechten Niere in cm an.;FLOAT;0<=x<=50;
560;2;urn:osse-91:dataelement:560:2;RELEASED;de;Nierenbecken quer;Nierenbecken quer in mm;INTEGER;0<=x<=200;
356;3;urn:osse-91:dataelement:356:3;RELEASED;de;Quer-Durchmesser 2;Gibt den Querdurchmesser 2 der Niere in cm an.;FLOAT;0<=x<=50;
399;2;urn:osse-91:dataelement:399:2;RELEASED;de;Milzgröße;Gibt die Größe der Milz in cm an.;FLOAT;0<=x<=100;
397;3;urn:osse-91:dataelement:397:3;RELEASED;de;Pfortaderfluss < 16 cm / s;Gibt an, ob der Fluss in der Pfortader kleiner 16 cm/s ist.;enumerated;enumerated;SELECT_ONE_RADIO
556;2;urn:osse-91:dataelement:556:2;RELEASED;de;Andere Anlage- oder Lageanomalien;Andere Anlage- oder Lageanomalien;STRING;;
401;2;urn:osse-91:dataelement:401:2;RELEASED;de;Sonstige Befunde;Gibt an, welche weiteren Befunde während der Abdomensonographie erbracht wurden.;STRING;;
279;3;urn:osse-91:dataelement:279:3;RELEASED;en;Since when?;Onset of diabetes mellitus - YYYY-MM;DATE;YYYY-MM;
576;3;urn:osse-91:dataelement:576:3;RELEASED;de;Erstmals aufgetreten;Gibt das Datum der Erstmanifestation des Symptoms Hypothyreose an;DATE;YYYY-MM;
577;3;urn:osse-91:dataelement:577:3;RELEASED;en;First diagnosed;Onset of hyperthyreosis - YYYY-MM;DATE;YYYY-MM;
784;3;urn:osse-91:dataelement:784:3;RELEASED;de;Erstmals aufgetreten;Gibt das Datum der Erstmanifestation des Symptoms  Hypophyseninsuffizienz an.;DATE;YYYY-MM;
290;3;urn:osse-91:dataelement:290:3;RELEASED;en;First diagnosed;Onset of exocrine pancreatic insufficiency - YYYY-MM ;DATE;YYYY-MM;
284;3;urn:osse-91:dataelement:284:3;RELEASED;de;Erstmals aufgetreten;Gibt das Datum der Erstmanifestation des Symptoms  acanthosis nigricans an.;DATE;YYYY-MM;
579;3;urn:osse-91:dataelement:579:3;RELEASED;en;First diagnosed;Onset of striae distensae - YYYY-MM ;DATE;YYYY-MM;
573;4;urn:osse-91:dataelement:573:4;RELEASED;en;Hypothyreosis;Hypothyreosis;enumerated;enumerated;SELECT_ONE_RADIO
575;3;urn:osse-91:dataelement:575:3;RELEASED;de;Hyperthyreose;Gibt an, ob bei dem Patienten/der Patientin Hyperthyreose vorliegt oder vorlag.;enumerated;enumerated;SELECT_ONE_RADIO
574;4;urn:osse-91:dataelement:574:4;RELEASED;en;Hypopituitarism;Hypopituitarism;enumerated;enumerated;SELECT_ONE_RADIO
283;3;urn:osse-91:dataelement:283:3;RELEASED;en;Acanthosis nigricans;Acanthosis nigricans;enumerated;enumerated;SELECT_ONE_RADIO
578;3;urn:osse-91:dataelement:578:3;RELEASED;de;Striae distensae;Gibt an, ob bei dem Patienten/der Patientin Striae distensae vorliegt oder vorlag.;enumerated;enumerated;SELECT_ONE_RADIO
289;3;urn:osse-91:dataelement:289:3;RELEASED;de;Exokrine Pankreasinsuffizienz;Gibt an, ob bei dem Patienten/der Patientin Exokrine Pankreasinsuffizienz vorliegt oder vorlag.;enumerated;enumerated;SELECT_ONE_RADIO
306;1;urn:osse-91:dataelement:306:1;OUTDATED;de;Urogenitale Fehlbildungen;Gibt an, ob bei der Patientin urogenitale Fehlbildungen vorliegen.;enumerated;enumerated;SELECT_ONE_RADIO
306;2;urn:osse-91:dataelement:306:2;RELEASED;en;Urogenital malformations;Indicates whether patient has urogenital malformations.;enumerated;enumerated;SELECT_ONE_RADIO
135;3;urn:osse-91:dataelement:135:3;OUTDATED;de;Bestehen weitere renale Symptome?;Gibt an, ob der Patient/die Patientin an anderen, hier nicht aufgeführten renalen Symptomen leidet.;enumerated;enumerated;SELECT_ONE_RADIO
136;2;urn:osse-91:dataelement:136:2;OUTDATED;de;Details;Freitextfeld zur Eingabe anderer renalen Symptome.;STRING;;
300;3;urn:osse-91:dataelement:300:3;RELEASED;en;G;patient's tanner stage (G - genitals).;INTEGER;0<=x<=5;
298;3;urn:osse-91:dataelement:298:3;OUTDATED;en;PH;patient's tanner stage (PH - pubic hair);INTEGER;0<=x<=6;
298;4;urn:osse-91:dataelement:298:4;RELEASED;de;PH;Tanner Stadium des Patienten (PH - pubic hair);INTEGER;0<=x<=6;
301;3;urn:osse-91:dataelement:301:3;RELEASED;en;Date of determination;Date of determination of tanner score - YYYY-MM ;DATE;YYYY-MM;
257;2;urn:osse-91:dataelement:257:2;RELEASED;en;Which cardial anomalies?;Indicates which cardial anomalies the patient suffers from.;enumerated;enumerated;SELECT_MANY_CHECKBOX
254;4;urn:osse-91:dataelement:254:4;RELEASED;en;Cardiac anomalies;Cardiac anomalies;enumerated;enumerated;SELECT_ONE_RADIO
571;4;urn:osse-91:dataelement:571:4;RELEASED;de;Erstdiagnose;Erstdiagnose der Aortenisthmusstenose - JJJJ-MM;DATE;YYYY-MM;
570;3;urn:osse-91:dataelement:570:3;OUTDATED;en;Which cardiac anomalies?;Indicates which cardiac anomalies the patient suffers from.;enumerated;enumerated;SELECT_MANY_CHECKBOX
570;4;urn:osse-91:dataelement:570:4;RELEASED;de;Art der kardialen Anomalien?;Gibt an, welche kardialen Anomalien bei dem Patienten/der Patientin vorliegen.;enumerated;enumerated;SELECT_MANY_CHECKBOX
621;3;urn:osse-91:dataelement:621:3;RELEASED;de;Thrombozyten;Thrombozyten;FLOAT;x;
626;3;urn:osse-91:dataelement:626:3;RELEASED;en;Alkaline phosphatase ;Alkaline phosphatase ;FLOAT;x;
627;3;urn:osse-91:dataelement:627:3;RELEASED;de;Gesamt-Bilirubin;Gesamt-Bilirubin;FLOAT;x;
270;2;urn:osse-91:dataelement:270:2;RELEASED;de;Ektodermale Dysplasie;Gibt an, ob bei dem Patienten/der Patientin eine Ektodermale Dysplasie vorliegt.;enumerated;enumerated;SELECT_ONE_RADIO
271;2;urn:osse-91:dataelement:271:2;RELEASED;en;Please specify;Indicates which ectodermal dysplasia the patient suffers from. ;enumerated;enumerated;SELECT_MANY_CHECKBOX
1180;1;urn:osse-91:dataelement:1180:1;OUTDATED;de;Welches Auge?;Gibt an, bei welchem Auge eine Optikusatrophie vorliegt.;enumerated;enumerated;SELECT_MANY_CHECKBOX
1180;2;urn:osse-91:dataelement:1180:2;RELEASED;en;Which eye?;Indicates which eye has optic nerve atrophy.;enumerated;enumerated;SELECT_MANY_CHECKBOX
1181;1;urn:osse-91:dataelement:1181:1;RELEASED;de;Welches Auge?;Gibt an, bei welchem Auge ein Katarakt vorliegt.;enumerated;enumerated;SELECT_MANY_CHECKBOX
172;2;urn:osse-91:dataelement:172:2;RELEASED;de;Erstmals aufgetreten;Gibt das Datum der Erstmanifestation des Symptoms Nystagmus an.;DATE;YYYY-MM;
685;2;urn:osse-91:dataelement:685:2;RELEASED;en;First diagnosed;Indicates date when night blindness was first diagnosed.;DATE;YYYY-MM;
176;3;urn:osse-91:dataelement:176:3;RELEASED;de;Erstmals aufgetreten;Gibt das Datum der Erstmanifestation des Symptoms Farbsinnstörung / Achromatopsie an.;DATE;YYYY-MM;
178;3;urn:osse-91:dataelement:178:3;RELEASED;de;Erstmals aufgetreten;Gibt das Datum der Erstmanifestation des Symptoms Retinitis pigmentosa/tapetoretinale Degeneration an.;DATE;YYYY-MM;
180;3;urn:osse-91:dataelement:180:3;RELEASED;de;Erstmals aufgetreten;Gibt das Datum der Erstmanifestation des Symptoms okulomotorische Apraxie an.;DATE;YYYY-MM;
182;3;urn:osse-91:dataelement:182:3;RELEASED;de;Erstmals aufgetreten;Gibt das Datum der Erstmanifestation des Symptoms Gesichtsfeldausfälle an.;DATE;YYYY-MM;
184;2;urn:osse-91:dataelement:184:2;RELEASED;en;First diagnosed;Indicates date when dysfuction of pursuit eye movement first occured.;DATE;YYYY-MM;
186;3;urn:osse-91:dataelement:186:3;RELEASED;de;Erstmals festgestellt;Gibt das Datum der Erstmanifestation des Symptoms Strabismus an.;DATE;YYYY-MM;
188;3;urn:osse-91:dataelement:188:3;RELEASED;de;Erstmals aufgetreten;Gibt das Datum der Erstmanifestation des Symptoms Astigmatismus an.;DATE;YYYY-MM;
190;2;urn:osse-91:dataelement:190:2;RELEASED;en;First diagnosed;Indicates date when an atrophy of the optic nerve was first diagnosed.;DATE;YYYY-MM;
192;3;urn:osse-91:dataelement:192:3;RELEASED;en;First diagnosed;date when a cataract was first diagnosed;DATE;YYYY-MM;
540;4;urn:osse-91:dataelement:540:4;RELEASED;de;Erstmals aufgetreten;Gibt das Datum der Erstmanifestation des Symptoms Fundus Hypertonicus an.;DATE;MM.YYYY;
308;2;urn:osse-91:dataelement:308:2;OUTDATED;en;Other abnormalities of sexual development;Indicates whether patient has other, here not specified abnormalites of sexual development.;enumerated;enumerated;SELECT_ONE_RADIO
309;3;urn:osse-91:dataelement:309:3;OUTDATED;en;Which other abnormalities of sexual development?;other abnormalities of sexual development;STRING;;
181;2;urn:osse-91:dataelement:181:2;RELEASED;de;Gesichtsfeldausfälle;Gibt an, ob bei dem Patienten/bei der Patientin Gesichtsfeldausfälle vorliegen.;enumerated;enumerated;SELECT_ONE_RADIO
1184;1;urn:osse-91:dataelement:1184:1;RELEASED;en;Is the conductive hearing loss persistent?;Indicates if the conductive hearing loss is persistent;enumerated;enumerated;SELECT_ONE_RADIO
605;2;urn:osse-91:dataelement:605:2;RELEASED;en;Are there other important treatments ?;Treatments beside the ones mentioned.;enumerated;enumerated;SELECT_ONE_RADIO
811;2;urn:osse-91:dataelement:811:2;RELEASED;en;Persistent ?;Persistent treatment after birth ?;enumerated;enumerated;SELECT_ONE_RADIO
505;4;urn:osse-91:dataelement:505:4;RELEASED;de;Molekulargenetische Untersuchung durchgeführt ? ;Genetik des Patienten;enumerated;enumerated;SELECT_ONE_RADIO
864;3;urn:osse-91:dataelement:864:3;RELEASED;en;Was a genetic testing performed ?;Genetic testing of father;enumerated;enumerated;SELECT_ONE_RADIO
865;3;urn:osse-91:dataelement:865:3;RELEASED;de;Molekulargenetische Untersuchung durchgeführt ? ;Genetik der Mutter;enumerated;enumerated;SELECT_ONE_RADIO
321;4;urn:osse-91:dataelement:321:4;RELEASED;de;Besteht eine terminale Niereninsuffizienz?;Besteht eine eGFR nach Schwartz unter 15 ml/min/1,73m²?;enumerated;enumerated;SELECT_ONE_RADIO
1182;1;urn:osse-91:dataelement:1182:1;OUTDATED;en;Which ear?;Indicates which ear has conductive hearing loss;enumerated;enumerated;SELECT_MANY_CHECKBOX
1183;1;urn:osse-91:dataelement:1183:1;OUTDATED;de;Welches Seite?;Gibt an, bei welchem Ohr eine Innenohrschwerhörigkeit vorliegt.;enumerated;enumerated;SELECT_MANY_CHECKBOX
606;3;urn:osse-91:dataelement:606:3;OUTDATED;en;Specific;Please specify about other treatments.;STRING;;
135;4;urn:osse-91:dataelement:135:4;RELEASED;en;Are other renal symptoms present?;Indicates whether patient suffers from other renal symptoms here not specified.;enumerated;enumerated;SELECT_ONE_RADIO
136;3;urn:osse-91:dataelement:136:3;OUTDATED;en;Details;Free text for other renal symptoms.;STRING;;
649;3;urn:osse-91:dataelement:649:3;RELEASED;en;Other gastrointestinal symptom entries;Free text for other gastrointestinal symptoms;STRING;;
136;4;urn:osse-91:dataelement:136:4;OUTDATED;de;Nennung der anderen renalen Symptome;Freitextfeld zur Eingabe anderer renalen Symptome.;STRING;;
194;2;urn:osse-91:dataelement:194:2;RELEASED;de;Bestehen weitere opthalmologische Symptome?;Bestehen weitere opthalmologische Symptome?;enumerated;enumerated;SELECT_ONE_RADIO
196;2;urn:osse-91:dataelement:196:2;RELEASED;de;Nennung der anderen ophtalmologischen Symptome;Freitextfeld zur Eingabe anderer ophtalmologischen Symptome.;STRING;;
136;5;urn:osse-91:dataelement:136:5;RELEASED;en;Other renal symptom entries;Free text for other renal symptoms.;STRING;;
195;2;urn:osse-91:dataelement:195:2;RELEASED;en; Since when?; Indicates date when other ophtalmologic symptoms first occured.;DATE;YYYY-MM;
252;5;urn:osse-91:dataelement:252:5;RELEASED;en; Since when?; Indicates date when other pulmonary or ORL symptoms first occured.;DATE;YYYY-MM;
253;3;urn:osse-91:dataelement:253:3;RELEASED;en; Other pulmonary or ORL symptom entries;Free text for other pulmonary or ORL symptoms.;STRING;;
251;2;urn:osse-91:dataelement:251:2;RELEASED;en;Are other pulmonary or ORL symptoms present?;Indicates whether patient suffers from other pulmonary or ORL symptoms here not specified.;enumerated;enumerated;SELECT_ONE_RADIO
1182;2;urn:osse-91:dataelement:1182:2;RELEASED;de;Welche Seite?;Gibt an, bei welchem Ohr eine Schallleitungsstörung vorliegt.;enumerated;enumerated;SELECT_MANY_CHECKBOX
1183;2;urn:osse-91:dataelement:1183:2;RELEASED;en;Which ear?;Indicates which ear has inner ear hearing loss.;enumerated;enumerated;SELECT_MANY_CHECKBOX
1185;1;urn:osse-91:dataelement:1185:1;RELEASED;de;Nennung der anderen Auffälligkeiten;Freitextfeld zur Eingabe anderer Auffälligkeiten bei der Sonographie.;STRING;;
1186;1;urn:osse-91:dataelement:1186:1;RELEASED;de;Seit wann?;Gibt das Datum an, an welchem andere Auffälligkeiten erstmals aufgetreten sind.;DATE;YYYY-MM;
1187;1;urn:osse-91:dataelement:1187:1;RELEASED;de;Bestehen weitere Auffälligkeiten?;Gibt an, ob bei dem Patient/der Patientin andere, hier nicht aufgeführte Auffälligkeiten vorliegen.;enumerated;enumerated;SELECT_ONE_RADIO
1177;2;urn:osse-91:dataelement:1177:2;OUTDATED;en;Any other gastrointestinal symptoms?;Any other gastrointestinal symptoms?;enumerated;enumerated;SELECT_ONE_RADIO
606;4;urn:osse-91:dataelement:606:4;OUTDATED;de;Wirkstoffbezeichnung;Bitte Information zu weiteren wichtigen Medikamenten angeben.;STRING;;
1188;1;urn:osse-91:dataelement:1188:1;RELEASED;en;Comments;Comments on the EEG result.;STRING;;
266;2;urn:osse-91:dataelement:266:2;RELEASED;de;Nennung der anderen kardiologischen Symptome;Freitextfeld zur Eingabe anderer renaler Symptome;STRING;;
267;2;urn:osse-91:dataelement:267:2;RELEASED;en;Since when?;Indicates date when other cardial symptoms first occured.;DATE;YYYY-MM;
265;2;urn:osse-91:dataelement:265:2;RELEASED;en;Are other cardial symptoms present?;Indicates whether patient suffers from other cardial symptoms here not specified.;enumerated;enumerated;SELECT_ONE_RADIO
1189;1;urn:osse-91:dataelement:1189:1;RELEASED;de;Nennung der anderen endokrinologischen Symptome;Freitextfeld zur Eingabe anderer endokrinologischen Symptome.;STRING;;
1190;1;urn:osse-91:dataelement:1190:1;RELEASED;de;Seit wann?;Gibt das Datum an, an welchem andere endokrinologische Symptome erstmals aufgetreten sind.;DATE;YYYY-MM;
1191;1;urn:osse-91:dataelement:1191:1;RELEASED;de;Bestehen weitere endokrinologische Symptome?;Gibt an, ob der Patient/die Patientin an anderen, hier nicht aufgeführten endokrinologische Symptomen leidet.;enumerated;enumerated;SELECT_ONE_RADIO
308;3;urn:osse-91:dataelement:308:3;RELEASED;de;Sonstige Auffälligkeiten der Geschlechtsentwicklung;Gibt an, ob bei dem Patienten/der Patientin andere, hier nicht aufgeführte Auffälligkeiten der Geschlechtsentwicklung bestehen.;enumerated;enumerated;SELECT_ONE_RADIO
309;4;urn:osse-91:dataelement:309:4;RELEASED;de;Nennung der sonstigen Auffälligkeiten der Geschlechtsentwicklung;Freitextfeld zur Eingabe sonstiger Auffälligkeiten der Geschlechtsentwicklung.;STRING;;
310;3;urn:osse-91:dataelement:310:3;RELEASED;en;Since when?;Indicates date when other abnormalities of sexual development first occured.;DATE;YYYY-MM;
585;3;urn:osse-91:dataelement:585:3;RELEASED;en;Situs ambiguous;Indicates whether patient suffers from situs ambiguous.;enumerated;enumerated;SELECT_ONE_RADIO
105;5;urn:osse-91:dataelement:105:5;RELEASED;de;Dextrokardie;Gibt an, ob der Patient/die Patientin an einer Dextrokardie leidet.;enumerated;enumerated;SELECT_ONE_RADIO
1192;1;urn:osse-91:dataelement:1192:1;RELEASED;de;Nennung der anderen Störung der Organ-Lateralisation;Freitextfeld zur Eingabe anderer Störungen der Organ-Lateralisation.;STRING;;
1193;1;urn:osse-91:dataelement:1193:1;RELEASED;de;Seit wann?;Gibt das Datum an, an welchem andere Störungen der Organ-Lateralisation erstmals diagnostiziert wurden.;DATE;YYYY-MM;
293;2;urn:osse-91:dataelement:293:2;RELEASED;en;Are other disturbances of left-right axis present?;Indicates whether patient suffers from other disturbances of left-right axis here not specified.;enumerated;enumerated;SELECT_ONE_RADIO
606;5;urn:osse-91:dataelement:606:5;OUTDATED;de;Näheres;Bitte Information zu weiteren wichtigen Medikamenten angeben.;STRING;;
606;6;urn:osse-91:dataelement:606:6;RELEASED;en;API;Free text for active pharmaceutical ingredient.;STRING;;
1194;1;urn:osse-91:dataelement:1194:1;RELEASED;de;Häufigkeit;"Eingabe täglichen Einnahmemenge morgens, mittags und abends (z.B. ""0-1-0"").";STRING;^((0,5)|[012])-((0,5)|[012])-((0,5)|[012])$;
1195;1;urn:osse-91:dataelement:1195:1;RELEASED;en;Amount;Amount of API given.;FLOAT;0<=x;
1196;1;urn:osse-91:dataelement:1196:1;RELEASED;de;Einheit;Einheit der Medikamentendosis.;enumerated;enumerated;
687;4;urn:osse-91:dataelement:687:4;RELEASED;en;Recurring urinary tract infections;Indicates whether patient suffers from recurring urinary tract infections.;enumerated;enumerated;SELECT_ONE_RADIO
532;4;urn:osse-91:dataelement:532:4;RELEASED;de;Enuresis nocturna nach dem 6. Lebensjahr? ;Gibt an, ob der Patient/die Patientin an Enuresis nocturna nach dem 6. Lebensjahr leidet.;enumerated;enumerated;SELECT_ONE_RADIO
115;5;urn:osse-91:dataelement:115:5;RELEASED;de;Erstmals aufgetreten;Gibt das Datum der Erstmanifestation des Symptoms arterielle Hypertonie an.;DATE;YYYY-MM;
1197;1;urn:osse-91:dataelement:1197:1;RELEASED;de;Bestehen weitere gastroenterologische Symptome?;Bestehen weitere gastroenterologische Symptome?;enumerated;enumerated;SELECT_ONE_RADIO
1198;1;urn:osse-91:dataelement:1198:1;OUTDATED;en;trial;Onset of other pulmonary or ORL symptoms - YYYY-MM;DATE;YYYY-MM;
1199;1;urn:osse-91:dataelement:1199:1;OUTDATED;en;nfgj;fjfgj;INTEGER;0<=x;
1206;1;urn:osse-91:dataelement:1206:1;OUTDATED;de;Datum der Abnahme der Bioprobe;Datum der Abnahme der Bioprobe (Biobank Hannover);DATE;YYYY-MM-DD;
1210;1;urn:osse-91:dataelement:1210:1;RELEASED;de;Proben ID;Proben ID (Bioproben Hannover);STRING;;
1207;1;urn:osse-91:dataelement:1207:1;OUTDATED;de;Art der Bioprobe;Art der Bioprobe (Biobank Hannover);STRING;;
1211;1;urn:osse-91:dataelement:1211:1;RELEASED;de;Abnahmedatum;Abnahmedatum (Bioproben Hannover);DATE;DD.MM.YYYY;
1208;1;urn:osse-91:dataelement:1208:1;OUTDATED;de;Art der Lagerung;Art der Lagerung (Biobank Hannover);STRING;;
1212;1;urn:osse-91:dataelement:1212:1;OUTDATED;de;Probengefäß;Probengefäß  (Bioproben Hannover);enumerated;enumerated;SELECT_ONE_RADIO
1209;1;urn:osse-91:dataelement:1209:1;OUTDATED;de;Menge der Probe;Menge der Probe (Biobank Hannover);STRING;;
1213;1;urn:osse-91:dataelement:1213:1;OUTDATED;de;Probenart;Probenart (Bioproben Hannover);enumerated;enumerated;SELECT_ONE_RADIO
1209;2;urn:osse-91:dataelement:1209:2;RELEASED;en;Quantity of sample;Quantity of sample (Biobank Hannover);STRING;;
1214;1;urn:osse-91:dataelement:1214:1;RELEASED;de;Volumen (µl);Volumen (µl) (Bioproben Hannover);FLOAT;x;
1207;2;urn:osse-91:dataelement:1207:2;RELEASED;en;Type of biosample;Type of biosample (Biobank Hannover);STRING;;
1215;1;urn:osse-91:dataelement:1215:1;RELEASED;de;Exportdatum;Exportdatum (Bioproben Hannover);DATE;DD.MM.YYYY;
1217;1;urn:osse-91:dataelement:1217:1;RELEASED;en;Assessment date;When did the assessment take place?;DATE;DD.MM.YYYY;
1244;1;urn:osse-91:dataelement:1244:1;RELEASED;de;Name IQ-Test;Names des IQ-Tests;enumerated;enumerated;
1245;1;urn:osse-91:dataelement:1245:1;RELEASED;de;Test Link;Test http://lundforensicmedicine.com/;INTEGER;0<=x<=100;
814;1;urn:osse-91:dataelement:814:1;OUTDATED;en;Which family member(s) suffered from renal cysts ? ;Please select the affected family members.;enumerated;enumerated;SELECT_MANY_CHECKBOX
814;2;urn:osse-91:dataelement:814:2;RELEASED;de;Welche(s) der Familienmitglieder? ;Bitte Familienmitglieder mit Nierenzysten auswählen.;enumerated;enumerated;SELECT_MANY_CHECKBOX
815;2;urn:osse-91:dataelement:815:2;RELEASED;en;Which family member(s) had chronic renal failure ? ;Please select the affected family members.;enumerated;enumerated;SELECT_MANY_CHECKBOX
816;2;urn:osse-91:dataelement:816:2;RELEASED;de;Welche(s) der Familienmitglieder?;Bitte Familienmitglieder mit Dialyse auswählen.;enumerated;enumerated;SELECT_MANY_CHECKBOX
817;2;urn:osse-91:dataelement:817:2;RELEASED;en;Which family member(s) had hepatic cysts ? ;Please select the affected family members.;enumerated;enumerated;SELECT_MANY_CHECKBOX
818;2;urn:osse-91:dataelement:818:2;RELEASED;de;Welche(s) der Familienmitglieder?;Bitte Familienmitglieder mit MODY-Diabetes (DM<50J) auswählen.;enumerated;enumerated;SELECT_MANY_CHECKBOX
819;2;urn:osse-91:dataelement:819:2;RELEASED;en;Which family member(s) had gestational diabetes ? ;Please select the affected family members.;enumerated;enumerated;SELECT_MANY_CHECKBOX
820;1;urn:osse-91:dataelement:820:1;OUTDATED;en;Which family member(s) had Gout ? ;Please select the affected family members.;enumerated;enumerated;SELECT_MANY_CHECKBOX
820;2;urn:osse-91:dataelement:820:2;RELEASED;de;Welche(s) der Familienmitglieder?;Bitte Familienmitglieder mit Gicht auswählen.;enumerated;enumerated;SELECT_MANY_CHECKBOX
821;2;urn:osse-91:dataelement:821:2;RELEASED;en;Which family member(s) suffered from ARPKD ? ;Please select the affected family members.;enumerated;enumerated;SELECT_MANY_CHECKBOX
822;2;urn:osse-91:dataelement:822:2;RELEASED;de;Welche(s) der Familienmitglieder?;Bitte Familienmitglieder mit ADPKD auswählen.;enumerated;enumerated;SELECT_MANY_CHECKBOX
823;2;urn:osse-91:dataelement:823:2;RELEASED;en;Which family member(s) suffered from BBS ? ;Please select the affected family members.;enumerated;enumerated;SELECT_MANY_CHECKBOX
824;2;urn:osse-91:dataelement:824:2;RELEASED;de;Welche(s) der Familienmitglieder?;Bitte Familienmitglieder mit Nephronophthise auswählen.;enumerated;enumerated;SELECT_MANY_CHECKBOX
825;2;urn:osse-91:dataelement:825:2;OUTDATED;en;Which family member(s) suffered from HNF1β neophropathy ? ;Please select the affected family members.;enumerated;enumerated;SELECT_MANY_CHECKBOX
825;3;urn:osse-91:dataelement:825:3;RELEASED;de;Welche(s) der Familienmitglieder?;Bitte Familienmitglieder mit HNF1β Nephropathie auswählen.;enumerated;enumerated;SELECT_MANY_CHECKBOX
826;2;urn:osse-91:dataelement:826:2;RELEASED;de;Welche(s) der Familienmitglieder?;Bitte Familienmitglieder mit chronischer Lebererkrankung auswählen.;enumerated;enumerated;SELECT_MANY_CHECKBOX
847;1;urn:osse-91:dataelement:847:1;OUTDATED;en;Details;Who is the other family member that is also affected by the symptom ?;STRING;;
847;2;urn:osse-91:dataelement:847:2;RELEASED;de;Details;Angabe zum anderen Familienmitglied (Chronische Niereninsuffizienz);STRING;;
848;2;urn:osse-91:dataelement:848:2;RELEASED;en;Details;Who is the other family member that is also affected by dialysis?;STRING;;
850;2;urn:osse-91:dataelement:850:2;RELEASED;en;Details;Who is the other family member that is also affected by chronic hepatic failure ?;STRING;;
851;2;urn:osse-91:dataelement:851:2;RELEASED;de;Details;Angabe zum anderen Familienmitglied (MODY-Diabetes (DM<50J));STRING;;
858;1;urn:osse-91:dataelement:858:1;OUTDATED;de;Details;Angabe zum anderen Familienmitglied;STRING;;
858;2;urn:osse-91:dataelement:858:2;RELEASED;en;Details;Who is the other family member that is also affected by HNF1β Nephropathy ?;STRING;;
857;2;urn:osse-91:dataelement:857:2;RELEASED;de;Details;Angabe zum anderen Familienmitglied (Nephronophthise);STRING;;
856;2;urn:osse-91:dataelement:856:2;RELEASED;en;Details;Who is the other family member that is also affected by BBS?;STRING;;
855;2;urn:osse-91:dataelement:855:2;RELEASED;de;Details;Angabe zum anderen Familienmitglied (ADPKD);STRING;;
854;2;urn:osse-91:dataelement:854:2;RELEASED;en;Details;Who is the other family member that is also affected by ARPKD?;STRING;;
853;2;urn:osse-91:dataelement:853:2;RELEASED;de;Details;Angabe zum anderen Familienmitglied (Gicht);STRING;;
846;2;urn:osse-91:dataelement:846:2;RELEASED;en;Details;Who is the other family member that is also affected by renal cysts?;STRING;;
849;2;urn:osse-91:dataelement:849:2;RELEASED;de;Details;Angabe zum anderen Familienmitglied (Leberzysten);STRING;;
1208;2;urn:osse-91:dataelement:1208:2;RELEASED;en;Type of storage;Type of storage (Biobank Hannover);STRING;;
1218;1;urn:osse-91:dataelement:1218:1;RELEASED;en;Participation in the study;In which study part did the patient  participate?;enumerated;enumerated;SELECT_MANY_CHECKBOX
1206;2;urn:osse-91:dataelement:1206:2;RELEASED;en;Date the sample was taken;Date the sample was taken (Biobank Hannover);DATE;YYYY-MM-DD;
1213;2;urn:osse-91:dataelement:1213:2;RELEASED;de;Probenart;Probenart (Bioproben Hannover);enumerated;enumerated;SELECT_ONE_CHECKLIST
1219;1;urn:osse-91:dataelement:1219:1;RELEASED;en;Diagnosis of autism spectrum disorder;Was the diagnosis of autism spectrum disorder allocated?;enumerated;enumerated;SELECT_ONE_RADIO
1212;2;urn:osse-91:dataelement:1212:2;OUTDATED;de;Probengefäß;Probengefäß  (Bioproben Hannover);enumerated;enumerated;SELECT_ONE_CHECKLIST
1220;1;urn:osse-91:dataelement:1220:1;OUTDATED;en;Name IQ test;Name of the IQ test;enumerated;enumerated;
1221;1;urn:osse-91:dataelement:1221:1;RELEASED;en;IQ;Intelligence quotient score;INTEGER;0<=x<=150;
1222;1;urn:osse-91:dataelement:1222:1;RELEASED;en;Interpretation IQ;Interpretation of the intelligence quotient;enumerated;enumerated;
1223;1;urn:osse-91:dataelement:1223:1;RELEASED;en;Questionnaire for autism screening;Which questionnaire was used for the autism screening?;enumerated;enumerated;SELECT_MANY_CHECKBOX
1224;1;urn:osse-91:dataelement:1224:1;RELEASED;en;Total value Modified Checklist for Autism in Toddlers (M-Chat);"Total value (T-value) of the M-Chat, an autism screener for toddlers between 16 and 30 months. Interpretation: T-value ≥ 3 = child is at risk for autism or other developmental delay; T-value ≥ 6 = child is at high risk for autism or other developmental delay";INTEGER;0<=x<=23;
1225;1;urn:osse-91:dataelement:1225:1;RELEASED;en;Total value Social Responsiveness Scale (SRS);"The questionnaire identifies the presence and severity of social impairment within the autism spectrum from the perspective of parents. Interpretation: T-value 40-60 = normal social responsiveness; T-value 61-75 = low to moderate impairment of social responsiveness; T-value ≥76 = severe impairment of social responsiveness";INTEGER;0<=x<=195;
1226;1;urn:osse-91:dataelement:1226:1;RELEASED;en;Total value Social Communication  Questionnaire (SCQ);The Social Communication Questionnaire (SCQ) is is a screening for Autism spectrum disorders and uses the diagnostic criterias of  ICD-10, DSM-5-TR and the interview ADI-R (Autism Diagnostic Interview-Revised).;INTEGER;0<=x<=40;
1227;1;urn:osse-91:dataelement:1227:1;RELEASED;en;Questionnaire for general psychopathology assessment;Which questionnaire was used to assess behavioral and emotional problems, somatic complaints and social competences?;enumerated;enumerated;
1228;1;urn:osse-91:dataelement:1228:1;RELEASED;en;General psychopathology: overall problems;"Total value (T-value) of all behavioral and emotional problems, somatic complaints. Interpretation: T-value <60 = normal; T-value 60-63 = borderline; T-value >63 = clinical";INTEGER;0<=x<=100;
1229;1;urn:osse-91:dataelement:1229:1;RELEASED;en;General psychopathology: externalizing behavior;"Total value (T-value) of rule-breaking and aggressive behavior. Interpretation: T-value <60 = normal; T-value 60-63 = borderline; T-value >63 = clinical";INTEGER;0<=x<=100;
1230;1;urn:osse-91:dataelement:1230:1;RELEASED;en;General psychopathology: internalizing behavior;"Total value  (T-value) of anxious/depressed, withdrawn-depressed, and somatic complaints. Interpretation: T-value <60 = normal; T-value 60-63 = borderline; T-value >63 = clinical";INTEGER;0<=x<=100;
1231;1;urn:osse-91:dataelement:1231:1;OUTDATED;en;Questionnaire for ADHD;"""Which questionnaire was used as a screener for ADHD? Interpretation: T-value 40-59 = average; T-value 60-64 = borderline (high average); T-value 65-69 = elevated; T-value ≥70 = very elevated";enumerated;enumerated;
1231;2;urn:osse-91:dataelement:1231:2;RELEASED;de;Name Fragebogen ADHS;"Welcher Fragebogen wurde zur Erfassung von Symptomen einer Aufmerksamkeitsdefizit und Hyperaktivitätsstörung verwendet? Interpretation: T-Wert 40-59 = unauffällig; T-Wert 60-64 = grenzwertig; T-Wert 65-69 = auffällig; T-Wert ≥70 = sehr auffällig";enumerated;enumerated;
1232;1;urn:osse-91:dataelement:1232:1;RELEASED;en;Inattention (for children and adolescents);T-value of the scale Inattention (Conners 3-K Parent);INTEGER;0<=x<=100;
1233;1;urn:osse-91:dataelement:1233:1;RELEASED;en;Hyperactivity/Impulsivity (for children and adolescents);T-value of the scale Hyperactivity/Impulsivity (Conners 3-K Parent);INTEGER;0<=x<=100;
1234;1;urn:osse-91:dataelement:1234:1;OUTDATED;en;Hyperactivity/Impulsivity (for children and adolescents);T-value of the scale Hyperactivity/Impulsivity (Conners 3-K Parent);INTEGER;0<=x<=100;
1235;1;urn:osse-91:dataelement:1235:1;RELEASED;en;Learning problems (for children and adolescents);T-value of the scale Learning Problems (Conners 3-K Parent);INTEGER;0<=x<=100;
1236;1;urn:osse-91:dataelement:1236:1;RELEASED;en;Executive functioning (for children and adolescents);T-value of the scale Executive functioning (Conners 3-K Parent);INTEGER;0<=x<=100;
1237;1;urn:osse-91:dataelement:1237:1;RELEASED;en;Aggression (for children and adolescents);T-value of the scale Aggression (Conners 3-K Parent);INTEGER;0<=x<=100;
1238;1;urn:osse-91:dataelement:1238:1;RELEASED;en;Peer relations (for children and adolescents);T-value of the scale Peer Relations (Conners 3-K Parent);INTEGER;0<=x<=100;
1239;1;urn:osse-91:dataelement:1239:1;RELEASED;en;Inattention/Memory problems (for adults);T-value of the scale Inattention/Memory problems (CAARS);INTEGER;0<=x<=100;
1240;1;urn:osse-91:dataelement:1240:1;RELEASED;en;Hyperactivity/Restlessness (for adults);T-value of the scale Hyperactivity/Restlessness (CAARS);INTEGER;0<=x<=100;
1241;1;urn:osse-91:dataelement:1241:1;RELEASED;en;Impulsivity/Emotional Lability (for adults);T-value of the scale Impulsivity/Emotional Lability (CAARS);INTEGER;0<=x<=100;
1242;1;urn:osse-91:dataelement:1242:1;RELEASED;en;Problems with self-concept (for adults);T-value of the  scale Problems with Self-Concept (CAARS);INTEGER;0<=x<=100;
1243;1;urn:osse-91:dataelement:1243:1;RELEASED;en;ADHD Index (for adults);T-value of the ADHD Index (CAARS);INTEGER;0<=x<=100;
1200;1;urn:osse-91:dataelement:1200:1;OUTDATED;de;Wurde der Patient an ein anderes Zentrum transferiert?;Wurde der Patient an ein anderes Zentrum transferiert?;enumerated;enumerated;SELECT_ONE_RADIO
1201;1;urn:osse-91:dataelement:1201:1;OUTDATED;de;an welches Zentrum?;an welches Zentrum?;STRING;;
1202;1;urn:osse-91:dataelement:1202:1;OUTDATED;de;Für den Patienten erfolgt keine weitere Dokumentation mehr;Für den Patienten erfolgt keine weitere Dokumentation mehr;enumerated;enumerated;SELECT_ONE_RADIO
1202;2;urn:osse-91:dataelement:1202:2;OUTDATED;en;There will be no further documentation of the patient;There will be no further documentation of the patient;enumerated;enumerated;SELECT_ONE_RADIO
1202;3;urn:osse-91:dataelement:1202:3;OUTDATED;de;Erfolgt für den Patienten keine weitere Dokumentation mehr?;Erfolgt für den Patienten keine weitere Dokumentation mehr?;enumerated;enumerated;SELECT_ONE_RADIO
1203;1;urn:osse-91:dataelement:1203:1;OUTDATED;de;Ist die Dokumentation des Patienten am Studienzentrum abgeschlossen?;Bitte geben Sie an, ob die Dokumentation des Patienten am Zentrum abgeschlossen ist.;BOOLEAN;(true|false|yes|no|f|t);
1203;2;urn:osse-91:dataelement:1203:2;RELEASED;en;Documentation at study centre completed;Please indicate whether documentation of the patient at the study centre is complete.;BOOLEAN;(true|false|yes|no|f|t);
1204;1;urn:osse-91:dataelement:1204:1;RELEASED;de;Dokumentationsstatus in Koordinationsstelle überprüft;Bitte geben Sie an, ob der Dokumentationsstatus des Patienten in der Koordinationsstelle überprüft wurde.;BOOLEAN;(true|false|yes|no|f|t);
1201;2;urn:osse-91:dataelement:1201:2;RELEASED;en;To which study site?;To which study site?;STRING;;
1200;2;urn:osse-91:dataelement:1200:2;RELEASED;en;Please transfer the patient to another study site;Please transfer the patient to another study site;enumerated;enumerated;SELECT_ONE_RADIO
1202;4;urn:osse-91:dataelement:1202:4;RELEASED;en;No further documentation;No further documentation;enumerated;enumerated;SELECT_ONE_RADIO
1205;1;urn:osse-91:dataelement:1205:1;OUTDATED;de;Grund;Grund (keine weitere Dokumentation);STRING;;
1205;2;urn:osse-91:dataelement:1205:2;RELEASED;en;Reason;Please state reason for no further documentation;STRING;;
1216;1;urn:osse-91:dataelement:1216:1;RELEASED;de;Probengefäß;Probengefäß  (Bioproben Hannover);enumerated;enumerated;SELECT_ONE_CHECKLIST
