"Form","Form ID:Version","Form Type","Record URN","Record Designation","Record Mandatory","Record Repeatable","Data Element - URN","Data Element - Designation","Data Element - Definition","Data Element Mandatory","Data Element Repeatable","Data Type","Data Format","Unit of Measure","Permissible Values ..."
"Screen data","222:8","Basic","","","","","urn:osse-11:dataelement:42:1","Center","Name of the participating center","true","false","STRING","",""
"Screen data","222:8","Basic","","","","","urn:osse-11:dataelement:43:2","Patient ID","Patient's identification number of ACLF-I (should be the same as the sample ID)","true","false","STRING","",""
"Screen data","222:8","Basic","","","","","urn:osse-11:dataelement:46:1","Inclusion criteria","Inclusion criteria","true","false","enumerated","enumerated","","The patients admitted/referred to study center with cirrhosis."
"Screen data","222:8","Basic","","","","","urn:osse-11:dataelement:45:1","Exclusion criteria","Exclusion criteria","false","false","enumerated","enumerated","","Patients who decline to participate or who cannot provide prior written informed consent and when there is documented evidence that the patient has no legal surrogate decision maker and it appears unlikely that the patient will regain consciousness or sufficient ability to provide delayed informed consent.","Physician’s denial (e.g. the investigator considers that the patient will not follow the protocol scheduled)."
"Screen data","222:8","Basic","","","","","urn:osse-11:dataelement:345:1","Responsible Doctor","Name of the Doctor or investigator responsible for inclusion","true","false","STRING","",""
"Screen data","222:8","Basic","","","","","urn:osse-11:dataelement:47:1","Informed consent signed:","Informed consent signed:","true","false","enumerated","enumerated","","Patient","Surrogate","Not signed"
"Screen data","222:8","Basic","","","","","urn:osse-11:dataelement:48:1","Date of informed consent signature:","Date of informed consent signature:","true","false","DATE","DD.MM.YYYY",""
"Screen data","222:8","Basic","","","","","urn:osse-11:dataelement:49:2","Informed consent permission granted:","Informed consent permission granted:","false","false","enumerated","enumerated","","Medical Information/data","Biological samples","Biopsy specimens","Genetic testing"
"Screen data","222:8","Basic","","","","","urn:osse-11:dataelement:50:1","If Informed consent is signed by surrogate:","- Research study under prior surrogate consent","false","false","enumerated","enumerated","","- Research study under prior surrogate consent","- Research study not under prior surrogate consent"
"Screen data","222:8","Basic","","","","","urn:osse-11:dataelement:52:2","If by surrogate: Informed consent permission granted:","If by surrogate: Informed consent permission granted:","false","false","enumerated","enumerated","","Genetic testing","Biopsy specimens","Biological samples","Medical Information/data"
"ACLF evaluation","224:4","Basic","urn:osse-11:record:16:1","Liver failure","false","false","urn:osse-11:dataelement:57:1","Liver failure","Liver failure","","","enumerated","enumerated","","Had liver failure","No liver failure"
"ACLF evaluation","224:4","Basic","urn:osse-11:record:16:1","Liver failure","false","false","urn:osse-11:dataelement:58:1","Total bilirubin","Total bilirubin","","","FLOAT","0<=x<=200","mg/dl"
"ACLF evaluation","224:4","Basic","urn:osse-11:record:17:1","Renal failure","false","false","urn:osse-11:dataelement:59:1","Renal failure","Renal failure","","","enumerated","enumerated","","Had renal failure","Had no renal failure"
"ACLF evaluation","224:4","Basic","urn:osse-11:record:17:1","Renal failure","false","false","urn:osse-11:dataelement:60:1","Creatinine","Creatinine","","","FLOAT","0<=x<=200","mg/dl"
"ACLF evaluation","224:4","Basic","urn:osse-11:record:17:1","Renal failure","false","false","urn:osse-11:dataelement:61:1","Renal replacement therapy","Renal replacement therapy","","","BOOLEAN","(true|false|yes|no|f|t)",""
"ACLF evaluation","224:4","Basic","urn:osse-11:record:18:1","Coagulation failure","false","false","urn:osse-11:dataelement:64:1","Coagulation failure","INR over 2.5","","","enumerated","enumerated","","Had coagulation failure","No coagulation failure"
"ACLF evaluation","224:4","Basic","urn:osse-11:record:18:1","Coagulation failure","false","false","urn:osse-11:dataelement:65:1","INR","INR","","","FLOAT","0<=x<=100",""
"ACLF evaluation","224:4","Basic","","","","","urn:osse-11:dataelement:62:1","Cerebral failure","West Haven grade 3 to 4","false","false","enumerated","enumerated","","Had brain failure","No brain failure"
"ACLF evaluation","224:4","Basic","","","","","urn:osse-11:dataelement:63:1","West Haven grade","West Haven grade of Hepatic encephalopathy","false","false","enumerated","enumerated","","Grade 0","Grade 1","Grade 2","Grade 3","Grade 4"
"ACLF evaluation","224:4","Basic","urn:osse-11:record:19:1","Circulatory failure","false","false","urn:osse-11:dataelement:66:1","Circulatory failure","Circulatory failure","","","enumerated","enumerated","","Had circulatory failure","No circulatory failure"
"ACLF evaluation","224:4","Basic","urn:osse-11:record:19:1","Circulatory failure","false","false","urn:osse-11:dataelement:67:1","Systolic Blood Pressure","Systolic Blood Pressure","","","INTEGER","0<=x<=300","mmHg"
"ACLF evaluation","224:4","Basic","urn:osse-11:record:19:1","Circulatory failure","false","false","urn:osse-11:dataelement:68:1","Diastolic Blood Pressure","Diastolic Blood Pressure","","","INTEGER","0<=x<=300","mmHg"
"ACLF evaluation","224:4","Basic","urn:osse-11:record:19:1","Circulatory failure","false","false","urn:osse-11:dataelement:69:1","Mean Arterial Pressure ","Formula: MAP= (2*DBP+SBP)/3","","","FLOAT","0<=x<=300","mmHg"
"ACLF evaluation","224:4","Basic","urn:osse-11:record:19:1","Circulatory failure","false","false","urn:osse-11:dataelement:70:1","Use of vasopresors (Circulatory failure indication selected)","Use of vasopresors (Circulatory failure indication selected)","","","enumerated","enumerated","","Use of vasopresors ","No use of vasopresors "
"ACLF evaluation","224:4","Basic","urn:osse-11:record:20:1","Respiratory failure","false","false","urn:osse-11:dataelement:71:1","Respiratory failure","Respiratory failure","","","enumerated","enumerated","","Had respiratory failure","No respiratory failure"
"ACLF evaluation","224:4","Basic","urn:osse-11:record:20:1","Respiratory failure","false","false","urn:osse-11:dataelement:72:1","PaO2","PaO2","","","INTEGER","0<=x<=200","mmHg"
"ACLF evaluation","224:4","Basic","urn:osse-11:record:20:1","Respiratory failure","false","false","urn:osse-11:dataelement:73:1","SpO2","SpO2","","","INTEGER","0<=x<=100","%"
"ACLF evaluation","224:4","Basic","urn:osse-11:record:20:1","Respiratory failure","false","false","urn:osse-11:dataelement:74:1","Supplemental oxygen (including mechanical ventilation)","Supplemental oxygen (including mechanical ventilation)","","","enumerated","enumerated","","Had supplemental oxygen ","No supplemental oxygen"
"ACLF evaluation","224:4","Basic","urn:osse-11:record:20:1","Respiratory failure","false","false","urn:osse-11:dataelement:75:1","FiO2","FiO2 (If Supplemental oxygen is ""No""): 21% (0.21 for internal calculation)","","","INTEGER","0<=x<=1000",""
"ACLF evaluation","224:4","Basic","urn:osse-11:record:20:1","Respiratory failure","false","false","urn:osse-11:dataelement:76:1","If Supplemental oxygen is yes","Way of supplemental oxygen ","","","enumerated","enumerated","","Delivery device","Mechanical ventilation"
"ACLF evaluation","224:4","Basic","urn:osse-11:record:20:1","Respiratory failure","false","false","urn:osse-11:dataelement:77:1","If Delivery Device-Type of Delivery device","Type of Delivery device","","","enumerated","enumerated","","Nasal catheter","Simple oxygen mask","Monaghan mask (reservoir)","Venturi mask","High-flow nasal cannula"
"ACLF evaluation","224:4","Basic","urn:osse-11:record:20:1","Respiratory failure","false","false","urn:osse-11:dataelement:78:1","If “Nasal catheter”- Flow (liters of O2/min):","If “Nasal catheter”- Flow (liters of O2/min):","","","enumerated","enumerated","","1 (24%)","2 (28%)","3 (32%)","4 (36%)","5 (40%)","6 (44%)"
"ACLF evaluation","224:4","Basic","urn:osse-11:record:20:1","Respiratory failure","false","false","urn:osse-11:dataelement:80:1"," If “Simple oxygen mask”- Flow (liters of O2/min)"," If “Simple oxygen mask”- Flow (liters of O2/min)","","","enumerated","enumerated","","<5 (40%)","5-7 (50%)",">7 (60%)"
"ACLF evaluation","224:4","Basic","urn:osse-11:record:20:1","Respiratory failure","false","false","urn:osse-11:dataelement:81:1","If “Monaghan mask (reservoir)”- Flow (liters of O2/min)","If “Monaghan mask (reservoir)”- Flow (liters of O2/min)","","","enumerated","enumerated","","10 (60%)","15 (80%)",">15 (100%)"
"ACLF evaluation","224:4","Basic","urn:osse-11:record:20:1","Respiratory failure","false","false","urn:osse-11:dataelement:82:1","If “Venturi mask”- Flow (liters of O2/min)","If “Venturi mask”- Flow (liters of O2/min)","","","enumerated","enumerated","","3 (25%)","4 (26%)","5 (28%)","7 (30%)","10 (35%)","12 (40%)","15 (60%)"
"ACLF evaluation","224:4","Basic","urn:osse-11:record:20:1","Respiratory failure","false","false","urn:osse-11:dataelement:83:1","If “High-flow nasal cannula”- Flow (liters of O2/min)","If “High-flow nasal cannula”- Flow (liters of O2/min)","","","INTEGER","0<=x<=100","liters"
"ACLF evaluation","224:4","Basic","urn:osse-11:record:20:1","Respiratory failure","false","false","urn:osse-11:dataelement:84:1","If Mechanical ventilation-Reason for mechanical ventilation","Reason for mechanical ventilation","","","enumerated","enumerated","","Hepatic encephalopathy (cerebral failure)","Respiratory failure","Other"
"ACLF evaluation","224:4","Basic","urn:osse-11:record:20:1","Respiratory failure","false","false","urn:osse-11:dataelement:85:1","Type of mechanical ventilation","Type of mechanical ventilation","","","enumerated","enumerated","","Invasive","Non-invasive (BiPAP / CPAP)"
"ACLF evaluation","224:4","Basic","urn:osse-11:record:20:1","Respiratory failure","false","false","urn:osse-11:dataelement:79:1","FiO2","FiO2","","","INTEGER","0<=x<=200","%"
"ACLF evaluation","224:4","Basic","urn:osse-11:record:20:1","Respiratory failure","false","false","urn:osse-11:dataelement:86:1","SpO2/FiO2","SpO2/FiO2","","","FLOAT","0<=x<=600",""
"ACLF evaluation","224:4","Basic","urn:osse-11:record:20:1","Respiratory failure","false","false","urn:osse-11:dataelement:87:1","PaO2/FiO2","PaO2/FiO2","","","FLOAT","0<=x<=600",""
"ACLF evaluation","224:4","Basic","","","","","urn:osse-11:dataelement:266:1","Sodium","Sodium","false","false","FLOAT","0<=x<=200","mmol/l"
"ACLF evaluation","224:4","Basic","","","","","urn:osse-11:dataelement:337:1","Age","Age","false","false","INTEGER","0<=x<=100","years"
"ACLF evaluation","224:4","Basic","","","","","urn:osse-11:dataelement:245:1","Leucocyte (Absolute)","Leucocyte (Absolute)","false","false","FLOAT","0<=x","/nl"
"ACLF evaluation","224:4","Basic","","","","","urn:osse-11:dataelement:88:1","CLIF Organ Failure Score","CLIF Organ Failure Score","false","false","INTEGER","0<=x<=20",""
"ACLF evaluation","224:4","Basic","","","","","urn:osse-11:dataelement:89:1","ACLF","ACLF","false","false","enumerated","enumerated","","ACLF","no ACLF"
"ACLF evaluation","224:4","Basic","","","","","urn:osse-11:dataelement:90:1","ACLF","ACLF grade","false","false","enumerated","enumerated","","Grade 0","Grade 1","Grade 2","Grade 3"
"ACLF evaluation","224:4","Basic","","","","","urn:osse-11:dataelement:91:1","CLIF-C AD score","CLIF-C AD score","false","false","INTEGER","0<=x<=200",""
"Patient’s information and Medical history","225:2","Basic","","","","","urn:osse-11:dataelement:55:1","Date of birth","Date of birth","true","false","DATE","DD.MM.YYYY",""
"Patient’s information and Medical history","225:2","Basic","","","","","urn:osse-11:dataelement:92:1","Gender","Gender","true","false","enumerated","enumerated","","Male","Female"
"Patient’s information and Medical history","225:2","Basic","urn:osse-11:record:21:1","Tobacco consumption","false","false","urn:osse-11:dataelement:93:1","Has the patient ever smoked","Has the patient ever smoked","","","enumerated","enumerated","","The patient smoked","The patient never smoked"
"Patient’s information and Medical history","225:2","Basic","urn:osse-11:record:21:1","Tobacco consumption","false","false","urn:osse-11:dataelement:94:1","If smoked-Type of consumption","If smoked-Type of consumption","","","enumerated","enumerated","","Current smoker","Former smoker"
"Patient’s information and Medical history","225:2","Basic","urn:osse-11:record:21:1","Tobacco consumption","false","false","urn:osse-11:dataelement:96:1","Average number of cigarettes (per day)","Average number of cigarettes (per day)","","","INTEGER","0<=x<=100","per day"
"Patient’s information and Medical history","225:2","Basic","urn:osse-11:record:21:1","Tobacco consumption","false","false","urn:osse-11:dataelement:95:1","Duration of consumption","Duration of consumption","","","INTEGER","0<=x<=100","years"
"Patient’s information and Medical history","225:2","Basic","urn:osse-11:record:22:1","Diagnosis of Cirrhosis","false","false","urn:osse-11:dataelement:97:1","Date of diagnosis of chronic liver disease","Date of diagnosis of chronic liver disease","","","DATE","DD.MM.YYYY",""
"Patient’s information and Medical history","225:2","Basic","urn:osse-11:record:22:1","Diagnosis of Cirrhosis","false","false","urn:osse-11:dataelement:98:1","Date of diagnosis of cirrhosis","Date of diagnosis of cirrhosis","","","DATE","DD.MM.YYYY",""
"Patient’s information and Medical history","225:2","Basic","urn:osse-11:record:22:1","Diagnosis of Cirrhosis","false","false","urn:osse-11:dataelement:99:1","History of acute decompensation","History of acute decompensation","","","enumerated","enumerated","","Had history of acute decompensation","No history of acute decompensation","Not available"
"Patient’s information and Medical history","225:2","Basic","urn:osse-11:record:22:1","Diagnosis of Cirrhosis","false","false","urn:osse-11:dataelement:100:1","If AD-Date of first acute decompensation","If AD-Date of first acute decompensation","","","DATE","MM.YYYY",""
"Patient’s information and Medical history","225:2","Basic","urn:osse-11:record:22:1","Diagnosis of Cirrhosis","false","false","urn:osse-11:dataelement:101:1","If AD-Types of prior acute decompensations","If AD-Types of prior acute decompensations","","","enumerated","enumerated","","Ascites","Encephalopathy","Portal hypertension related bleeding","SBP","Other bacterial infection","Not available"
"Patient’s information and Medical history","225:2","Basic","urn:osse-11:record:22:1","Diagnosis of Cirrhosis","false","false","urn:osse-11:dataelement:102:1","Listed for Liver transplantation","Listed for Liver transplantation","","","enumerated","enumerated","","Listed for Liver transplantation","Not listed for Liver transplantation"
"Patient’s information and Medical history","225:2","Basic","urn:osse-11:record:22:1","Diagnosis of Cirrhosis","false","false","urn:osse-11:dataelement:103:1","If listed-listed liver transplantation date","If listed-listed liver transplantation date","","","DATE","DD.MM.YYYY",""
"Patient’s information and Medical history","225:2","Basic","","","","","urn:osse-11:dataelement:104:1","Etiology of cirrhosis","Etiology of cirrhosis","true","false","enumerated","enumerated","","1. Alcohol","2. Hepatitis C virus","3. Hepatitis B virus","4. NAFLD/NASH","5. Cryptogenic","6. Others"
"Patient’s information and Medical history","225:2","Basic","","","","","urn:osse-11:dataelement:346:1","If other, please specify","Specify the other conditions","false","false","STRING","",""
"Patient’s information and Medical history","225:2","Basic","","","","","urn:osse-11:dataelement:105:1","Biopsy proved cirrhosis","Biopsy proved cirrhosis","true","false","enumerated","enumerated","","Biopsy proved cirrhosis","Not biopsy proved cirrhosis"
"Patient’s information and Medical history","225:2","Basic","urn:osse-11:record:23:1","Other previous /concomitant medical disease","false","false","urn:osse-11:dataelement:106:1","Other previous /concomitant medical disease","Other previous /concomitant medical disease","","","enumerated","enumerated","","Chronic obstructive pulmonary disease","Heart failure","Arterial hypertension","Coronary artery disease","Chronic renal failure","Cerebrovascular disease or other neurological disease","Diabetes mellitus requiring treatment","Other chronic systemic disease"
"Patient’s information and Medical history","225:2","Basic","urn:osse-11:record:23:1","Other previous /concomitant medical disease","false","false","urn:osse-11:dataelement:107:1","Other chronic systemic disease Specification","Other chronic systemic disease Specification","","","STRING","",""
"Previous clinical course","226:11","Basic","","","","","urn:osse-11:dataelement:112:1","Time prior to Hospital Study Admission","Time prior to Hospital Study Admission","true","false","enumerated","enumerated","","1. 14 days","2. 3 months","3. 2 years"
"Previous clinical course","226:11","Basic","","","","","urn:osse-11:dataelement:109:1","Type of alcohol consumption","Type of alcohol consumption","false","false","enumerated","enumerated","","Active drinker","Moderate drinker","Patient teetotaler (abstinence)","Patient never drink"
"Previous clinical course","226:11","Basic","","","","","urn:osse-11:dataelement:355:1","Average number of drinks per week","Average number of drinks per week","false","false","INTEGER","0<=x<=20000","ml"
"Previous clinical course","226:11","Basic","","","","","urn:osse-11:dataelement:111:1","Most common drink consumed","Most common drink consumed","false","false","enumerated","enumerated","","Beer","Wine","Hard liquor"
"Previous clinical course","226:11","Basic","","","","","urn:osse-11:dataelement:113:1","Any prior decompensation prior to hospital study admission ?","Any prior decompensation prior to hospital study admission ?","true","false","enumerated","enumerated","","Had prior decompensation prior to hospital study admission","No prior decompensation prior to hospital study admission"
"Previous clinical course","226:11","Basic","urn:osse-11:record:25:1","Prior ascites","false","false","urn:osse-11:dataelement:114:1","1. Ascites","1. Ascites","","","enumerated","enumerated","","Ascites","No ascites","Not available"
"Previous clinical course","226:11","Basic","urn:osse-11:record:25:1","Prior ascites","false","false","urn:osse-11:dataelement:116:1","Number of hospitalizations for ascites episodes","Number of hospitalizations for ascites episodes","","","enumerated","enumerated","","1","2","3","> 3","Not available"
"Previous clinical course","226:11","Basic","urn:osse-11:record:25:1","Prior ascites","false","false","urn:osse-11:dataelement:117:1"," Maximum grade of ascites"," Maximum grade of ascites","","","enumerated","enumerated","","Mild","Moderate","Large/Tense","n.a."
"Previous clinical course","226:11","Basic","urn:osse-11:record:26:1","Prior hepatic encephalopathy","false","false","urn:osse-11:dataelement:115:1","2. Hepatic encephalopathy","2. Hepatic encephalopathy","","","enumerated","enumerated","","Had hepatic encephalopathy","No hepatic encephalopathy","Not available"
"Previous clinical course","226:11","Basic","urn:osse-11:record:26:1","Prior hepatic encephalopathy","false","false","urn:osse-11:dataelement:118:1","Number of episodes requiring hospitalization","Number of episodes requiring hospitalization","","","enumerated","enumerated","","1","2","3","> 3","n.a."
"Previous clinical course","226:11","Basic","urn:osse-11:record:26:1","Prior hepatic encephalopathy","false","false","urn:osse-11:dataelement:119:1","Episodic overt HE","Episodic overt HE","","","enumerated","enumerated","","Had episodic overt HE","No episodic overt HE","Not available"
"Previous clinical course","226:11","Basic","urn:osse-11:record:26:1","Prior hepatic encephalopathy","false","false","urn:osse-11:dataelement:120:1","Recurrent overt HE","Recurrent overt HE","","","enumerated","enumerated","","Recurrent overt HE","No recurrent overt HE","Not available"
"Previous clinical course","226:11","Basic","urn:osse-11:record:26:1","Prior hepatic encephalopathy","false","false","urn:osse-11:dataelement:121:1","Persistent overt HE","Persistent overt HE","","","enumerated","enumerated","","Had persistent overt HE","No persistent overt HE","Not applicable"
"Previous clinical course","226:11","Basic","urn:osse-11:record:27:1","Prior gastrointestinal bleeding","false","false","urn:osse-11:dataelement:122:1","3. Gastrointestinal bleeding","3. Gastrointestinal bleeding","","","enumerated","enumerated","","Had gastrointestinal bleeding","No gastrointestinal bleeding","Not applicable"
"Previous clinical course","226:11","Basic","urn:osse-11:record:27:1","Prior gastrointestinal bleeding","false","false","urn:osse-11:dataelement:118:1","Number of episodes requiring hospitalization","Number of episodes requiring hospitalization","","","enumerated","enumerated","","1","2","3","> 3","n.a."
"Previous clinical course","226:11","Basic","urn:osse-11:record:27:1","Prior gastrointestinal bleeding","false","false","urn:osse-11:dataelement:123:1","Known etiology of GIB","Known etiology of GIB","","","enumerated","enumerated","","Variceal bleeding","Peptic ulcer","Other causes related to portal hypertension","Other etiology","Unknown etiology"
"Previous clinical course","226:11","Basic","urn:osse-11:record:28:1","Prior bacterial infections","false","false","urn:osse-11:dataelement:124:1","4. Bacterial infections","4. Bacterial infections","","","enumerated","enumerated","","Had bacterial infections ","No bacterial infections ","Not applicable"
"Previous clinical course","226:11","Basic","urn:osse-11:record:28:1","Prior bacterial infections","false","false","urn:osse-11:dataelement:118:1","Number of episodes requiring hospitalization","Number of episodes requiring hospitalization","","","enumerated","enumerated","","1","2","3","> 3","n.a."
"Previous clinical course","226:11","Basic","urn:osse-11:record:28:1","Prior bacterial infections","false","false","urn:osse-11:dataelement:125:1","Type of infection","Type of infection","","","enumerated","enumerated","","SBP","UTI","Pneumonia","Spontaneous bacteriemia","Spontaneous empyema","Cellulitis","Other","Unknown"
"Previous clinical course","226:11","Basic","urn:osse-11:record:29:1","Prior ACLF","false","false","urn:osse-11:dataelement:126:1","5. ACLF","5. ACLF","","","enumerated","enumerated","","Had ACLF","No ACLF","Not applicable"
"Previous clinical course","226:11","Basic","urn:osse-11:record:29:1","Prior ACLF","false","false","urn:osse-11:dataelement:118:1","Number of episodes requiring hospitalization","Number of episodes requiring hospitalization","","","enumerated","enumerated","","1","2","3","> 3","n.a."
"Previous clinical course","226:11","Basic","urn:osse-11:record:29:1","Prior ACLF","false","false","urn:osse-11:dataelement:127:1","Highest ACLF grade","Highest ACLF grade","","","enumerated","enumerated","","Grade 1","Grade 2","Grade 3","Not applicable"
"Previous clinical course","226:11","Basic","urn:osse-11:record:29:1","Prior ACLF","false","false","urn:osse-11:dataelement:128:1","Any ACLF caused by a clinical event","Any ACLF caused by a clinical event","","","enumerated","enumerated","","Had any ACLF caused by a clinical event","No any ACLF caused by a clinical event","Not applicable"
"Previous clinical course","226:11","Basic","urn:osse-11:record:29:1","Prior ACLF","false","false","urn:osse-11:dataelement:129:1","Clinical event related to","Clinical event related to","","","enumerated","enumerated","","Ascites","Encephalopathy","Gastrointestinal bleeding","SBP","Non-obstructive jaundice","Other bacterial infection","Unknown"
"Previous clinical course","226:11","Basic","","","","","urn:osse-11:dataelement:130:1","6. Acute alcoholic-steatohepatitis (ASH)","6. Acute alcoholic-steatohepatitis (ASH)","false","false","enumerated","enumerated","","Had acute alcoholic-steatohepatitis (ASH)","No acute alcoholic-steatohepatitis (ASH)","Not applicable"
"Previous clinical course","226:11","Basic","","","","","urn:osse-11:dataelement:131:1","7. Acute viral hepatitis superimposed to cirrhosis","7. Acute viral hepatitis superimposed to cirrhosis","false","false","enumerated","enumerated","","Had acute viral hepatitis superimposed to cirrhosis","No acute viral hepatitis superimposed to cirrhosis","Not applicable"
"Previous clinical course","226:11","Basic","","","","","urn:osse-11:dataelement:132:1","8. Suspected drug-induced liver injury","8. Suspected drug-induced liver injury","false","false","enumerated","enumerated","","Had suspected drug-induced liver injury","No suspected drug-induced liver injury","Not applicable"
"Previous clinical course","226:11","Basic","urn:osse-11:record:30:1","Prior HCC","false","false","urn:osse-11:dataelement:133:1","9. Hepatocellular carcinoma","9. Hepatocellular carcinoma","","","enumerated","enumerated","","Had hepatocellular carcinoma","No hepatocellular carcinoma","Not applicable"
"Previous clinical course","226:11","Basic","urn:osse-11:record:30:1","Prior HCC","false","false","urn:osse-11:dataelement:134:1","Number of nodules of HCC","Number of nodules of HCC","","","INTEGER","0<=x<=10",""
"Previous clinical course","226:11","Basic","urn:osse-11:record:30:1","Prior HCC","false","false","urn:osse-11:dataelement:135:1","Maximum size of nodules","Maximum size of nodules","","","INTEGER","0<=x<=100","mm"
"Previous clinical course","226:11","Basic","urn:osse-11:record:30:1","Prior HCC","false","false","urn:osse-11:dataelement:136:1","Vascular invasion","Vascular invasion","","","enumerated","enumerated","","Had vascular invasion","No  vascular invasion","Not applicable"
"Previous clinical course","226:11","Basic","","","","","urn:osse-11:dataelement:137:1","Other relevant clinical events","Other relevant clinical events","false","false","STRING","",""
"Previous treatments","227:3","Basic","","","","","urn:osse-11:dataelement:112:1","Time prior to Hospital Study Admission","Time prior to Hospital Study Admission","true","false","enumerated","enumerated","","1. 14 days","2. 3 months","3. 2 years"
"Previous treatments","227:3","Basic","urn:osse-11:record:31:1","1. Alcoholic cirrhosis","false","false","urn:osse-11:dataelement:138:1","Alcoholic cirrhosis","Alcoholic cirrhosis","","","enumerated","enumerated","","Alcoholic cirrhosis","No alcoholic cirrhosis","Not applicable"
"Previous treatments","227:3","Basic","urn:osse-11:record:31:1","1. Alcoholic cirrhosis","false","false","urn:osse-11:dataelement:139:1","Type of therapy","Type of therapy for alcoholic cirrhosis","","","enumerated","enumerated","","Medical advice","Detoxification/dishabituation treatment","Not applicable"
"Previous treatments","227:3","Basic","urn:osse-11:record:31:1","1. Alcoholic cirrhosis","false","false","urn:osse-11:dataelement:140:1","Treatment response","Treatment response for alcoholic cirrhosis","","","enumerated","enumerated","","No response (active drinker)","Moderate response (moderate drinker)","Total response (patient teetotaler)","Not applicable"
"Previous treatments","227:3","Basic","urn:osse-11:record:32:1","2. Hepatitis C virus antiviral therapy","false","false","urn:osse-11:dataelement:141:1","Hepatitis C virus antiviral therapy","Hepatitis C virus antiviral therapy","","","enumerated","enumerated","","Had hepatitis C virus antiviral therapy","No hepatitis C virus antiviral therapy","Not applicable"
"Previous treatments","227:3","Basic","urn:osse-11:record:32:1","2. Hepatitis C virus antiviral therapy","false","false","urn:osse-11:dataelement:142:1","Virus therapy","Virus therapy for HCV","","","enumerated","enumerated","","Boceprevir","Daclatasvir","Elbasvir/Grazoprevir","Ledipasvir/Sofosbuvir","OBV/PTV/r","OBV/PTV/r+DSV","Peg-IFN alfa","Ribavirin","Simeprevir","Sofosbuvir","Telaprevir","Unknown","Not applicable"
"Previous treatments","227:3","Basic","urn:osse-11:record:32:1","2. Hepatitis C virus antiviral therapy","false","false","urn:osse-11:dataelement:143:1","Antiviral therapy terminated ","Antiviral therapy terminated for HCV","","","enumerated","enumerated","","Antiviral therapy terminated ","Antiviral therapy not terminated ","Not applicable"
"Previous treatments","227:3","Basic","urn:osse-11:record:32:1","2. Hepatitis C virus antiviral therapy","false","false","urn:osse-11:dataelement:144:1","Sustained virological response","Sustained virological response for HCV","","","enumerated","enumerated","","Sustained virological response","No sustained virological response","Pending to complete treatment follow-up","Not applicable"
"Previous treatments","227:3","Basic","urn:osse-11:record:32:1","2. Hepatitis C virus antiviral therapy","false","false","urn:osse-11:dataelement:145:1","Early virological response","Early virological response for HCV","","","enumerated","enumerated","","Had early virological response","No early virological response","Not applicable"
"Previous treatments","227:3","Basic","urn:osse-11:record:33:1","3. Hepatitis B virus antiviral therapy","false","false","urn:osse-11:dataelement:146:1","Hepatitis B virus antiviral therapy","Hepatitis B virus antiviral therapy","","","enumerated","enumerated","","Had hepatitis B virus antiviral therapy","No hepatitis B virus antiviral therapy","Not applicable"
"Previous treatments","227:3","Basic","urn:osse-11:record:33:1","3. Hepatitis B virus antiviral therapy","false","false","urn:osse-11:dataelement:147:1","Virus therapy","Virus therapy for HBV","","","enumerated","enumerated","","Adefovir","Entecavir","Lamivudine","Peg-IFN alfa","Tenofovir","Telbivudine","Unknown","Not applicable"
"Previous treatments","227:3","Basic","urn:osse-11:record:33:1","3. Hepatitis B virus antiviral therapy","false","false","urn:osse-11:dataelement:148:1","Complete response (<10 IU)","Complete response (<10 IU) fór HBV","","","enumerated","enumerated","","Had complete response (<10 IU)","No complete response","Not applicable"
"Previous treatments","227:3","Basic","urn:osse-11:record:33:1","3. Hepatitis B virus antiviral therapy","false","false","urn:osse-11:dataelement:149:1","Reactivation of hepatitis B virus","Reactivation of hepatitis B virus","","","enumerated","enumerated","","Had reactivation of hepatitis B virus","No reactivation of hepatitis B virus","Not applicable"
"Previous treatments","227:3","Basic","urn:osse-11:record:34:1","4.NAFLD/NASH","false","false","urn:osse-11:dataelement:150:1","NAFLD/NASH","NAFLD/NASH therapy","","","enumerated","enumerated","","Had NAFLD/NASH therapy","No NAFLD/NASH therapy","Not applicable"
"Previous treatments","227:3","Basic","urn:osse-11:record:34:1","4.NAFLD/NASH","false","false","urn:osse-11:dataelement:151:1","Associated features ","Associated features for NASH/NAFLD","","","enumerated","enumerated","","Obesity","Diabetes","Arterial hypertension","Others","Unknown","Not applicable"
"Previous treatments","227:3","Basic","urn:osse-11:record:34:1","4.NAFLD/NASH","false","false","urn:osse-11:dataelement:152:1","If obesity is selected-Type of therapy for obesity","If obesity is selected-Type of therapy for obesity","","","enumerated","enumerated","","Diet","Surgery","Endoscopy","Others","Unknown","Not applicable"
"Previous treatments","227:3","Basic","urn:osse-11:record:34:1","4.NAFLD/NASH","false","false","urn:osse-11:dataelement:153:1","Specific therapy of associated complications","Specific therapy of associated complications for NASH/NAFLD","","","enumerated","enumerated","","Had specific therapy of associated complications","No specific therapy of associated complications","Not applicable"
"Previous treatments","227:3","Basic","urn:osse-11:record:35:1","5. Autoimmune hepatitis treatment","false","false","urn:osse-11:dataelement:154:1","Autoimmune hepatitis therapy","Autoimmune hepatitis therapy","","","enumerated","enumerated","","Had autoimmune hepatitis therapy","No autoimmune hepatitis therapy","Not applicable"
"Previous treatments","227:3","Basic","urn:osse-11:record:35:1","5. Autoimmune hepatitis treatment","false","false","urn:osse-11:dataelement:155:1","Immunosupresive therapies","Immunosupresive therapies for AIH","","","enumerated","enumerated","","Azathioprin","CD20-AB","Cyclophosphamide","Cyclosporin","Methotrexate","MMF","Prednisone","Sirolimus","Tacrolimus","TNFa-AB","Others","Unknown","Not applicable"
"Previous treatments","227:3","Basic","urn:osse-11:record:35:1","5. Autoimmune hepatitis treatment","false","false","urn:osse-11:dataelement:156:1","Positive response","Positive response for AIH","","","enumerated","enumerated","","Had positive response","No positive response","Not applicable"
"Previous treatments","227:3","Basic","urn:osse-11:record:35:1","5. Autoimmune hepatitis treatment","false","false","urn:osse-11:dataelement:157:1","Type of response","Type of response for AIH","","","enumerated","enumerated","","Complete","Partial","Not applicable"
"Previous treatments","227:3","Basic","","","","","urn:osse-11:dataelement:158:1","6. Other type of cirrhosis","6. Other type of cirrhosis treatment","false","false","enumerated","enumerated","","Had other type of cirrhosis treatment","No other type of cirrhosis treatment","Not applicable"
"Previous treatments","227:3","Basic","","","","","urn:osse-11:dataelement:159:1","7. Continuous treatment","7. Continuous treatment","false","false","enumerated","enumerated","","Had continuous treatment","No continuous treatment","Not applicable"
"Previous treatments","227:3","Basic","urn:osse-11:record:36:1","1. Diuretics","false","false","urn:osse-11:dataelement:160:1","Diuretics","Diuretics treatment","","","enumerated","enumerated","","Had diuretics treatment","No diuretics treatment","Not applicable"
"Previous treatments","227:3","Basic","urn:osse-11:record:36:1","1. Diuretics","false","false","urn:osse-11:dataelement:161:1","Type of diuretic","Type of diuretic","","","enumerated","enumerated","","Furosemide","Torasemide","Spironolactone","Other","Unknown","Not applicable"
"Previous treatments","227:3","Basic","","","","","urn:osse-11:dataelement:162:1","2. Therapeutic paracentesis","2. Therapeutic paracentesis","false","false","enumerated","enumerated","","Had therapeutic paracentesis","No therapeutic paracentesis","Not applicable"
"Previous treatments","227:3","Basic","urn:osse-11:record:37:1","3. Beta-blockers","false","false","urn:osse-11:dataelement:163:1","Beta-blockers","Beta-blockers","","","enumerated","enumerated","","Had beta-blockers","No beta-blockers","Not applicable"
"Previous treatments","227:3","Basic","urn:osse-11:record:37:1","3. Beta-blockers","false","false","urn:osse-11:dataelement:164:1","Indication ","Indication for beta-blockers","","","enumerated","enumerated","","Primary prophylaxis","Secondary prophylaxis","Cardiac disease","Other","Unknown","Not applicable"
"Previous treatments","227:3","Basic","urn:osse-11:record:38:1","4. Intravenous albumin","false","false","urn:osse-11:dataelement:165:1","Intravenous albumin","Intravenous albumin","","","enumerated","enumerated","","Had intravenous albumin","No intravenous albumin","Not applicable"
"Previous treatments","227:3","Basic","urn:osse-11:record:38:1","4. Intravenous albumin","false","false","urn:osse-11:dataelement:166:1","Indication","Indication for intravenous albumin","","","enumerated","enumerated","","Paracentesis","HRS prophylaxis","HRS treatment","SBP","Other bacterial infection","Others","Unknown","Not applicable"
"Previous treatments","227:3","Basic","urn:osse-11:record:39:1","5. Vasopressors","false","false","urn:osse-11:dataelement:167:1","Vasopressors","Vasopressors","","","enumerated","enumerated","","Had vasopressors","No vasopressors","Not applicable"
"Previous treatments","227:3","Basic","urn:osse-11:record:39:1","5. Vasopressors","false","false","urn:osse-11:dataelement:168:1","Indication","Indication for vasopressors","","","enumerated","enumerated","","Circulatory failure","Gastrointestinal bleeding","HRS prophylaxis","HRS treatment","Others","Unknown","Not applicable"
"Previous treatments","227:3","Basic","","","","","urn:osse-11:dataelement:169:1","6. Renal replacement treatment","6. Renal replacement treatment","false","false","enumerated","enumerated","","Had renal replacement treatment","No renal replacement treatment","Not applicable"
"Previous treatments","227:3","Basic","","","","","urn:osse-11:dataelement:170:1","7. Artificial liver support","7. Artificial liver support","false","false","enumerated","enumerated","","Had artificial liver support","No artificial liver support","Not applicable"
"Previous treatments","227:3","Basic","","","","","urn:osse-11:dataelement:171:1","8. Omeprazol or other PPI","8. Omeprazol or other PPI","false","false","enumerated","enumerated","","Had Omeprazol or other PPI","No Omeprazol or other PPI","Not applicable"
"Previous treatments","227:3","Basic","","","","","urn:osse-11:dataelement:172:1","9. Endoscopic therapy of bleeding","9. Endoscopic therapy of bleeding","false","false","enumerated","enumerated","","Had endoscopic therapy of bleeding","No endoscopic therapy of bleeding","Not applicable"
"Previous treatments","227:3","Basic","","","","","urn:osse-11:dataelement:173:1","10. Lactulose","10. Lactulose","false","false","enumerated","enumerated","","Had lactulose","No lactulose","Not applicable"
"Previous treatments","227:3","Basic","","","","","urn:osse-11:dataelement:174:1","11. Rifaximin for HE","11. Rifaximin for HE","false","false","enumerated","enumerated","","Had Rifaximin for HE","No Rifaximin for HE","Not applicable"
"Previous treatments","227:3","Basic","urn:osse-11:record:40:1","12. TIPS","false","false","urn:osse-11:dataelement:175:1","TIPS","TIPS","","","enumerated","enumerated","","Had TIPS","No TIPS","Not applicable"
"Previous treatments","227:3","Basic","urn:osse-11:record:40:1","12. TIPS","false","false","urn:osse-11:dataelement:176:1","Indication","Indication for TIPS","","","enumerated","enumerated","","Refractory ascites","Variceal bleeding","Other","Unknown","Not applicable"
"Previous treatments","227:3","Basic","urn:osse-11:record:40:1","12. TIPS","false","false","urn:osse-11:dataelement:177:1","Other specification for TIPS indication","Other specification for TIPS indication","","","STRING","",""
"Previous treatments","227:3","Basic","urn:osse-11:record:41:1","13. Antibiotic prophylaxis","false","false","urn:osse-11:dataelement:178:1","Antibiotic prophylaxis","Antibiotic prophylaxis","","","enumerated","enumerated","","Had antibiotic prophylaxis","No antibiotic prophylaxis","Not applicable"
"Previous treatments","227:3","Basic","urn:osse-11:record:41:1","13. Antibiotic prophylaxis","false","false","urn:osse-11:dataelement:179:1","Indication","Indication for antibiotic prophylaxis","","","enumerated","enumerated","","SBP","Variceal bleeding","Endocarditis","Intervention","Other","Unknown","Not applicable"
"Previous treatments","227:3","Basic","","","","","urn:osse-11:dataelement:180:1","14. Antibiotic for infection (nonprophylactic)","14. Antibiotic for infection (nonprophylactic)","false","false","enumerated","enumerated","","Had antibiotic for infection (nonprophylactic)","No antibiotic for infection ","Not applicable"
"Previous treatments","227:3","Basic","urn:osse-11:record:42:1","15. Corticosteroids","false","false","urn:osse-11:dataelement:181:1","Corticosteroids","Corticosteroids","","","enumerated","enumerated","","Had corticosteroids","No corticosteroids","Not applicable"
"Previous treatments","227:3","Basic","urn:osse-11:record:42:1","15. Corticosteroids","false","false","urn:osse-11:dataelement:182:1","Indication (other than autoimmune cirrhosis)","Indication for Corticosteroids (other than autoimmune cirrhosis)","","","STRING","",""
"Previous treatments","227:3","Basic","urn:osse-11:record:43:1","16. Treatments for HCC","false","false","urn:osse-11:dataelement:183:1","Treatments for HCC","Treatments for HCC","","","enumerated","enumerated","","Had treatments for HCC","No treatments for HCC","Not applicable"
"Previous treatments","227:3","Basic","urn:osse-11:record:43:1","16. Treatments for HCC","false","false","urn:osse-11:dataelement:184:1","Type of treatments","Type of treatments for HCC","","","enumerated","enumerated","","TACE","Ablation therapy","Unknown","Not applicable"
"Previous treatments","227:3","Basic","","","","","urn:osse-11:dataelement:185:1","17. Insulin","17. Insulin","false","false","enumerated","enumerated","","Had Insulin","No Insulin","Not applicable"
"Previous treatments","227:3","Basic","urn:osse-11:record:44:1","18. Oral antidiabetics","false","false","urn:osse-11:dataelement:186:1","Oral antidiabetics","Oral antidiabetics","","","enumerated","enumerated","","Had oral antidiabetics","No oral antidiabetics","Not applicable"
"Previous treatments","227:3","Basic","urn:osse-11:record:44:1","18. Oral antidiabetics","false","false","urn:osse-11:dataelement:187:1","Metformin","Metformin for oral antidiabetics","","","enumerated","enumerated","","Had Metformin","No Metformin","Not applicable"
"Previous treatments","227:3","Basic","","","","","urn:osse-11:dataelement:188:1","19. Statins","19. Statins","false","false","enumerated","enumerated","","Had Statins","No Statins","Not applicable"
"Previous treatments","227:3","Basic","urn:osse-11:record:45:1","20. Non-bariatric surgery","false","false","urn:osse-11:dataelement:189:1","Non-bariatric surgery","Non-bariatric surgery","","","enumerated","enumerated","","Had non-bariatric surgery","No non-bariatric surgery","Not applicable"
"Previous treatments","227:3","Basic","urn:osse-11:record:45:1","20. Non-bariatric surgery","false","false","urn:osse-11:dataelement:190:1","Type of surgery","Type of surgery","","","enumerated","enumerated","","Liver surgery","Portal-systemic shunt","Biliary pancreatic surgery","Other","Unknown","Not applicable"
"Previous treatments","227:3","Basic","urn:osse-11:record:46:1","21. ICU admission","true","false","urn:osse-11:dataelement:191:1","ICU admission","ICU admission","","","enumerated","enumerated","","Had ICU admission","No ICU admission","Not applicable"
"Previous treatments","227:3","Basic","urn:osse-11:record:46:1","21. ICU admission","true","false","urn:osse-11:dataelement:192:1","Number of ICU admissions","Number of ICU admissions","","","INTEGER","0<=x<=20",""
"Previous treatments","227:3","Basic","","","","","urn:osse-11:dataelement:193:1","Any drug with potential hepatotoxic effect","Any drug with potential hepatotoxic effect","false","false","enumerated","enumerated","","Had drug with potential hepatotoxic effect","No drug with potential hepatotoxic effect ","Not applicable"
"Previous treatments","227:3","Basic","","","","","urn:osse-11:dataelement:195:1","Drug with potential hepatotoxic effect","Drug with potential hepatotoxic effect","false","true","STRING","",""
"Previous treatments","227:3","Basic","","","","","urn:osse-11:dataelement:194:1","Any drug with potential adverse effect","Any drug with potential adverse effect","false","false","enumerated","enumerated","","Had drug with potential adverse effect","No drug with potential adverse effect","Not applicable"
"Previous treatments","227:3","Basic","","","","","urn:osse-11:dataelement:196:1","Drug with potential adverse effect","Drug with potential adverse effect","false","true","STRING","",""
"Data at visit","228:9","Longitudinal","urn:osse-11:record:47:1","Visit Date","false","false","urn:osse-11:dataelement:197:1","Visit Date","Visit Date","","","DATE","DD.MM.YYYY",""
"Data at visit","228:9","Longitudinal","urn:osse-11:record:47:1","Visit Date","false","false","urn:osse-11:dataelement:198:1","Is the patient already included in a prophylactic or therapeutic","Is the patient already included in a prophylactic or therapeutic","","","enumerated","enumerated","","Yes","No","No data"
"Data at visit","228:9","Longitudinal","urn:osse-11:record:47:1","Visit Date","false","false","urn:osse-11:dataelement:199:1","Type of study","Type of study","","","enumerated","enumerated","","No data","Prophylactic","Therapeutic","Non-randomized","Randomized placebo controlled","Randomized comparative"
"Data at visit","228:9","Longitudinal","urn:osse-11:record:47:1","Visit Date","false","false","urn:osse-11:dataelement:200:1","Study treatment specification","Study treatment specification","","","STRING","",""
"Data at visit","228:9","Longitudinal","urn:osse-11:record:47:1","Visit Date","false","false","urn:osse-11:dataelement:201:1","Control treatment specification","Control treatment specification","","","STRING","",""
"Data at visit","228:9","Longitudinal","urn:osse-11:record:47:1","Visit Date","false","false","urn:osse-11:dataelement:202:1","Does the patient continue in the study","Does the patient continue in the study","","","enumerated","enumerated","","Yes","No","No data"
"Data at visit","228:9","Longitudinal","","","","","urn:osse-11:dataelement:203:1","Alcohol consumption since last visit","Alcohol consumption since last visit","false","false","enumerated","enumerated","","Yes","No"
"Data at visit","228:9","Longitudinal","","","","","urn:osse-11:dataelement:109:1","Type of alcohol consumption","Type of alcohol consumption","false","false","enumerated","enumerated","","Active drinker","Moderate drinker","Patient teetotaler (abstinence)","Patient never drink"
"Data at visit","228:9","Longitudinal","","","","","urn:osse-11:dataelement:355:1","Average number of drinks per week","Average number of drinks per week","false","false","INTEGER","0<=x<=20000","ml"
"Data at visit","228:9","Longitudinal","","","","","urn:osse-11:dataelement:111:1","Most common drink consumed","Most common drink consumed","false","false","enumerated","enumerated","","Beer","Wine","Hard liquor"
"Data at visit","228:9","Longitudinal","","","","","urn:osse-11:dataelement:374:1","Hospitalization?","Was the patient hospitalizied?","false","false","BOOLEAN","(true|false|yes|no|f|t)",""
"Data at visit","228:9","Longitudinal","","","","","urn:osse-11:dataelement:204:1","Origin at the time of hospital admission","Origin at the time of hospital admission","true","false","enumerated","enumerated","","Home","Other hospital","Long-term care facility","Nursing home","Other"
"Data at visit","228:9","Longitudinal","","","","","urn:osse-11:dataelement:205:1","Site of hospital admission","Site of hospital admission","true","false","enumerated","enumerated","","Emergency department","Regular ward","ICU","Out-patient clinic"
"Data at visit","228:9","Longitudinal","","","","","urn:osse-11:dataelement:206:1","Reason(s) for hospital admission","Reason(s) for hospital admission","true","false","enumerated","enumerated","","Ascites","Hepatic encephalopathy","Gastrointestinal bleeding","SBP","Other bacterial infection","Others"
"Data at visit","228:9","Longitudinal","","","","","urn:osse-11:dataelement:346:1","If other, please specify","Specify the other conditions","false","false","STRING","",""
"Data at visit","228:9","Longitudinal","","","","","urn:osse-11:dataelement:207:1","Main reason for hospital admission","Main reason for hospital admission","true","false","enumerated","enumerated","","Ascites","Hepatic encephalopathy","Gastrointestinal bleeding","SBP","Other bacterial infection","Others"
"Clinical features","229:3","Longitudinal","urn:osse-11:record:49:1","1. Ascites","true","false","urn:osse-11:dataelement:114:1","1. Ascites","1. Ascites","","","enumerated","enumerated","","Ascites","No ascites","Not available"
"Clinical features","229:3","Longitudinal","urn:osse-11:record:49:1","1. Ascites","true","false","urn:osse-11:dataelement:117:1"," Maximum grade of ascites"," Maximum grade of ascites","","","enumerated","enumerated","","Mild","Moderate","Large/Tense","n.a."
"Clinical features","229:3","Longitudinal","urn:osse-11:record:50:1","2. Hepatic encephalopathy","true","false","urn:osse-11:dataelement:115:1","2. Hepatic encephalopathy","2. Hepatic encephalopathy","","","enumerated","enumerated","","Had hepatic encephalopathy","No hepatic encephalopathy","Not available"
"Clinical features","229:3","Longitudinal","urn:osse-11:record:50:1","2. Hepatic encephalopathy","true","false","urn:osse-11:dataelement:63:1","West Haven grade","West Haven grade of Hepatic encephalopathy","","","enumerated","enumerated","","Grade 0","Grade 1","Grade 2","Grade 3","Grade 4"
"Clinical features","229:3","Longitudinal","urn:osse-11:record:50:1","2. Hepatic encephalopathy","true","false","urn:osse-11:dataelement:209:1","Precipitating events HE","Precipitating events HE","","","enumerated","enumerated","","Infection","Electrolyte disorders","Gastrointestinal bleeding","Diuretic overdose","Constipation","Other","Unidentified (episode qualified as Spontaneous)","Not applicable"
"Clinical features","229:3","Longitudinal","","","","","urn:osse-11:dataelement:122:1","3. Gastrointestinal bleeding","3. Gastrointestinal bleeding","true","false","enumerated","enumerated","","Had gastrointestinal bleeding","No gastrointestinal bleeding","Not applicable"
"Clinical features","229:3","Longitudinal","urn:osse-11:record:51:1","4. HVPG: hepatic-venous-pressure-gradient","false","false","urn:osse-11:dataelement:210:1","Previous to inclusion of HVPG?","Previous to inclusion of HVPG?","","","enumerated","enumerated","","Yes","No"
"Clinical features","229:3","Longitudinal","urn:osse-11:record:51:1","4. HVPG: hepatic-venous-pressure-gradient","false","false","urn:osse-11:dataelement:211:1","HVPG","Hepatic-venous-pressure-gradient","","","INTEGER","0<=x<=1000","mmHg"
"Clinical features","229:3","Longitudinal","urn:osse-11:record:51:1","4. HVPG: hepatic-venous-pressure-gradient","false","false","urn:osse-11:dataelement:212:1","Date of HVPG","Date of HVPG","","","DATE","DD.MM.YYYY",""
"Clinical features","229:3","Longitudinal","urn:osse-11:record:51:1","4. HVPG: hepatic-venous-pressure-gradient","false","false","urn:osse-11:dataelement:213:1","At current visit?","At current visit?","","","enumerated","enumerated","","Yes","No"
"Clinical features","229:3","Longitudinal","urn:osse-11:record:51:1","4. HVPG: hepatic-venous-pressure-gradient","false","false","urn:osse-11:dataelement:214:1","HVPG","HVPG current","","","INTEGER","0<=x<=1000","mmHg"
"Clinical features","229:3","Longitudinal","urn:osse-11:record:52:1","5. AKI (not caused by GIB)","false","false","urn:osse-11:dataelement:215:1","AKI (not caused by GIB)","AKI (not caused by GIB)","","","enumerated","enumerated","","Yes","No"
"Clinical features","229:3","Longitudinal","urn:osse-11:record:52:1","5. AKI (not caused by GIB)","false","false","urn:osse-11:dataelement:216:1","AKI caused by","AKI caused by","","","enumerated","enumerated","","Spontaneous","Bacterial Infection","Drugs","Other","Not applicable"
"Clinical features","229:3","Longitudinal","urn:osse-11:record:52:1","5. AKI (not caused by GIB)","false","false","urn:osse-11:dataelement:217:1","Grade of AKI","Grade of AKI","","","enumerated","enumerated","","1","2","3","Not applicable "
"Clinical features","229:3","Longitudinal","urn:osse-11:record:52:1","5. AKI (not caused by GIB)","false","false","urn:osse-11:dataelement:218:1","Type of AKI","Type of AKI","","","enumerated","enumerated","","ATN","HRS","Other","Not applicable "
"Clinical features","229:3","Longitudinal","","","","","urn:osse-11:dataelement:219:1","6. Bacterial infections","6. Bacterial infections","true","false","enumerated","enumerated","","Yes","No"
"Clinical features","229:3","Longitudinal","","","","","urn:osse-11:dataelement:220:1","7. Fungal infection/Colonization","7. Fungal infection/Colonization","false","false","enumerated","enumerated","","Yes","No"
"Clinical features","229:3","Longitudinal","","","","","urn:osse-11:dataelement:221:1","8. Viral infection","8. Viral infection","false","false","enumerated","enumerated","","Yes","No"
"Clinical features","229:3","Longitudinal","","","","","urn:osse-11:dataelement:222:1","Viral infection ","Viral infection","false","true","STRING","",""
"Clinical features","229:3","Longitudinal","","","","","urn:osse-11:dataelement:223:1","9. Acute alcoholic-steatohepatitis (ASH)","9. Acute alcoholic-steatohepatitis (ASH)","false","false","enumerated","enumerated","","Yes, confirmed by biopsy","Yes, confirmed by NIAAA Alcoholic Hepatitis Consortia Criteria","No"
"Clinical features","229:3","Longitudinal","","","","","urn:osse-11:dataelement:224:1","10. Acute viral hepatitis superimposed to cirrhosis (suspected/confirmed)","10. Acute viral hepatitis superimposed to cirrhosis (suspected/confirmed)","false","false","enumerated","enumerated","","Yes","No"
"Clinical features","229:3","Longitudinal","","","","","urn:osse-11:dataelement:225:1","11. Suspected drug-induced liver injury","11. Suspected drug-induced liver injury","false","false","enumerated","enumerated","","Yes","No"
"Clinical features","229:3","Longitudinal","urn:osse-11:record:53:1","12. Hepatocellular carcinoma","false","false","urn:osse-11:dataelement:226:2","Hepatocellular carcinoma","Hepatocellular carcinoma","","","enumerated","enumerated","","Yes","No (if imaging is negative)","Unknown"
"Clinical features","229:3","Longitudinal","urn:osse-11:record:53:1","12. Hepatocellular carcinoma","false","false","urn:osse-11:dataelement:134:1","Number of nodules of HCC","Number of nodules of HCC","","","INTEGER","0<=x<=10",""
"Clinical features","229:3","Longitudinal","urn:osse-11:record:53:1","12. Hepatocellular carcinoma","false","false","urn:osse-11:dataelement:135:1","Maximum size of nodules","Maximum size of nodules","","","INTEGER","0<=x<=100","mm"
"Clinical features","229:3","Longitudinal","urn:osse-11:record:53:1","12. Hepatocellular carcinoma","false","false","urn:osse-11:dataelement:136:1","Vascular invasion","Vascular invasion","","","enumerated","enumerated","","Had vascular invasion","No  vascular invasion","Not applicable"
"Clinical features","229:3","Longitudinal","","","","","urn:osse-11:dataelement:227:1","13. Other relevant clinical events","13. Other relevant clinical events","false","false","STRING","",""
"Clinical features","229:3","Longitudinal","urn:osse-11:record:54:1","Glasgow Coma Scale","false","false","urn:osse-11:dataelement:228:1","Eye opening","Eye opening","","","enumerated","enumerated","","None","To pain","To speech","Spontaneous"
"Clinical features","229:3","Longitudinal","urn:osse-11:record:54:1","Glasgow Coma Scale","false","false","urn:osse-11:dataelement:229:1","Best verbal response","Best verbal response","","","enumerated","enumerated","","None","Incomprehensible","Inappropriate","Confused","Orientated"
"Clinical features","229:3","Longitudinal","urn:osse-11:record:54:1","Glasgow Coma Scale","false","false","urn:osse-11:dataelement:230:1","Best Motor response","Best Motor response","","","enumerated","enumerated","","None","Extends to pain","Flexes to pain","Withdraws to pain","Localises to pain","Obeys command"
"Clinical features","229:3","Longitudinal","urn:osse-11:record:54:1","Glasgow Coma Scale","false","false","urn:osse-11:dataelement:231:1","Total score","Total score","","","INTEGER","3<=x<=15",""
"Physical examination","230:9","Longitudinal","","","","","urn:osse-11:dataelement:232:1","Physical examination date","Physical examination date","true","false","DATE","DD.MM.YYYY",""
"Physical examination","230:9","Longitudinal","","","","","urn:osse-11:dataelement:233:1","Race","Race","true","false","enumerated","enumerated","","Caucasian","Black","Asian","Other"
"Physical examination","230:9","Longitudinal","","","","","urn:osse-11:dataelement:349:1","Weight (Kg)","Weight (Kg)","false","false","FLOAT","0<=x<=400","kg"
"Physical examination","230:9","Longitudinal","","","","","urn:osse-11:dataelement:350:1","Height (cm)","Height (cm)","false","false","INTEGER","0<=x<=300","cm"
"Physical examination","230:9","Longitudinal","","","","","urn:osse-11:dataelement:236:1","BMI","Formula: BMI= Weight (Kg)/Height2(m)","false","false","FLOAT","0<=x<=100",""
"Physical examination","230:9","Longitudinal","","","","","urn:osse-11:dataelement:237:1","Flapping tremor","Flapping tremor","false","false","enumerated","enumerated","","Absent","Present","Not applicable"
"Physical examination","230:9","Longitudinal","","","","","urn:osse-11:dataelement:67:1","Systolic Blood Pressure","Systolic Blood Pressure","false","false","INTEGER","0<=x<=300","mmHg"
"Physical examination","230:9","Longitudinal","","","","","urn:osse-11:dataelement:68:1","Diastolic Blood Pressure","Diastolic Blood Pressure","false","false","INTEGER","0<=x<=300","mmHg"
"Physical examination","230:9","Longitudinal","","","","","urn:osse-11:dataelement:69:1","Mean Arterial Pressure ","Formula: MAP= (2*DBP+SBP)/3","false","false","FLOAT","0<=x<=300","mmHg"
"Physical examination","230:9","Longitudinal","","","","","urn:osse-11:dataelement:238:1","Heart rate","Heart rate","false","false","INTEGER","0<=x<=200","bpm"
"Physical examination","230:9","Longitudinal","","","","","urn:osse-11:dataelement:239:1","Temperature","Temperature","false","false","FLOAT","0<=x<=50","ºC"
"Physical examination","230:9","Longitudinal","","","","","urn:osse-11:dataelement:240:1","Respiratory rate","Respiratory rate","false","false","INTEGER","0<=x<=100","bpm"
"Physical examination","230:9","Longitudinal","","","","","urn:osse-11:dataelement:73:1","SpO2","SpO2","false","false","INTEGER","0<=x<=100","%"
"Physical examination","230:9","Longitudinal","","","","","urn:osse-11:dataelement:74:1","Supplemental oxygen (including mechanical ventilation)","Supplemental oxygen (including mechanical ventilation)","false","false","enumerated","enumerated","","Had supplemental oxygen ","No supplemental oxygen"
"Physical examination","230:9","Longitudinal","","","","","urn:osse-11:dataelement:75:1","FiO2","FiO2 (If Supplemental oxygen is ""No""): 21% (0.21 for internal calculation)","false","false","INTEGER","0<=x<=1000",""
"Physical examination","230:9","Longitudinal","","","","","urn:osse-11:dataelement:76:1","If Supplemental oxygen is yes","Way of supplemental oxygen ","false","false","enumerated","enumerated","","Delivery device","Mechanical ventilation"
"Physical examination","230:9","Longitudinal","","","","","urn:osse-11:dataelement:77:1","If Delivery Device-Type of Delivery device","Type of Delivery device","false","false","enumerated","enumerated","","Nasal catheter","Simple oxygen mask","Monaghan mask (reservoir)","Venturi mask","High-flow nasal cannula"
"Physical examination","230:9","Longitudinal","","","","","urn:osse-11:dataelement:78:1","If “Nasal catheter”- Flow (liters of O2/min):","If “Nasal catheter”- Flow (liters of O2/min):","false","false","enumerated","enumerated","","1 (24%)","2 (28%)","3 (32%)","4 (36%)","5 (40%)","6 (44%)"
"Physical examination","230:9","Longitudinal","","","","","urn:osse-11:dataelement:80:1"," If “Simple oxygen mask”- Flow (liters of O2/min)"," If “Simple oxygen mask”- Flow (liters of O2/min)","false","false","enumerated","enumerated","","<5 (40%)","5-7 (50%)",">7 (60%)"
"Physical examination","230:9","Longitudinal","","","","","urn:osse-11:dataelement:81:1","If “Monaghan mask (reservoir)”- Flow (liters of O2/min)","If “Monaghan mask (reservoir)”- Flow (liters of O2/min)","false","false","enumerated","enumerated","","10 (60%)","15 (80%)",">15 (100%)"
"Physical examination","230:9","Longitudinal","","","","","urn:osse-11:dataelement:82:1","If “Venturi mask”- Flow (liters of O2/min)","If “Venturi mask”- Flow (liters of O2/min)","false","false","enumerated","enumerated","","3 (25%)","4 (26%)","5 (28%)","7 (30%)","10 (35%)","12 (40%)","15 (60%)"
"Physical examination","230:9","Longitudinal","","","","","urn:osse-11:dataelement:83:1","If “High-flow nasal cannula”- Flow (liters of O2/min)","If “High-flow nasal cannula”- Flow (liters of O2/min)","false","false","INTEGER","0<=x<=100","liters"
"Physical examination","230:9","Longitudinal","","","","","urn:osse-11:dataelement:79:1","FiO2","FiO2","false","false","INTEGER","0<=x<=200","%"
"Physical examination","230:9","Longitudinal","","","","","urn:osse-11:dataelement:84:1","If Mechanical ventilation-Reason for mechanical ventilation","Reason for mechanical ventilation","false","false","enumerated","enumerated","","Hepatic encephalopathy (cerebral failure)","Respiratory failure","Other"
"Physical examination","230:9","Longitudinal","","","","","urn:osse-11:dataelement:85:1","Type of mechanical ventilation","Type of mechanical ventilation","false","false","enumerated","enumerated","","Invasive","Non-invasive (BiPAP / CPAP)"
"Laboratory data 1","231:12","Longitudinal","","","","","urn:osse-11:dataelement:241:1","Has blood analysis been performed?","Has blood analysis been performed?","true","false","enumerated","enumerated","","Yes","No"
"Laboratory data 1","231:12","Longitudinal","","","","","urn:osse-11:dataelement:242:1","Date of Collection","Date of Collection","false","false","DATE","DD.MM.YYYY",""
"Laboratory data 1","231:12","Longitudinal","","","","","urn:osse-11:dataelement:348:1","Hemoglobin","Hemoglobin","false","false","FLOAT","0<=x<=300","g/dl"
"Laboratory data 1","231:12","Longitudinal","","","","","urn:osse-11:dataelement:244:1","Hematocrit","Hematocrit","false","false","FLOAT","0<=x<=100","%"
"Laboratory data 1","231:12","Longitudinal","","","","","urn:osse-11:dataelement:245:1","Leucocyte (Absolute)","Leucocyte (Absolute)","false","false","FLOAT","0<=x","/nl"
"Laboratory data 1","231:12","Longitudinal","","","","","urn:osse-11:dataelement:246:1","Leucocytes (%)","Leucocytes (%)","false","false","FLOAT","0<=x<=100","%"
"Laboratory data 1","231:12","Longitudinal","","","","","urn:osse-11:dataelement:247:1","Lymphocytes","Lymphocytes","false","false","FLOAT","0<=x<=100","/nl"
"Laboratory data 1","231:12","Longitudinal","","","","","urn:osse-11:dataelement:248:1","Lymphocytes (%)","Lymphocytes (%)","false","false","FLOAT","0<=x<=100","%"
"Laboratory data 1","231:12","Longitudinal","","","","","urn:osse-11:dataelement:249:1","Monocytes (Absolute)","Monocytes (Absolute)","false","false","FLOAT","0<=x","/nl"
"Laboratory data 1","231:12","Longitudinal","","","","","urn:osse-11:dataelement:250:1","Monocytes (%)","Monocytes (%)","false","false","FLOAT","0<=x<=100","%"
"Laboratory data 1","231:12","Longitudinal","","","","","urn:osse-11:dataelement:251:1","Neutrophils (Absolute)","Neutrophils (Absolute)","false","false","FLOAT","0<=x","/nl"
"Laboratory data 1","231:12","Longitudinal","","","","","urn:osse-11:dataelement:252:1","Immature neutrophils (%)","Immature neutrophils (%)","false","false","FLOAT","0<=x<=100","%"
"Laboratory data 1","231:12","Longitudinal","","","","","urn:osse-11:dataelement:253:1","Platelet count","Platelet count","false","false","INTEGER","0<=x","/nl"
"Laboratory data 1","231:12","Longitudinal","","","","","urn:osse-11:dataelement:254:1","Prothrombin time","Prothrombin time","false","false","INTEGER","0<=x<=100","s"
"Laboratory data 1","231:12","Longitudinal","","","","","urn:osse-11:dataelement:255:1","Control prothrombin time","Control prothrombin time","false","false","INTEGER","0<=x<=100","s"
"Laboratory data 1","231:12","Longitudinal","","","","","urn:osse-11:dataelement:256:1","INR","INR","false","false","FLOAT","0<=x<=100",""
"Laboratory data 1","231:12","Longitudinal","","","","","urn:osse-11:dataelement:357:1","Quick (%)","Quick (%)","false","false","INTEGER","0<=x<=200","%"
"Laboratory data 1","231:12","Longitudinal","","","","","urn:osse-11:dataelement:258:1","ISI","ISI","false","false","FLOAT","0<=x",""
"Laboratory data 1","231:12","Longitudinal","","","","","urn:osse-11:dataelement:347:1","Albumin","Albumin","false","false","FLOAT","0<=x<=100","g/dl"
"Laboratory data 1","231:12","Longitudinal","","","","","urn:osse-11:dataelement:260:1","AST","AST","false","false","FLOAT","0<=x","U/l"
"Laboratory data 1","231:12","Longitudinal","","","","","urn:osse-11:dataelement:375:1","ALT","ALT","false","false","FLOAT","0<=x<=10000","U/l"
"Laboratory data 1","231:12","Longitudinal","","","","","urn:osse-11:dataelement:262:1","Alkaline phosphatase","Alkaline phosphatase","false","false","FLOAT","0<=x","U/l"
"Laboratory data 1","231:12","Longitudinal","","","","","urn:osse-11:dataelement:263:1","GGT","GGT","false","false","FLOAT","0<=x","U/l"
"Laboratory data 1","231:12","Longitudinal","","","","","urn:osse-11:dataelement:264:1","Total Bilirubin","Total Bilirubin","false","false","FLOAT","0<=x","mg/dl"
"Laboratory data 1","231:12","Longitudinal","","","","","urn:osse-11:dataelement:265:1","Creatinine","Creatinine","false","false","FLOAT","0<=x","mg/dl"
"Laboratory data 1","231:12","Longitudinal","","","","","urn:osse-11:dataelement:266:1","Sodium","Sodium","false","false","FLOAT","0<=x<=200","mmol/l"
"Laboratory data 1","231:12","Longitudinal","","","","","urn:osse-11:dataelement:267:1","Potassium","Potassium","false","false","FLOAT","0<=x","mmol/l"
"Laboratory data 1","231:12","Longitudinal","","","","","urn:osse-11:dataelement:268:1","Glucose","Glucose","false","false","FLOAT","0<=x","mg/dl"
"Laboratory data 1","231:12","Longitudinal","","","","","urn:osse-11:dataelement:269:1","Total cholesterol","Total cholesterol","false","false","FLOAT","0<=x","mg/dl"
"Laboratory data 1","231:12","Longitudinal","","","","","urn:osse-11:dataelement:270:1","HDL-Cholesterol","HDL-Cholesterol","false","false","FLOAT","0<=x","mg/dl"
"Laboratory data 1","231:12","Longitudinal","","","","","urn:osse-11:dataelement:271:1","LDL-Cholesterol","LDL-Cholesterol","false","false","FLOAT","0<=x","mg/dl"
"Laboratory data 1","231:12","Longitudinal","","","","","urn:osse-11:dataelement:272:1","Triglycerides","Triglycerides","false","false","FLOAT","0<=x","mg/dl"
"Laboratory data 1","231:12","Longitudinal","","","","","urn:osse-11:dataelement:273:1","C-reactive protein (CRP)","C-reactive protein (CRP)","false","false","FLOAT","0<=x","mg/dl"
"Laboratory data 1","231:12","Longitudinal","","","","","urn:osse-11:dataelement:274:1","Has urine analysis been performed?","Has urine analysis been performed?","false","false","enumerated","enumerated","","Yes","No"
"Laboratory data 1","231:12","Longitudinal","","","","","urn:osse-11:dataelement:275:1","Date of Collection","Date of Collection of urine","false","false","DATE","YYYY-MM-DD",""
"Laboratory data 1","231:12","Longitudinal","","","","","urn:osse-11:dataelement:276:1","Leukocytes reagent strip result","Leukocytes reagent strip result","false","false","enumerated","enumerated","","Negative","Positive","Not available"
"Laboratory data 1","231:12","Longitudinal","","","","","urn:osse-11:dataelement:277:1","Urine Albumin","Urine Albumin","false","false","enumerated","enumerated","","Negative","Positive","Not available"
"Laboratory data 1","231:12","Longitudinal","","","","","urn:osse-11:dataelement:278:1","Leukocytes per field","Leukocytes per field","false","false","INTEGER","0<=x",""
"Laboratory data 2","232:6","Longitudinal","","","","","urn:osse-11:dataelement:279:1","Has arterial blood sample been collected","Has arterial blood sample been collected","true","false","enumerated","enumerated","","Yes","No"
"Laboratory data 2","232:6","Longitudinal","","","","","urn:osse-11:dataelement:280:1","Date of arterial blood sample  collection","Date of arterial blood sample  collection","false","false","DATE","DD.MM.YYYY",""
"Laboratory data 2","232:6","Longitudinal","","","","","urn:osse-11:dataelement:281:1","PHa","PHa","false","false","FLOAT","0<=x<=14",""
"Laboratory data 2","232:6","Longitudinal","","","","","urn:osse-11:dataelement:282:1","PaO2","PaO2","false","false","FLOAT","0<=x","mmHg"
"Laboratory data 2","232:6","Longitudinal","","","","","urn:osse-11:dataelement:283:1","PaCO2","PaCO2","false","false","FLOAT","0<=x","mmHg"
"Laboratory data 2","232:6","Longitudinal","","","","","urn:osse-11:dataelement:289:1","HCO3a","HCO3a","false","false","FLOAT","0<=x","mmol/l"
"Laboratory data 2","232:6","Longitudinal","","","","","urn:osse-11:dataelement:356:1","BEa","BEa","false","false","FLOAT","x",""
"Laboratory data 2","232:6","Longitudinal","","","","","urn:osse-11:dataelement:286:1","PHv","PHv","false","false","FLOAT","0<=x<=14",""
"Laboratory data 2","232:6","Longitudinal","","","","","urn:osse-11:dataelement:287:1","PvO2","PvO2","false","false","FLOAT","0<=x","mmHg"
"Laboratory data 2","232:6","Longitudinal","","","","","urn:osse-11:dataelement:288:1","PvCO2","PvCO2","false","false","FLOAT","0<=x","mmHg"
"Laboratory data 2","232:6","Longitudinal","","","","","urn:osse-11:dataelement:358:1","HCO3v","HCO3v","false","false","FLOAT","0<=x","mmol/l"
"Laboratory data 2","232:6","Longitudinal","","","","","urn:osse-11:dataelement:359:1","BEv","BEv","false","false","FLOAT","x",""
"Treatment","233:10","Longitudinal","urn:osse-11:record:31:1","1. Alcoholic cirrhosis","false","false","urn:osse-11:dataelement:138:1","Alcoholic cirrhosis","Alcoholic cirrhosis","","","enumerated","enumerated","","Alcoholic cirrhosis","No alcoholic cirrhosis","Not applicable"
"Treatment","233:10","Longitudinal","urn:osse-11:record:31:1","1. Alcoholic cirrhosis","false","false","urn:osse-11:dataelement:139:1","Type of therapy","Type of therapy for alcoholic cirrhosis","","","enumerated","enumerated","","Medical advice","Detoxification/dishabituation treatment","Not applicable"
"Treatment","233:10","Longitudinal","urn:osse-11:record:31:1","1. Alcoholic cirrhosis","false","false","urn:osse-11:dataelement:140:1","Treatment response","Treatment response for alcoholic cirrhosis","","","enumerated","enumerated","","No response (active drinker)","Moderate response (moderate drinker)","Total response (patient teetotaler)","Not applicable"
"Treatment","233:10","Longitudinal","urn:osse-11:record:32:1","2. Hepatitis C virus antiviral therapy","false","false","urn:osse-11:dataelement:141:1","Hepatitis C virus antiviral therapy","Hepatitis C virus antiviral therapy","","","enumerated","enumerated","","Had hepatitis C virus antiviral therapy","No hepatitis C virus antiviral therapy","Not applicable"
"Treatment","233:10","Longitudinal","urn:osse-11:record:32:1","2. Hepatitis C virus antiviral therapy","false","false","urn:osse-11:dataelement:142:1","Virus therapy","Virus therapy for HCV","","","enumerated","enumerated","","Boceprevir","Daclatasvir","Elbasvir/Grazoprevir","Ledipasvir/Sofosbuvir","OBV/PTV/r","OBV/PTV/r+DSV","Peg-IFN alfa","Ribavirin","Simeprevir","Sofosbuvir","Telaprevir","Unknown","Not applicable"
"Treatment","233:10","Longitudinal","urn:osse-11:record:32:1","2. Hepatitis C virus antiviral therapy","false","false","urn:osse-11:dataelement:143:1","Antiviral therapy terminated ","Antiviral therapy terminated for HCV","","","enumerated","enumerated","","Antiviral therapy terminated ","Antiviral therapy not terminated ","Not applicable"
"Treatment","233:10","Longitudinal","urn:osse-11:record:32:1","2. Hepatitis C virus antiviral therapy","false","false","urn:osse-11:dataelement:144:1","Sustained virological response","Sustained virological response for HCV","","","enumerated","enumerated","","Sustained virological response","No sustained virological response","Pending to complete treatment follow-up","Not applicable"
"Treatment","233:10","Longitudinal","urn:osse-11:record:32:1","2. Hepatitis C virus antiviral therapy","false","false","urn:osse-11:dataelement:145:1","Early virological response","Early virological response for HCV","","","enumerated","enumerated","","Had early virological response","No early virological response","Not applicable"
"Treatment","233:10","Longitudinal","","","","","urn:osse-11:dataelement:353:1","Other virus therapy","Other virus therapy for HCV","false","false","enumerated","enumerated","","glecaprevir/pibrentasvir","Sofosbuvir/velpatasvir/voxilaprevir","Sofosbuvir/velpatasvir","glecaprevir/pibrentasvir+Sofosbuvir+ ribavirin"
"Treatment","233:10","Longitudinal","urn:osse-11:record:33:1","3. Hepatitis B virus antiviral therapy","false","false","urn:osse-11:dataelement:146:1","Hepatitis B virus antiviral therapy","Hepatitis B virus antiviral therapy","","","enumerated","enumerated","","Had hepatitis B virus antiviral therapy","No hepatitis B virus antiviral therapy","Not applicable"
"Treatment","233:10","Longitudinal","urn:osse-11:record:33:1","3. Hepatitis B virus antiviral therapy","false","false","urn:osse-11:dataelement:147:1","Virus therapy","Virus therapy for HBV","","","enumerated","enumerated","","Adefovir","Entecavir","Lamivudine","Peg-IFN alfa","Tenofovir","Telbivudine","Unknown","Not applicable"
"Treatment","233:10","Longitudinal","urn:osse-11:record:33:1","3. Hepatitis B virus antiviral therapy","false","false","urn:osse-11:dataelement:148:1","Complete response (<10 IU)","Complete response (<10 IU) fór HBV","","","enumerated","enumerated","","Had complete response (<10 IU)","No complete response","Not applicable"
"Treatment","233:10","Longitudinal","urn:osse-11:record:33:1","3. Hepatitis B virus antiviral therapy","false","false","urn:osse-11:dataelement:149:1","Reactivation of hepatitis B virus","Reactivation of hepatitis B virus","","","enumerated","enumerated","","Had reactivation of hepatitis B virus","No reactivation of hepatitis B virus","Not applicable"
"Treatment","233:10","Longitudinal","urn:osse-11:record:34:1","4.NAFLD/NASH","false","false","urn:osse-11:dataelement:150:1","NAFLD/NASH","NAFLD/NASH therapy","","","enumerated","enumerated","","Had NAFLD/NASH therapy","No NAFLD/NASH therapy","Not applicable"
"Treatment","233:10","Longitudinal","urn:osse-11:record:34:1","4.NAFLD/NASH","false","false","urn:osse-11:dataelement:151:1","Associated features ","Associated features for NASH/NAFLD","","","enumerated","enumerated","","Obesity","Diabetes","Arterial hypertension","Others","Unknown","Not applicable"
"Treatment","233:10","Longitudinal","urn:osse-11:record:34:1","4.NAFLD/NASH","false","false","urn:osse-11:dataelement:152:1","If obesity is selected-Type of therapy for obesity","If obesity is selected-Type of therapy for obesity","","","enumerated","enumerated","","Diet","Surgery","Endoscopy","Others","Unknown","Not applicable"
"Treatment","233:10","Longitudinal","urn:osse-11:record:34:1","4.NAFLD/NASH","false","false","urn:osse-11:dataelement:153:1","Specific therapy of associated complications","Specific therapy of associated complications for NASH/NAFLD","","","enumerated","enumerated","","Had specific therapy of associated complications","No specific therapy of associated complications","Not applicable"
"Treatment","233:10","Longitudinal","urn:osse-11:record:35:1","5. Autoimmune hepatitis treatment","false","false","urn:osse-11:dataelement:154:1","Autoimmune hepatitis therapy","Autoimmune hepatitis therapy","","","enumerated","enumerated","","Had autoimmune hepatitis therapy","No autoimmune hepatitis therapy","Not applicable"
"Treatment","233:10","Longitudinal","urn:osse-11:record:35:1","5. Autoimmune hepatitis treatment","false","false","urn:osse-11:dataelement:155:1","Immunosupresive therapies","Immunosupresive therapies for AIH","","","enumerated","enumerated","","Azathioprin","CD20-AB","Cyclophosphamide","Cyclosporin","Methotrexate","MMF","Prednisone","Sirolimus","Tacrolimus","TNFa-AB","Others","Unknown","Not applicable"
"Treatment","233:10","Longitudinal","urn:osse-11:record:35:1","5. Autoimmune hepatitis treatment","false","false","urn:osse-11:dataelement:156:1","Positive response","Positive response for AIH","","","enumerated","enumerated","","Had positive response","No positive response","Not applicable"
"Treatment","233:10","Longitudinal","urn:osse-11:record:35:1","5. Autoimmune hepatitis treatment","false","false","urn:osse-11:dataelement:157:1","Type of response","Type of response for AIH","","","enumerated","enumerated","","Complete","Partial","Not applicable"
"Treatment","233:10","Longitudinal","","","","","urn:osse-11:dataelement:158:1","6. Other type of cirrhosis","6. Other type of cirrhosis treatment","false","false","enumerated","enumerated","","Had other type of cirrhosis treatment","No other type of cirrhosis treatment","Not applicable"
"Treatment","233:10","Longitudinal","","","","","urn:osse-11:dataelement:159:1","7. Continuous treatment","7. Continuous treatment","false","false","enumerated","enumerated","","Had continuous treatment","No continuous treatment","Not applicable"
"Treatment","233:10","Longitudinal","urn:osse-11:record:36:1","1. Diuretics","false","false","urn:osse-11:dataelement:160:1","Diuretics","Diuretics treatment","","","enumerated","enumerated","","Had diuretics treatment","No diuretics treatment","Not applicable"
"Treatment","233:10","Longitudinal","urn:osse-11:record:36:1","1. Diuretics","false","false","urn:osse-11:dataelement:161:1","Type of diuretic","Type of diuretic","","","enumerated","enumerated","","Furosemide","Torasemide","Spironolactone","Other","Unknown","Not applicable"
"Treatment","233:10","Longitudinal","","","","","urn:osse-11:dataelement:360:1","Dose of the treatment (diuretics)","Dose of the diuretics and unit <e.g. x-x-x-x mg>","false","false","STRING","",""
"Treatment","233:10","Longitudinal","","","","","urn:osse-11:dataelement:162:1","2. Therapeutic paracentesis","2. Therapeutic paracentesis","false","false","enumerated","enumerated","","Had therapeutic paracentesis","No therapeutic paracentesis","Not applicable"
"Treatment","233:10","Longitudinal","urn:osse-11:record:55:1","3. Beta-blockers","false","false","urn:osse-11:dataelement:163:1","Beta-blockers","Beta-blockers","","","enumerated","enumerated","","Had beta-blockers","No beta-blockers","Not applicable"
"Treatment","233:10","Longitudinal","urn:osse-11:record:55:1","3. Beta-blockers","false","false","urn:osse-11:dataelement:164:1","Indication ","Indication for beta-blockers","","","enumerated","enumerated","","Primary prophylaxis","Secondary prophylaxis","Cardiac disease","Other","Unknown","Not applicable"
"Treatment","233:10","Longitudinal","urn:osse-11:record:55:1","3. Beta-blockers","false","false","urn:osse-11:dataelement:291:1","Type of Beta-blockers","Type of Beta-blockers","","","enumerated","enumerated","","Metoprolol","Bisoprolol","Esmolol","Nebivolol","Propanolol","Carvedilol","Nadolol","Timolol","Atenolol","Sotalol","Pindolol","Not applicable"
"Treatment","233:10","Longitudinal","","","","","urn:osse-11:dataelement:361:1","Dose of the treatment (beta blocker)","Dose of the beta blocker and unit <e.g. x-x-x-x mg>","false","false","STRING","",""
"Treatment","233:10","Longitudinal","urn:osse-11:record:38:1","4. Intravenous albumin","false","false","urn:osse-11:dataelement:165:1","Intravenous albumin","Intravenous albumin","","","enumerated","enumerated","","Had intravenous albumin","No intravenous albumin","Not applicable"
"Treatment","233:10","Longitudinal","urn:osse-11:record:38:1","4. Intravenous albumin","false","false","urn:osse-11:dataelement:166:1","Indication","Indication for intravenous albumin","","","enumerated","enumerated","","Paracentesis","HRS prophylaxis","HRS treatment","SBP","Other bacterial infection","Others","Unknown","Not applicable"
"Treatment","233:10","Longitudinal","","","","","urn:osse-11:dataelement:362:1","Dose of the treatment (albumin)","Dose of the albumin and unit <e.g. x-x-x-x mg>","false","false","STRING","",""
"Treatment","233:10","Longitudinal","urn:osse-11:record:39:1","5. Vasopressors","false","false","urn:osse-11:dataelement:167:1","Vasopressors","Vasopressors","","","enumerated","enumerated","","Had vasopressors","No vasopressors","Not applicable"
"Treatment","233:10","Longitudinal","urn:osse-11:record:39:1","5. Vasopressors","false","false","urn:osse-11:dataelement:168:1","Indication","Indication for vasopressors","","","enumerated","enumerated","","Circulatory failure","Gastrointestinal bleeding","HRS prophylaxis","HRS treatment","Others","Unknown","Not applicable"
"Treatment","233:10","Longitudinal","","","","","urn:osse-11:dataelement:293:1","#1: Complete Vasopressor table (General forms)","#1: Complete Vasopressor table (General forms)","false","true","STRING","",""
"Treatment","233:10","Longitudinal","","","","","urn:osse-11:dataelement:169:1","6. Renal replacement treatment","6. Renal replacement treatment","false","false","enumerated","enumerated","","Had renal replacement treatment","No renal replacement treatment","Not applicable"
"Treatment","233:10","Longitudinal","","","","","urn:osse-11:dataelement:294:1","#1: Complete Renal Replacement Therapy table (General forms)","#1: Complete Renal Replacement Therapy table (General forms)","false","true","STRING","",""
"Treatment","233:10","Longitudinal","","","","","urn:osse-11:dataelement:170:1","7. Artificial liver support","7. Artificial liver support","false","false","enumerated","enumerated","","Had artificial liver support","No artificial liver support","Not applicable"
"Treatment","233:10","Longitudinal","","","","","urn:osse-11:dataelement:171:1","8. Omeprazol or other PPI","8. Omeprazol or other PPI","false","false","enumerated","enumerated","","Had Omeprazol or other PPI","No Omeprazol or other PPI","Not applicable"
"Treatment","233:10","Longitudinal","","","","","urn:osse-11:dataelement:363:1","Dose of the treatment (PPI)","Dose of the PPI and unit <e.g. x-x-x-x mg>","false","false","STRING","",""
"Treatment","233:10","Longitudinal","","","","","urn:osse-11:dataelement:172:1","9. Endoscopic therapy of bleeding","9. Endoscopic therapy of bleeding","false","false","enumerated","enumerated","","Had endoscopic therapy of bleeding","No endoscopic therapy of bleeding","Not applicable"
"Treatment","233:10","Longitudinal","","","","","urn:osse-11:dataelement:173:1","10. Lactulose","10. Lactulose","false","false","enumerated","enumerated","","Had lactulose","No lactulose","Not applicable"
"Treatment","233:10","Longitudinal","","","","","urn:osse-11:dataelement:174:1","11. Rifaximin for HE","11. Rifaximin for HE","false","false","enumerated","enumerated","","Had Rifaximin for HE","No Rifaximin for HE","Not applicable"
"Treatment","233:10","Longitudinal","","","","","urn:osse-11:dataelement:364:1","Dose of the treatment (Rifaximin)","Dose of the Rifaximin and unit <e.g. x-x-x-x mg>","false","false","STRING","",""
"Treatment","233:10","Longitudinal","urn:osse-11:record:40:1","12. TIPS","false","false","urn:osse-11:dataelement:175:1","TIPS","TIPS","","","enumerated","enumerated","","Had TIPS","No TIPS","Not applicable"
"Treatment","233:10","Longitudinal","urn:osse-11:record:40:1","12. TIPS","false","false","urn:osse-11:dataelement:176:1","Indication","Indication for TIPS","","","enumerated","enumerated","","Refractory ascites","Variceal bleeding","Other","Unknown","Not applicable"
"Treatment","233:10","Longitudinal","urn:osse-11:record:40:1","12. TIPS","false","false","urn:osse-11:dataelement:177:1","Other specification for TIPS indication","Other specification for TIPS indication","","","STRING","",""
"Treatment","233:10","Longitudinal","urn:osse-11:record:41:1","13. Antibiotic prophylaxis","false","false","urn:osse-11:dataelement:178:1","Antibiotic prophylaxis","Antibiotic prophylaxis","","","enumerated","enumerated","","Had antibiotic prophylaxis","No antibiotic prophylaxis","Not applicable"
"Treatment","233:10","Longitudinal","urn:osse-11:record:41:1","13. Antibiotic prophylaxis","false","false","urn:osse-11:dataelement:179:1","Indication","Indication for antibiotic prophylaxis","","","enumerated","enumerated","","SBP","Variceal bleeding","Endocarditis","Intervention","Other","Unknown","Not applicable"
"Treatment","233:10","Longitudinal","","","","","urn:osse-11:dataelement:180:1","14. Antibiotic for infection (nonprophylactic)","14. Antibiotic for infection (nonprophylactic)","false","false","enumerated","enumerated","","Had antibiotic for infection (nonprophylactic)","No antibiotic for infection ","Not applicable"
"Treatment","233:10","Longitudinal","","","","","urn:osse-11:dataelement:295:1","#1: Complete Antibiotic table (General forms)","#1: Complete Antibiotic table (General forms)","false","true","STRING","",""
"Treatment","233:10","Longitudinal","urn:osse-11:record:42:1","15. Corticosteroids","false","false","urn:osse-11:dataelement:181:1","Corticosteroids","Corticosteroids","","","enumerated","enumerated","","Had corticosteroids","No corticosteroids","Not applicable"
"Treatment","233:10","Longitudinal","urn:osse-11:record:42:1","15. Corticosteroids","false","false","urn:osse-11:dataelement:182:1","Indication (other than autoimmune cirrhosis)","Indication for Corticosteroids (other than autoimmune cirrhosis)","","","STRING","",""
"Treatment","233:10","Longitudinal","urn:osse-11:record:43:1","16. Treatments for HCC","false","false","urn:osse-11:dataelement:183:1","Treatments for HCC","Treatments for HCC","","","enumerated","enumerated","","Had treatments for HCC","No treatments for HCC","Not applicable"
"Treatment","233:10","Longitudinal","urn:osse-11:record:43:1","16. Treatments for HCC","false","false","urn:osse-11:dataelement:184:1","Type of treatments","Type of treatments for HCC","","","enumerated","enumerated","","TACE","Ablation therapy","Unknown","Not applicable"
"Treatment","233:10","Longitudinal","","","","","urn:osse-11:dataelement:185:1","17. Insulin","17. Insulin","false","false","enumerated","enumerated","","Had Insulin","No Insulin","Not applicable"
"Treatment","233:10","Longitudinal","urn:osse-11:record:44:1","18. Oral antidiabetics","false","false","urn:osse-11:dataelement:186:1","Oral antidiabetics","Oral antidiabetics","","","enumerated","enumerated","","Had oral antidiabetics","No oral antidiabetics","Not applicable"
"Treatment","233:10","Longitudinal","urn:osse-11:record:44:1","18. Oral antidiabetics","false","false","urn:osse-11:dataelement:187:1","Metformin","Metformin for oral antidiabetics","","","enumerated","enumerated","","Had Metformin","No Metformin","Not applicable"
"Treatment","233:10","Longitudinal","","","","","urn:osse-11:dataelement:188:1","19. Statins","19. Statins","false","false","enumerated","enumerated","","Had Statins","No Statins","Not applicable"
"Treatment","233:10","Longitudinal","urn:osse-11:record:45:1","20. Non-bariatric surgery","false","false","urn:osse-11:dataelement:189:1","Non-bariatric surgery","Non-bariatric surgery","","","enumerated","enumerated","","Had non-bariatric surgery","No non-bariatric surgery","Not applicable"
"Treatment","233:10","Longitudinal","urn:osse-11:record:45:1","20. Non-bariatric surgery","false","false","urn:osse-11:dataelement:190:1","Type of surgery","Type of surgery","","","enumerated","enumerated","","Liver surgery","Portal-systemic shunt","Biliary pancreatic surgery","Other","Unknown","Not applicable"
"Treatment","233:10","Longitudinal","","","","","urn:osse-11:dataelement:191:1","ICU admission","ICU admission","true","false","enumerated","enumerated","","Had ICU admission","No ICU admission","Not applicable"
"Treatment","233:10","Longitudinal","","","","","urn:osse-11:dataelement:296:1","ICU admission date:","ICU admission date:","false","false","DATE","DD.MM.YYYY",""
"Treatment","233:10","Longitudinal","","","","","urn:osse-11:dataelement:193:1","Any drug with potential hepatotoxic effect","Any drug with potential hepatotoxic effect","false","false","enumerated","enumerated","","Had drug with potential hepatotoxic effect","No drug with potential hepatotoxic effect ","Not applicable"
"Treatment","233:10","Longitudinal","","","","","urn:osse-11:dataelement:195:1","Drug with potential hepatotoxic effect","Drug with potential hepatotoxic effect","false","true","STRING","",""
"Treatment","233:10","Longitudinal","","","","","urn:osse-11:dataelement:194:1","Any drug with potential adverse effect","Any drug with potential adverse effect","false","false","enumerated","enumerated","","Had drug with potential adverse effect","No drug with potential adverse effect","Not applicable"
"Treatment","233:10","Longitudinal","","","","","urn:osse-11:dataelement:196:1","Drug with potential adverse effect","Drug with potential adverse effect","false","true","STRING","",""
"Electrocardiogram and Echocardiography","234:4","Longitudinal","","","","","urn:osse-11:dataelement:297:1","ECG","ECG:","true","false","enumerated","enumerated","","Yes","No"
"Electrocardiogram and Echocardiography","234:4","Longitudinal","","","","","urn:osse-11:dataelement:298:1","ECG date:","ECG date:","false","false","DATE","DD.MM.YYYY",""
"Electrocardiogram and Echocardiography","234:4","Longitudinal","","","","","urn:osse-11:dataelement:299:1","ECG sent by email","ECG sent by email","false","false","enumerated","enumerated","","Yes","No"
"Electrocardiogram and Echocardiography","234:4","Longitudinal","","","","","urn:osse-11:dataelement:300:1","Echocardiography:","Echocardiography:","true","false","enumerated","enumerated","","Yes","No","Not applicable"
"Electrocardiogram and Echocardiography","234:4","Longitudinal","","","","","urn:osse-11:dataelement:301:1","Echocardiography date","Echocardiography date","false","false","DATE","DD.MM.YYYY",""
"Electrocardiogram and Echocardiography","234:4","Longitudinal","","","","","urn:osse-11:dataelement:302:1","HF (1/min):","HF (1/min):","false","false","STRING","",""
"Electrocardiogram and Echocardiography","234:4","Longitudinal","","","","","urn:osse-11:dataelement:303:1","Mitral insufficiency present","Mitral insufficiency present","false","false","enumerated","enumerated","","Yes","No"
"Electrocardiogram and Echocardiography","234:4","Longitudinal","","","","","urn:osse-11:dataelement:369:2","Severity (Mitral Insufficiency)","Severity (Mitral Insufficiency)","false","false","enumerated","enumerated","","Severe","Moderate","Mild"
"Electrocardiogram and Echocardiography","234:4","Longitudinal","","","","","urn:osse-11:dataelement:305:1","Aortic insufficiency present:","Aortic insufficiency present:","false","false","enumerated","enumerated","","Yes","No"
"Electrocardiogram and Echocardiography","234:4","Longitudinal","","","","","urn:osse-11:dataelement:370:1","Severity (Aortic Insufficiency)","Severity (Aortic Insufficiency)","false","false","enumerated","enumerated","","Severe","Moderate","Mild"
"Electrocardiogram and Echocardiography","234:4","Longitudinal","","","","","urn:osse-11:dataelement:306:1","Aortic stenosis present:","Aortic stenosis present:","false","false","enumerated","enumerated","","Yes","No"
"Electrocardiogram and Echocardiography","234:4","Longitudinal","","","","","urn:osse-11:dataelement:371:1","Severity (Aortic stenosis)","Severity (Aortic stenosis)","false","false","enumerated","enumerated","","Severe","Moderate","Mild"
"Electrocardiogram and Echocardiography","234:4","Longitudinal","","","","","urn:osse-11:dataelement:307:1","Tricuspid insufficiency present:","Tricuspid insufficiency present:","false","false","enumerated","enumerated","","Yes","No"
"Electrocardiogram and Echocardiography","234:4","Longitudinal","","","","","urn:osse-11:dataelement:372:1","Severity (Tricuspid insufficiency)","Severity (Tricuspid insufficiency)","false","false","enumerated","enumerated","","Severe","Moderate","Mild"
"Electrocardiogram and Echocardiography","234:4","Longitudinal","","","","","urn:osse-11:dataelement:308:1","EDV (mL):","EDV (mL):","false","false","FLOAT","0<=x",""
"Electrocardiogram and Echocardiography","234:4","Longitudinal","","","","","urn:osse-11:dataelement:309:1","ESV (mL):","ESV (mL):","false","false","FLOAT","0<=x",""
"Electrocardiogram and Echocardiography","234:4","Longitudinal","","","","","urn:osse-11:dataelement:310:1","E:","E:","false","false","FLOAT","0<=x",""
"Electrocardiogram and Echocardiography","234:4","Longitudinal","","","","","urn:osse-11:dataelement:311:1","E’:","E’:","false","false","FLOAT","0<=x",""
"Electrocardiogram and Echocardiography","234:4","Longitudinal","","","","","urn:osse-11:dataelement:312:1","EF (%):","EF (%):","false","false","FLOAT","0<=x<=100","%"
"Electrocardiogram and Echocardiography","234:4","Longitudinal","","","","","urn:osse-11:dataelement:313:1","A:","A:","false","false","FLOAT","0<=x",""
"Electrocardiogram and Echocardiography","234:4","Longitudinal","","","","","urn:osse-11:dataelement:314:1","A’:","A’:","false","false","FLOAT","0<=x",""
"Electrocardiogram and Echocardiography","234:4","Longitudinal","","","","","urn:osse-11:dataelement:315:1","E/A:","E/A:","false","false","FLOAT","0<=x",""
"Electrocardiogram and Echocardiography","234:4","Longitudinal","","","","","urn:osse-11:dataelement:316:1","E/E’:","E/E’:","false","false","FLOAT","0<=x",""
"Electrocardiogram and Echocardiography","234:4","Longitudinal","","","","","urn:osse-11:dataelement:317:1","Diastolic dysfunction present:","Diastolic dysfunction present:","false","false","enumerated","enumerated","","Yes","No"
"Electrocardiogram and Echocardiography","234:4","Longitudinal","","","","","urn:osse-11:dataelement:373:1","Severity (Diastolic dysfunction)","Severity (Diastolic dysfunction)","false","false","enumerated","enumerated","","Severe","Moderate","Mild"
"Electrocardiogram and Echocardiography","234:4","Longitudinal","","","","","urn:osse-11:dataelement:318:1","Overall assessment:","Overall assessment:","false","false","enumerated","enumerated","","Abnormal","Normal"
"Electrocardiogram and Echocardiography","234:4","Longitudinal","","","","","urn:osse-11:dataelement:319:1","If abnormal,  ▪ Abnormality specifications:","If abnormal,  ▪ Abnormality specifications:","false","false","STRING","",""
"Scores","235:7","Longitudinal","urn:osse-11:record:56:1","● MELD score","false","false","urn:osse-11:dataelement:256:1","INR","INR","","","FLOAT","0<=x<=100",""
"Scores","235:7","Longitudinal","urn:osse-11:record:56:1","● MELD score","false","false","urn:osse-11:dataelement:264:1","Total Bilirubin","Total Bilirubin","","","FLOAT","0<=x","mg/dl"
"Scores","235:7","Longitudinal","urn:osse-11:record:56:1","● MELD score","false","false","urn:osse-11:dataelement:265:1","Creatinine","Creatinine","","","FLOAT","0<=x","mg/dl"
"Scores","235:7","Longitudinal","urn:osse-11:record:56:1","● MELD score","false","false","urn:osse-11:dataelement:266:1","Sodium","Sodium","","","FLOAT","0<=x<=200","mmol/l"
"Scores","235:7","Longitudinal","","","","","urn:osse-11:dataelement:320:1","MELD score","MELD = 9.57 ln(Creatinine) + 3.78 ln(Bilirubin) + 11.2 ln(INR) + 6.43","false","false","FLOAT","0<=x<=100",""
"Scores","235:7","Longitudinal","","","","","urn:osse-11:dataelement:321:1","MELDNa score","MELDNa = MELD − Na(mmol/L) − [0.025 × MELD × (140 − Na(mmol/L))] + 140 )","false","false","FLOAT","0<=x<=100",""
"Scores","235:7","Longitudinal","urn:osse-11:record:69:1","● Child-Pugh score","false","false","urn:osse-11:dataelement:117:1"," Maximum grade of ascites"," Maximum grade of ascites","","","enumerated","enumerated","","Mild","Moderate","Large/Tense","n.a."
"Scores","235:7","Longitudinal","urn:osse-11:record:69:1","● Child-Pugh score","false","false","urn:osse-11:dataelement:323:1","Grade of Encephalopathy","(West Haven criteria)","","","enumerated","enumerated","","Grade 0","Grade 1","Grade 2","Grade 3","Grade 4"
"Scores","235:7","Longitudinal","urn:osse-11:record:69:1","● Child-Pugh score","false","false","urn:osse-11:dataelement:264:1","Total Bilirubin","Total Bilirubin","","","FLOAT","0<=x","mg/dl"
"Scores","235:7","Longitudinal","urn:osse-11:record:69:1","● Child-Pugh score","false","false","urn:osse-11:dataelement:347:1","Albumin","Albumin","","","FLOAT","0<=x<=100","g/dl"
"Scores","235:7","Longitudinal","urn:osse-11:record:69:1","● Child-Pugh score","false","false","urn:osse-11:dataelement:254:1","Prothrombin time","Prothrombin time","","","INTEGER","0<=x<=100","s"
"Scores","235:7","Longitudinal","urn:osse-11:record:69:1","● Child-Pugh score","false","false","urn:osse-11:dataelement:256:1","INR","INR","","","FLOAT","0<=x<=100",""
"Scores","235:7","Longitudinal","","","","","urn:osse-11:dataelement:322:1","Child-Pugh score","Child-Pugh score","false","false","INTEGER","0<=x<=20",""
"Scores","235:7","Longitudinal","urn:osse-11:record:59:1","● Maddrey's score","false","false","urn:osse-11:dataelement:254:1","Prothrombin time","Prothrombin time","","","INTEGER","0<=x<=100","s"
"Scores","235:7","Longitudinal","urn:osse-11:record:59:1","● Maddrey's score","false","false","urn:osse-11:dataelement:325:1","Control of Prothrombin time","Control of Prothrombin time","","","INTEGER","0<=x<=100","sec"
"Scores","235:7","Longitudinal","urn:osse-11:record:59:1","● Maddrey's score","false","false","urn:osse-11:dataelement:264:1","Total Bilirubin","Total Bilirubin","","","FLOAT","0<=x","mg/dl"
"Scores","235:7","Longitudinal","","","","","urn:osse-11:dataelement:324:1","● Maddrey's score","Maddrey's score Formula: [4.6 × (PT − control PT(sec.))] + serum bilirubin (mg/dL)","false","false","FLOAT","0<=x",""
"Scores","235:7","Longitudinal","urn:osse-11:record:60:1","●SIRS","false","false","urn:osse-11:dataelement:239:1","Temperature","Temperature","","","FLOAT","0<=x<=50","ºC"
"Scores","235:7","Longitudinal","urn:osse-11:record:60:1","●SIRS","false","false","urn:osse-11:dataelement:238:1","Heart rate","Heart rate","","","INTEGER","0<=x<=200","bpm"
"Scores","235:7","Longitudinal","urn:osse-11:record:60:1","●SIRS","false","false","urn:osse-11:dataelement:240:1","Respiratory rate","Respiratory rate","","","INTEGER","0<=x<=100","bpm"
"Scores","235:7","Longitudinal","urn:osse-11:record:60:1","●SIRS","false","false","urn:osse-11:dataelement:283:1","PaCO2","PaCO2","","","FLOAT","0<=x","mmHg"
"Scores","235:7","Longitudinal","urn:osse-11:record:60:1","●SIRS","false","false","urn:osse-11:dataelement:326:1","Mechanical ventilation","Mechanical ventilation","","","enumerated","enumerated","","Yes","No"
"Scores","235:7","Longitudinal","urn:osse-11:record:60:1","●SIRS","false","false","urn:osse-11:dataelement:245:1","Leucocyte (Absolute)","Leucocyte (Absolute)","","","FLOAT","0<=x","/nl"
"Scores","235:7","Longitudinal","urn:osse-11:record:60:1","●SIRS","false","false","urn:osse-11:dataelement:252:1","Immature neutrophils (%)","Immature neutrophils (%)","","","FLOAT","0<=x<=100","%"
"Scores","235:7","Longitudinal","","","","","urn:osse-11:dataelement:328:1","# Positive signs of SIRS","# Positive signs of SIRS","false","false","enumerated","enumerated","","Positive signs","Negative signs","Not determined signs"
"Scores","235:7","Longitudinal","","","","","urn:osse-11:dataelement:329:1","SIRS","SIRS","false","false","enumerated","enumerated","","Yes","No"
"Scores","235:7","Longitudinal","","","","","urn:osse-11:dataelement:56:1","Inclusion Date","Inclusion Date","false","false","DATE","DD.MM.YYYY",""
"Scores","235:7","Longitudinal","urn:osse-11:record:61:1","Liver","false","false","urn:osse-11:dataelement:264:1","Total Bilirubin","Total Bilirubin","","","FLOAT","0<=x","mg/dl"
"Scores","235:7","Longitudinal","urn:osse-11:record:61:1","Liver","false","false","urn:osse-11:dataelement:330:1","Liver score","Liver score","","","INTEGER","1<=x<=3",""
"Scores","235:7","Longitudinal","urn:osse-11:record:61:1","Liver","false","false","urn:osse-11:dataelement:57:1","Liver failure","Liver failure","","","enumerated","enumerated","","Had liver failure","No liver failure"
"Scores","235:7","Longitudinal","urn:osse-11:record:62:1","Kidney","false","false","urn:osse-11:dataelement:265:1","Creatinine","Creatinine","","","FLOAT","0<=x","mg/dl"
"Scores","235:7","Longitudinal","urn:osse-11:record:62:1","Kidney","false","false","urn:osse-11:dataelement:61:1","Renal replacement therapy","Renal replacement therapy","","","BOOLEAN","(true|false|yes|no|f|t)",""
"Scores","235:7","Longitudinal","urn:osse-11:record:62:1","Kidney","false","false","urn:osse-11:dataelement:331:1","Kidney score","Kidney score","","","INTEGER","0<=x<=3",""
"Scores","235:7","Longitudinal","urn:osse-11:record:62:1","Kidney","false","false","urn:osse-11:dataelement:59:1","Renal failure","Renal failure","","","enumerated","enumerated","","Had renal failure","Had no renal failure"
"Scores","235:7","Longitudinal","urn:osse-11:record:63:1","Brain","false","false","urn:osse-11:dataelement:323:1","Grade of Encephalopathy","(West Haven criteria)","","","enumerated","enumerated","","Grade 0","Grade 1","Grade 2","Grade 3","Grade 4"
"Scores","235:7","Longitudinal","urn:osse-11:record:63:1","Brain","false","false","urn:osse-11:dataelement:332:1","Brain score","Brain score","","","INTEGER","0<=x<=3",""
"Scores","235:7","Longitudinal","urn:osse-11:record:63:1","Brain","false","false","urn:osse-11:dataelement:62:1","Cerebral failure","West Haven grade 3 to 4","","","enumerated","enumerated","","Had brain failure","No brain failure"
"Scores","235:7","Longitudinal","urn:osse-11:record:65:1","Coagulation","false","false","urn:osse-11:dataelement:256:1","INR","INR","","","FLOAT","0<=x<=100",""
"Scores","235:7","Longitudinal","urn:osse-11:record:65:1","Coagulation","false","false","urn:osse-11:dataelement:333:1","Coagulation score ","Coagulation score ","","","INTEGER","0<=x<=3",""
"Scores","235:7","Longitudinal","urn:osse-11:record:65:1","Coagulation","false","false","urn:osse-11:dataelement:64:1","Coagulation failure","INR over 2.5","","","enumerated","enumerated","","Had coagulation failure","No coagulation failure"
"Scores","235:7","Longitudinal","urn:osse-11:record:64:1","Circulation","false","false","urn:osse-11:dataelement:67:1","Systolic Blood Pressure","Systolic Blood Pressure","","","INTEGER","0<=x<=300","mmHg"
"Scores","235:7","Longitudinal","urn:osse-11:record:64:1","Circulation","false","false","urn:osse-11:dataelement:68:1","Diastolic Blood Pressure","Diastolic Blood Pressure","","","INTEGER","0<=x<=300","mmHg"
"Scores","235:7","Longitudinal","urn:osse-11:record:64:1","Circulation","false","false","urn:osse-11:dataelement:69:1","Mean Arterial Pressure ","Formula: MAP= (2*DBP+SBP)/3","","","FLOAT","0<=x<=300","mmHg"
"Scores","235:7","Longitudinal","urn:osse-11:record:64:1","Circulation","false","false","urn:osse-11:dataelement:167:1","Vasopressors","Vasopressors","","","enumerated","enumerated","","Had vasopressors","No vasopressors","Not applicable"
"Scores","235:7","Longitudinal","urn:osse-11:record:64:1","Circulation","false","false","urn:osse-11:dataelement:334:1","Circulatory score","Circulatory score","","","INTEGER","0<=x<=3",""
"Scores","235:7","Longitudinal","urn:osse-11:record:64:1","Circulation","false","false","urn:osse-11:dataelement:66:1","Circulatory failure","Circulatory failure","","","enumerated","enumerated","","Had circulatory failure","No circulatory failure"
"Scores","235:7","Longitudinal","urn:osse-11:record:66:1","Lung","false","false","urn:osse-11:dataelement:282:1","PaO2","PaO2","","","FLOAT","0<=x","mmHg"
"Scores","235:7","Longitudinal","urn:osse-11:record:66:1","Lung","false","false","urn:osse-11:dataelement:73:1","SpO2","SpO2","","","INTEGER","0<=x<=100","%"
"Scores","235:7","Longitudinal","urn:osse-11:record:66:1","Lung","false","false","urn:osse-11:dataelement:326:1","Mechanical ventilation","Mechanical ventilation","","","enumerated","enumerated","","Yes","No"
"Scores","235:7","Longitudinal","urn:osse-11:record:66:1","Lung","false","false","urn:osse-11:dataelement:335:1","Lung score","Lung score","","","INTEGER","0<=x<=3",""
"Scores","235:7","Longitudinal","urn:osse-11:record:66:1","Lung","false","false","urn:osse-11:dataelement:71:1","Respiratory failure","Respiratory failure","","","enumerated","enumerated","","Had respiratory failure","No respiratory failure"
"Scores","235:7","Longitudinal","","","","","urn:osse-11:dataelement:336:1","Total number of failures","Total number of failures","false","false","INTEGER","0<=x<=6",""
"Scores","235:7","Longitudinal","","","","","urn:osse-11:dataelement:88:1","CLIF Organ Failure Score","CLIF Organ Failure Score","false","false","INTEGER","0<=x<=20",""
"Scores","235:7","Longitudinal","urn:osse-11:record:68:1","CLIF-C AD score","false","false","urn:osse-11:dataelement:337:1","Age","Age","","","INTEGER","0<=x<=100","years"
"Scores","235:7","Longitudinal","urn:osse-11:record:68:1","CLIF-C AD score","false","false","urn:osse-11:dataelement:245:1","Leucocyte (Absolute)","Leucocyte (Absolute)","","","FLOAT","0<=x","/nl"
"Scores","235:7","Longitudinal","urn:osse-11:record:68:1","CLIF-C AD score","false","false","urn:osse-11:dataelement:265:1","Creatinine","Creatinine","","","FLOAT","0<=x","mg/dl"
"Scores","235:7","Longitudinal","urn:osse-11:record:68:1","CLIF-C AD score","false","false","urn:osse-11:dataelement:256:1","INR","INR","","","FLOAT","0<=x<=100",""
"Scores","235:7","Longitudinal","urn:osse-11:record:68:1","CLIF-C AD score","false","false","urn:osse-11:dataelement:266:1","Sodium","Sodium","","","FLOAT","0<=x<=200","mmol/l"
"Scores","235:7","Longitudinal","","","","","urn:osse-11:dataelement:91:1","CLIF-C AD score","CLIF-C AD score","false","false","INTEGER","0<=x<=200",""
"Biobank sample collection","223:3","Longitudinal","urn:osse-11:record:2:2","Blood sample collection information","false","false","urn:osse-11:dataelement:13:2","Blood sample collection","Blood sample collection yes or no","","","enumerated","enumerated","","Blood sample has been collected","Blood sample has not been collected"
"Biobank sample collection","223:3","Longitudinal","urn:osse-11:record:2:2","Blood sample collection information","false","false","urn:osse-11:dataelement:19:1","Time of collection","Blood sample collection time","","","DATETIME","DD.MM.YYYY hh:mm",""
"Biobank sample collection","223:3","Longitudinal","urn:osse-11:record:2:2","Blood sample collection information","false","false","urn:osse-11:dataelement:14:1","Type of blood sample","Type of blood sample","","","enumerated","enumerated","","Peripharel venous","Central venous","Blood from arterial","Other blood please note"
"Biobank sample collection","223:3","Longitudinal","urn:osse-11:record:7:1","Urine sample collection information","false","false","urn:osse-11:dataelement:28:1","Urine sample collected","Whether urine sample collected","","","BOOLEAN","(true|false|yes|no|f|t)",""
"Biobank sample collection","223:3","Longitudinal","urn:osse-11:record:7:1","Urine sample collection information","false","false","urn:osse-11:dataelement:29:1","Collection date","sample collection date","","","DATE","DD.MM.YYYY",""
"Biobank sample collection","223:3","Longitudinal","urn:osse-11:record:7:1","Urine sample collection information","false","false","urn:osse-11:dataelement:30:1","According to tube type","Tube for urine samples","","","enumerated","enumerated","","Wilmut tube","10 mL tube"
"Biobank sample collection","223:3","Longitudinal","urn:osse-11:record:8:1","Ascitic fluid sample collection information","false","false","urn:osse-11:dataelement:31:1","Ascitic fluid collected","Whether ascitic fluid collected or not","","","BOOLEAN","(true|false|yes|no|f|t)",""
"Biobank sample collection","223:3","Longitudinal","urn:osse-11:record:8:1","Ascitic fluid sample collection information","false","false","urn:osse-11:dataelement:29:1","Collection date","sample collection date","","","DATE","DD.MM.YYYY",""
"Biobank sample collection","223:3","Longitudinal","urn:osse-11:record:9:1","Stool sample collection information","false","false","urn:osse-11:dataelement:32:1","Stool sample collected","Whether stool sample collected","","","BOOLEAN","(true|false|yes|no|f|t)",""
"Biobank sample collection","223:3","Longitudinal","urn:osse-11:record:9:1","Stool sample collection information","false","false","urn:osse-11:dataelement:29:1","Collection date","sample collection date","","","DATE","DD.MM.YYYY",""
"Biobank sample collection","223:3","Longitudinal","urn:osse-11:record:9:1","Stool sample collection information","false","false","urn:osse-11:dataelement:33:1","Place of stool sample collection","Place of stool sample collection","","","enumerated","enumerated","","Home","Ward","Out-patient clinic","Others"
"Biobank sample collection","223:3","Longitudinal","urn:osse-11:record:9:1","Stool sample collection information","false","false","urn:osse-11:dataelement:34:1","Approximate time of stool sample collection at home","Approximate time of stool sample collection at home","","","TIME","hh:mm",""
"Biobank sample collection","223:3","Longitudinal","urn:osse-11:record:9:1","Stool sample collection information","false","false","urn:osse-11:dataelement:35:1","Temperature of stool  stored at home","Temperature of stool  stored at home","","","enumerated","enumerated","","stool stored at home at -18 C° ","stool stored at home at 4 C° "
"Biobank sample collection","223:3","Longitudinal","urn:osse-11:record:9:1","Stool sample collection information","false","false","urn:osse-11:dataelement:37:1","Time from stool sample collection to final storage at -80 C°","Time from stool sample collection to final storage at -80 C°","","","enumerated","enumerated","","Time from sample collection to storage at -80 C° equal or less than 12h","Time from sample collection to storage at -80 C° more than 12h"
"Biobank sample collection","223:3","Longitudinal","urn:osse-11:record:9:1","Stool sample collection information","false","false","urn:osse-11:dataelement:36:1","If > 12h, please provide","Approximate time of stool sample collection to final storage at -80 C°","","","INTEGER","0<=x<=100","hours"
"Biobank sample collection","223:3","Longitudinal","urn:osse-11:record:10:1","Hair sample collection information","false","false","urn:osse-11:dataelement:38:1","Hair sample collected","Whether hair sample collected","","","BOOLEAN","(true|false|yes|no|f|t)",""
"Biobank sample collection","223:3","Longitudinal","urn:osse-11:record:10:1","Hair sample collection information","false","false","urn:osse-11:dataelement:29:1","Collection date","sample collection date","","","DATE","DD.MM.YYYY",""
"Status","236:2","Longitudinal","","","","","urn:osse-11:dataelement:8:1","Status","Patient's status","false","false","enumerated","enumerated","","Dead","Alive","Lost in follow-up"
"Status","236:2","Longitudinal","","","","","urn:osse-11:dataelement:338:1","Patient's vital status","Patient's vital status","true","false","enumerated","enumerated","","Alive","Death"
"Status","236:2","Longitudinal","","","","","urn:osse-11:dataelement:339:1","Date of Death","Date of Death","false","false","DATE","DD.MM.YYYY",""
"Status","236:2","Longitudinal","","","","","urn:osse-11:dataelement:340:1","In-hospital death","In-hospital death","false","false","enumerated","enumerated","","Yes","No"
"Status","236:2","Longitudinal","","","","","urn:osse-11:dataelement:341:1","Cause(s) of death","Cause(s) of death","false","false","enumerated","enumerated","","Hypovolemic shock","Refractory septic shock","ACLF","ARDS","Other","Unknown"
"Status","236:2","Longitudinal","","","","","urn:osse-11:dataelement:342:1","Other cause of death specification:","Other cause of death specification:","false","false","STRING","",""
"Status","236:2","Longitudinal","","","","","urn:osse-11:dataelement:343:1","Liver transplantation since last contact","Liver transplantation since last contact","true","false","enumerated","enumerated","","Yes","No"
"Status","236:2","Longitudinal","","","","","urn:osse-11:dataelement:344:1","Date of liver transplantation","Date of liver transplantation","false","false","DATE","DD.MM.YYYY",""
